id,layer,min_m,max_m,cells,area_km2
210,2,10,15,281,780.1951840050984
21,0,0,5,271,755.7339502754932
366,3,15,20,213,590.857612572499
99,1,5,10,172,478.1514366130166
27,0,0,5,150,417.3865393746773
39,0,0,5,82,229.17761586726965
549,4,20,25,78,216.65329430336908
530,4,20,25,52,144.08448003414992
733,5,25,30,45,125.49724064185207
109,1,5,10,44,122.41268545444177
699,5,25,30,44,121.88626172226722
135,1,5,10,41,114.37515181578004
1021,7,35,40,41,114.2940796290446
852,6,30,35,41,113.51699050880609
700,5,25,30,40,110.81545502864051
537,4,20,25,39,108.10028874596627
995,7,35,40,36,99.61639597146474
698,5,25,30,35,96.9639449436237
147,1,5,10,32,89.50107750315217
115,1,5,10,29,80.71806704057568
997,7,35,40,28,77.53395189225375
43,0,0,5,27,75.59727600989007
703,5,25,30,27,74.87484265842669
853,6,30,35,25,69.26807247934887
693,5,25,30,25,69.17882607522237
1152,8,40,45,24,66.9660112968454
593,4,20,25,23,64.1544376060711
396,3,15,20,23,63.995495544416336
846,6,30,35,22,60.854421096862865
155,1,5,10,21,58.8309911218674
1149,8,40,45,20,55.78265919484265
576,4,20,25,20,55.71729277589367
863,6,30,35,19,52.70902224126469
704,5,25,30,19,52.66304653487403
1608,13,65,70,19,52.49856476823617
1006,7,35,40,18,49.92656602495373
1120,8,40,45,18,49.79606577562305
582,4,20,25,17,47.35778017748272
385,3,15,20,15,41.6669784809865
552,4,20,25,15,41.621102085318185
1025,7,35,40,14,39.05310892645068
233,2,10,15,14,38.95495911248855
1228,9,45,50,14,38.718757245648916
843,6,30,35,14,38.67843491688944
146,1,5,10,13,36.327112508366554
1251,9,45,50,12,33.46143417446343
543,4,20,25,12,33.2572729194464
1688,14,70,75,12,33.218281248129045
696,5,25,30,12,33.210595300167476
691,5,25,30,12,33.167353566178235
3988,50,250,255,11,30.71570206654102
885,6,30,35,11,30.666178732357558
713,5,25,30,11,30.540813440687483
711,5,25,30,11,30.517275789027696
848,6,30,35,11,30.454132208916867
531,4,20,25,11,30.449995963776754
1766,15,75,80,11,30.38125237725076
3436,40,200,205,11,30.257868383341975
319,2,10,15,10,28.104851710245285
1718,14,70,75,10,27.96228704059574
33,0,0,5,10,27.87325291798382
388,3,15,20,10,27.799511718354715
1428,11,55,60,10,27.643217483820337
991,7,35,40,10,27.621263223239467
4985,71,355,360,10,27.577256104233047
68,0,0,5,9,25.374158126485813
180,1,5,10,9,25.37415526398032
894,6,30,35,9,25.12462849033685
1352,10,50,55,9,25.10016056156669
887,6,30,35,9,25.0943282326275
1019,7,35,40,9,25.068052325668486
551,4,20,25,9,24.96771581963758
1129,8,40,45,9,24.92464886486436
1438,11,55,60,9,24.91282643833031
1529,12,60,65,9,24.909276969645944
1776,15,75,80,9,24.903950073832043
847,6,30,35,9,24.901584932106033
8,0,0,5,9,24.89980773948035
1328,10,50,55,9,24.88263008577884
4950,70,350,355,9,24.814884978111586
53,0,0,5,8,22.46710107452822
921,6,30,35,8,22.40018648517186
1464,11,55,60,8,22.380498637944477
893,6,30,35,8,22.32879807781623
269,2,10,15,8,22.31248573138987
431,3,15,20,8,22.310736740446686
1250,9,45,50,8,22.29790066230654
877,6,30,35,8,22.277451662773526
227,2,10,15,8,22.238791194549567
559,4,20,25,8,22.222350439668627
1445,11,55,60,8,22.205298004340612
1007,7,35,40,8,22.18527485843436
1236,9,45,50,8,22.149859149820895
1229,9,45,50,8,22.126781399654963
1522,12,60,65,8,22.1095925141491
4770,66,330,335,8,22.032831826984957
293,2,10,15,7,19.597414718037953
1645,13,65,70,7,19.58003780880412
149,1,5,10,7,19.56785418490461
1032,7,35,40,7,19.548101266529525
1255,9,45,50,7,19.54344744486073
430,3,15,20,7,19.524809485011787
1351,10,50,55,7,19.50029507004845
406,3,15,20,7,19.49678930471666
122,1,5,10,7,19.491526532392754
723,5,25,30,7,19.456961663568034
562,4,20,25,7,19.448741521183265
97,1,5,10,7,19.422278960487553
1537,12,60,65,7,19.417566029874138
857,6,30,35,7,19.396338132855774
1336,10,50,55,7,19.37388299828376
1941,17,85,90,7,19.37151551493631
1121,8,40,45,7,19.37033165626732
1426,11,55,60,7,19.34782102264662
1681,14,70,75,7,19.337734359280155
1837,16,80,85,7,19.328826180689006
2000,18,90,95,7,19.32347800225222
183,1,5,10,6,16.946101456223136
3940,49,245,250,6,16.841406445309403
156,1,5,10,6,16.812569226196988
294,2,10,15,6,16.79869390011477
455,3,15,20,6,16.796956256177808
1158,8,40,45,6,16.767388387042047
760,5,25,30,6,16.76273905569018
143,1,5,10,6,16.751109819558692
1028,7,35,40,6,16.744125425490793
601,4,20,25,6,16.732469735402823
1453,11,55,60,6,16.732469499462727
592,4,20,25,6,16.726052993530015
1790,15,75,80,6,16.724300228284747
730,5,25,30,6,16.709111409405867
1143,8,40,45,6,16.70735675918164
402,3,15,20,6,16.700336509559463
570,4,20,25,6,16.690966128030794
1697,14,70,75,6,16.63571488921101
1617,13,65,70,6,16.606775717165227
695,5,25,30,6,16.60559373188022
1777,15,75,80,6,16.599083679625316
1117,8,40,45,6,16.59197631397291
1678,14,70,75,6,16.574183102303056
86,1,5,10,6,16.563490484007776
2001,18,90,95,6,16.56230148079338
2456,24,120,125,6,16.550999879117366
2728,28,140,145,6,16.53789493339917
4859,68,340,345,6,16.537299497838358
4817,67,335,340,6,16.5331263174675
2909,31,155,160,6,16.52417542857512
3100,34,170,175,6,16.519996653451066
488,3,15,20,5,14.068486365512523
61,0,0,5,5,14.063328278244647
476,3,15,20,5,14.024807028440721
462,3,15,20,5,14.006333545494194
153,1,5,10,5,13.996499926159228
619,4,20,25,5,13.991867156908485
1267,9,45,50,5,13.990129749992738
1549,12,60,65,5,13.982013644010099
286,2,10,15,5,13.979111891005335
1362,10,50,55,5,13.973306729658692
144,1,5,10,5,13.962846089407769
609,4,20,25,5,13.957609978997082
891,6,30,35,5,13.947708709963297
1543,12,60,65,5,13.943627259416711
133,1,5,10,5,13.942461265489221
744,5,25,30,5,13.940710858924858
2035,18,90,95,5,13.940127625969076
1635,13,65,70,5,13.939544157106482
883,6,30,35,5,13.933123169264425
735,5,25,30,5,13.929617403942132
1018,7,35,40,5,13.923188164095
878,6,30,35,5,13.920263511455179
244,2,10,15,5,13.919093037898744
243,2,10,15,5,13.918508154482138
873,6,30,35,5,13.900344742955792
872,6,30,35,5,13.894474959395003
871,6,30,35,5,13.893301190778033
564,4,20,25,5,13.892713953733372
8009,151,755,760,5,13.8844881690263
1134,8,40,45,5,13.86447112811527
370,3,15,20,5,13.859753973509504
540,4,20,25,5,13.856212941153204
538,4,20,25,5,13.847947015606396
1000,7,35,40,5,13.844400123520014
2098,19,95,100,5,13.831977335487158
1937,17,85,90,5,13.827831723295523
89,1,5,10,5,13.82486856593484
1227,9,45,50,5,13.823683770897906
359,3,15,20,5,13.82368330300914
1523,12,60,65,5,13.818347046513928
2163,20,100,105,5,13.798746953015327
4907,69,345,350,5,13.78624724378463
2856,30,150,155,5,13.779095952622374
3049,33,165,170,5,13.779095019886485
4571,62,310,315,5,13.736644080451292
2,0,0,5,5,13.731846825677266
3587,43,215,220,5,13.73124650069064
69,0,0,5,4,11.288487869613165
1502,11,55,60,4,11.285640305170615
338,2,10,15,4,11.281080287049004
662,4,20,25,4,11.276516928172093
1299,9,45,50,4,11.25364291426779
3083,33,165,170,4,11.213962049299752
470,3,15,20,4,11.211075455969235
158,1,5,10,4,11.209343025626264
45,0,0,5,4,11.207609883902899
1057,7,35,40,4,11.207609409729859
1279,9,45,50,4,11.206454298016379
2195,20,100,105,4,11.205876268016048
1274,9,45,50,4,11.200093361071161
290,2,10,15,4,11.193725790222839
9700,200,1000,1005,4,11.193725316633131
767,5,25,30,4,11.189090179568186
288,2,10,15,4,11.187930566762828
1797,15,75,80,4,11.186190792623599
287,2,10,15,4,11.185610867885966
1642,13,65,70,4,11.179807125523169
1959,17,85,90,4,11.177484114873213
2268,21,105,110,4,11.1751601584523
3934,49,245,250,4,11.172254385421379
1457,11,55,60,4,11.172254385416617
442,3,15,20,4,11.169928065290296
1791,15,75,80,4,11.15770094804856
433,3,15,20,4,11.155368724215812
1707,14,70,75,4,11.15420249432006
267,2,10,15,4,11.154202022406945
600,4,20,25,4,11.151285621806451
263,2,10,15,4,11.150118448183607
131,1,5,10,4,11.148951038672614
2630,26,130,135,4,11.148951038672614
6046,98,490,495,4,11.14778339333066
420,3,15,20,4,11.147199452744204
1022,7,35,40,4,11.14486274731442
585,4,20,25,4,11.144862747309674
736,5,25,30,4,11.141356982001632
250,2,10,15,4,11.13726397626105
242,2,10,15,4,11.135508383691374
2696,27,135,140,4,11.133753026718335
1703,14,70,75,4,11.130825547642038
874,6,30,35,4,11.12906901304952
1248,9,45,50,4,11.128482716749946
30,0,0,5,4,11.126138944211899
1014,7,35,40,4,11.124380761703257
725,5,25,30,4,11.123794230234012
1140,8,40,45,4,11.120275747322633
1700,14,70,75,4,11.104414942722505
14,0,0,5,4,11.102061529639185
550,4,20,25,4,11.095584301668241
11,0,0,5,4,11.093227836255863
542,4,20,25,4,11.083200188494711
8653,170,850,855,4,11.080838327946859
1337,10,50,55,4,11.075520801686885
849,6,30,35,4,11.069606894295978
1232,9,45,50,4,11.067831340361147
91,1,5,10,4,11.06487145951515
1525,12,60,65,4,11.062502337631015
2329,22,110,115,4,11.061317542653322
1330,10,50,55,4,11.059539648199483
845,6,30,35,4,11.058353917344633
2465,24,120,125,4,11.055982221811917
1520,12,60,65,4,11.05420315775753
1767,15,75,80,4,11.047674155300587
1840,16,80,85,4,11.046486086548688
6,0,0,5,4,11.044703983483203
2607,26,130,135,4,11.041138141852837
2530,25,125,130,4,11.040543406714413
2085,19,95,100,4,11.038759668356892
987,7,35,40,4,11.03756996458949
2387,23,115,120,4,11.036380260812681
2313,22,110,115,4,11.03638026081268
2453,24,120,125,4,11.033404483958487
2668,27,135,140,4,11.029831871304003
2666,27,135,140,4,11.028640533770094
2785,29,145,150,4,11.02685329409354
2593,26,130,135,4,11.025065121376981
2781,29,145,150,4,11.022083745325045
2979,32,160,165,4,11.018504834982322
3155,35,175,180,4,11.016714330852714
3272,37,185,190,4,11.01014518777989
2723,28,140,145,4,11.01014472196905
3326,38,190,195,4,11.010144721954969
351,3,15,20,4,11.007754121573509
4222,55,275,280,4,11.004166823807815
3383,39,195,200,4,10.991593710492436
672,4,20,25,3,8.478731641053013
2377,22,110,115,3,8.47816408773458
1594,12,60,65,3,8.474756137452696
497,3,15,20,3,8.46906984665639
1412,10,50,55,3,8.46679294136507
2655,26,130,135,3,8.46679294136507
965,6,30,35,3,8.46565424988004
1305,9,45,50,3,8.461665606507943
817,5,25,30,3,8.458243803068715
2581,25,125,130,3,8.458243803059101
1823,15,75,80,3,8.456532066236308
177,1,5,10,3,8.445672865155892
490,3,15,20,3,8.444527972817665
6799,119,595,600,3,8.441091866923154
654,4,20,25,3,8.438226421539195
1743,14,70,75,3,8.435358834080262
3253,36,180,185,3,8.43248910537178
2364,22,110,115,3,8.431915112041796
945,6,30,35,3,8.429043005066033
1812,15,75,80,3,8.427318884990573
164,1,5,10,3,8.42501910743138
2287,21,105,110,3,8.422142246844256
2356,22,110,115,3,8.421566827197536
1738,14,70,75,3,8.420991170003951
3025,32,160,165,3,8.420415275310239
1289,9,45,50,3,8.418111696572613
1391,10,50,55,3,8.418111696572613
2427,23,115,120,3,8.417535564425567
1288,9,45,50,3,8.415806693171689
1064,7,35,40,3,8.411769733020137
794,5,25,30,3,8.4106158073391
473,3,15,20,3,8.410038725872392
936,6,30,35,3,8.41003848866982
46,0,0,5,3,8.408306532692205
5726,89,445,450,3,8.408306532682646
1061,7,35,40,3,8.40715165817652
1568,12,60,65,3,8.40657386523326
2197,20,100,105,3,8.405418516457933
2120,19,95,100,3,8.404840486457603
296,2,10,15,3,8.403106396481228
778,5,25,30,3,8.401371595487852
460,3,15,20,3,8.399636083588241
44,0,0,5,3,8.39963608358824
776,5,25,30,3,8.39963608358824
1966,17,85,90,3,8.3990575796041
7544,138,690,695,3,8.398478838711856
1167,8,40,45,3,8.3978998609557
774,5,25,30,3,8.397899860946154
775,5,25,30,3,8.397321120053908
1045,7,35,40,3,8.397321120049135
769,5,25,30,3,8.394425284036139
454,3,15,20,3,8.394425284036137
1720,14,70,75,3,8.394425284031367
768,5,25,30,3,8.393846069456343
150,1,5,10,3,8.391527790643469
1554,12,60,65,3,8.390948102580513
907,6,30,35,3,8.38920809175707
1884,16,80,85,3,8.388628167028976
1883,16,80,85,3,8.387467844318305
615,4,20,25,3,8.386887446399841
451,3,15,20,3,8.385726650553378
2038,18,90,95,3,8.385726650553378
449,3,15,20,3,8.385726414024212
6425,108,540,545,3,8.383984510747222
1260,9,45,50,3,8.38224189803003
1547,12,60,65,3,8.381661027114367
3880,48,240,245,3,8.381079919769999
2758,28,140,145,3,8.378754781271567
1256,9,45,50,3,8.378754544957253
1357,10,50,55,3,8.378754544947729
612,4,20,25,3,8.378754544947727
1035,7,35,40,3,8.378754544947727
1358,10,50,55,3,8.377591621187847
3014,32,160,165,3,8.375846408506348
2343,22,110,115,3,8.375264355959692
897,6,30,35,3,8.374682539644633
4047,51,255,260,3,8.374682539644633
758,5,25,30,3,8.373518434551322
4137,53,265,270,3,8.372353857106582
438,3,15,20,3,8.371189043527252
2267,21,105,110,3,8.371189043527252
1027,7,35,40,3,8.370606518675048
1544,12,60,65,3,8.370023993827605
138,1,5,10,3,8.367109717111312
2184,20,100,105,3,8.367109717111312
748,5,25,30,3,8.365360254259775
1252,9,45,50,3,8.365360254259775
1873,16,80,85,3,8.364776785397183
426,3,15,20,3,8.36477678539243
270,2,10,15,3,8.364776785392428
427,3,15,20,3,8.364776785387674
7208,130,650,655,3,8.363610083578806
264,2,10,15,3,8.36185920519571
260,2,10,15,3,8.361275264614006
127,1,5,10,3,8.361275264609255
741,5,25,30,3,8.3601076192673
1023,7,35,40,3,8.358939502310617
1148,8,40,45,3,8.358939502305867
416,3,15,20,3,8.358355325935642
1145,8,40,45,3,8.35777091383277
253,2,10,15,3,8.356602325364424
1144,8,40,45,3,8.356602325364424
583,4,20,25,3,8.356017677574783
880,6,30,35,3,8.355433265471913
251,2,10,15,3,8.355433265467163
879,6,30,35,3,8.354263734260925
1451,11,55,60,3,8.354263734260925
407,3,15,20,3,8.353094203049938
3009,32,160,165,3,8.353094203049938
731,5,25,30,3,8.352509084041445
246,2,10,15,3,8.350753727063658
728,5,25,30,3,8.350168608059915
574,4,20,25,3,8.349583253516718
116,1,5,10,3,8.345483417100013
117,1,5,10,3,8.344311530780523
1349,10,50,55,3,8.343725234586628
234,2,10,15,3,8.34313917373768
398,3,15,20,3,8.341966346074539
231,2,10,15,3,8.341966346065057
113,1,5,10,3,8.341380049880646
26,0,0,5,3,8.34020675168473
9445,193,965,970,3,8.338446451589034
394,3,15,20,3,8.338446451584293
392,3,15,20,3,8.338446451579555
229,2,10,15,3,8.337859684867109
390,3,15,20,3,8.336685445913192
565,4,20,25,3,8.33551120696875
1701,14,70,75,3,8.33492396991935
9071,182,910,915,3,8.33492373483164
18,0,0,5,3,8.33374902565935
387,3,15,20,3,8.332573846349357
386,3,15,20,3,8.330222547688999
868,6,30,35,3,8.330222547684263
221,2,10,15,3,8.327281662222935
100,1,5,10,3,8.32610460339709
220,2,10,15,3,8.326104603392356
11989,290,1450,1455,3,8.32257201813359
378,3,15,20,3,8.322572018124129
1785,15,75,80,3,8.320804669091945
865,6,30,35,3,8.320804669087215
373,3,15,20,3,8.319036615970077
1864,16,80,85,3,8.318447264916177
212,2,10,15,3,8.318447264911448
708,5,25,30,3,8.317267858923982
2107,19,95,100,3,8.316088452945968
1696,14,70,75,3,8.31431852300414
858,6,30,35,3,8.313728233684964
1944,17,85,90,3,8.312547889530542
2177,20,100,105,3,8.311957365773324
1005,7,35,40,3,8.311957365768599
1441,11,55,60,3,8.311957365768597
1534,12,60,65,3,8.310185794539922
1622,13,65,70,3,8.3101857945352
535,4,20,25,3,8.308413520134991
701,5,25,30,3,8.308413520125546
7614,140,700,705,3,8.306640776987132
9,0,0,5,3,8.30664077698241
3175,35,175,180,3,8.306049550203616
3662,44,220,225,3,8.3054583234201
999,7,35,40,3,8.304275635603512
7349,134,670,675,3,8.304275635603512
532,4,20,25,3,8.303684174579882
1856,16,80,85,3,8.300133769171012
1689,14,70,75,3,8.299541839815017
2104,19,95,100,3,8.2995418398103
1433,11,55,60,3,8.297765349462425
2011,18,90,95,3,8.297172951966505
2171,20,100,105,3,8.295395525505771
1430,11,55,60,3,8.294802894027445
525,4,20,25,3,8.29480289402273
2094,19,95,100,3,8.29480289402273
1331,10,50,55,3,8.294210262539687
2466,24,120,125,3,8.29421002859766
2248,21,105,110,3,8.29361739711462
5715,89,445,450,3,8.293617397114618
1116,8,40,45,3,8.293617397109905
2928,31,155,160,3,8.292431666264484
2322,22,110,115,3,8.29243166625977
5606,86,430,435,3,8.29183856694511
3711,45,225,230,3,8.289465702016868
2799,29,145,150,3,8.28827880191331
2092,19,95,100,3,8.28768523497099
1680,14,70,75,3,8.28709166802396
522,4,20,25,3,8.287091434283804
1932,17,85,90,3,8.287091434274386
4082,52,260,265,3,8.285310032280705
1114,8,40,45,3,8.285310032271289
1839,16,80,85,3,8.284122197210507
356,3,15,20,3,8.283527929196385
196,2,10,15,3,8.282339626813373
1925,17,85,90,3,8.282339626813373
1926,17,85,90,3,8.282339626813373
354,3,15,20,3,8.28055635558956
355,3,15,20,3,8.280556355584853
2086,19,95,100,3,8.279961853984714
2162,20,100,105,3,8.276987711297373
2235,21,105,110,3,8.276987711297373
1220,9,45,50,3,8.276392509221095
1834,16,80,85,3,8.275202338520547
2310,22,110,115,3,8.274606903067454
1831,16,80,85,3,8.274011700995882
2733,28,140,145,3,8.273416265538085
2595,26,130,135,3,8.272225161284766
2385,23,115,120,3,8.271629492484543
2731,28,140,145,3,8.271629492484543
2984,32,160,165,3,8.271033823693722
2665,27,135,140,3,8.271033590408432
3105,34,170,175,3,8.269246117451287
5522,84,420,425,3,8.269245884211875
3917,49,245,250,3,8.26805384680614
4076,52,260,265,3,8.267457478310961
5113,74,370,375,3,8.26745747830626
13220,397,1985,1990,3,8.26745747830156
2981,32,160,165,3,8.26626497448146
5031,72,360,365,3,8.26566837283502
3596,43,215,220,3,8.265072004330442
5156,75,375,380,3,8.264475402688698
352,3,15,20,3,8.263878567968233
3103,34,170,175,3,8.263878567963536
4371,58,290,295,3,8.26268513160133
3699,45,225,230,3,8.262088063838627
3046,33,165,170,3,8.260296860606886
3219,36,180,185,3,8.260296860602189
4071,52,260,265,3,8.258504958418513
3963,50,250,255,3,8.257310123988153
3644,44,220,225,3,8.253723291835364
4014,51,255,260,3,8.253125059663052
2448,24,120,125,3,8.253125059653671
3386,39,195,200,3,8.252527060266665
3387,39,195,200,3,8.251928828084974
10065,212,1060,1065,3,8.24773887579508
1419,11,55,60,3,8.242946038710242
11999,291,1455,1460,3,8.242346410904794
4312,57,285,290,3,8.241747015578461
81,1,5,10,3,8.240547527534885
12850,349,1745,1750,3,8.239947899738802
982,7,35,40,3,8.239348039505357
190,2,10,15,3,8.236947901444145
1217,9,45,50,3,8.235747251574637
7254,132,660,665,3,8.235146694363944
1,0,0,5,3,8.23454636942919
188,2,10,15,3,8.233345022784306
4153,54,270,275,3,8.231542886700549
10062,212,1060,1065,3,8.231542654532847
3742,46,230,235,3,8.230941865098654
4936,70,350,355,3,8.230941865098654
6708,117,585,590,3,8.230941865098654
4656,64,320,325,3,8.229739821885506
1509,11,55,60,2,5.690252964223497
675,4,20,25,2,5.671155887057051
185,1,5,10,2,5.653055473465633
671,4,20,25,2,5.65192012765857
72,0,0,5,2,5.650216272045685
1670,13,65,70,2,5.650216272045685
1211,8,40,45,2,5.649648001427446
71,0,0,5,2,5.649648001427444
2304,21,105,110,2,5.649648001427444
2656,26,130,135,2,5.649648001427444
823,5,25,30,2,5.649648001422628
1758,14,70,75,2,5.648511221185128
2444,23,115,120,2,5.6473739629923205
3900,48,240,245,2,5.6473739629923205
5287,77,385,390,2,5.646805214413959
4461,59,295,300,2,5.6462362269328885
5192,75,375,380,2,5.6462362269328885
5478,82,410,415,2,5.6462362269328885
3257,36,180,185,2,5.646236226928075
3204,35,175,180,2,5.645098013116971
666,4,20,25,2,5.644528786782121
1993,17,85,90,2,5.644528786782121
5331,78,390,395,2,5.644528786782121
1308,9,45,50,2,5.6439593216415656
4460,59,295,300,2,5.643959321631941
1827,15,75,80,2,5.643389856496197
1095,7,35,40,2,5.643389856491385
1754,14,70,75,2,5.643389856491385
1909,16,80,85,2,5.64168050606226
1752,14,70,75,2,5.641110563445288
3482,40,200,205,2,5.641110563445288
493,3,15,20,2,5.640540382170731
5775,90,450,455,2,5.640540382165922
1304,9,45,50,2,5.639399780986743
1991,17,85,90,2,5.639399780986743
1825,15,75,80,2,5.639399780986741
3377,38,190,195,2,5.638829361086929
1665,13,65,70,2,5.638258702623034
4251,55,275,280,2,5.637688044159141
7178,129,645,650,2,5.637688044159141
2845,29,145,150,2,5.6371171471805415
3688,44,220,225,2,5.637117147175736
336,2,10,15,2,5.635975114731798
9812,203,1015,1020,2,5.635975114731798
816,5,25,30,2,5.634832605403952
1302,9,45,50,2,5.634832605403952
5547,84,420,425,2,5.634832605403952
4933,69,345,350,2,5.63368961928221
3313,37,185,190,2,5.633689619277407
4702,64,320,325,2,5.633689619277407
1405,10,50,55,2,5.631402217021024
1204,8,40,45,2,5.631402217016223
3312,37,185,190,2,5.631402217016223
5585,85,425,430,2,5.6314022170162215
3629,43,215,220,2,5.631402217011421
3198,35,175,180,2,5.630830128160158
1907,16,80,85,2,5.6302578010830135
5811,91,455,460,2,5.630257801078212
2297,21,105,110,2,5.6296854739962665
4973,70,350,355,2,5.629112908725587
810,5,25,30,2,5.628540343464507
5434,81,405,410,2,5.628540343464507
1199,8,40,45,2,5.627967540068438
176,1,5,10,2,5.627394736677165
1198,8,40,45,2,5.627394736672367
5433,81,405,410,2,5.627394736672367
6846,120,600,605,2,5.627394736672367
326,2,10,15,2,5.626821695198096
327,2,10,15,2,5.6268216951933
329,2,10,15,2,5.626821695193298
3309,37,185,190,2,5.6262486537142316
809,5,25,30,2,5.6256753742041505
173,1,5,10,2,5.625102094684477
3788,46,230,235,2,5.625102094684477
172,1,5,10,2,5.624528577180982
5186,75,375,380,2,5.624528577180982
6458,109,545,550,2,5.6245285771761875
323,2,10,15,2,5.623955059682284
5013,71,355,360,2,5.623381304243916
2434,23,115,120,2,5.622807548800754
321,2,10,15,2,5.622233555475566
2290,21,105,110,2,5.622233555465979
2139,19,95,100,2,5.62165956214079
2842,29,145,150,2,5.621085330973798
2433,23,115,120,2,5.621085330969006
3029,32,160,165,2,5.621085330969006
6089,99,495,500,2,5.621085330964212
3308,37,185,190,2,5.62051109979722
3426,39,195,200,2,5.62051109979722
4883,68,340,345,2,5.62051109979722
5946,95,475,480,2,5.62051109979722
56,0,0,5,2,5.619936630834756
8199,156,780,785,2,5.619936630829964
484,3,15,20,2,5.619362161872291
2772,28,140,145,2,5.619362161872291
3367,38,190,195,2,5.619362161872291
1742,14,70,75,2,5.618787455169818
4146,53,265,270,2,5.618787455165027
806,5,25,30,2,5.618212748457763
944,6,30,35,2,5.618212748457763
1079,7,35,40,2,5.618212748457763
1296,9,45,50,2,5.618212748457763
1739,14,70,75,2,5.617637804061613
2361,22,110,115,2,5.617637804056823
480,3,15,20,2,5.617062859655883
1076,7,35,40,2,5.617062859655883
1580,12,60,65,2,5.617062859655883
2207,20,100,105,2,5.617062859655883
2894,30,150,155,2,5.617062859655883
313,2,10,15,2,5.616487677605835
3574,42,210,215,2,5.616487677605835
4882,68,340,345,2,5.616487677605835
479,3,15,20,2,5.616487677605834
2502,24,120,125,2,5.616487677605834
2646,26,130,135,2,5.6159124955557855
3784,46,230,235,2,5.6159124955557855
646,4,20,25,2,5.6153370759138515
9494,194,970,975,2,5.6153370759138515
3572,42,210,215,2,5.615337075909064
7173,129,645,650,2,5.615337075909064
802,5,25,30,2,5.615337075909063
3783,46,230,235,2,5.615337075909063
3475,40,200,205,2,5.614761656267129
1072,7,35,40,2,5.614185999073545
8266,158,790,795,2,5.614185999073545
9875,205,1025,1030,2,5.614185999068758
52,0,0,5,2,5.6141859990687575
3837,47,235,240,2,5.6141859990687575
9531,195,975,980,2,5.6141859990687575
2134,19,95,100,2,5.613610341875173
2286,21,105,110,2,5.613610341875173
3245,36,180,185,2,5.613610341875173
3938,49,245,250,2,5.6130344471814615
51,0,0,5,2,5.613034447176677
2709,27,135,140,2,5.613034447176677
3087,33,165,170,2,5.613034447176677
4692,64,320,325,2,5.613034447176677
3024,32,160,165,2,5.613034447176675
8057,152,760,765,2,5.612458552478179
799,5,25,30,2,5.611882420335917
10328,220,1100,1105,2,5.611882420335917
3243,36,180,185,2,5.611882420331133
10234,217,1085,1090,2,5.611882420331131
309,2,10,15,2,5.611306288184085
1978,17,85,90,2,5.61072991863306
3084,33,165,170,2,5.610153549082037
47,0,0,5,2,5.609576942175534
938,6,30,35,2,5.609576942175534
1484,11,55,60,2,5.609576942175534
2050,18,90,95,2,5.609576942175534
5616,86,430,435,2,5.609576942175534
9082,182,910,915,2,5.609576942175534
9734,201,1005,1010,2,5.609576942175534
11784,280,1400,1405,2,5.609576942175534
5226,76,380,385,2,5.609000335269032
11863,283,1415,1420,2,5.609000335269032
1186,8,40,45,2,5.608423491064268
1388,10,50,55,2,5.608423491064268
796,5,25,30,2,5.608423491059486
2642,26,130,135,2,5.608423491059486
7696,142,710,715,2,5.608423491059486
305,2,10,15,2,5.608423491054705
937,6,30,35,2,5.608423491054705
161,1,5,10,2,5.60784664684994
4500,60,300,305,2,5.60784664684994
11220,254,1270,1275,2,5.607269565388011
1283,9,45,50,2,5.6072695653832305
12619,329,1645,1650,2,5.60726956537845
1481,11,55,60,2,5.606692483916521
6087,99,495,500,2,5.606692483916521
10502,226,1130,1135,2,5.606692483916521
303,2,10,15,2,5.606115165247239
160,1,5,10,2,5.606115165242461
635,4,20,25,2,5.606115165242461
159,1,5,10,2,5.606115165242459
2487,24,120,125,2,5.606115165242459
5942,95,475,480,2,5.606115165242459
471,3,15,20,2,5.60611516523768
1383,10,50,55,2,5.605537846573178
1480,11,55,60,2,5.605537846573178
304,2,10,15,2,5.6055378465683985
790,5,25,30,2,5.6055378465683985
7047,126,630,635,2,5.6055378465683985
631,4,20,25,2,5.604960290736333
1729,14,70,75,2,5.604960290736333
2421,23,115,120,2,5.604960290736333
12727,338,1690,1695,2,5.6049602907315546
302,2,10,15,2,5.604960290731554
633,4,20,25,2,5.604960290731554
10827,238,1190,1195,2,5.604960290731554
2124,19,95,100,2,5.604960290726775
6841,120,600,605,2,5.604960290726775
931,6,30,35,2,5.60438273489471
5469,82,410,415,2,5.603804941956227
5842,92,460,465,2,5.603804941956227
1380,10,50,55,2,5.60380494195145
1180,8,40,45,2,5.603804941951449
1476,11,55,60,2,5.603804941951449
1971,17,85,90,2,5.603804941951449
7285,132,660,665,2,5.603804941951449
2196,20,100,105,2,5.603804941946672
3732,45,225,230,2,5.603804941946672
299,2,10,15,2,5.603227149008189
1566,12,60,65,2,5.603227149008189
1890,16,80,85,2,5.603227149008189
1969,17,85,90,2,5.6026491190030825
11508,267,1335,1340,2,5.602649119003081
12599,327,1635,1640,2,5.602649119003081
465,3,15,20,2,5.602071088997974
927,6,30,35,2,5.602071088997974
1800,15,75,80,2,5.602071088997974
780,5,25,30,2,5.601492821979521
1376,10,50,55,2,5.601492821979521
2419,23,115,120,2,5.601492821979521
2637,26,130,135,2,5.601492821979521
3885,48,240,245,2,5.6014928219747455
5467,82,410,415,2,5.6009145549658435
926,6,30,35,2,5.600914554961069
8054,152,760,765,2,5.600914554961069
295,2,10,15,2,5.600336050986478
1172,8,40,45,2,5.600336050986478
1054,7,35,40,2,5.600336050981704
779,5,25,30,2,5.600336050981703
5056,72,360,365,2,5.600336050981703
1171,8,40,45,2,5.600336050976928
922,6,30,35,2,5.599757547002339
923,6,30,35,2,5.599757547002339
11077,248,1240,1245,2,5.599178806110093
6767,118,590,595,2,5.59917880610532
459,3,15,20,2,5.599178806105318
1046,7,35,40,2,5.598021087447371
12229,303,1515,1520,2,5.598021087447371
1168,8,40,45,2,5.597442109686443
7394,135,675,680,2,5.597442109686443
621,4,20,25,2,5.596862895116191
5224,76,380,385,2,5.596862895116191
1165,8,40,45,2,5.596862895111419
1721,14,70,75,2,5.596862895111419
292,2,10,15,2,5.596862895111418
1270,9,45,50,2,5.596862895111418
11466,265,1325,1330,2,5.596862895111418
1556,12,60,65,2,5.596283680536394
11198,253,1265,1270,2,5.596283680536394
1555,12,60,65,2,5.5957042291953005
1369,10,50,55,2,5.595704229190531
9634,198,990,995,2,5.595704229190531
2192,20,100,105,2,5.59570422918576
9142,184,920,925,2,5.59570422918576
151,1,5,10,2,5.595124777844666
1268,9,45,50,2,5.595124777844666
2271,21,105,110,2,5.595124777844666
10389,222,1110,1115,2,5.595124777844666
42,0,0,5,2,5.594545089786479
13312,423,2115,2120,2,5.594545089786479
911,6,30,35,2,5.5939654017187515
1647,13,65,70,2,5.5939654017187515
1264,9,45,50,2,5.59338547699066
1040,7,35,40,2,5.59338547698589
1366,10,50,55,2,5.59338547698589
9413,192,960,965,2,5.59338547698589
8017,151,755,760,2,5.592805552253029
616,4,20,25,2,5.592225390900078
1159,8,40,45,2,5.592225390900078
13104,378,1890,1895,2,5.59222539089531
908,6,30,35,2,5.591645229547126
7940,149,745,750,2,5.591064831628662
906,6,30,35,2,5.591064831623895
2560,25,125,130,2,5.591064831623895
1039,7,35,40,2,5.5910648316238944
8970,179,895,900,2,5.59048443370543
1461,11,55,60,2,5.590484433700663
9170,185,925,930,2,5.590484433700663
4923,69,345,350,2,5.589903799257799
1460,11,55,60,2,5.589903799253034
8528,166,830,835,2,5.589903799253034
762,5,25,30,2,5.589903799253033
763,5,25,30,2,5.589903799253033
1960,17,85,90,2,5.589903799253033
3523,41,205,210,2,5.589323164805403
4343,57,285,290,2,5.589323164805403
6426,108,540,545,2,5.589323164805403
2116,19,95,100,2,5.588742293894507
905,6,30,35,2,5.588742293889741
8493,165,825,830,2,5.588742293884977
448,3,15,20,2,5.588161422974079
903,6,30,35,2,5.588161422974079
1459,11,55,60,2,5.588161422974079
2190,20,100,105,2,5.588161422974079
4645,63,315,320,2,5.588161422974079
901,6,30,35,2,5.587580315634474
8194,156,780,785,2,5.587580315634474
446,3,15,20,2,5.58758031562971
2416,23,115,120,2,5.58758031562971
6900,122,610,615,2,5.58758031562971
1261,9,45,50,2,5.586999208285341
2559,25,125,130,2,5.586999208285341
2037,18,90,95,2,5.586417864572082
283,2,10,15,2,5.586417864567319
1257,9,45,50,2,5.586417864567319
4834,67,335,340,2,5.586417864567319
6626,114,570,575,2,5.586417864567319
1359,10,50,55,2,5.585836520854061
2483,24,120,125,2,5.585836520849298
5653,87,435,440,2,5.5852549408122005
444,3,15,20,2,5.585254940807438
1545,12,60,65,2,5.585254940807438
280,2,10,15,2,5.585254940802676
445,3,15,20,2,5.584673360765578
2823,29,145,150,2,5.584673360765578
3878,48,240,245,2,5.584673360765578
3879,48,240,245,2,5.584673360765578
4685,64,320,325,2,5.584091544450519
278,2,10,15,2,5.584091544445759
279,2,10,15,2,5.584091544445759
441,3,15,20,2,5.584091544445759
759,5,25,30,2,5.584091544445759
6079,99,495,500,2,5.584091544445758
4743,65,325,330,2,5.584091544440997
610,4,20,25,2,5.5835097281259385
4048,51,255,260,2,5.582927675584044
4096,52,260,265,2,5.582927675574523
11021,246,1230,1235,2,5.582927675574523
5052,72,360,365,2,5.582345623032628
7491,137,685,690,2,5.582345623032628
440,3,15,20,2,5.581763334315017
1876,16,80,85,2,5.581763334315017
757,5,25,30,2,5.581763334310258
4193,54,270,275,2,5.581763334310258
4238,55,275,280,2,5.581763334310258
608,4,20,25,2,5.581763334305499
6078,99,495,500,2,5.581763334305499
756,5,25,30,2,5.581181045587889
4287,56,280,285,2,5.581181045587889
6305,105,525,530,2,5.581181045587889
2557,25,125,130,2,5.580598520740445
4337,57,285,290,2,5.580598520735688
2036,18,90,95,2,5.580598520735686
3415,39,195,200,2,5.580598520735686
4683,64,320,325,2,5.580598520730929
275,2,10,15,2,5.580015995883484
439,3,15,20,2,5.580015995883484
1253,9,45,50,2,5.580015995883484
4286,56,280,285,2,5.580015995883484
8158,155,775,780,2,5.580015995883484
1355,10,50,55,2,5.579433234958639
4093,52,260,265,2,5.579433234958639
6447,109,545,550,2,5.579433234953883
11653,274,1370,1375,2,5.579433234953883
1454,11,55,60,2,5.579433234953882
5313,78,390,395,2,5.579433234953882
6866,121,605,610,2,5.579433234953882
274,2,10,15,2,5.579433234949125
13200,393,1965,1970,2,5.579433234949125
752,5,25,30,2,5.57885047402428
12438,316,1580,1585,2,5.57885047402428
273,2,10,15,2,5.578267477065293
7656,141,705,710,2,5.578267477060537
8634,169,845,850,2,5.578267477060537
13279,413,2065,2070,2,5.578267477060537
13434,496,2480,2485,2,5.578267477060537
6152,101,505,510,2,5.578267477055781
140,1,5,10,2,5.577684480096794
1956,17,85,90,2,5.577684480096794
2113,19,95,100,2,5.577684480096794
5356,79,395,400,2,5.577684480096794
137,1,5,10,2,5.57710124716003
602,4,20,25,2,5.57710124716003
13266,409,2045,2050,2,5.577101247155276
434,3,15,20,2,5.577101247155275
38,0,0,5,2,5.5771012471505195
12459,317,1585,1590,2,5.5771012471505195
432,3,15,20,2,5.5765180142137565
2183,20,100,105,2,5.5765180142137565
5390,80,400,405,2,5.5765180142137565
10408,223,1115,1120,2,5.5765180142137565
598,4,20,25,2,5.575934545346408
2410,23,115,120,2,5.575934545341655
1353,10,50,55,2,5.575934545341653
2339,22,110,115,2,5.575934545341653
746,5,25,30,2,5.575934545336899
1151,8,40,45,2,5.575351076474305
8747,173,865,870,2,5.575351076469551
4964,70,350,355,2,5.574767371718808
132,1,5,10,2,5.574767371714055
595,4,20,25,2,5.574767371714055
2266,21,105,110,2,5.574767371714055
2819,29,145,150,2,5.574767371714055
743,5,25,30,2,5.574183666958558
745,5,25,30,2,5.574183666958558
1452,11,55,60,2,5.5735997263768535
419,3,15,20,2,5.573599726372102
5836,92,460,465,2,5.573599726372102
11418,263,1315,1320,2,5.573599726372102
590,4,20,25,2,5.57359972636735
424,3,15,20,2,5.573015785790397
3010,32,160,165,2,5.573015785785645
7538,138,690,695,2,5.573015785785645
588,4,20,25,2,5.572431609420171
587,4,20,25,2,5.572431609415419
1542,12,60,65,2,5.572431609415419
2479,24,120,125,2,5.572431609415419
882,6,30,35,2,5.5724316094106685
1955,17,85,90,2,5.5724316094106685
6151,101,505,510,2,5.571847433045194
2936,31,155,160,2,5.571263020947072
3179,35,175,180,2,5.571263020947072
12758,341,1705,1710,2,5.571263020947072
2111,19,95,100,2,5.571263020942323
5045,72,360,365,2,5.571263020942323
1705,14,70,75,2,5.571263020942322
2553,25,125,130,2,5.571263020937572
7082,127,635,640,2,5.570678608839451
125,1,5,10,2,5.570093961049812
1634,13,65,70,2,5.570093961049812
1872,16,80,85,2,5.570093961049812
2034,18,90,95,2,5.570093961049812
2754,28,140,145,2,5.570093961049812
2881,30,150,155,2,5.570093961049812
4335,57,285,290,2,5.570093961049812
7444,136,680,685,2,5.569509313260173
9002,180,900,905,2,5.569509313260173
124,1,5,10,2,5.568924429843573
9623,198,990,995,2,5.568924429843573
12398,313,1565,1570,2,5.568924429843573
408,3,15,20,2,5.568924429838825
732,5,25,30,2,5.568924429838825
1871,16,80,85,2,5.5683395464174765
1954,17,85,90,2,5.5683395464174765
8011,151,755,760,2,5.5683395464174765
32,0,0,5,2,5.567754427413732
876,6,30,35,2,5.567754427413732
11916,287,1435,1440,2,5.567754427413732
249,2,10,15,2,5.567754427408985
1541,12,60,65,2,5.5677544274089845
12363,310,1550,1555,2,5.5677544274089845
9898,206,1030,1035,2,5.567754427404238
1450,11,55,60,2,5.567169308400494
9073,182,910,915,2,5.567169308400494
729,5,25,30,2,5.566583953857297
12971,360,1800,1805,2,5.566583953857297
13366,448,2240,2245,2,5.566583953857297
404,3,15,20,2,5.566583953857295
10047,211,1055,1060,2,5.566583953857295
575,4,20,25,2,5.56658395385255
245,2,10,15,2,5.5659985993140975
875,6,30,35,2,5.5659985993140975
241,2,10,15,2,5.565413009289438
8772,174,870,875,2,5.565413009289438
13122,381,1905,1910,2,5.565413009289438
1633,13,65,70,2,5.565413009284693
1952,17,85,90,2,5.565413009284693
12858,349,1745,1750,2,5.565413009279947
31,0,0,5,2,5.564827419255288
403,3,15,20,2,5.564827419255288
5872,93,465,470,2,5.564241593784744
10197,216,1080,1085,2,5.564241593784744
13154,385,1925,1930,2,5.564241593784744
12131,297,1485,1490,2,5.563655768328433
1870,16,80,85,2,5.563069707474741
401,3,15,20,2,5.562483646616306
11686,276,1380,1385,2,5.561311054238004
28,0,0,5,2,5.560724522764015
7235,131,655,660,2,5.560724522764015
114,1,5,10,2,5.5607245227592745
569,4,20,25,2,5.5607245227592745
1632,13,65,70,2,5.5607245227592745
726,5,25,30,2,5.560724522759273
11071,248,1240,1245,2,5.560724522759273
11797,281,1405,1410,2,5.560724522759273
3727,45,225,230,2,5.5607245227545326
11552,269,1345,1350,2,5.5607245227545326
232,2,10,15,2,5.560137991280543
397,3,15,20,2,5.560137991280543
567,4,20,25,2,5.559551224568098
11285,257,1285,1290,2,5.559551224568098
112,1,5,10,2,5.559551224563357
568,4,20,25,2,5.559551224558618
230,2,10,15,2,5.558964457846171
11212,254,1270,1275,2,5.558964457846171
11822,282,1410,1415,2,5.558377455946392
2180,20,100,105,2,5.558377455941653
6758,118,590,595,2,5.558377455936913
3669,44,220,225,2,5.557203216997212
12593,327,1635,1640,2,5.557203216992474
566,4,20,25,2,5.557203216992473
9994,209,1045,1050,2,5.557203216992473
870,6,30,35,2,5.556028507815444
10853,239,1195,1200,2,5.5560285078154426
11044,247,1235,1240,2,5.5560285078154426
108,1,5,10,2,5.556028507810707
1348,10,50,55,2,5.555441035683074
3929,49,245,250,2,5.555441035683074
5459,82,410,415,2,5.555441035683074
8043,152,760,765,2,5.555441035683074
719,5,25,30,2,5.5548533285101875
10536,228,1140,1145,2,5.5548533285101875
12720,338,1690,1695,2,5.554853328510187
1010,7,35,40,2,5.553677679182375
224,2,10,15,2,5.553677679177641
1538,12,60,65,2,5.553677679177641
3725,45,225,230,2,5.553677679177641
223,2,10,15,2,5.553677679177639
4638,63,315,320,2,5.553677679177639
1138,8,40,45,2,5.553677679172905
7354,134,670,675,2,5.553677679172905
9364,191,955,960,2,5.553089737022715
2110,19,95,100,2,5.553089737017981
1347,10,50,55,2,5.552501559918229
12797,344,1720,1725,2,5.5525015599134955
5870,93,465,470,2,5.552501559913495
103,1,5,10,2,5.552501559908761
383,3,15,20,2,5.55191338280901
12010,291,1455,1460,2,5.55191338280901
556,4,20,25,2,5.551324970820797
1346,10,50,55,2,5.551324970820797
2629,26,130,135,2,5.551324970820797
7834,146,730,735,2,5.551324970820797
101,1,5,10,2,5.551324970816064
9831,204,1020,1025,2,5.551324970811331
1867,16,80,85,2,5.55073655882312
2879,30,150,155,2,5.55073655882312
5610,86,430,435,2,5.55073655882312
9400,192,960,965,2,5.55014791199495
7618,140,700,705,2,5.550147911990217
13282,414,2070,2075,2,5.550147911990217
2334,22,110,115,2,5.549559265157315
6830,120,600,605,2,5.549559265157315
8768,174,870,875,2,5.549559265157315
5353,79,395,400,2,5.548381501918571
1626,13,65,70,2,5.54838150191384
5931,95,475,480,2,5.54838150191384
11042,247,1235,1240,2,5.54838150191384
553,4,20,25,2,5.547792385552567
9796,203,1015,1020,2,5.547792385552567
10960,244,1220,1225,2,5.547792385552567
379,3,15,20,2,5.547792385547837
8600,168,840,845,2,5.547792385547837
217,2,10,15,2,5.54661391813266
6045,98,490,495,2,5.54602456707403
375,3,15,20,2,5.545434981381526
7535,138,690,695,2,5.545434981376798
8114,154,770,775,2,5.545434981376798
1344,10,50,55,2,5.545434981376797
10125,214,1070,1075,2,5.545434981376797
95,1,5,10,2,5.54543498137207
3666,44,220,225,2,5.54543498137207
9136,184,920,925,2,5.54543498137207
3518,41,205,210,2,5.544845395679565
6044,98,490,495,2,5.544845395679565
6381,107,535,540,2,5.544845395679565
371,3,15,20,2,5.544255575398784
8290,159,795,800,2,5.544255575398784
372,3,15,20,2,5.5442555753940574
10255,218,1090,1095,2,5.544255575394057
1623,13,65,70,2,5.543665755108549
2548,25,125,130,2,5.543665755108549
5458,82,410,415,2,5.543665755108549
9758,202,1010,1015,2,5.543075700278026
8995,180,900,905,2,5.542485645447503
9893,206,1030,1035,2,5.542485645447503
5494,83,415,420,2,5.541895356133053
1133,8,40,45,2,5.541895356128329
1862,16,80,85,2,5.541895356128329
7652,141,705,710,2,5.541895356128329
2626,26,130,135,2,5.541895356128327
13043,368,1840,1845,2,5.541895356128327
4328,57,285,290,2,5.541305066809153
7351,134,670,675,2,5.540714543047209
12591,327,1635,1640,2,5.5407145430472085
3001,32,160,165,2,5.540124019285264
3177,35,175,180,2,5.540124019285264
7277,132,660,665,2,5.539533261132984
1860,16,80,85,2,5.539533261132982
3289,37,185,190,2,5.539533261132982
9159,185,925,930,2,5.53953326112826
2176,20,100,105,2,5.538942502980702
2813,29,145,150,2,5.538942502980702
536,4,20,25,2,5.538351510489997
7382,135,675,680,2,5.538351510485276
1002,7,35,40,2,5.5371692912063315
534,4,20,25,2,5.536578064427535
7117,128,640,645,2,5.536578064427535
93,1,5,10,2,5.536578064422814
208,2,10,15,2,5.536578064422814
367,3,15,20,2,5.536578064422814
1131,8,40,45,2,5.536578064422814
1237,9,45,50,2,5.536578064422814
7858,147,735,740,2,5.536578064422814
8286,159,795,800,2,5.536578064422814
2475,24,120,125,2,5.535986603399184
7159,129,645,650,2,5.535986603399184
92,1,5,10,2,5.535986603394465
3068,33,165,170,2,5.535986603394465
364,3,15,20,2,5.5359866033944645
3410,39,195,200,2,5.5359866033944645
3866,48,240,245,2,5.5359866033944645
365,3,15,20,2,5.535986603389745
3287,37,185,190,2,5.535395142366115
3513,41,205,210,2,5.53480344714799
3718,45,225,230,2,5.53480344714799
9514,195,975,980,2,5.534803447147989
9224,187,935,940,2,5.53480344714327
850,6,30,35,2,5.534211751929863
998,7,35,40,2,5.534211751929863
1437,11,55,60,2,5.534211751929863
1530,12,60,65,2,5.534211751929863
1531,12,60,65,2,5.534211751929863
1619,13,65,70,2,5.534211751929863
3067,33,165,170,2,5.534211751929863
6510,111,555,560,2,5.534211751929863
9191,186,930,935,2,5.533619822569152
206,2,10,15,2,5.533619822564433
2017,18,90,95,2,5.533619822564433
1122,8,40,45,2,5.533027893208439
1234,9,45,50,2,5.533027893208439
1690,14,70,75,2,5.533027893208439
6573,113,565,570,2,5.532435729762292
1939,17,85,90,2,5.532435729757576
2101,19,95,100,2,5.532435729757576
6660,115,575,580,2,5.532435729757576
996,7,35,40,2,5.532435729757575
1615,13,65,70,2,5.532435729752859
2620,26,130,135,2,5.532435729752859
1333,10,50,55,2,5.531843566311427
10811,238,1190,1195,2,5.531843566311427
362,3,15,20,2,5.531843566306711
1332,10,50,55,2,5.531843566306711
1528,12,60,65,2,5.531843566306711
1938,17,85,90,2,5.531843566306711
2100,19,95,100,2,5.531843566306711
2330,22,110,115,2,5.531843566306711
6723,117,585,590,2,5.531843566306711
1524,12,60,65,2,5.531251168820223
2748,28,140,145,2,5.531251168820223
6074,99,495,500,2,5.531251168820223
1526,12,60,65,2,5.531251168815508
5896,94,470,475,2,5.531251168815508
1850,16,80,85,2,5.531251168815507
1613,13,65,70,2,5.530658771324304
1687,14,70,75,2,5.530658771324304
1773,15,75,80,2,5.530658771324304
2173,20,100,105,2,5.530658771324304
2255,21,105,110,2,5.530658771324304
7890,148,740,745,2,5.530658771324304
1685,14,70,75,2,5.530066139841262
5087,73,365,370,2,5.530066139841262
6858,121,605,610,2,5.530066139841262
7527,138,690,695,2,5.530066139841262
1936,17,85,90,2,5.52947350835822
2616,26,130,135,2,5.52947350835822
2008,18,90,95,2,5.528880642937866
2927,31,155,160,2,5.528880642937866
2994,32,160,165,2,5.528880642937866
2615,26,130,135,2,5.528880642933153
2682,27,135,140,2,5.528880642933153
3344,38,190,195,2,5.528880642933153
7857,147,735,740,2,5.528880642933153
1609,13,65,70,2,5.528880642933151
1845,16,80,85,2,5.528880642933151
2742,28,140,145,2,5.528287777508084
2802,29,145,150,2,5.527694678193425
6111,100,500,505,2,5.527694678193425
2007,18,90,95,2,5.5276946781934235
3228,36,180,185,2,5.527694678188712
12879,351,1755,1760,2,5.527101578883477
2246,21,105,110,2,5.527101578878765
2396,23,115,120,2,5.527101578878765
3403,39,195,200,2,5.527101578878765
7,0,0,5,2,5.526508245731659
88,1,5,10,2,5.526508245731659
3510,41,205,210,2,5.526508245731659
7114,128,640,645,2,5.526508245731659
1844,16,80,85,2,5.526508245726947
3115,34,170,175,2,5.526508245726947
3864,48,240,245,2,5.526508245722235
1682,14,70,75,2,5.525914912575129
2611,26,130,135,2,5.525914912575129
4086,52,260,265,2,5.525914912575129
2464,24,120,125,2,5.525321345632809
3340,38,190,195,2,5.525321345632809
358,3,15,20,2,5.5253213456281
3509,41,205,210,2,5.5253213456281
992,7,35,40,2,5.5253213456280985
3817,47,235,240,2,5.5253213456280985
523,4,20,25,2,5.5253213456233885
2924,31,155,160,2,5.5253213456233885
4629,63,315,320,2,5.5253213456233885
1768,15,75,80,2,5.52472777868578
7347,134,670,675,2,5.524133977993886
1842,16,80,85,2,5.523540177306701
2609,26,130,135,2,5.523540177306701
4958,70,350,355,2,5.523540177306701
6009,97,485,490,2,5.523540177306701
10486,226,1130,1135,2,5.523540177306701
1929,17,85,90,2,5.5229461429378155
2608,26,130,135,2,5.5229461429378155
2678,27,135,140,2,5.5229461429378155
2865,30,150,155,2,5.522946142933106
4585,62,310,315,2,5.522946142933106
5120,74,370,375,2,5.522946142933106
5926,95,475,480,2,5.522946142933106
2463,24,120,125,2,5.522946142928398
2922,31,155,160,2,5.522946142928398
521,4,20,25,2,5.522352108559512
1928,17,85,90,2,5.522352108559512
2091,19,95,100,2,5.522352108559512
5831,92,460,465,2,5.522352108559512
5969,96,480,485,2,5.522352108559512
7346,134,670,675,2,5.522352108559512
9579,197,985,990,2,5.522352108559512
9713,201,1005,1010,2,5.522352108559512
2089,19,95,100,2,5.521757840550095
2243,21,105,110,2,5.521757840550095
6300,105,525,530,2,5.521757840545388
3400,39,195,200,2,5.52116357253597
2167,20,100,105,2,5.521163572531263
3709,45,225,230,2,5.521163572531263
9276,189,945,950,2,5.521163572531263
4125,53,265,270,2,5.520569070931126
6439,109,545,550,2,5.520569070931126
10249,218,1090,1095,2,5.520569070931126
3110,34,170,175,2,5.520569070926419
8513,166,830,835,2,5.520569070926419
5085,73,365,370,2,5.520569070921711
10981,245,1225,1230,2,5.520569070921711
3653,44,220,225,2,5.519974569326281
5865,93,465,470,2,5.519974569321574
6686,116,580,585,2,5.519974569321574
8548,167,835,840,2,5.519974569321574
5036,72,360,365,2,5.519379834183152
1765,15,75,80,2,5.519379834178446
2236,21,105,110,2,5.519379834178446
2237,21,105,110,2,5.519379834178446
2239,21,105,110,2,5.519379834178446
2315,22,110,115,2,5.519379834178446
2460,24,120,125,2,5.519379834178446
4175,54,270,275,2,5.519379834178446
11187,253,1265,1270,2,5.519379834178446
353,3,15,20,2,5.519379834173741
2459,24,120,125,2,5.519379834173741
2164,20,100,105,2,5.518785099035318
2238,21,105,110,2,5.518785099035318
2390,23,115,120,2,5.518785099035318
2677,27,135,140,2,5.518785099035318
4278,56,280,285,2,5.518785099035318
8147,155,775,780,2,5.518785099035318
8180,156,780,785,2,5.518785099035318
9711,201,1005,1010,2,5.518785099035318
13159,386,1930,1935,2,5.518190130411044
1111,8,40,45,2,5.5181901304063405
2528,25,125,130,2,5.5181901304063405
3447,40,200,205,2,5.5181901304063405
2673,27,135,140,2,5.518190130406339
7270,132,660,665,2,5.518190130406339
6377,107,535,540,2,5.517595161782065
2388,23,115,120,2,5.517595161777361
7429,136,680,685,2,5.517595161777361
2386,23,115,120,2,5.516999959705791
4322,57,285,290,2,5.516999959705791
5213,76,380,385,2,5.516999959705791
1109,8,40,45,2,5.516999959705789
4584,62,310,315,2,5.516999959705789
5414,81,405,410,2,5.516999959705789
2602,26,130,135,2,5.516404757638922
1676,14,70,75,2,5.516404757634218
1833,16,80,85,2,5.516404757634218
1998,18,90,95,2,5.516404757634218
2601,26,130,135,2,5.516404757634218
2735,28,140,145,2,5.516404757634218
4988,71,355,360,2,5.516404757634218
6991,125,625,630,2,5.515809322181124
2454,24,120,125,2,5.5158093221764215
11614,273,1365,1370,2,5.5158093221764215
1830,16,80,85,2,5.515809322171719
4026,51,255,260,2,5.515809322171719
4863,68,340,345,2,5.515809322171719
5159,75,375,380,2,5.515809322171719
1921,17,85,90,2,5.515213886718625
2789,29,145,150,2,5.515213886718625
2917,31,155,160,2,5.515213886718625
6207,103,515,520,2,5.515213886718625
4730,65,325,330,2,5.514618217923104
6070,99,495,500,2,5.514618217923104
2158,20,100,105,2,5.514618217923102
8142,155,775,780,2,5.514618217923102
1108,8,40,45,2,5.514618217918401
2450,24,120,125,2,5.514618217918401
3756,46,230,235,2,5.514022549127581
6295,105,525,530,2,5.514022549127581
7110,128,640,645,2,5.514022549127581
8802,175,875,880,2,5.514022549127581
12319,308,1540,1545,2,5.514022549127581
3504,41,205,210,2,5.51342664704677
8733,173,865,870,2,5.51342664704677
3705,45,225,230,2,5.513426647046769
5890,94,470,475,2,5.513426647046769
3551,42,210,215,2,5.513426647042069
1762,15,75,80,2,5.5128307449659575
2523,25,125,130,2,5.5128307449659575
3053,33,165,170,2,5.5128307449659575
6330,106,530,535,2,5.5128307449659575
6503,111,555,560,2,5.5128307449659575
5597,86,430,435,2,5.512234609650434
13205,394,1970,1975,2,5.512234609650434
2307,22,110,115,2,5.512234609645734
3813,47,235,240,2,5.512234609645734
3503,41,205,210,2,5.512234609641034
10150,215,1075,1080,2,5.512234609641034
2982,32,160,165,2,5.511638474325511
3331,38,190,195,2,5.511638474325511
3755,46,230,235,2,5.511638474325511
2229,21,105,110,2,5.5110421058256325
4172,54,270,275,2,5.5110421058256325
5157,75,375,380,2,5.5110421058256325
2663,27,135,140,2,5.511042105820934
3967,50,250,255,2,5.511042105820934
4727,65,325,330,2,5.511042105820934
10426,224,1120,1125,2,5.511042105820934
194,2,10,15,2,5.511042105820932
2913,31,155,160,2,5.511042105820932
4906,69,345,350,2,5.511042105816234
6718,117,585,590,2,5.511042105816234
2664,27,135,140,2,5.510445737316355
5596,86,430,435,2,5.510445737316355
4374,58,290,295,2,5.5098491356793105
4375,58,290,295,2,5.509849135674614
2854,30,150,155,2,5.509849135674612
1916,17,85,90,2,5.509849135669915
2382,23,115,120,2,5.509849135669915
4273,56,280,285,2,5.509849135669915
10648,232,1160,1165,2,5.5092525340328695
1421,11,55,60,2,5.5086556993124045
3157,35,175,180,2,5.508655699307708
3273,37,185,190,2,5.508655699307708
4475,60,300,305,2,5.508655699307708
9272,189,945,950,2,5.508655699307708
4580,62,310,315,2,5.508058864582546
4675,64,320,325,2,5.508058864582546
6370,107,535,540,2,5.507461796824538
4621,63,315,320,2,5.507461796819843
6566,113,565,570,2,5.507461796819843
2591,26,130,135,2,5.507461796819842
4620,63,315,320,2,5.507461796819842
12279,306,1530,1535,2,5.507461796819842
5207,76,380,385,2,5.50686472905714
3154,35,175,180,2,5.506267428317959
4579,62,310,315,2,5.506267428317959
4813,67,335,340,2,5.506267428317959
6035,98,490,495,2,5.506267428317959
7599,140,700,705,2,5.506267428317959
3646,44,220,225,2,5.506267428313265
4528,61,305,310,2,5.506267428313265
5921,95,475,480,2,5.506267428313265
7598,140,700,705,2,5.506267428313264
4267,56,280,285,2,5.50626742830857
5253,77,385,390,2,5.50626742830857
4673,64,320,325,2,5.505670127569389
12378,312,1560,1565,2,5.505670127569389
4119,53,265,270,2,5.505072593892291
5488,83,415,420,2,5.505072593887598
8372,162,810,815,2,5.505072593887598
4854,68,340,345,2,5.505072593887597
2519,25,125,130,2,5.505072593882904
5153,75,375,380,2,5.505072593882904
6565,113,565,570,2,5.505072593882904
3152,35,175,180,2,5.504475060205806
3594,43,215,220,2,5.504475060205806
6098,100,500,505,2,5.504475060205806
9385,192,960,965,2,5.504475060205806
838,6,30,35,2,5.50387729365109
4472,60,300,305,2,5.50387729365109
3217,36,180,185,2,5.503877293646399
4223,55,275,280,2,5.503877293646397
6534,112,560,565,2,5.503877293646397
8695,172,860,865,2,5.503877293646397
13257,406,2030,2035,2,5.503877293646397
11634,274,1370,1375,2,5.503877293641706
6322,106,530,535,2,5.503279527091682
3324,38,190,195,2,5.5026815276952945
13041,368,1840,1845,2,5.5026815276952945
3856,48,240,245,2,5.502681527690603
6288,105,525,530,2,5.502681527690601
10334,221,1105,1110,2,5.502681527690601
4316,57,285,290,2,5.50268152768591
5152,75,375,380,2,5.50268152768591
2778,29,145,150,2,5.502083528294214
3962,50,250,255,2,5.502083528294214
4765,66,330,335,2,5.502083528294214
9467,194,970,975,2,5.502083528294214
12178,300,1500,1505,2,5.501485296121904
3147,35,175,180,2,5.501485296117213
5206,76,380,385,2,5.501485296117213
7305,133,665,670,2,5.501485296117212
7638,141,705,710,2,5.501485296117212
11758,280,1400,1405,2,5.501485296117212
82,1,5,10,2,5.500887063940212
3266,37,185,190,2,5.500887063940212
4982,71,355,360,2,5.500887063940212
11790,281,1405,1410,2,5.500887063940212
3042,33,165,170,2,5.500288599037098
4315,57,285,290,2,5.500288599037098
511,4,20,25,2,5.500288599032409
2906,31,155,160,2,5.500288599032409
4261,56,280,285,2,5.500288599032409
2776,29,145,150,2,5.499690134124606
4414,59,295,300,2,5.499091436539192
7849,147,735,740,2,5.499091436539192
3213,36,180,185,2,5.4990914365345045
3591,43,215,220,2,5.499091436534503
9120,184,920,925,2,5.499091436534503
11102,250,1250,1255,2,5.499091436534503
3212,36,180,185,2,5.499091436529815
7706,143,715,720,2,5.499091436529815
8900,178,890,895,2,5.499091436529815
3,0,0,5,2,5.498492738944401
4715,65,325,330,2,5.498492738944401
7373,135,675,680,2,5.498492738944401
3097,34,170,175,2,5.497893808730431
3384,39,195,200,2,5.497893808730431
7986,151,755,760,2,5.497893808725744
9677,200,1000,1005,2,5.497893808725744
3144,35,175,180,2,5.497893808725743
7027,126,630,635,2,5.497893808725743
13309,422,2110,2115,2,5.497893808725743
3640,44,220,225,2,5.497893808721056
3747,46,230,235,2,5.497893808721056
5956,96,480,485,2,5.497893808721056
4978,71,355,360,2,5.497294878507086
983,7,35,40,2,5.49669571571175
4217,55,275,280,2,5.496695715707064
5997,97,485,490,2,5.496695715707062
4117,53,265,270,2,5.496695715702376
7917,149,745,750,2,5.496695715702376
11129,251,1255,1260,2,5.496695715702376
3493,41,205,210,2,5.496096552907041
4663,64,320,325,2,5.496096552907041
5591,86,430,435,2,5.496096552907041
12790,344,1720,1725,2,5.496096552907041
3638,44,220,225,2,5.495497157585396
4116,53,265,270,2,5.495497157585396
7063,127,635,640,2,5.495497157585396
10678,233,1165,1170,2,5.495497157585396
3851,48,240,245,2,5.495497157580711
9018,181,905,910,2,5.495497157580711
9778,203,1015,1020,2,5.4954971575760245
3491,41,205,210,2,5.494897762254379
5339,79,395,400,2,5.494897762254379
5745,90,450,455,2,5.494897762254379
7880,148,740,745,2,5.494897762254379
4941,70,350,355,2,5.494298134453614
5782,91,455,460,2,5.494298134453614
6881,122,610,615,2,5.494298134453614
9344,191,955,960,2,5.494298134453614
3318,38,190,195,2,5.494298134448929
10976,245,1225,1230,2,5.494298134448929
4467,60,300,305,2,5.494298134444246
7557,139,695,700,2,5.493698506643481
8668,171,855,860,2,5.493098646410036
2077,19,95,100,2,5.493098646405353
9739,202,1010,1015,2,5.493098646405353
3489,41,205,210,2,5.492498786176592
3955,50,250,255,2,5.492498786176592
7139,129,645,650,2,5.492498786176592
7335,134,670,675,2,5.492498786176592
12863,350,1750,1755,2,5.492498786176592
9311,190,950,955,2,5.491898693568897
5993,97,485,490,2,5.491898693564215
3953,50,250,255,2,5.491298600961203
10866,240,1200,1205,2,5.491298600961203
12753,341,1705,1710,2,5.491298600961203
5778,91,455,460,2,5.490698276026449
1103,8,40,45,2,5.490097951091694
7413,136,680,685,2,5.490097951091694
8443,164,820,825,2,5.490097951091694
12174,300,1500,1505,2,5.490097951091694
12061,294,1470,1475,2,5.489497393885683
4008,51,255,260,2,5.489497393881003
4253,56,280,285,2,5.489497393881003
3903,49,245,250,2,5.4894973938810026
6318,106,530,535,2,5.4894973938810026
348,3,15,20,2,5.488896836670312
3800,47,235,240,2,5.488896836670312
6525,112,560,565,2,5.488896836670312
7057,127,635,640,2,5.488896836670312
6805,120,600,605,2,5.488296047240798
7665,142,710,715,2,5.488296047236119
9050,182,910,915,2,5.488296047236119
7333,134,670,675,2,5.488296047236118
11539,269,1345,1350,2,5.488296047236118
1510,12,60,65,2,5.487695257801925
4847,68,340,345,2,5.48709423620003
7554,139,695,700,2,5.48709423620003
1760,15,75,80,2,5.487094236195352
5104,74,370,375,2,5.487094236195352
4007,51,255,260,2,5.487094236195351
5400,81,405,410,2,5.487094236195351
10417,224,1120,1125,2,5.487094236195351
2226,21,105,110,2,5.487094236190673
3207,36,180,185,2,5.487094236190673
7135,129,645,650,2,5.487094236190673
12389,313,1565,1570,2,5.487094236190673
832,6,30,35,2,5.486493214588778
11249,256,1280,1285,2,5.486493214588778
12630,331,1655,1660,2,5.486493214588778
2306,21,105,110,1,2.845406299471376
3798,46,230,235,1,2.845406299471376
3316,37,185,190,1,2.8454062994665237
3486,40,200,205,1,2.844846664756972
4935,69,345,350,1,2.844846664756972
5666,87,435,440,1,2.844846664756972
79,0,0,5,1,2.8448466647521213
6490,110,550,555,1,2.8448466647521213
2970,31,155,160,1,2.8442867893247628
5514,83,415,420,1,2.8442867893247628
5549,84,420,425,1,2.8442867893247628
2151,19,95,100,1,2.8442867893199124
6357,106,530,535,1,2.8442867893199124
1101,7,35,40,1,2.843726673219316
3434,39,195,200,1,2.843726673219316
3635,43,215,220,1,2.843726673219316
1215,8,40,45,1,2.843726673214467
4210,54,270,275,1,2.843726673214467
347,2,10,15,1,2.843166316491756
506,3,15,20,1,2.843166316491756
976,6,30,35,1,2.843166316486908
1913,16,80,85,1,2.8409224842766596
831,5,25,30,1,2.8409224842718155
1100,7,35,40,1,2.8403609251372126
2586,25,125,130,1,2.8403609251372126
346,2,10,15,1,2.840360925132369
3797,46,230,235,1,2.840360925132369
1214,8,40,45,1,2.8397991256535513
3206,35,175,180,1,2.8397991256535513
78,0,0,5,1,2.839799125648709
5143,74,370,375,1,2.839799125648709
1099,7,35,40,1,2.8392370858820426
830,5,25,30,1,2.839237085877201
975,6,30,35,1,2.836423284298162
77,0,0,5,1,2.8364232842933252
2903,30,150,155,1,2.835859803770909
2075,18,90,95,1,2.8358598037660734
2585,25,125,130,1,2.835296083286142
1213,8,40,45,1,2.8352960832813072
1315,9,45,50,1,2.8347321228871203
674,4,20,25,1,2.834732122882287
2584,25,125,130,1,2.8341679226262775
3691,44,220,225,1,2.8341679226214445
345,2,10,15,1,2.8336034825508034
829,5,25,30,1,2.8336034825508034
3258,36,180,185,1,2.8336034825459713
505,3,15,20,1,2.8330388027052678
974,6,30,35,1,2.829645691184698
3096,33,165,170,1,2.829645691179873
76,0,0,5,1,2.8273788275305383
75,0,0,5,1,2.8268115133992633
828,5,25,30,1,2.8268115133992633
973,6,30,35,1,2.8268115133992633
1212,8,40,45,1,2.826811513394443
344,2,10,15,1,2.8262439600711895
504,3,15,20,1,2.8262439600711895
972,6,30,35,1,2.8262439600663702
1417,10,50,55,1,2.8262439600663702
3142,34,170,175,1,2.8262439600663702
343,2,10,15,1,2.8256761675970186
827,5,25,30,1,2.8256761675970186
1313,9,45,50,1,2.8256761675970186
1314,9,45,50,1,2.8256761675970186
2150,19,95,100,1,2.8256761675970186
2305,21,105,110,1,2.8256761675970186
2583,25,125,130,1,2.8256761675970186
74,0,0,5,1,2.8256761675922
503,3,15,20,1,2.8256761675922
673,4,20,25,1,2.8256761675922
1416,10,50,55,1,2.8256761675922
1508,11,55,60,1,2.8256761675922
3095,33,165,170,1,2.8256761675922
502,3,15,20,1,2.8251081360252512
670,4,20,25,1,2.8251081360252512
971,6,30,35,1,2.8251081360252512
1415,10,50,55,1,2.8251081360252512
1829,15,75,80,1,2.8251081360252512
2074,18,90,95,1,2.8251081360252512
73,0,0,5,1,2.8251081360204338
669,4,20,25,1,2.8251081360204338
825,5,25,30,1,2.8251081360204338
826,5,25,30,1,2.8251081360204338
1098,7,35,40,1,2.8251081360204338
1996,17,85,90,1,2.8251081360204338
500,3,15,20,1,2.8245398654070106
821,5,25,30,1,2.8245398654070106
822,5,25,30,1,2.8245398654070106
1507,11,55,60,1,2.8245398654070106
1912,16,80,85,1,2.8245398654070106
2073,18,90,95,1,2.8245398654070106
2225,20,100,105,1,2.8245398654070106
2515,24,120,125,1,2.8245398654070106
501,3,15,20,1,2.8245398654021945
824,5,25,30,1,2.8245398654021945
970,6,30,35,1,2.8245398654021945
1312,9,45,50,1,2.8245398654021945
1414,10,50,55,1,2.8245398654021945
1759,14,70,75,1,2.8245398654021945
2376,22,110,115,1,2.8245398654021945
2516,24,120,125,1,2.8245398654021945
3585,42,210,215,1,2.8245398654021945
184,1,5,10,1,2.8239713557829336
498,3,15,20,1,2.8239713557829336
668,4,20,25,1,2.8239713557829336
969,6,30,35,1,2.8239713557829336
1097,7,35,40,1,2.8239713557829336
2148,19,95,100,1,2.8239713557829336
2446,23,115,120,1,2.8239713557829336
2513,24,120,125,1,2.8239713557829336
2514,24,120,125,1,2.8239713557829336
2721,27,135,140,1,2.8239713557829336
3539,41,205,210,1,2.8239713557829336
3634,43,215,220,1,2.8239713557829336
4705,64,320,325,1,2.8239713557829336
341,2,10,15,1,2.8239713557781183
342,2,10,15,1,2.8239713557781183
499,3,15,20,1,2.8239713557781183
1506,11,55,60,1,2.8239713557781183
1668,13,65,70,1,2.8239713557781183
1669,13,65,70,1,2.8239713557781183
2149,19,95,100,1,2.8239713557781183
2303,21,105,110,1,2.8239713557781183
2445,23,115,120,1,2.8239713557781183
3141,34,170,175,1,2.8239713557781183
3540,41,205,210,1,2.8239713557781183
3796,46,230,235,1,2.8239713557781183
3846,47,235,240,1,2.8239713557781183
3948,49,245,250,1,2.8239713557781183
967,6,30,35,1,2.8234026072093865
1096,7,35,40,1,2.8234026072093865
1209,8,40,45,1,2.8234026072093865
1210,8,40,45,1,2.8234026072093865
1667,13,65,70,1,2.8234026072093865
2223,20,100,105,1,2.8234026072093865
2902,30,150,155,1,2.8234026072093865
3378,38,190,195,1,2.8234026072093865
3379,38,190,195,1,2.8234026072093865
4462,59,295,300,1,2.8234026072093865
4516,60,300,305,1,2.8234026072093865
4975,70,350,355,1,2.8234026072093865
5333,78,390,395,1,2.8234026072093865
667,4,20,25,1,2.823402607204572
968,6,30,35,1,2.823402607204572
1311,9,45,50,1,2.823402607204572
1911,16,80,85,1,2.823402607204572
2072,18,90,95,1,2.823402607204572
2147,19,95,100,1,2.823402607204572
2224,20,100,105,1,2.823402607204572
2969,31,155,160,1,2.823402607204572
3485,40,200,205,1,2.823402607204572
4563,61,305,310,1,2.823402607204572
5142,74,370,375,1,2.823402607204572
70,0,0,5,1,2.822833619728316
1207,8,40,45,1,2.822833619728316
1208,8,40,45,1,2.822833619728316
1310,9,45,50,1,2.822833619728316
1505,11,55,60,1,2.822833619728316
1757,14,70,75,1,2.822833619728316
2302,21,105,110,1,2.822833619728316
2774,28,140,145,1,2.822833619728316
3094,33,165,170,1,2.822833619728316
3205,35,175,180,1,2.822833619728316
3633,43,215,220,1,2.822833619728316
4307,56,280,285,1,2.822833619728316
6848,120,600,605,1,2.822833619728316
820,5,25,30,1,2.8228336197235024
1593,12,60,65,1,2.8228336197235024
1756,14,70,75,1,2.8228336197235024
1994,17,85,90,1,2.8228336197235024
1995,17,85,90,1,2.8228336197235024
2512,24,120,125,1,2.8228336197235024
2901,30,150,155,1,2.8228336197235024
2967,31,155,160,1,2.8228336197235024
2968,31,155,160,1,2.8228336197235024
3538,41,205,210,1,2.8228336197235024
3899,48,240,245,1,2.8228336197235024
4846,67,335,340,1,2.8228336197235024
6741,117,585,590,1,2.8228336197235024
819,5,25,30,1,2.8222643933934672
1309,9,45,50,1,2.8222643933934672
1413,10,50,55,1,2.8222643933934672
1910,16,80,85,1,2.8222643933934672
2375,22,110,115,1,2.8222643933934672
2900,30,150,155,1,2.8222643933934672
3037,32,160,165,1,2.8222643933934672
4562,61,305,310,1,2.8222643933934672
4758,65,325,330,1,2.8222643933934672
5064,72,360,365,1,2.8222643933934672
5332,78,390,395,1,2.8222643933934672
6356,106,530,535,1,2.8222643933934672
340,2,10,15,1,2.8222643933886546
1755,14,70,75,1,2.8222643933886546
1828,15,75,80,1,2.8222643933886546
2071,18,90,95,1,2.8222643933886546
2222,20,100,105,1,2.8222643933886546
3038,32,160,165,1,2.8222643933886546
3484,40,200,205,1,2.8222643933886546
3690,44,220,225,1,2.8222643933886546
3795,46,230,235,1,2.8222643933886546
4800,66,330,335,1,2.8222643933886546
5950,95,475,480,1,2.8222643933886546
1592,12,60,65,1,2.8216949282480983
1666,13,65,70,1,2.8216949282480983
2070,18,90,95,1,2.8216949282480983
2374,22,110,115,1,2.8216949282480983
2966,31,155,160,1,2.8216949282480983
4059,51,255,260,1,2.8216949282480983
4306,56,280,285,1,2.8216949282480983
4403,58,290,295,1,2.8216949282480983
4404,58,290,295,1,2.8216949282480983
5371,79,395,400,1,2.8216949282480983
6194,102,510,515,1,2.8216949282480983
495,3,15,20,1,2.8216949282432866
496,3,15,20,1,2.8216949282432866
966,6,30,35,1,2.8216949282432866
2373,22,110,115,1,2.8216949282432866
2582,25,125,130,1,2.8216949282432866
3433,39,195,200,1,2.8216949282432866
3632,43,215,220,1,2.8216949282432866
3740,45,225,230,1,2.8216949282432866
5103,73,365,370,1,2.8216949282432866
5191,75,375,380,1,2.8216949282432866
494,3,15,20,1,2.8211252243420213
818,5,25,30,1,2.8211252243420213
1094,7,35,40,1,2.8211252243420213
1306,9,45,50,1,2.8211252243420213
1307,9,45,50,1,2.8211252243420213
1503,11,55,60,1,2.8211252243420213
1504,11,55,60,1,2.8211252243420213
2221,20,100,105,1,2.8211252243420213
2965,31,155,160,1,2.8211252243420213
3036,32,160,165,1,2.8211252243420213
3315,37,185,190,1,2.8211252243420213
3689,44,220,225,1,2.8211252243420213
4458,59,295,300,1,2.8211252243420213
4459,59,295,300,1,2.8211252243420213
4799,66,330,335,1,2.8211252243420213
6639,114,570,575,1,2.8211252243420213
6914,122,610,615,1,2.8211252243420213
665,4,20,25,1,2.8211252243372105
964,6,30,35,1,2.8211252243372105
1093,7,35,40,1,2.8211252243372105
1410,10,50,55,1,2.8211252243372105
1411,10,50,55,1,2.8211252243372105
2443,23,115,120,1,2.8211252243372105
2511,24,120,125,1,2.8211252243372105
2847,29,145,150,1,2.8211252243372105
3483,40,200,205,1,2.8211252243372105
3537,41,205,210,1,2.8211252243372105
3845,47,235,240,1,2.8211252243372105
3947,49,245,250,1,2.8211252243372105
5695,88,440,445,1,2.8211252243372105
6459,109,545,550,1,2.8211252243372105
7805,145,725,730,1,2.8211252243372105
339,2,10,15,1,2.820555281725049
1206,8,40,45,1,2.820555281725049
1591,12,60,65,1,2.820555281725049
1753,14,70,75,1,2.820555281725049
2069,18,90,95,1,2.820555281725049
2899,30,150,155,1,2.820555281725049
4561,61,305,310,1,2.820555281725049
4889,68,340,345,1,2.820555281725049
5102,73,365,370,1,2.820555281725049
5330,78,390,395,1,2.820555281725049
5513,83,415,420,1,2.820555281725049
6404,107,535,540,1,2.820555281725049
7054,126,630,635,1,2.820555281725049
7367,134,670,675,1,2.820555281725049
182,1,5,10,1,2.8205552817202393
963,6,30,35,1,2.8205552817202393
1826,15,75,80,1,2.8205552817202393
2068,18,90,95,1,2.8205552817202393
2146,19,95,100,1,2.8205552817202393
2301,21,105,110,1,2.8205552817202393
2372,22,110,115,1,2.8205552817202393
3256,36,180,185,1,2.8205552817202393
4359,57,285,290,1,2.8205552817202393
4890,68,340,345,1,2.8205552817202393
5512,83,415,420,1,2.8205552817202393
6193,102,510,515,1,2.8205552817202393
8439,163,815,820,1,2.8205552817202393
664,4,20,25,1,2.819985100445682
2145,19,95,100,1,2.819985100445682
2220,20,100,105,1,2.819985100445682
2964,31,155,160,1,2.819985100445682
3140,34,170,175,1,2.819985100445682
3203,35,175,180,1,2.819985100445682
3794,46,230,235,1,2.819985100445682
5774,90,450,455,1,2.819985100445682
5882,93,465,470,1,2.819985100445682
5988,96,480,485,1,2.819985100445682
6638,114,570,575,1,2.819985100445682
6948,123,615,620,1,2.819985100445682
7215,130,650,655,1,2.819985100445682
1501,11,55,60,1,2.8199851004408734
1992,17,85,90,1,2.8199851004408734
2654,26,130,135,1,2.8199851004408734
2720,27,135,140,1,2.8199851004408734
3034,32,160,165,1,2.8199851004408734
3035,32,160,165,1,2.8199851004408734
4757,65,325,330,1,2.8199851004408734
4798,66,330,335,1,2.8199851004408734
5399,80,400,405,1,2.8199851004408734
5741,89,445,450,1,2.8199851004408734
6317,105,525,530,1,2.8199851004408734
7017,125,625,630,1,2.8199851004408734
7053,126,630,635,1,2.8199851004408734
1092,7,35,40,1,2.819414680545868
1205,8,40,45,1,2.819414680545868
1409,10,50,55,1,2.819414680545868
1751,14,70,75,1,2.819414680545868
2219,20,100,105,1,2.819414680545868
2442,23,115,120,1,2.819414680545868
2846,29,145,150,1,2.819414680545868
5018,71,355,360,1,2.819414680545868
5740,89,445,450,1,2.819414680545868
5881,93,465,470,1,2.819414680545868
6192,102,510,515,1,2.819414680545868
6233,103,515,520,1,2.819414680545868
6637,114,570,575,1,2.819414680545868
7844,146,730,735,1,2.819414680545868
8027,151,755,760,1,2.819414680545868
9086,182,910,915,1,2.819414680545868
962,6,30,35,1,2.8194146805410605
2371,22,110,115,1,2.8194146805410605
3376,38,190,195,1,2.8194146805410605
3481,40,200,205,1,2.8194146805410605
5063,72,360,365,1,2.8194146805410605
5286,77,385,390,1,2.8194146805410605
5329,78,390,395,1,2.8194146805410605
7736,143,715,720,1,2.8194146805410605
7875,147,735,740,1,2.8194146805410605
8307,159,795,800,1,2.8194146805410605
8308,159,795,800,1,2.8194146805410605
1408,10,50,55,1,2.818844022081974
2067,18,90,95,1,2.818844022081974
3201,35,175,180,1,2.818844022081974
3202,35,175,180,1,2.818844022081974
5910,94,470,475,1,2.818844022081974
7251,131,655,660,1,2.818844022081974
7843,146,730,735,1,2.818844022081974
7874,147,735,740,1,2.818844022081974
8575,167,835,840,1,2.818844022081974
8831,175,875,880,1,2.818844022081974
10361,221,1105,1110,1,2.818844022081974
492,3,15,20,1,2.818844022077167
1091,7,35,40,1,2.818844022077167
1824,15,75,80,1,2.818844022077167
3432,39,195,200,1,2.818844022077167
3480,40,200,205,1,2.818844022077167
3536,41,205,210,1,2.818844022077167
4797,66,330,335,1,2.818844022077167
6802,119,595,600,1,2.818844022077167
7699,142,710,715,1,2.818844022077167
8202,156,780,785,1,2.818844022077167
8785,174,870,875,1,2.818844022077167
9533,195,975,980,1,2.818844022077167
961,6,30,35,1,2.8182731250985675
2144,19,95,100,1,2.8182731250985675
2441,23,115,120,1,2.8182731250985675
2653,26,130,135,1,2.8182731250985675
3631,43,215,220,1,2.8182731250985675
4006,50,250,255,1,2.8182731250985675
4209,54,270,275,1,2.8182731250985675
4514,60,300,305,1,2.8182731250985675
4515,60,300,305,1,2.8182731250985675
5665,87,435,440,1,2.8182731250985675
6552,112,560,565,1,2.8182731250985675
6774,118,590,595,1,2.8182731250985675
7804,145,725,730,1,2.8182731250985675
9112,183,915,920,1,2.8182731250985675
9943,207,1035,1040,1,2.8182731250985675
10139,214,1070,1075,1,2.8182731250985675
10673,232,1160,1165,1,2.8182731250985675
663,4,20,25,1,2.818273125093762
1822,15,75,80,1,2.818273125093762
1990,17,85,90,1,2.818273125093762
2218,20,100,105,1,2.818273125093762
2510,24,120,125,1,2.818273125093762
2963,31,155,160,1,2.818273125093762
3431,39,195,200,1,2.818273125093762
4112,52,260,265,1,2.818273125093762
4888,68,340,345,1,2.818273125093762
5548,84,420,425,1,2.818273125093762
7016,125,625,630,1,2.818273125093762
8201,156,780,785,1,2.818273125093762
8402,162,810,815,1,2.818273125093762
8501,165,825,830,1,2.818273125093762
10236,217,1085,1090,1,2.818273125093762
181,1,5,10,1,2.8177019896428406
1303,9,45,50,1,2.8177019896428406
1407,10,50,55,1,2.8177019896428406
2509,24,120,125,1,2.8177019896428406
2652,26,130,135,1,2.8177019896428406
3093,33,165,170,1,2.8177019896428406
3139,34,170,175,1,2.8177019896428406
4756,65,325,330,1,2.8177019896428406
5141,74,370,375,1,2.8177019896428406
5369,79,395,400,1,2.8177019896428406
5436,81,405,410,1,2.8177019896428406
5625,86,430,435,1,2.8177019896428406
6191,102,510,515,1,2.8177019896428406
6801,119,595,600,1,2.8177019896428406
7404,135,675,680,1,2.8177019896428406
7768,144,720,725,1,2.8177019896428406
9048,181,905,910,1,2.8177019896428406
9203,186,930,935,1,2.8177019896428406
9378,191,955,960,1,2.8177019896428406
337,2,10,15,1,2.817701989638036
1664,13,65,70,1,2.817701989638036
3314,37,185,190,1,2.817701989638036
3429,39,195,200,1,2.817701989638036
3430,39,195,200,1,2.817701989638036
3584,42,210,215,1,2.817701989638036
4250,55,275,280,1,2.817701989638036
4305,56,280,285,1,2.817701989638036
4887,68,340,345,1,2.817701989638036
4974,70,350,355,1,2.817701989638036
5370,79,395,400,1,2.817701989638036
6092,99,495,500,1,2.817701989638036
6276,104,520,525,1,2.817701989638036
7405,135,675,680,1,2.817701989638036
7588,139,695,700,1,2.817701989638036
8026,151,755,760,1,2.817701989638036
8863,176,880,885,1,2.817701989638036
1089,7,35,40,1,2.8171306157659157
1301,9,45,50,1,2.8171306157659157
1750,14,70,75,1,2.8171306157659157
2440,23,115,120,1,2.8171306157659157
2962,31,155,160,1,2.8171306157659157
3946,49,245,250,1,2.8171306157659157
4004,50,250,255,1,2.8171306157659157
4358,57,285,290,1,2.8171306157659157
4457,59,295,300,1,2.8171306157659157
5062,72,360,365,1,2.8171306157659157
5101,73,365,370,1,2.8171306157659157
5190,75,375,380,1,2.8171306157659157
5546,84,420,425,1,2.8171306157659157
6275,104,520,525,1,2.8171306157659157
6429,108,540,545,1,2.8171306157659157
6773,118,590,595,1,2.8171306157659157
6847,120,600,605,1,2.8171306157659157
7499,137,685,690,1,2.8171306157659157
8401,162,810,815,1,2.8171306157659157
1090,7,35,40,1,2.817130615761112
1663,13,65,70,1,2.817130615761112
2143,19,95,100,1,2.817130615761112
2217,20,100,105,1,2.817130615761112
3739,45,225,230,1,2.817130615761112
4003,50,250,255,1,2.817130615761112
4005,50,250,255,1,2.817130615761112
4304,56,280,285,1,2.817130615761112
4704,64,320,325,1,2.817130615761112
4755,65,325,330,1,2.817130615761112
4934,69,345,350,1,2.817130615761112
5813,91,455,460,1,2.817130615761112
5847,92,460,465,1,2.817130615761112
6946,123,615,620,1,2.817130615761112
6947,123,615,620,1,2.817130615761112
7553,138,690,695,1,2.817130615761112
8235,157,785,790,1,2.817130615761112
179,1,5,10,1,2.816559003516294
335,2,10,15,1,2.816559003516294
660,4,20,25,1,2.816559003516294
814,5,25,30,1,2.816559003516294
960,6,30,35,1,2.816559003516294
1406,10,50,55,1,2.816559003516294
1500,11,55,60,1,2.816559003516294
1590,12,60,65,1,2.816559003516294
1749,14,70,75,1,2.816559003516294
3375,38,190,195,1,2.816559003516294
3583,42,210,215,1,2.816559003516294
3793,46,230,235,1,2.816559003516294
4058,51,255,260,1,2.816559003516294
4111,52,260,265,1,2.816559003516294
4357,57,285,290,1,2.816559003516294
4654,63,315,320,1,2.816559003516294
4703,64,320,325,1,2.816559003516294
4886,68,340,345,1,2.816559003516294
5189,75,375,380,1,2.816559003516294
5398,80,400,405,1,2.816559003516294
5772,90,450,455,1,2.816559003516294
5773,90,450,455,1,2.816559003516294
6489,110,550,555,1,2.816559003516294
6523,111,555,560,1,2.816559003516294
6707,116,580,585,1,2.816559003516294
661,4,20,25,1,2.8165590035114914
815,5,25,30,1,2.8165590035114914
959,6,30,35,1,2.8165590035114914
1088,7,35,40,1,2.8165590035114914
2719,27,135,140,1,2.8165590035114914
2898,30,150,155,1,2.8165590035114914
3033,32,160,165,1,2.8165590035114914
3200,35,175,180,1,2.8165590035114914
3630,43,215,220,1,2.8165590035114914
3687,44,220,225,1,2.8165590035114914
3945,49,245,250,1,2.8165590035114914
4208,54,270,275,1,2.8165590035114914
4754,65,325,330,1,2.8165590035114914
4845,67,335,340,1,2.8165590035114914
5100,73,365,370,1,2.8165590035114914
5140,74,370,375,1,2.8165590035114914
5624,86,430,435,1,2.8165590035114914
5738,89,445,450,1,2.8165590035114914
5739,89,445,450,1,2.8165590035114914
6488,110,550,555,1,2.8165590035114914
6636,114,570,575,1,2.8165590035114914
7015,125,625,630,1,2.8165590035114914
178,1,5,10,1,2.8159871529385443
812,5,25,30,1,2.8159871529385443
1748,14,70,75,1,2.8159871529385443
2299,21,105,110,1,2.8159871529385443
2300,21,105,110,1,2.8159871529385443
2439,23,115,120,1,2.8159871529385443
2580,25,125,130,1,2.8159871529385443
2651,26,130,135,1,2.8159871529385443
3199,35,175,180,1,2.8159871529385443
3844,47,235,240,1,2.8159871529385443
4002,50,250,255,1,2.8159871529385443
4110,52,260,265,1,2.8159871529385443
4455,59,295,300,1,2.8159871529385443
4456,59,295,300,1,2.8159871529385443
4513,60,300,305,1,2.8159871529385443
4607,62,310,315,1,2.8159871529385443
4653,63,315,320,1,2.8159871529385443
5234,76,380,385,1,2.8159871529385443
5435,81,405,410,1,2.8159871529385443
5511,83,415,420,1,2.8159871529385443
5623,86,430,435,1,2.8159871529385443
5846,92,460,465,1,2.8159871529385443
6232,103,515,520,1,2.8159871529385443
6487,110,550,555,1,2.8159871529385443
6740,117,585,590,1,2.8159871529385443
67,0,0,5,1,2.8159871529337424
813,5,25,30,1,2.8159871529337424
958,6,30,35,1,2.8159871529337424
1499,11,55,60,1,2.8159871529337424
1908,16,80,85,1,2.8159871529337424
2142,19,95,100,1,2.8159871529337424
2579,25,125,130,1,2.8159871529337424
3138,34,170,175,1,2.8159871529337424
3374,38,190,195,1,2.8159871529337424
3582,42,210,215,1,2.8159871529337424
3686,44,220,225,1,2.8159871529337424
3898,48,240,245,1,2.8159871529337424
3944,49,245,250,1,2.8159871529337424
4207,54,270,275,1,2.8159871529337424
4249,55,275,280,1,2.8159871529337424
4402,58,290,295,1,2.8159871529337424
4652,63,315,320,1,2.8159871529337424
5017,71,355,360,1,2.8159871529337424
5233,76,380,385,1,2.8159871529337424
5477,82,410,415,1,2.8159871529337424
5545,84,420,425,1,2.8159871529337424
6551,112,560,565,1,2.8159871529337424
6800,119,595,600,1,2.8159871529337424
334,2,10,15,1,2.8154150640824795
659,4,20,25,1,2.8154150640824795
2216,20,100,105,1,2.8154150640824795
2368,22,110,115,1,2.8154150640824795
2438,23,115,120,1,2.8154150640824795
2578,25,125,130,1,2.8154150640824795
3137,34,170,175,1,2.8154150640824795
3197,35,175,180,1,2.8154150640824795
3311,37,185,190,1,2.8154150640824795
3373,38,190,195,1,2.8154150640824795
3581,42,210,215,1,2.8154150640824795
3684,44,220,225,1,2.8154150640824795
3685,44,220,225,1,2.8154150640824795
4206,54,270,275,1,2.8154150640824795
4753,65,325,330,1,2.8154150640824795
4842,67,335,340,1,2.8154150640824795
4844,67,335,340,1,2.8154150640824795
4885,68,340,345,1,2.8154150640824795
5138,74,370,375,1,2.8154150640824795
5139,74,370,375,1,2.8154150640824795
5328,78,390,395,1,2.8154150640824795
7134,128,640,645,1,2.8154150640824795
7214,130,650,655,1,2.8154150640824795
7366,134,670,675,1,2.8154150640824795
66,0,0,5,1,2.8154150640776785
1821,15,75,80,1,2.8154150640776785
1989,17,85,90,1,2.8154150640776785
2369,22,110,115,1,2.8154150640776785
2370,22,110,115,1,2.8154150640776785
2437,23,115,120,1,2.8154150640776785
2844,29,145,150,1,2.8154150640776785
3032,32,160,165,1,2.8154150640776785
3136,34,170,175,1,2.8154150640776785
3943,49,245,250,1,2.8154150640776785
4001,50,250,255,1,2.8154150640776785
4057,51,255,260,1,2.8154150640776785
4151,53,265,270,1,2.8154150640776785
4356,57,285,290,1,2.8154150640776785
4843,67,335,340,1,2.8154150640776785
5016,71,355,360,1,2.8154150640776785
5544,84,420,425,1,2.8154150640776785
5664,87,435,440,1,2.8154150640776785
5909,94,470,475,1,2.8154150640776785
6675,115,575,580,1,2.8154150640776785
8471,164,820,825,1,2.8154150640776785
331,2,10,15,1,2.8148427370005336
332,2,10,15,1,2.8148427370005336
957,6,30,35,1,2.8148427370005336
1203,8,40,45,1,2.8148427370005336
1401,10,50,55,1,2.8148427370005336
1498,11,55,60,1,2.8148427370005336
1747,14,70,75,1,2.8148427370005336
1988,17,85,90,1,2.8148427370005336
2508,24,120,125,1,2.8148427370005336
3031,32,160,165,1,2.8148427370005336
3196,35,175,180,1,2.8148427370005336
3254,36,180,185,1,2.8148427370005336
3372,38,190,195,1,2.8148427370005336
3792,46,230,235,1,2.8148427370005336
3843,47,235,240,1,2.8148427370005336
4000,50,250,255,1,2.8148427370005336
4109,52,260,265,1,2.8148427370005336
4401,58,290,295,1,2.8148427370005336
4512,60,300,305,1,2.8148427370005336
4606,62,310,315,1,2.8148427370005336
4701,64,320,325,1,2.8148427370005336
4841,67,335,340,1,2.8148427370005336
5015,71,355,360,1,2.8148427370005336
5543,84,420,425,1,2.8148427370005336
5812,91,455,460,1,2.8148427370005336
6162,101,505,510,1,2.8148427370005336
6522,111,555,560,1,2.8148427370005336
6913,122,610,615,1,2.8148427370005336
333,2,10,15,1,2.8148427369957334
491,3,15,20,1,2.8148427369957334
1402,10,50,55,1,2.8148427369957334
1403,10,50,55,1,2.8148427369957334
1404,10,50,55,1,2.8148427369957334
1588,12,60,65,1,2.8148427369957334
1589,12,60,65,1,2.8148427369957334
1746,14,70,75,1,2.8148427369957334
1820,15,75,80,1,2.8148427369957334
2215,20,100,105,1,2.8148427369957334
2298,21,105,110,1,2.8148427369957334
2961,31,155,160,1,2.8148427369957334
3255,36,180,185,1,2.8148427369957334
3738,45,225,230,1,2.8148427369957334
3791,46,230,235,1,2.8148427369957334
3897,48,240,245,1,2.8148427369957334
3999,50,250,255,1,2.8148427369957334
4303,56,280,285,1,2.8148427369957334
4355,57,285,290,1,2.8148427369957334
4651,63,315,320,1,2.8148427369957334
5232,76,380,385,1,2.8148427369957334
5368,79,395,400,1,2.8148427369957334
5621,86,430,435,1,2.8148427369957334
5622,86,430,435,1,2.8148427369957334
5737,89,445,450,1,2.8148427369957334
5845,92,460,465,1,2.8148427369957334
6190,102,510,515,1,2.8148427369957334
8234,157,785,790,1,2.8148427369957334
65,0,0,5,1,2.8142701717346528
330,2,10,15,1,2.8142701717346528
656,4,20,25,1,2.8142701717346528
811,5,25,30,1,2.8142701717346528
955,6,30,35,1,2.8142701717346528
956,6,30,35,1,2.8142701717346528
1497,11,55,60,1,2.8142701717346528
2066,18,90,95,1,2.8142701717346528
2295,21,105,110,1,2.8142701717346528
2718,27,135,140,1,2.8142701717346528
2960,31,155,160,1,2.8142701717346528
3195,35,175,180,1,2.8142701717346528
3310,37,185,190,1,2.8142701717346528
3535,41,205,210,1,2.8142701717346528
3579,42,210,215,1,2.8142701717346528
3628,43,215,220,1,2.8142701717346528
4108,52,260,265,1,2.8142701717346528
4400,58,290,295,1,2.8142701717346528
4511,60,300,305,1,2.8142701717346528
4700,64,320,325,1,2.8142701717346528
4931,69,345,350,1,2.8142701717346528
4932,69,345,350,1,2.8142701717346528
5736,89,445,450,1,2.8142701717346528
6120,100,500,505,1,2.8142701717346528
6231,103,515,520,1,2.8142701717346528
6403,107,535,540,1,2.8142701717346528
6912,122,610,615,1,2.8142701717346528
8098,153,765,770,1,2.8142701717346528
489,3,15,20,1,2.814270171729854
657,4,20,25,1,2.814270171729854
658,4,20,25,1,2.814270171729854
1201,8,40,45,1,2.814270171729854
1202,8,40,45,1,2.814270171729854
1300,9,45,50,1,2.814270171729854
1662,13,65,70,1,2.814270171729854
1819,15,75,80,1,2.814270171729854
2296,21,105,110,1,2.814270171729854
2367,22,110,115,1,2.814270171729854
2507,24,120,125,1,2.814270171729854
2650,26,130,135,1,2.814270171729854
3092,33,165,170,1,2.814270171729854
3580,42,210,215,1,2.814270171729854
4055,51,255,260,1,2.814270171729854
4056,51,255,260,1,2.814270171729854
4454,59,295,300,1,2.814270171729854
5231,76,380,385,1,2.814270171729854
5880,93,465,470,1,2.814270171729854
5949,95,475,480,1,2.814270171729854
6230,103,515,520,1,2.814270171729854
6355,106,530,535,1,2.814270171729854
6428,108,540,545,1,2.814270171729854
7365,134,670,675,1,2.814270171729854
64,0,0,5,1,2.8136973683385826
953,6,30,35,1,2.8136973683385826
954,6,30,35,1,2.8136973683385826
2140,19,95,100,1,2.8136973683385826
2141,19,95,100,1,2.8136973683385826
2214,20,100,105,1,2.8136973683385826
2294,21,105,110,1,2.8136973683385826
2577,25,125,130,1,2.8136973683385826
3577,42,210,215,1,2.8136973683385826
3578,42,210,215,1,2.8136973683385826
3895,48,240,245,1,2.8136973683385826
3896,48,240,245,1,2.8136973683385826
4107,52,260,265,1,2.8136973683385826
4150,53,265,270,1,2.8136973683385826
4510,60,300,305,1,2.8136973683385826
4605,62,310,315,1,2.8136973683385826
4795,66,330,335,1,2.8136973683385826
5693,88,440,445,1,2.8136973683385826
5948,95,475,480,1,2.8136973683385826
6316,105,525,530,1,2.8136973683385826
6486,110,550,555,1,2.8136973683385826
7663,141,705,710,1,2.8136973683385826
1087,7,35,40,1,2.8136973683337847
1200,8,40,45,1,2.8136973683337847
1494,11,55,60,1,2.8136973683337847
1495,11,55,60,1,2.8136973683337847
1496,11,55,60,1,2.8136973683337847
1906,16,80,85,1,2.8136973683337847
2213,20,100,105,1,2.8136973683337847
2436,23,115,120,1,2.8136973683337847
2897,30,150,155,1,2.8136973683337847
3371,38,190,195,1,2.8136973683337847
4508,60,300,305,1,2.8136973683337847
4509,60,300,305,1,2.8136973683337847
4796,66,330,335,1,2.8136973683337847
5061,72,360,365,1,2.8136973683337847
5510,83,415,420,1,2.8136973683337847
5584,85,425,430,1,2.8136973683337847
5620,86,430,435,1,2.8136973683337847
5694,88,440,445,1,2.8136973683337847
6485,110,550,555,1,2.8136973683337847
6674,115,575,580,1,2.8136973683337847
8306,159,795,800,1,2.8136973683337847
951,6,30,35,1,2.813124326859514
952,6,30,35,1,2.813124326859514
1400,10,50,55,1,2.813124326859514
1818,15,75,80,1,2.813124326859514
2366,22,110,115,1,2.813124326859514
2717,27,135,140,1,2.813124326859514
2959,31,155,160,1,2.813124326859514
3370,38,190,195,1,2.813124326859514
3625,43,215,220,1,2.813124326859514
3626,43,215,220,1,2.813124326859514
3894,48,240,245,1,2.813124326859514
3998,50,250,255,1,2.813124326859514
4354,57,285,290,1,2.813124326859514
4699,64,320,325,1,2.813124326859514
4794,66,330,335,1,2.813124326859514
5137,74,370,375,1,2.813124326859514
5188,75,375,380,1,2.813124326859514
5735,89,445,450,1,2.813124326859514
6521,111,555,560,1,2.813124326859514
6550,112,560,565,1,2.813124326859514
6706,116,580,585,1,2.813124326859514
6877,121,605,610,1,2.813124326859514
6979,124,620,625,1,2.813124326859514
174,1,5,10,1,2.8131243268547172
175,1,5,10,1,2.8131243268547172
328,2,10,15,1,2.8131243268547172
1086,7,35,40,1,2.8131243268547172
1587,12,60,65,1,2.8131243268547172
1661,13,65,70,1,2.8131243268547172
2576,25,125,130,1,2.8131243268547172
2896,30,150,155,1,2.8131243268547172
2958,31,155,160,1,2.8131243268547172
3194,35,175,180,1,2.8131243268547172
3627,43,215,220,1,2.8131243268547172
3789,46,230,235,1,2.8131243268547172
3790,46,230,235,1,2.8131243268547172
3842,47,235,240,1,2.8131243268547172
4302,56,280,285,1,2.8131243268547172
5099,73,365,370,1,2.8131243268547172
5947,95,475,480,1,2.8131243268547172
6026,97,485,490,1,2.8131243268547172
6091,99,495,500,1,2.8131243268547172
7133,128,640,645,1,2.8131243268547172
7250,131,655,660,1,2.8131243268547172
63,0,0,5,1,2.8125510473446367
324,2,10,15,1,2.8125510473446367
325,2,10,15,1,2.8125510473446367
808,5,25,30,1,2.8125510473446367
950,6,30,35,1,2.8125510473446367
1084,7,35,40,1,2.8125510473446367
1745,14,70,75,1,2.8125510473446367
1905,16,80,85,1,2.8125510473446367
1986,17,85,90,1,2.8125510473446367
1987,17,85,90,1,2.8125510473446367
3624,43,215,220,1,2.8125510473446367
3841,47,235,240,1,2.8125510473446367
4149,53,265,270,1,2.8125510473446367
4353,57,285,290,1,2.8125510473446367
4507,60,300,305,1,2.8125510473446367
4884,68,340,345,1,2.8125510473446367
5187,75,375,380,1,2.8125510473446367
5509,83,415,420,1,2.8125510473446367
5542,84,420,425,1,2.8125510473446367
5810,91,455,460,1,2.8125510473446367
5908,94,470,475,1,2.8125510473446367
6058,98,490,495,1,2.8125510473446367
6599,113,565,570,1,2.8125510473446367
6798,119,595,600,1,2.8125510473446367
653,4,20,25,1,2.8125510473398405
655,4,20,25,1,2.8125510473398405
1085,7,35,40,1,2.8125510473398405
1398,10,50,55,1,2.8125510473398405
1399,10,50,55,1,2.8125510473398405
1586,12,60,65,1,2.8125510473398405
1817,15,75,80,1,2.8125510473398405
2435,23,115,120,1,2.8125510473398405
2506,24,120,125,1,2.8125510473398405
3369,38,190,195,1,2.8125510473398405
3942,49,245,250,1,2.8125510473398405
4205,54,270,275,1,2.8125510473398405
4352,57,285,290,1,2.8125510473398405
5230,76,380,385,1,2.8125510473398405
5583,85,425,430,1,2.8125510473398405
5771,90,450,455,1,2.8125510473398405
6945,123,615,620,1,2.8125510473398405
7176,129,645,650,1,2.8125510473398405
7177,129,645,650,1,2.8125510473398405
1081,7,35,40,1,2.811977529841142
1082,7,35,40,1,2.811977529841142
1083,7,35,40,1,2.811977529841142
1196,8,40,45,1,2.811977529841142
1197,8,40,45,1,2.811977529841142
1298,9,45,50,1,2.811977529841142
1493,11,55,60,1,2.811977529841142
1585,12,60,65,1,2.811977529841142
2065,18,90,95,1,2.811977529841142
2212,20,100,105,1,2.811977529841142
2575,25,125,130,1,2.811977529841142
2649,26,130,135,1,2.811977529841142
4106,52,260,265,1,2.811977529841142
4248,55,275,280,1,2.811977529841142
4604,62,310,315,1,2.811977529841142
4698,64,320,325,1,2.811977529841142
5014,71,355,360,1,2.811977529841142
5734,89,445,450,1,2.811977529841142
5770,90,450,455,1,2.811977529841142
5907,94,470,475,1,2.811977529841142
6057,98,490,495,1,2.811977529841142
6354,106,530,535,1,2.811977529841142
7403,135,675,680,1,2.811977529841142
7587,139,695,700,1,2.811977529841142
62,0,0,5,1,2.8119775298363465
486,3,15,20,1,2.8119775298363465
487,3,15,20,1,2.8119775298363465
652,4,20,25,1,2.8119775298363465
1492,11,55,60,1,2.8119775298363465
1660,13,65,70,1,2.8119775298363465
1904,16,80,85,1,2.8119775298363465
1985,17,85,90,1,2.8119775298363465
2064,18,90,95,1,2.8119775298363465
2292,21,105,110,1,2.8119775298363465
2293,21,105,110,1,2.8119775298363465
3030,32,160,165,1,2.8119775298363465
3623,43,215,220,1,2.8119775298363465
3683,44,220,225,1,2.8119775298363465
3737,45,225,230,1,2.8119775298363465
4506,60,300,305,1,2.8119775298363465
4930,69,345,350,1,2.8119775298363465
5185,75,375,380,1,2.8119775298363465
5541,84,420,425,1,2.8119775298363465
6056,98,490,495,1,2.8119775298363465
6090,99,495,500,1,2.8119775298363465
6274,104,520,525,1,2.8119775298363465
6520,111,555,560,1,2.8119775298363465
6911,122,610,615,1,2.8119775298363465
60,0,0,5,1,2.811403774402774
171,1,5,10,1,2.811403774402774
807,5,25,30,1,2.811403774402774
1195,8,40,45,1,2.811403774402774
1397,10,50,55,1,2.811403774402774
1584,12,60,65,1,2.811403774402774
2062,18,90,95,1,2.811403774402774
2063,18,90,95,1,2.811403774402774
2291,21,105,110,1,2.811403774402774
2505,24,120,125,1,2.811403774402774
2773,28,140,145,1,2.811403774402774
3135,34,170,175,1,2.811403774402774
3892,48,240,245,1,2.811403774402774
3893,48,240,245,1,2.811403774402774
4351,57,285,290,1,2.811403774402774
5184,75,375,380,1,2.811403774402774
5327,78,390,395,1,2.811403774402774
5582,85,425,430,1,2.811403774402774
5663,87,435,440,1,2.811403774402774
5906,94,470,475,1,2.811403774402774
6024,97,485,490,1,2.811403774402774
6161,101,505,510,1,2.811403774402774
6229,103,515,520,1,2.811403774402774
7014,125,625,630,1,2.811403774402774
7132,128,640,645,1,2.811403774402774
8025,151,755,760,1,2.811403774402774
8267,158,790,795,1,2.811403774402774
8641,169,845,850,1,2.811403774402774
322,2,10,15,1,2.81140377439798
485,3,15,20,1,2.81140377439798
1491,11,55,60,1,2.81140377439798
1583,12,60,65,1,2.81140377439798
1744,14,70,75,1,2.81140377439798
2503,24,120,125,1,2.81140377439798
2504,24,120,125,1,2.81140377439798
2574,25,125,130,1,2.81140377439798
2957,31,155,160,1,2.81140377439798
3533,41,205,210,1,2.81140377439798
3534,41,205,210,1,2.81140377439798
3682,44,220,225,1,2.81140377439798
4247,55,275,280,1,2.81140377439798
4505,60,300,305,1,2.81140377439798
4603,62,310,315,1,2.81140377439798
5285,77,385,390,1,2.81140377439798
6025,97,485,490,1,2.81140377439798
6054,98,490,495,1,2.81140377439798
6055,98,490,495,1,2.81140377439798
6739,117,585,590,1,2.81140377439798
6772,118,590,595,1,2.81140377439798
6910,122,610,615,1,2.81140377439798
7457,136,680,685,1,2.81140377439798
8400,162,810,815,1,2.81140377439798
1816,15,75,80,1,2.8108297810727914
1903,16,80,85,1,2.8108297810727914
2061,18,90,95,1,2.8108297810727914
2365,22,110,115,1,2.8108297810727914
2716,27,135,140,1,2.8108297810727914
3134,34,170,175,1,2.8108297810727914
3193,35,175,180,1,2.8108297810727914
3622,43,215,220,1,2.8108297810727914
3840,47,235,240,1,2.8108297810727914
4300,56,280,285,1,2.8108297810727914
4560,61,305,310,1,2.8108297810727914
4793,66,330,335,1,2.8108297810727914
5098,73,365,370,1,2.8108297810727914
5809,91,455,460,1,2.8108297810727914
6053,98,490,495,1,2.8108297810727914
6315,105,525,530,1,2.8108297810727914
6353,106,530,535,1,2.8108297810727914
6704,116,580,585,1,2.8108297810727914
6705,116,580,585,1,2.8108297810727914
6876,121,605,610,1,2.8108297810727914
7013,125,625,630,1,2.8108297810727914
7051,126,630,635,1,2.8108297810727914
8830,175,875,880,1,2.8108297810727914
8938,178,890,895,1,2.8108297810727914
10004,209,1045,1050,1,2.8108297810727914
170,1,5,10,1,2.8108297810679983
949,6,30,35,1,2.8108297810679983
1490,11,55,60,1,2.8108297810679983
1659,13,65,70,1,2.8108297810679983
2138,19,95,100,1,2.8108297810679983
2843,29,145,150,1,2.8108297810679983
2956,31,155,160,1,2.8108297810679983
3192,35,175,180,1,2.8108297810679983
3428,39,195,200,1,2.8108297810679983
3576,42,210,215,1,2.8108297810679983
4301,56,280,285,1,2.8108297810679983
4840,67,335,340,1,2.8108297810679983
5136,74,370,375,1,2.8108297810679983
5768,90,450,455,1,2.8108297810679983
5769,90,450,455,1,2.8108297810679983
6273,104,520,525,1,2.8108297810679983
6484,110,550,555,1,2.8108297810679983
7050,126,630,635,1,2.8108297810679983
7052,126,630,635,1,2.8108297810679983
7402,135,675,680,1,2.8108297810679983
8060,152,760,765,1,2.8108297810679983
8200,156,780,785,1,2.8108297810679983
8438,163,815,820,1,2.8108297810679983
947,6,30,35,1,2.8102555499010062
948,6,30,35,1,2.8102555499010062
1297,9,45,50,1,2.8102555499010062
1902,16,80,85,1,2.8102555499010062
2648,26,130,135,1,2.8102555499010062
2841,29,145,150,1,2.8102555499010062
2955,31,155,160,1,2.8102555499010062
4054,51,255,260,1,2.8102555499010062
4104,52,260,265,1,2.8102555499010062
4147,53,265,270,1,2.8102555499010062
4148,53,265,270,1,2.8102555499010062
4299,56,280,285,1,2.8102555499010062
4752,65,325,330,1,2.8102555499010062
5060,72,360,365,1,2.8102555499010062
5662,87,435,440,1,2.8102555499010062
6160,101,505,510,1,2.8102555499010062
6228,103,515,520,1,2.8102555499010062
6845,120,600,605,1,2.8102555499010062
7130,128,640,645,1,2.8102555499010062
7131,128,640,645,1,2.8102555499010062
7633,140,700,705,1,2.8102555499010062
8170,155,775,780,1,2.8102555499010062
8500,165,825,830,1,2.8102555499010062
8755,173,865,870,1,2.8102555499010062
10672,232,1160,1165,1,2.8102555499010062
59,0,0,5,1,2.810255549896214
1080,7,35,40,1,2.810255549896214
1194,8,40,45,1,2.810255549896214
1815,15,75,80,1,2.810255549896214
1901,16,80,85,1,2.810255549896214
2211,20,100,105,1,2.810255549896214
2895,30,150,155,1,2.810255549896214
3427,39,195,200,1,2.810255549896214
4105,52,260,265,1,2.810255549896214
5581,85,425,430,1,2.810255549896214
5733,89,445,450,1,2.810255549896214
6457,109,545,550,1,2.810255549896214
7401,135,675,680,1,2.810255549896214
7873,147,735,740,1,2.810255549896214
8024,151,755,760,1,2.810255549896214
8344,160,800,805,1,2.810255549896214
8541,166,830,835,1,2.810255549896214
9202,186,930,935,1,2.810255549896214
57,0,0,5,1,2.809681080938541
58,0,0,5,1,2.809681080938541
169,1,5,10,1,2.809681080938541
1396,10,50,55,1,2.809681080938541
1814,15,75,80,1,2.809681080938541
2137,19,95,100,1,2.809681080938541
2954,31,155,160,1,2.809681080938541
3133,34,170,175,1,2.809681080938541
3307,37,185,190,1,2.809681080938541
3368,38,190,195,1,2.809681080938541
3575,42,210,215,1,2.809681080938541
3621,43,215,220,1,2.809681080938541
3785,46,230,235,1,2.809681080938541
3786,46,230,235,1,2.809681080938541
3787,46,230,235,1,2.809681080938541
4204,54,270,275,1,2.809681080938541
4453,59,295,300,1,2.809681080938541
4559,61,305,310,1,2.809681080938541
5135,74,370,375,1,2.809681080938541
6052,98,490,495,1,2.809681080938541
6270,104,520,525,1,2.809681080938541
6271,104,520,525,1,2.809681080938541
6272,104,520,525,1,2.809681080938541
7012,125,625,630,1,2.809681080938541
7175,129,645,650,1,2.809681080938541
7291,132,660,665,1,2.809681080938541
7456,136,680,685,1,2.809681080938541
7498,137,685,690,1,2.809681080938541
7942,149,745,750,1,2.809681080938541
9176,185,925,930,1,2.809681080938541
11057,247,1235,1240,1,2.809681080938541
320,2,10,15,1,2.8096810809337502
651,4,20,25,1,2.8096810809337502
1193,8,40,45,1,2.8096810809337502
2432,23,115,120,1,2.8096810809337502
2840,29,145,150,1,2.8096810809337502
3425,39,195,200,1,2.8096810809337502
3532,41,205,210,1,2.8096810809337502
3997,50,250,255,1,2.8096810809337502
4399,58,290,295,1,2.8096810809337502
4650,63,315,320,1,2.8096810809337502
4696,64,320,325,1,2.8096810809337502
4697,64,320,325,1,2.8096810809337502
5229,76,380,385,1,2.8096810809337502
5284,77,385,390,1,2.8096810809337502
5476,82,410,415,1,2.8096810809337502
5767,90,450,455,1,2.8096810809337502
6313,105,525,530,1,2.8096810809337502
6314,105,525,530,1,2.8096810809337502
6598,113,565,570,1,2.8096810809337502
8499,165,825,830,1,2.8096810809337502
9423,192,960,965,1,2.8096810809337502
10177,215,1075,1080,1,2.8096810809337502
55,0,0,5,1,2.809106374231277
318,2,10,15,1,2.809106374231277
483,3,15,20,1,2.809106374231277
650,4,20,25,1,2.809106374231277
805,5,25,30,1,2.809106374231277
946,6,30,35,1,2.809106374231277
1582,12,60,65,1,2.809106374231277
1984,17,85,90,1,2.809106374231277
2060,18,90,95,1,2.809106374231277
2771,28,140,145,1,2.809106374231277
2839,29,145,150,1,2.809106374231277
3028,32,160,165,1,2.809106374231277
3250,36,180,185,1,2.809106374231277
3252,36,180,185,1,2.809106374231277
3479,40,200,205,1,2.809106374231277
4053,51,255,260,1,2.809106374231277
4103,52,260,265,1,2.809106374231277
4558,61,305,310,1,2.809106374231277
4602,62,310,315,1,2.809106374231277
5058,72,360,365,1,2.809106374231277
5059,72,360,365,1,2.809106374231277
5367,79,395,400,1,2.809106374231277
5474,82,410,415,1,2.809106374231277
5475,82,410,415,1,2.809106374231277
5661,87,435,440,1,2.809106374231277
6909,122,610,615,1,2.809106374231277
7129,128,640,645,1,2.809106374231277
7364,134,670,675,1,2.809106374231277
7455,136,680,685,1,2.809106374231277
8059,152,760,765,1,2.809106374231277
8169,155,775,780,1,2.809106374231277
8540,166,830,835,1,2.809106374231277
9497,194,970,975,1,2.809106374231277
11221,254,1270,1275,1,2.809106374231277
11731,278,1390,1395,1,2.809106374231277
167,1,5,10,1,2.8091063742264866
168,1,5,10,1,2.8091063742264866
482,3,15,20,1,2.8091063742264866
649,4,20,25,1,2.8091063742264866
1077,7,35,40,1,2.8091063742264866
1078,7,35,40,1,2.8091063742264866
1192,8,40,45,1,2.8091063742264866
1295,9,45,50,1,2.8091063742264866
1741,14,70,75,1,2.8091063742264866
2289,21,105,110,1,2.8091063742264866
2573,25,125,130,1,2.8091063742264866
2838,29,145,150,1,2.8091063742264866
3190,35,175,180,1,2.8091063742264866
3191,35,175,180,1,2.8091063742264866
3251,36,180,185,1,2.8091063742264866
3478,40,200,205,1,2.8091063742264866
3620,43,215,220,1,2.8091063742264866
3891,48,240,245,1,2.8091063742264866
5326,78,390,395,1,2.8091063742264866
5508,83,415,420,1,2.8091063742264866
5732,89,445,450,1,2.8091063742264866
6023,97,485,490,1,2.8091063742264866
6269,104,520,525,1,2.8091063742264866
6597,113,565,570,1,2.8091063742264866
6635,114,570,575,1,2.8091063742264866
6978,124,620,625,1,2.8091063742264866
7011,125,625,630,1,2.8091063742264866
7174,129,645,650,1,2.8091063742264866
7909,148,740,745,1,2.8091063742264866
8862,176,880,885,1,2.8091063742264866
9377,191,955,960,1,2.8091063742264866
9703,200,1000,1005,1,2.8091063742264866
11384,261,1305,1310,1,2.8091063742264866
54,0,0,5,1,2.808531429830336
315,2,10,15,1,2.808531429830336
317,2,10,15,1,2.808531429830336
481,3,15,20,1,2.808531429830336
1075,7,35,40,1,2.808531429830336
1579,12,60,65,1,2.808531429830336
1581,12,60,65,1,2.808531429830336
1813,15,75,80,1,2.808531429830336
1900,16,80,85,1,2.808531429830336
2135,19,95,100,1,2.808531429830336
2136,19,95,100,1,2.808531429830336
2210,20,100,105,1,2.808531429830336
2362,22,110,115,1,2.808531429830336
2363,22,110,115,1,2.808531429830336
2431,23,115,120,1,2.808531429830336
2837,29,145,150,1,2.808531429830336
3477,40,200,205,1,2.808531429830336
3531,41,205,210,1,2.808531429830336
4694,64,320,325,1,2.808531429830336
4695,64,320,325,1,2.808531429830336
5097,73,365,370,1,2.808531429830336
5134,74,370,375,1,2.808531429830336
5228,76,380,385,1,2.808531429830336
5365,79,395,400,1,2.808531429830336
5366,79,395,400,1,2.808531429830336
5472,82,410,415,1,2.808531429830336
5580,85,425,430,1,2.808531429830336
5945,95,475,480,1,2.808531429830336
6119,100,500,505,1,2.808531429830336
6977,124,620,625,1,2.808531429830336
8058,152,760,765,1,2.808531429830336
8168,155,775,780,1,2.808531429830336
8610,168,840,845,1,2.808531429830336
9422,192,960,965,1,2.808531429830336
9596,197,985,990,1,2.808531429830336
10003,209,1045,1050,1,2.808531429830336
10138,214,1070,1075,1,2.808531429830336
10671,232,1160,1165,1,2.808531429830336
12093,295,1475,1480,1,2.808531429830336
316,2,10,15,1,2.8085314298255466
648,4,20,25,1,2.8085314298255466
943,6,30,35,1,2.8085314298255466
1740,14,70,75,1,2.8085314298255466
1899,16,80,85,1,2.8085314298255466
1983,17,85,90,1,2.8085314298255466
2059,18,90,95,1,2.8085314298255466
2208,20,100,105,1,2.8085314298255466
2209,20,100,105,1,2.8085314298255466
2288,21,105,110,1,2.8085314298255466
2647,26,130,135,1,2.8085314298255466
2714,27,135,140,1,2.8085314298255466
2715,27,135,140,1,2.8085314298255466
3027,32,160,165,1,2.8085314298255466
3366,38,190,195,1,2.8085314298255466
3839,47,235,240,1,2.8085314298255466
4397,58,290,295,1,2.8085314298255466
4398,58,290,295,1,2.8085314298255466
4452,59,295,300,1,2.8085314298255466
4751,65,325,330,1,2.8085314298255466
5096,73,365,370,1,2.8085314298255466
5473,82,410,415,1,2.8085314298255466
5808,91,455,460,1,2.8085314298255466
6268,104,520,525,1,2.8085314298255466
6596,113,565,570,1,2.8085314298255466
6875,121,605,610,1,2.8085314298255466
6908,122,610,615,1,2.8085314298255466
7212,130,650,655,1,2.8085314298255466
7213,130,650,655,1,2.8085314298255466
7331,133,665,670,1,2.8085314298255466
8539,166,830,835,1,2.8085314298255466
10235,217,1085,1090,1,2.8085314298255466
10479,225,1125,1130,1,2.8085314298255466
11180,252,1260,1265,1,2.8085314298255466
11181,252,1260,1265,1,2.8085314298255466
166,1,5,10,1,2.807956247780287
314,2,10,15,1,2.807956247780287
942,6,30,35,1,2.807956247780287
1293,9,45,50,1,2.807956247780287
1294,9,45,50,1,2.807956247780287
1395,10,50,55,1,2.807956247780287
2058,18,90,95,1,2.807956247780287
2206,20,100,105,1,2.807956247780287
2360,22,110,115,1,2.807956247780287
2430,23,115,120,1,2.807956247780287
2499,24,120,125,1,2.807956247780287
2500,24,120,125,1,2.807956247780287
2572,25,125,130,1,2.807956247780287
2892,30,150,155,1,2.807956247780287
3026,32,160,165,1,2.807956247780287
3091,33,165,170,1,2.807956247780287
3189,35,175,180,1,2.807956247780287
3247,36,180,185,1,2.807956247780287
3248,36,180,185,1,2.807956247780287
3249,36,180,185,1,2.807956247780287
3365,38,190,195,1,2.807956247780287
3530,41,205,210,1,2.807956247780287
3941,49,245,250,1,2.807956247780287
3996,50,250,255,1,2.807956247780287
4203,54,270,275,1,2.807956247780287
4556,61,305,310,1,2.807956247780287
4839,67,335,340,1,2.807956247780287
4881,68,340,345,1,2.807956247780287
5283,77,385,390,1,2.807956247780287
5397,80,400,405,1,2.807956247780287
5471,82,410,415,1,2.807956247780287
5540,84,420,425,1,2.807956247780287
5944,95,475,480,1,2.807956247780287
6088,99,495,500,1,2.807956247780287
6352,106,530,535,1,2.807956247780287
6673,115,575,580,1,2.807956247780287
6738,117,585,590,1,2.807956247780287
6844,120,600,605,1,2.807956247780287
7632,140,700,705,1,2.807956247780287
8574,167,835,840,1,2.807956247780287
9201,186,930,935,1,2.807956247780287
9496,194,970,975,1,2.807956247780287
10360,221,1105,1110,1,2.807956247780287
10605,230,1150,1155,1,2.807956247780287
10830,238,1190,1195,1,2.807956247780287
11835,282,1410,1415,1,2.807956247780287
165,1,5,10,1,2.8079562477754987
647,4,20,25,1,2.8079562477754987
804,5,25,30,1,2.8079562477754987
1658,13,65,70,1,2.8079562477754987
1982,17,85,90,1,2.8079562477754987
2057,18,90,95,1,2.8079562477754987
2205,20,100,105,1,2.8079562477754987
2501,24,120,125,1,2.8079562477754987
2645,26,130,135,1,2.8079562477754987
2836,29,145,150,1,2.8079562477754987
2893,30,150,155,1,2.8079562477754987
2952,31,155,160,1,2.8079562477754987
2953,31,155,160,1,2.8079562477754987
3132,34,170,175,1,2.8079562477754987
3305,37,185,190,1,2.8079562477754987
3306,37,185,190,1,2.8079562477754987
3424,39,195,200,1,2.8079562477754987
3573,42,210,215,1,2.8079562477754987
3619,43,215,220,1,2.8079562477754987
3838,47,235,240,1,2.8079562477754987
4557,61,305,310,1,2.8079562477754987
5182,75,375,380,1,2.8079562477754987
5183,75,375,380,1,2.8079562477754987
5507,83,415,420,1,2.8079562477754987
5619,86,430,435,1,2.8079562477754987
6312,105,525,530,1,2.8079562477754987
6402,107,535,540,1,2.8079562477754987
7290,132,660,665,1,2.8079562477754987
7400,135,675,680,1,2.8079562477754987
7551,138,690,695,1,2.8079562477754987
7552,138,690,695,1,2.8079562477754987
7698,142,710,715,1,2.8079562477754987
8305,159,795,800,1,2.8079562477754987
9085,182,910,915,1,2.8079562477754987
9175,185,925,930,1,2.8079562477754987
9495,194,970,975,1,2.8079562477754987
9566,196,980,985,1,2.8079562477754987
10745,235,1175,1180,1,2.8079562477754987
11179,252,1260,1265,1,2.8079562477754987
1073,7,35,40,1,2.8073808281335646
1191,8,40,45,1,2.8073808281335646
1394,10,50,55,1,2.8073808281335646
1981,17,85,90,1,2.8073808281335646
2357,22,110,115,1,2.8073808281335646
2358,22,110,115,1,2.8073808281335646
2359,22,110,115,1,2.8073808281335646
2428,23,115,120,1,2.8073808281335646
2429,23,115,120,1,2.8073808281335646
2497,24,120,125,1,2.8073808281335646
2498,24,120,125,1,2.8073808281335646
2770,28,140,145,1,2.8073808281335646
2891,30,150,155,1,2.8073808281335646
3090,33,165,170,1,2.8073808281335646
3188,35,175,180,1,2.8073808281335646
3246,36,180,185,1,2.8073808281335646
3423,39,195,200,1,2.8073808281335646
3529,41,205,210,1,2.8073808281335646
3889,48,240,245,1,2.8073808281335646
4102,52,260,265,1,2.8073808281335646
4297,56,280,285,1,2.8073808281335646
4396,58,290,295,1,2.8073808281335646
4929,69,345,350,1,2.8073808281335646
5181,75,375,380,1,2.8073808281335646
5282,77,385,390,1,2.8073808281335646
5396,80,400,405,1,2.8073808281335646
5432,81,405,410,1,2.8073808281335646
5731,89,445,450,1,2.8073808281335646
6549,112,560,565,1,2.8073808281335646
6594,113,565,570,1,2.8073808281335646
6595,113,565,570,1,2.8073808281335646
6703,116,580,585,1,2.8073808281335646
6737,117,585,590,1,2.8073808281335646
6771,118,590,595,1,2.8073808281335646
7128,128,640,645,1,2.8073808281335646
7497,137,685,690,1,2.8073808281335646
8097,153,765,770,1,2.8073808281335646
8198,156,780,785,1,2.8073808281335646
8437,163,815,820,1,2.8073808281335646
9458,193,965,970,1,2.8073808281335646
10800,237,1185,1190,1,2.8073808281335646
11486,266,1330,1335,1,2.8073808281335646
12270,305,1525,1530,1,2.8073808281335646
12706,336,1680,1685,1,2.8073808281335646
312,2,10,15,1,2.8073808281287773
645,4,20,25,1,2.8073808281287773
803,5,25,30,1,2.8073808281287773
1074,7,35,40,1,2.8073808281287773
1292,9,45,50,1,2.8073808281287773
1811,15,75,80,1,2.8073808281287773
1898,16,80,85,1,2.8073808281287773
2496,24,120,125,1,2.8073808281287773
2571,25,125,130,1,2.8073808281287773
2835,29,145,150,1,2.8073808281287773
2949,31,155,160,1,2.8073808281287773
2950,31,155,160,1,2.8073808281287773
2951,31,155,160,1,2.8073808281287773
3422,39,195,200,1,2.8073808281287773
3476,40,200,205,1,2.8073808281287773
3681,44,220,225,1,2.8073808281287773
3890,48,240,245,1,2.8073808281287773
4145,53,265,270,1,2.8073808281287773
4202,54,270,275,1,2.8073808281287773
4298,56,280,285,1,2.8073808281287773
4451,59,295,300,1,2.8073808281287773
4504,60,300,305,1,2.8073808281287773
4972,70,350,355,1,2.8073808281287773
5618,86,430,435,1,2.8073808281287773
5692,88,440,445,1,2.8073808281287773
6159,101,505,510,1,2.8073808281287773
6189,102,510,515,1,2.8073808281287773
6267,104,520,525,1,2.8073808281287773
6770,118,590,595,1,2.8073808281287773
7249,131,655,660,1,2.8073808281287773
7454,136,680,685,1,2.8073808281287773
7767,144,720,725,1,2.8073808281287773
8197,156,780,785,1,2.8073808281287773
8304,159,795,800,1,2.8073808281287773
8538,166,830,835,1,2.8073808281287773
8784,174,870,875,1,2.8073808281287773
8896,177,885,890,1,2.8073808281287773
9532,195,975,980,1,2.8073808281287773
11098,249,1245,1250,1,2.8073808281287773
11588,271,1355,1360,1,2.8073808281287773
478,3,15,20,1,2.8068051709399797
644,4,20,25,1,2.8068051709399797
1578,12,60,65,1,2.8068051709399797
1810,15,75,80,1,2.8068051709399797
1897,16,80,85,1,2.8068051709399797
2056,18,90,95,1,2.8068051709399797
2131,19,95,100,1,2.8068051709399797
2355,22,110,115,1,2.8068051709399797
2948,31,155,160,1,2.8068051709399797
3244,36,180,185,1,2.8068051709399797
3363,38,190,195,1,2.8068051709399797
3420,39,195,200,1,2.8068051709399797
3473,40,200,205,1,2.8068051709399797
3474,40,200,205,1,2.8068051709399797
3736,45,225,230,1,2.8068051709399797
3782,46,230,235,1,2.8068051709399797
5281,77,385,390,1,2.8068051709399797
5579,85,425,430,1,2.8068051709399797
5617,86,430,435,1,2.8068051709399797
5660,87,435,440,1,2.8068051709399797
5844,92,460,465,1,2.8068051709399797
6266,104,520,525,1,2.8068051709399797
6401,107,535,540,1,2.8068051709399797
7094,127,635,640,1,2.8068051709399797
7172,129,645,650,1,2.8068051709399797
7496,137,685,690,1,2.8068051709399797
7697,142,710,715,1,2.8068051709399797
7735,143,715,720,1,2.8068051709399797
7765,144,720,725,1,2.8068051709399797
8166,155,775,780,1,2.8068051709399797
8167,155,775,780,1,2.8068051709399797
8537,166,830,835,1,2.8068051709399797
8640,169,845,850,1,2.8068051709399797
8976,179,895,900,1,2.8068051709399797
9595,197,985,990,1,2.8068051709399797
10002,209,1045,1050,1,2.8068051709399797
10587,229,1145,1150,1,2.8068051709399797
12171,299,1495,1500,1,2.8068051709399797
12269,305,1525,1530,1,2.8068051709399797
12466,317,1585,1590,1,2.8068051709399797
311,2,10,15,1,2.8068051709351938
477,3,15,20,1,2.8068051709351938
1488,11,55,60,1,2.8068051709351938
1489,11,55,60,1,2.8068051709351938
1657,13,65,70,1,2.8068051709351938
1809,15,75,80,1,2.8068051709351938
2132,19,95,100,1,2.8068051709351938
2133,19,95,100,1,2.8068051709351938
2495,24,120,125,1,2.8068051709351938
2570,25,125,130,1,2.8068051709351938
2713,27,135,140,1,2.8068051709351938
2834,29,145,150,1,2.8068051709351938
3089,33,165,170,1,2.8068051709351938
3364,38,190,195,1,2.8068051709351938
3421,39,195,200,1,2.8068051709351938
3618,43,215,220,1,2.8068051709351938
3680,44,220,225,1,2.8068051709351938
3995,50,250,255,1,2.8068051709351938
4101,52,260,265,1,2.8068051709351938
4555,61,305,310,1,2.8068051709351938
4693,64,320,325,1,2.8068051709351938
5987,96,480,485,1,2.8068051709351938
6483,110,550,555,1,2.8068051709351938
6975,124,620,625,1,2.8068051709351938
6976,124,620,625,1,2.8068051709351938
7093,127,635,640,1,2.8068051709351938
7288,132,660,665,1,2.8068051709351938
7289,132,660,665,1,2.8068051709351938
7399,135,675,680,1,2.8068051709351938
7766,144,720,725,1,2.8068051709351938
8023,151,755,760,1,2.8068051709351938
8470,164,820,825,1,2.8068051709351938
8498,165,825,830,1,2.8068051709351938
8536,166,830,835,1,2.8068051709351938
8609,168,840,845,1,2.8068051709351938
8754,173,865,870,1,2.8068051709351938
9376,191,955,960,1,2.8068051709351938
9844,204,1020,1025,1,2.8068051709351938
10176,215,1075,1080,1,2.8068051709351938
12092,295,1475,1480,1,2.8068051709351938
12825,346,1730,1735,1,2.8068051709351938
163,1,5,10,1,2.8062292762414818
800,5,25,30,1,2.8062292762414818
801,5,25,30,1,2.8062292762414818
1071,7,35,40,1,2.8062292762414818
1190,8,40,45,1,2.8062292762414818
1393,10,50,55,1,2.8062292762414818
1896,16,80,85,1,2.8062292762414818
2055,18,90,95,1,2.8062292762414818
2130,19,95,100,1,2.8062292762414818
2494,24,120,125,1,2.8062292762414818
2710,27,135,140,1,2.8062292762414818
2768,28,140,145,1,2.8062292762414818
2769,28,140,145,1,2.8062292762414818
2947,31,155,160,1,2.8062292762414818
3304,37,185,190,1,2.8062292762414818
3362,38,190,195,1,2.8062292762414818
3472,40,200,205,1,2.8062292762414818
3617,43,215,220,1,2.8062292762414818
3678,44,220,225,1,2.8062292762414818
3679,44,220,225,1,2.8062292762414818
3888,48,240,245,1,2.8062292762414818
3939,49,245,250,1,2.8062292762414818
4296,56,280,285,1,2.8062292762414818
4503,60,300,305,1,2.8062292762414818
4554,61,305,310,1,2.8062292762414818
5506,83,415,420,1,2.8062292762414818
6226,103,515,520,1,2.8062292762414818
6227,103,515,520,1,2.8062292762414818
6400,107,535,540,1,2.8062292762414818
6672,115,575,580,1,2.8062292762414818
6907,122,610,615,1,2.8062292762414818
7171,129,645,650,1,2.8062292762414818
7908,148,740,745,1,2.8062292762414818
7979,150,750,755,1,2.8062292762414818
8399,162,810,815,1,2.8062292762414818
8468,164,820,825,1,2.8062292762414818
8666,170,850,855,1,2.8062292762414818
8783,174,870,875,1,2.8062292762414818
8895,177,885,890,1,2.8062292762414818
9144,184,920,925,1,2.8062292762414818
9343,190,950,955,1,2.8062292762414818
9735,201,1005,1010,1,2.8062292762414818
9736,201,1005,1010,1,2.8062292762414818
9776,202,1010,1015,1,2.8062292762414818
9908,206,1030,1035,1,2.8062292762414818
11025,246,1230,1235,1,2.8062292762414818
11125,250,1250,1255,1,2.8062292762414818
12752,340,1700,1705,1,2.8062292762414818
310,2,10,15,1,2.8062292762366967
643,4,20,25,1,2.8062292762366967
1290,9,45,50,1,2.8062292762366967
1291,9,45,50,1,2.8062292762366967
1392,10,50,55,1,2.8062292762366967
1487,11,55,60,1,2.8062292762366967
1895,16,80,85,1,2.8062292762366967
2285,21,105,110,1,2.8062292762366967
2354,22,110,115,1,2.8062292762366967
2569,25,125,130,1,2.8062292762366967
2711,27,135,140,1,2.8062292762366967
2712,27,135,140,1,2.8062292762366967
2946,31,155,160,1,2.8062292762366967
3088,33,165,170,1,2.8062292762366967
3528,41,205,210,1,2.8062292762366967
3571,42,210,215,1,2.8062292762366967
3616,43,215,220,1,2.8062292762366967
3677,44,220,225,1,2.8062292762366967
3781,46,230,235,1,2.8062292762366967
3887,48,240,245,1,2.8062292762366967
4295,56,280,285,1,2.8062292762366967
5095,73,365,370,1,2.8062292762366967
5227,76,380,385,1,2.8062292762366967
5280,77,385,390,1,2.8062292762366967
5730,89,445,450,1,2.8062292762366967
6843,120,600,605,1,2.8062292762366967
7248,131,655,660,1,2.8062292762366967
7631,140,700,705,1,2.8062292762366967
7872,147,735,740,1,2.8062292762366967
7980,150,750,755,1,2.8062292762366967
8022,151,755,760,1,2.8062292762366967
8165,155,775,780,1,2.8062292762366967
8343,160,800,805,1,2.8062292762366967
8469,164,820,825,1,2.8062292762366967
8781,174,870,875,1,2.8062292762366967
8782,174,870,875,1,2.8062292762366967
9565,196,980,985,1,2.8062292762366967
9777,202,1010,1015,1,2.8062292762366967
10890,240,1200,1205,1,2.8062292762366967
11200,253,1265,1270,1,2.8062292762366967
11864,283,1415,1420,1,2.8062292762366967
12441,316,1580,1585,1,2.8062292762366967
50,0,0,5,1,2.805653144094435
798,5,25,30,1,2.805653144094435
940,6,30,35,1,2.805653144094435
1070,7,35,40,1,2.805653144094435
1576,12,60,65,1,2.805653144094435
1894,16,80,85,1,2.805653144094435
2053,18,90,95,1,2.805653144094435
2054,18,90,95,1,2.805653144094435
2129,19,95,100,1,2.805653144094435
2284,21,105,110,1,2.805653144094435
2493,24,120,125,1,2.805653144094435
2566,25,125,130,1,2.805653144094435
2568,25,125,130,1,2.805653144094435
2767,28,140,145,1,2.805653144094435
3023,32,160,165,1,2.805653144094435
3086,33,165,170,1,2.805653144094435
3130,34,170,175,1,2.805653144094435
3131,34,170,175,1,2.805653144094435
3187,35,175,180,1,2.805653144094435
3242,36,180,185,1,2.805653144094435
3471,40,200,205,1,2.805653144094435
3570,42,210,215,1,2.805653144094435
4348,57,285,290,1,2.805653144094435
4349,57,285,290,1,2.805653144094435
4450,59,295,300,1,2.805653144094435
4601,62,310,315,1,2.805653144094435
4691,64,320,325,1,2.805653144094435
5395,80,400,405,1,2.805653144094435
5505,83,415,420,1,2.805653144094435
5691,88,440,445,1,2.805653144094435
6518,111,555,560,1,2.805653144094435
6519,111,555,560,1,2.805653144094435
6906,122,610,615,1,2.805653144094435
7092,127,635,640,1,2.805653144094435
7247,131,655,660,1,2.805653144094435
7907,148,740,745,1,2.805653144094435
8129,154,770,775,1,2.805653144094435
8233,157,785,790,1,2.805653144094435
8496,165,825,830,1,2.805653144094435
8894,177,885,890,1,2.805653144094435
9084,182,910,915,1,2.805653144094435
9342,190,950,955,1,2.805653144094435
9667,199,995,1000,1,2.805653144094435
9811,203,1015,1020,1,2.805653144094435
10453,224,1120,1125,1,2.805653144094435
10454,224,1120,1125,1,2.805653144094435
10552,228,1140,1145,1,2.805653144094435
11000,245,1225,1230,1,2.805653144094435
11079,248,1240,1245,1,2.805653144094435
11293,257,1285,1290,1,2.805653144094435
12901,352,1760,1765,1,2.805653144094435
49,0,0,5,1,2.805653144089651
642,4,20,25,1,2.805653144089651
941,6,30,35,1,2.805653144089651
1189,8,40,45,1,2.805653144089651
1390,10,50,55,1,2.805653144089651
1577,12,60,65,1,2.805653144089651
2128,19,95,100,1,2.805653144089651
2426,23,115,120,1,2.805653144089651
2565,25,125,130,1,2.805653144089651
2567,25,125,130,1,2.805653144089651
2644,26,130,135,1,2.805653144089651
2708,27,135,140,1,2.805653144089651
2766,28,140,145,1,2.805653144089651
2832,29,145,150,1,2.805653144089651
2833,29,145,150,1,2.805653144089651
3527,41,205,210,1,2.805653144089651
3614,43,215,220,1,2.805653144089651
3615,43,215,220,1,2.805653144089651
3676,44,220,225,1,2.805653144089651
3780,46,230,235,1,2.805653144089651
4052,51,255,260,1,2.805653144089651
4350,57,285,290,1,2.805653144089651
4502,60,300,305,1,2.805653144089651
4928,69,345,350,1,2.805653144089651
5325,78,390,395,1,2.805653144089651
5431,81,405,410,1,2.805653144089651
5905,94,470,475,1,2.805653144089651
6797,119,595,600,1,2.805653144089651
6874,121,605,610,1,2.805653144089651
7586,139,695,700,1,2.805653144089651
7842,146,730,735,1,2.805653144089651
8435,163,815,820,1,2.805653144089651
8436,163,815,820,1,2.805653144089651
8497,165,825,830,1,2.805653144089651
9015,180,900,905,1,2.805653144089651
9047,181,905,910,1,2.805653144089651
9239,187,935,940,1,2.805653144089651
9457,193,965,970,1,2.805653144089651
9594,197,985,990,1,2.805653144089651
10642,231,1155,1160,1,2.805653144089651
10718,234,1170,1175,1,2.805653144089651
11024,246,1230,1235,1,2.805653144089651
11927,287,1435,1440,1,2.805653144089651
11998,290,1450,1455,1,2.805653144089651
12141,297,1485,1490,1,2.805653144089651
12502,320,1600,1605,1,2.805653144089651
308,2,10,15,1,2.80507677454341
797,5,25,30,1,2.80507677454341
939,6,30,35,1,2.80507677454341
1287,9,45,50,1,2.80507677454341
1486,11,55,60,1,2.80507677454341
1574,12,60,65,1,2.80507677454341
1575,12,60,65,1,2.80507677454341
1736,14,70,75,1,2.80507677454341
1737,14,70,75,1,2.80507677454341
1808,15,75,80,1,2.80507677454341
1979,17,85,90,1,2.80507677454341
2127,19,95,100,1,2.80507677454341
2204,20,100,105,1,2.80507677454341
2283,21,105,110,1,2.80507677454341
2492,24,120,125,1,2.80507677454341
2890,30,150,155,1,2.80507677454341
2944,31,155,160,1,2.80507677454341
3021,32,160,165,1,2.80507677454341
3022,32,160,165,1,2.80507677454341
3085,33,165,170,1,2.80507677454341
3419,39,195,200,1,2.80507677454341
3470,40,200,205,1,2.80507677454341
3886,48,240,245,1,2.80507677454341
3994,50,250,255,1,2.80507677454341
4294,56,280,285,1,2.80507677454341
4395,58,290,295,1,2.80507677454341
4792,66,330,335,1,2.80507677454341
4927,69,345,350,1,2.80507677454341
5180,75,375,380,1,2.80507677454341
5394,80,400,405,1,2.80507677454341
5539,84,420,425,1,2.80507677454341
6265,104,520,525,1,2.80507677454341
6398,107,535,540,1,2.80507677454341
7211,130,650,655,1,2.80507677454341
7398,135,675,680,1,2.80507677454341
7495,137,685,690,1,2.80507677454341
7803,145,725,730,1,2.80507677454341
7841,146,730,735,1,2.80507677454341
7978,150,750,755,1,2.80507677454341
8096,153,765,770,1,2.80507677454341
8467,164,820,825,1,2.80507677454341
8690,171,855,860,1,2.80507677454341
8780,174,870,875,1,2.80507677454341
9174,185,925,930,1,2.80507677454341
9942,207,1035,1040,1,2.80507677454341
10060,211,1055,1060,1,2.80507677454341
10829,238,1190,1195,1,2.80507677454341
11097,249,1245,1250,1,2.80507677454341
11331,259,1295,1300,1,2.80507677454341
11383,261,1305,1310,1,2.80507677454341
11609,272,1360,1365,1,2.80507677454341
11971,289,1445,1450,1,2.80507677454341
12251,304,1520,1525,1,2.80507677454341
12501,320,1600,1605,1,2.80507677454341
12998,363,1815,1820,1,2.80507677454341
48,0,0,5,1,2.8050767745386267
1069,7,35,40,1,2.8050767745386267
1980,17,85,90,1,2.8050767745386267
2051,18,90,95,1,2.8050767745386267
2052,18,90,95,1,2.8050767745386267
2353,22,110,115,1,2.8050767745386267
2491,24,120,125,1,2.8050767745386267
2564,25,125,130,1,2.8050767745386267
2643,26,130,135,1,2.8050767745386267
2707,27,135,140,1,2.8050767745386267
2765,28,140,145,1,2.8050767745386267
2889,30,150,155,1,2.8050767745386267
2945,31,155,160,1,2.8050767745386267
3129,34,170,175,1,2.8050767745386267
3186,35,175,180,1,2.8050767745386267
3361,38,190,195,1,2.8050767745386267
3469,40,200,205,1,2.8050767745386267
3735,45,225,230,1,2.8050767745386267
4501,60,300,305,1,2.8050767745386267
4690,64,320,325,1,2.8050767745386267
4880,68,340,345,1,2.8050767745386267
5504,83,415,420,1,2.8050767745386267
5878,93,465,470,1,2.8050767745386267
5879,93,465,470,1,2.8050767745386267
6264,104,520,525,1,2.8050767745386267
6399,107,535,540,1,2.8050767745386267
6873,121,605,610,1,2.8050767745386267
7091,127,635,640,1,2.8050767745386267
7363,134,670,675,1,2.8050767745386267
8861,176,880,885,1,2.8050767745386267
9083,182,910,915,1,2.8050767745386267
9375,191,955,960,1,2.8050767745386267
9977,208,1040,1045,1,2.8050767745386267
10061,211,1055,1060,1,2.8050767745386267
10799,237,1185,1190,1,2.8050767745386267
10897,241,1205,1210,1,2.8050767745386267
11359,260,1300,1305,1,2.8050767745386267
11538,268,1340,1345,1,2.8050767745386267
12293,306,1530,1535,1,2.8050767745386267
12657,332,1660,1665,1,2.8050767745386267
12670,333,1665,1670,1,2.8050767745386267
162,1,5,10,1,2.804500167636907
639,4,20,25,1,2.804500167636907
1389,10,50,55,1,2.804500167636907
1573,12,60,65,1,2.804500167636907
1656,13,65,70,1,2.804500167636907
2049,18,90,95,1,2.804500167636907
2203,20,100,105,1,2.804500167636907
2280,21,105,110,1,2.804500167636907
2282,21,105,110,1,2.804500167636907
2424,23,115,120,1,2.804500167636907
2425,23,115,120,1,2.804500167636907
2830,29,145,150,1,2.804500167636907
2831,29,145,150,1,2.804500167636907
3020,32,160,165,1,2.804500167636907
3241,36,180,185,1,2.804500167636907
3734,45,225,230,1,2.804500167636907
4100,52,260,265,1,2.804500167636907
4200,54,270,275,1,2.804500167636907
4347,57,285,290,1,2.804500167636907
4600,62,310,315,1,2.804500167636907
4749,65,325,330,1,2.804500167636907
4750,65,325,330,1,2.804500167636907
4791,66,330,335,1,2.804500167636907
5690,88,440,445,1,2.804500167636907
6263,104,520,525,1,2.804500167636907
6593,113,565,570,1,2.804500167636907
6842,120,600,605,1,2.804500167636907
7287,132,660,665,1,2.804500167636907
7494,137,685,690,1,2.804500167636907
7550,138,690,695,1,2.804500167636907
7630,140,700,705,1,2.804500167636907
7802,145,725,730,1,2.804500167636907
8056,152,760,765,1,2.804500167636907
8128,154,770,775,1,2.804500167636907
8368,161,805,810,1,2.804500167636907
8466,164,820,825,1,2.804500167636907
8829,175,875,880,1,2.804500167636907
8893,177,885,890,1,2.804500167636907
9303,189,945,950,1,2.804500167636907
10175,215,1075,1080,1,2.804500167636907
10744,235,1175,1180,1,2.804500167636907
11309,258,1290,1295,1,2.804500167636907
11997,290,1450,1455,1,2.804500167636907
12862,349,1745,1750,1,2.804500167636907
12900,352,1760,1765,1,2.804500167636907
13057,370,1850,1855,1,2.804500167636907
640,4,20,25,1,2.804500167632125
641,4,20,25,1,2.804500167632125
1188,8,40,45,1,2.804500167632125
1483,11,55,60,1,2.804500167632125
1485,11,55,60,1,2.804500167632125
1734,14,70,75,1,2.804500167632125
1735,14,70,75,1,2.804500167632125
2126,19,95,100,1,2.804500167632125
2281,21,105,110,1,2.804500167632125
2352,22,110,115,1,2.804500167632125
2490,24,120,125,1,2.804500167632125
2764,28,140,145,1,2.804500167632125
2829,29,145,150,1,2.804500167632125
3185,35,175,180,1,2.804500167632125
3417,39,195,200,1,2.804500167632125
3418,39,195,200,1,2.804500167632125
3526,41,205,210,1,2.804500167632125
3613,43,215,220,1,2.804500167632125
3675,44,220,225,1,2.804500167632125
3993,50,250,255,1,2.804500167632125
4201,54,270,275,1,2.804500167632125
5364,79,395,400,1,2.804500167632125
5503,83,415,420,1,2.804500167632125
5843,92,460,465,1,2.804500167632125
6051,98,490,495,1,2.804500167632125
6262,104,520,525,1,2.804500167632125
6397,107,535,540,1,2.804500167632125
6905,122,610,615,1,2.804500167632125
7210,130,650,655,1,2.804500167632125
7246,131,655,660,1,2.804500167632125
7734,143,715,720,1,2.804500167632125
8021,151,755,760,1,2.804500167632125
8465,164,820,825,1,2.804500167632125
8779,174,870,875,1,2.804500167632125
8975,179,895,900,1,2.804500167632125
9046,181,905,910,1,2.804500167632125
9530,195,975,980,1,2.804500167632125
10415,223,1115,1120,1,2.804500167632125
10416,223,1115,1120,1,2.804500167632125
10717,234,1170,1175,1,2.804500167632125
11657,274,1370,1375,1,2.804500167632125
11714,277,1385,1390,1,2.804500167632125
11897,285,1425,1430,1,2.804500167632125
12292,306,1530,1535,1,2.804500167632125
13238,401,2005,2010,1,2.804500167632125
306,2,10,15,1,2.8039233234273606
307,2,10,15,1,2.8039233234273606
795,5,25,30,1,2.8039233234273606
1067,7,35,40,1,2.8039233234273606
1185,8,40,45,1,2.8039233234273606
1286,9,45,50,1,2.8039233234273606
1482,11,55,60,1,2.8039233234273606
1655,13,65,70,1,2.8039233234273606
1733,14,70,75,1,2.8039233234273606
1976,17,85,90,1,2.8039233234273606
2048,18,90,95,1,2.8039233234273606
2563,25,125,130,1,2.8039233234273606
2640,26,130,135,1,2.8039233234273606
2705,27,135,140,1,2.8039233234273606
2706,27,135,140,1,2.8039233234273606
2763,28,140,145,1,2.8039233234273606
3019,32,160,165,1,2.8039233234273606
3128,34,170,175,1,2.8039233234273606
3733,45,225,230,1,2.8039233234273606
4599,62,310,315,1,2.8039233234273606
5470,82,410,415,1,2.8039233234273606
5577,85,425,430,1,2.8039233234273606
5728,89,445,450,1,2.8039233234273606
5729,89,445,450,1,2.8039233234273606
5877,93,465,470,1,2.8039233234273606
5986,96,480,485,1,2.8039233234273606
6548,112,560,565,1,2.8039233234273606
7049,126,630,635,1,2.8039233234273606
7127,128,640,645,1,2.8039233234273606
7170,129,645,650,1,2.8039233234273606
7397,135,675,680,1,2.8039233234273606
7629,140,700,705,1,2.8039233234273606
8303,159,795,800,1,2.8039233234273606
8573,167,835,840,1,2.8039233234273606
8639,169,845,850,1,2.8039233234273606
8753,173,865,870,1,2.8039233234273606
9045,181,905,910,1,2.8039233234273606
9420,192,960,965,1,2.8039233234273606
9639,198,990,995,1,2.8039233234273606
9810,203,1015,1020,1,2.8039233234273606
10059,211,1055,1060,1,2.8039233234273606
10640,231,1155,1160,1,2.8039233234273606
10641,231,1155,1160,1,2.8039233234273606
11151,251,1255,1260,1,2.8039233234273606
11485,266,1330,1335,1,2.8039233234273606
11881,284,1420,1425,1,2.8039233234273606
12669,333,1665,1670,1,2.8039233234273606
12712,337,1685,1690,1,2.8039233234273606
13011,365,1825,1830,1,2.8039233234273606
13048,368,1840,1845,1,2.8039233234273606
1068,7,35,40,1,2.8039233234225795
1187,8,40,45,1,2.8039233234225795
1387,10,50,55,1,2.8039233234225795
1571,12,60,65,1,2.8039233234225795
1572,12,60,65,1,2.8039233234225795
1732,14,70,75,1,2.8039233234225795
1977,17,85,90,1,2.8039233234225795
2202,20,100,105,1,2.8039233234225795
2279,21,105,110,1,2.8039233234225795
2350,22,110,115,1,2.8039233234225795
2351,22,110,115,1,2.8039233234225795
2423,23,115,120,1,2.8039233234225795
2641,26,130,135,1,2.8039233234225795
2943,31,155,160,1,2.8039233234225795
3525,41,205,210,1,2.8039233234225795
4499,60,300,305,1,2.8039233234225795
4649,63,315,320,1,2.8039233234225795
4689,64,320,325,1,2.8039233234225795
5094,73,365,370,1,2.8039233234225795
5133,74,370,375,1,2.8039233234225795
5363,79,395,400,1,2.8039233234225795
5578,85,425,430,1,2.8039233234225795
5727,89,445,450,1,2.8039233234225795
6225,103,515,520,1,2.8039233234225795
6311,105,525,530,1,2.8039233234225795
6456,109,545,550,1,2.8039233234225795
7840,146,730,735,1,2.8039233234225795
8095,153,765,770,1,2.8039233234225795
8398,162,810,815,1,2.8039233234225795
8608,168,840,845,1,2.8039233234225795
8638,169,845,850,1,2.8039233234225795
8974,179,895,900,1,2.8039233234225795
9173,185,925,930,1,2.8039233234225795
9238,187,935,940,1,2.8039233234225795
9421,192,960,965,1,2.8039233234225795
10001,209,1045,1050,1,2.8039233234225795
10604,230,1150,1155,1,2.8039233234225795
10798,237,1185,1190,1,2.8039233234225795
11078,248,1240,1245,1,2.8039233234225795
11926,287,1435,1440,1,2.8039233234225795
12217,302,1510,1515,1,2.8039233234225795
12250,304,1520,1525,1,2.8039233234225795
12583,326,1630,1635,1,2.8039233234225795
12909,353,1765,1770,1,2.8039233234225795
474,3,15,20,1,2.8033462419606505
637,4,20,25,1,2.8033462419606505
638,4,20,25,1,2.8033462419606505
793,5,25,30,1,2.8033462419606505
1065,7,35,40,1,2.8033462419606505
1066,7,35,40,1,2.8033462419606505
1184,8,40,45,1,2.8033462419606505
1285,9,45,50,1,2.8033462419606505
1654,13,65,70,1,2.8033462419606505
1731,14,70,75,1,2.8033462419606505
1975,17,85,90,1,2.8033462419606505
2200,20,100,105,1,2.8033462419606505
2278,21,105,110,1,2.8033462419606505
2828,29,145,150,1,2.8033462419606505
2942,31,155,160,1,2.8033462419606505
3240,36,180,185,1,2.8033462419606505
3303,37,185,190,1,2.8033462419606505
4394,58,290,295,1,2.8033462419606505
5324,78,390,395,1,2.8033462419606505
5393,80,400,405,1,2.8033462419606505
5766,90,450,455,1,2.8033462419606505
5807,91,455,460,1,2.8033462419606505
5943,95,475,480,1,2.8033462419606505
6224,103,515,520,1,2.8033462419606505
6310,105,525,530,1,2.8033462419606505
6702,116,580,585,1,2.8033462419606505
7396,135,675,680,1,2.8033462419606505
8232,157,785,790,1,2.8033462419606505
8341,160,800,805,1,2.8033462419606505
8342,160,800,805,1,2.8033462419606505
8689,171,855,860,1,2.8033462419606505
8859,176,880,885,1,2.8033462419606505
8860,176,880,885,1,2.8033462419606505
9702,200,1000,1005,1,2.8033462419606505
10414,223,1115,1120,1,2.8033462419606505
10503,226,1130,1135,1,2.8033462419606505
10944,243,1215,1220,1,2.8033462419606505
10970,244,1220,1225,1,2.8033462419606505
11124,250,1250,1255,1,2.8033462419606505
11401,262,1310,1315,1,2.8033462419606505
11444,264,1320,1325,1,2.8033462419606505
11713,277,1385,1390,1,2.8033462419606505
11862,283,1415,1420,1,2.8033462419606505
12231,303,1515,1520,1,2.8033462419606505
12332,308,1540,1545,1,2.8033462419606505
12899,352,1760,1765,1,2.8033462419606505
12997,363,1815,1820,1,2.8033462419606505
13119,380,1900,1905,1,2.8033462419606505
475,3,15,20,1,2.8033462419558703
1183,8,40,45,1,2.8033462419558703
1282,9,45,50,1,2.8033462419558703
1284,9,45,50,1,2.8033462419558703
1385,10,50,55,1,2.8033462419558703
1386,10,50,55,1,2.8033462419558703
1893,16,80,85,1,2.8033462419558703
2125,19,95,100,1,2.8033462419558703
2201,20,100,105,1,2.8033462419558703
2489,24,120,125,1,2.8033462419558703
3082,33,165,170,1,2.8033462419558703
3674,44,220,225,1,2.8033462419558703
4879,68,340,345,1,2.8033462419558703
5279,77,385,390,1,2.8033462419558703
5362,79,395,400,1,2.8033462419558703
5876,93,465,470,1,2.8033462419558703
6396,107,535,540,1,2.8033462419558703
6736,117,585,590,1,2.8033462419558703
6769,118,590,595,1,2.8033462419558703
7048,126,630,635,1,2.8033462419558703
7330,133,665,670,1,2.8033462419558703
7585,139,695,700,1,2.8033462419558703
7764,144,720,725,1,2.8033462419558703
8094,153,765,770,1,2.8033462419558703
9044,181,905,910,1,2.8033462419558703
9200,186,930,935,1,2.8033462419558703
9419,192,960,965,1,2.8033462419558703
9775,202,1010,1015,1,2.8033462419558703
10700,233,1165,1170,1,2.8033462419558703
10999,245,1225,1230,1,2.8033462419558703
11199,253,1265,1270,1,2.8033462419558703
11608,272,1360,1365,1,2.8033462419558703
11783,280,1400,1405,1,2.8033462419558703
12440,316,1580,1585,1,2.8033462419558703
12885,351,1755,1760,1,2.8033462419558703
12961,358,1790,1795,1,2.8033462419558703
13183,390,1950,1955,1,2.8033462419558703
472,3,15,20,1,2.802768923286589
789,5,25,30,1,2.802768923286589
935,6,30,35,1,2.802768923286589
1062,7,35,40,1,2.802768923286589
1063,7,35,40,1,2.802768923286589
1479,11,55,60,1,2.802768923286589
1570,12,60,65,1,2.802768923286589
1653,13,65,70,1,2.802768923286589
1730,14,70,75,1,2.802768923286589
1807,15,75,80,1,2.802768923286589
2046,18,90,95,1,2.802768923286589
2638,26,130,135,1,2.802768923286589
2761,28,140,145,1,2.802768923286589
2762,28,140,145,1,2.802768923286589
4346,57,285,290,1,2.802768923286589
4648,63,315,320,1,2.802768923286589
5576,85,425,430,1,2.802768923286589
6050,98,490,495,1,2.802768923286589
6086,99,495,500,1,2.802768923286589
6309,105,525,530,1,2.802768923286589
6395,107,535,540,1,2.802768923286589
6591,113,565,570,1,2.802768923286589
6633,114,570,575,1,2.802768923286589
6634,114,570,575,1,2.802768923286589
7549,138,690,695,1,2.802768923286589
7661,141,705,710,1,2.802768923286589
7662,141,705,710,1,2.802768923286589
7871,147,735,740,1,2.802768923286589
8534,166,830,835,1,2.802768923286589
9374,191,955,960,1,2.802768923286589
9638,198,990,995,1,2.802768923286589
9666,199,995,1000,1,2.802768923286589
11150,251,1255,1260,1,2.802768923286589
11247,255,1275,1280,1,2.802768923286589
11424,263,1315,1320,1,2.802768923286589
11656,274,1370,1375,1,2.802768923286589
11672,275,1375,1380,1,2.802768923286589
12230,303,1515,1520,1,2.802768923286589
12266,305,1525,1530,1,2.802768923286589
12267,305,1525,1530,1,2.802768923286589
12268,305,1525,1530,1,2.802768923286589
12555,324,1620,1625,1,2.802768923286589
12751,340,1700,1705,1,2.802768923286589
12774,342,1710,1715,1,2.802768923286589
12838,347,1735,1740,1,2.802768923286589
13071,372,1860,1865,1,2.802768923286589
636,4,20,25,1,2.8027689232818096
791,5,25,30,1,2.8027689232818096
792,5,25,30,1,2.8027689232818096
932,6,30,35,1,2.8027689232818096
933,6,30,35,1,2.8027689232818096
934,6,30,35,1,2.8027689232818096
1182,8,40,45,1,2.8027689232818096
1384,10,50,55,1,2.8027689232818096
2047,18,90,95,1,2.8027689232818096
2422,23,115,120,1,2.8027689232818096
2488,24,120,125,1,2.8027689232818096
2562,25,125,130,1,2.8027689232818096
2639,26,130,135,1,2.8027689232818096
2888,30,150,155,1,2.8027689232818096
3302,37,185,190,1,2.8027689232818096
3937,49,245,250,1,2.8027689232818096
5806,91,455,460,1,2.8027689232818096
5904,94,470,475,1,2.8027689232818096
6022,97,485,490,1,2.8027689232818096
6261,104,520,525,1,2.8027689232818096
6592,113,565,570,1,2.8027689232818096
6904,122,610,615,1,2.8027689232818096
7010,125,625,630,1,2.8027689232818096
7329,133,665,670,1,2.8027689232818096
7801,145,725,730,1,2.8027689232818096
8367,161,805,810,1,2.8027689232818096
8535,166,830,835,1,2.8027689232818096
9874,205,1025,1030,1,2.8027689232818096
10080,212,1060,1065,1,2.8027689232818096
10305,219,1095,1100,1,2.8027689232818096
10551,228,1140,1145,1,2.8027689232818096
11358,260,1300,1305,1,2.8027689232818096
11896,285,1425,1430,1,2.8027689232818096
12041,292,1460,1465,1,2.8027689232818096
12155,298,1490,1495,1,2.8027689232818096
12388,312,1560,1565,1,2.8027689232818096
12406,313,1565,1570,1,2.8027689232818096
12491,319,1595,1600,1,2.8027689232818096
12684,334,1670,1675,1,2.8027689232818096
13128,381,1905,1910,1,2.8027689232818096
13214,395,1975,1980,1,2.8027689232818096
469,3,15,20,1,2.802191367449744
632,4,20,25,1,2.802191367449744
634,4,20,25,1,2.802191367449744
788,5,25,30,1,2.802191367449744
1060,7,35,40,1,2.802191367449744
1281,9,45,50,1,2.802191367449744
1382,10,50,55,1,2.802191367449744
1569,12,60,65,1,2.802191367449744
1892,16,80,85,1,2.802191367449744
1973,17,85,90,1,2.802191367449744
2045,18,90,95,1,2.802191367449744
2199,20,100,105,1,2.802191367449744
2276,21,105,110,1,2.802191367449744
2277,21,105,110,1,2.802191367449744
2348,22,110,115,1,2.802191367449744
2420,23,115,120,1,2.802191367449744
2704,27,135,140,1,2.802191367449744
2760,28,140,145,1,2.802191367449744
3468,40,200,205,1,2.802191367449744
4497,60,300,305,1,2.802191367449744
5689,88,440,445,1,2.802191367449744
5941,95,475,480,1,2.802191367449744
6085,99,495,500,1,2.802191367449744
6517,111,555,560,1,2.802191367449744
6701,116,580,585,1,2.802191367449744
6903,122,610,615,1,2.802191367449744
7046,126,630,635,1,2.802191367449744
7126,128,640,645,1,2.802191367449744
7169,129,645,650,1,2.802191367449744
7286,132,660,665,1,2.802191367449744
8020,151,755,760,1,2.802191367449744
8340,160,800,805,1,2.802191367449744
9456,193,965,970,1,2.802191367449744
9774,202,1010,1015,1,2.802191367449744
9907,206,1030,1035,1,2.802191367449744
10271,218,1090,1095,1,2.802191367449744
11712,277,1385,1390,1,2.802191367449744
11834,282,1410,1415,1,2.802191367449744
11861,283,1415,1420,1,2.802191367449744
11996,290,1450,1455,1,2.802191367449744
12405,313,1565,1570,1,2.802191367449744
12572,325,1625,1630,1,2.802191367449744
12656,332,1660,1665,1,2.802191367449744
12728,338,1690,1695,1,2.802191367449744
12884,351,1755,1760,1,2.802191367449744
12967,359,1795,1800,1,2.802191367449744
13078,373,1865,1870,1,2.802191367449744
13140,382,1910,1915,1,2.802191367449744
13188,391,1955,1960,1,2.802191367449744
13291,416,2080,2085,1,2.802191367449744
301,2,10,15,1,2.8021913674449657
930,6,30,35,1,2.8021913674449657
1181,8,40,45,1,2.8021913674449657
1280,9,45,50,1,2.8021913674449657
1478,11,55,60,1,2.8021913674449657
1728,14,70,75,1,2.8021913674449657
1805,15,75,80,1,2.8021913674449657
1806,15,75,80,1,2.8021913674449657
1974,17,85,90,1,2.8021913674449657
2044,18,90,95,1,2.8021913674449657
2123,19,95,100,1,2.8021913674449657
2198,20,100,105,1,2.8021913674449657
2349,22,110,115,1,2.8021913674449657
2827,29,145,150,1,2.8021913674449657
3779,46,230,235,1,2.8021913674449657
4498,60,300,305,1,2.8021913674449657
5278,77,385,390,1,2.8021913674449657
6454,109,545,550,1,2.8021913674449657
6455,109,545,550,1,2.8021913674449657
7090,127,635,640,1,2.8021913674449657
7395,135,675,680,1,2.8021913674449657
7453,136,680,685,1,2.8021913674449657
7584,139,695,700,1,2.8021913674449657
8688,171,855,860,1,2.8021913674449657
8722,172,860,865,1,2.8021913674449657
8892,177,885,890,1,2.8021913674449657
9564,196,980,985,1,2.8021913674449657
10764,236,1180,1185,1,2.8021913674449657
10828,238,1190,1195,1,2.8021913674449657
10863,239,1195,1200,1,2.8021913674449657
11400,262,1310,1315,1,2.8021913674449657
11587,271,1355,1360,1,2.8021913674449657
11671,275,1375,1380,1,2.8021913674449657
11751,279,1395,1400,1,2.8021913674449657
12479,318,1590,1595,1,2.8021913674449657
12610,328,1640,1645,1,2.8021913674449657
12611,328,1640,1645,1,2.8021913674449657
13023,366,1830,1835,1,2.8021913674449657
13047,368,1840,1845,1,2.8021913674449657
13301,419,2095,2100,1,2.8021913674449657
298,2,10,15,1,2.8016135745064834
467,3,15,20,1,2.8016135745064834
468,3,15,20,1,2.8016135745064834
786,5,25,30,1,2.8016135745064834
1179,8,40,45,1,2.8016135745064834
1475,11,55,60,1,2.8016135745064834
1565,12,60,65,1,2.8016135745064834
1725,14,70,75,1,2.8016135745064834
1726,14,70,75,1,2.8016135745064834
1727,14,70,75,1,2.8016135745064834
1801,15,75,80,1,2.8016135745064834
1891,16,80,85,1,2.8016135745064834
1972,17,85,90,1,2.8016135745064834
3018,32,160,165,1,2.8016135745064834
3360,38,190,195,1,2.8016135745064834
4838,67,335,340,1,2.8016135745064834
5468,82,410,415,1,2.8016135745064834
6049,98,490,495,1,2.8016135745064834
6158,101,505,510,1,2.8016135745064834
6872,121,605,610,1,2.8016135745064834
7009,125,625,630,1,2.8016135745064834
7045,126,630,635,1,2.8016135745064834
7168,129,645,650,1,2.8016135745064834
8127,154,770,775,1,2.8016135745064834
8434,163,815,820,1,2.8016135745064834
8828,175,875,880,1,2.8016135745064834
9111,183,915,920,1,2.8016135745064834
9665,199,995,1000,1,2.8016135745064834
9733,201,1005,1010,1,2.8016135745064834
10116,213,1065,1070,1,2.8016135745064834
10327,220,1100,1105,1,2.8016135745064834
10523,227,1135,1140,1,2.8016135745064834
11537,268,1340,1345,1,2.8016135745064834
11586,271,1355,1360,1,2.8016135745064834
12216,302,1510,1515,1,2.8016135745064834
12404,313,1565,1570,1,2.8016135745064834
12705,336,1680,1685,1,2.8016135745064834
12750,340,1700,1705,1,2.8016135745064834
12996,363,1815,1820,1,2.8016135745064834
13036,367,1835,1840,1,2.8016135745064834
13164,386,1930,1935,1,2.8016135745064834
13204,393,1965,1970,1,2.8016135745064834
13322,428,2140,2145,1,2.8016135745064834
13332,432,2160,2165,1,2.8016135745064834
13403,467,2335,2340,1,2.8016135745064834
13452,512,2560,2565,1,2.8016135745064834
300,2,10,15,1,2.801613574501706
466,3,15,20,1,2.801613574501706
787,5,25,30,1,2.801613574501706
929,6,30,35,1,2.801613574501706
1381,10,50,55,1,2.801613574501706
1477,11,55,60,1,2.801613574501706
1567,12,60,65,1,2.801613574501706
1724,14,70,75,1,2.801613574501706
1802,15,75,80,1,2.801613574501706
1803,15,75,80,1,2.801613574501706
1804,15,75,80,1,2.801613574501706
2122,19,95,100,1,2.801613574501706
2275,21,105,110,1,2.801613574501706
2486,24,120,125,1,2.801613574501706
2759,28,140,145,1,2.801613574501706
4926,69,345,350,1,2.801613574501706
5225,76,380,385,1,2.801613574501706
5765,90,450,455,1,2.801613574501706
5841,92,460,465,1,2.801613574501706
6351,106,530,535,1,2.801613574501706
6632,114,570,575,1,2.801613574501706
6902,122,610,615,1,2.801613574501706
7583,139,695,700,1,2.801613574501706
7763,144,720,725,1,2.801613574501706
8055,152,760,765,1,2.801613574501706
8533,166,830,835,1,2.801613574501706
9143,184,920,925,1,2.801613574501706
9906,206,1030,1035,1,2.801613574501706
10233,217,1085,1090,1,2.801613574501706
10413,223,1115,1120,1,2.801613574501706
11149,251,1255,1260,1,2.801613574501706
11178,252,1260,1265,1,2.801613574501706
11382,261,1305,1310,1,2.801613574501706
11925,287,1435,1440,1,2.801613574501706
11951,288,1440,1445,1,2.801613574501706
12739,339,1695,1700,1,2.801613574501706
12788,343,1715,1720,1,2.801613574501706
12883,351,1755,1760,1,2.801613574501706
13063,371,1855,1860,1,2.801613574501706
13343,434,2170,2175,1,2.801613574501706
13389,462,2310,2315,1,2.801613574501706
13448,508,2540,2545,1,2.801613574501706
629,4,20,25,1,2.8010355445013753
630,4,20,25,1,2.8010355445013753
1059,7,35,40,1,2.8010355445013753
1176,8,40,45,1,2.8010355445013753
1177,8,40,45,1,2.8010355445013753
1178,8,40,45,1,2.8010355445013753
1378,10,50,55,1,2.8010355445013753
1473,11,55,60,1,2.8010355445013753
1474,11,55,60,1,2.8010355445013753
1562,12,60,65,1,2.8010355445013753
1563,12,60,65,1,2.8010355445013753
1651,13,65,70,1,2.8010355445013753
1652,13,65,70,1,2.8010355445013753
1970,17,85,90,1,2.8010355445013753
2274,21,105,110,1,2.8010355445013753
2825,29,145,150,1,2.8010355445013753
2826,29,145,150,1,2.8010355445013753
2941,31,155,160,1,2.8010355445013753
3778,46,230,235,1,2.8010355445013753
4393,58,290,295,1,2.8010355445013753
4496,60,300,305,1,2.8010355445013753
4688,64,320,325,1,2.8010355445013753
4789,66,330,335,1,2.8010355445013753
4790,66,330,335,1,2.8010355445013753
4878,68,340,345,1,2.8010355445013753
5615,86,430,435,1,2.8010355445013753
6350,106,530,535,1,2.8010355445013753
7547,138,690,695,1,2.8010355445013753
7548,138,690,695,1,2.8010355445013753
7800,145,725,730,1,2.8010355445013753
8532,166,830,835,1,2.8010355445013753
8571,167,835,840,1,2.8010355445013753
8858,176,880,885,1,2.8010355445013753
9265,188,940,945,1,2.8010355445013753
9637,198,990,995,1,2.8010355445013753
9773,202,1010,1015,1,2.8010355445013753
10137,214,1070,1075,1,2.8010355445013753
10359,221,1105,1110,1,2.8010355445013753
10699,233,1165,1170,1,2.8010355445013753
11536,268,1340,1345,1,2.8010355445013753
12060,293,1465,1470,1,2.8010355445013753
12187,300,1500,1505,1,2.8010355445013753
12543,323,1615,1620,1,2.8010355445013753
12837,347,1735,1740,1,2.8010355445013753
12847,348,1740,1745,1,2.8010355445013753
12861,349,1745,1750,1,2.8010355445013753
12919,354,1770,1775,1,2.8010355445013753
13203,393,1965,1970,1,2.8010355445013753
13304,420,2100,2105,1,2.8010355445013753
13447,508,2540,2545,1,2.8010355445013753
13458,516,2580,2585,1,2.8010355445013753
13474,645,3225,3230,1,2.8010355445013753
157,1,5,10,1,2.801035544496599
297,2,10,15,1,2.801035544496599
464,3,15,20,1,2.801035544496599
628,4,20,25,1,2.801035544496599
785,5,25,30,1,2.801035544496599
928,6,30,35,1,2.801035544496599
1056,7,35,40,1,2.801035544496599
1058,7,35,40,1,2.801035544496599
1175,8,40,45,1,2.801035544496599
1277,9,45,50,1,2.801035544496599
1278,9,45,50,1,2.801035544496599
1377,10,50,55,1,2.801035544496599
1379,10,50,55,1,2.801035544496599
1472,11,55,60,1,2.801035544496599
1564,12,60,65,1,2.801035544496599
2121,19,95,100,1,2.801035544496599
2561,25,125,130,1,2.801035544496599
3301,37,185,190,1,2.801035544496599
3467,40,200,205,1,2.801035544496599
3836,47,235,240,1,2.801035544496599
4144,53,265,270,1,2.801035544496599
4687,64,320,325,1,2.801035544496599
5012,71,355,360,1,2.801035544496599
5903,94,470,475,1,2.801035544496599
6631,114,570,575,1,2.801035544496599
6796,119,595,600,1,2.801035544496599
7209,130,650,655,1,2.801035544496599
7452,136,680,685,1,2.801035544496599
7733,143,715,720,1,2.801035544496599
8093,153,765,770,1,2.801035544496599
8572,167,835,840,1,2.801035544496599
8827,175,875,880,1,2.801035544496599
9341,190,950,955,1,2.801035544496599
10412,223,1115,1120,1,2.801035544496599
10478,225,1125,1130,1,2.801035544496599
10797,237,1185,1190,1,2.801035544496599
10943,243,1215,1220,1,2.801035544496599
10998,245,1225,1230,1,2.801035544496599
11423,263,1315,1320,1,2.801035544496599
12465,317,1585,1590,1,2.801035544496599
12515,321,1605,1610,1,2.801035544496599
12571,325,1625,1630,1,2.801035544496599
12738,339,1695,1700,1,2.801035544496599
12944,356,1780,1785,1,2.801035544496599
12986,362,1810,1815,1,2.801035544496599
13077,373,1865,1870,1,2.801035544496599
13237,401,2005,2010,1,2.801035544496599
13368,448,2240,2245,1,2.801035544496599
13475,675,3375,3380,1,2.801035544496599
627,4,20,25,1,2.8004572774829217
781,5,25,30,1,2.8004572774829217
782,5,25,30,1,2.8004572774829217
925,6,30,35,1,2.8004572774829217
1173,8,40,45,1,2.8004572774829217
1174,8,40,45,1,2.8004572774829217
1276,9,45,50,1,2.8004572774829217
1470,11,55,60,1,2.8004572774829217
1560,12,60,65,1,2.8004572774829217
1561,12,60,65,1,2.8004572774829217
1967,17,85,90,1,2.8004572774829217
1968,17,85,90,1,2.8004572774829217
2418,23,115,120,1,2.8004572774829217
3239,36,180,185,1,2.8004572774829217
4246,55,275,280,1,2.8004572774829217
4345,57,285,290,1,2.8004572774829217
4449,59,295,300,1,2.8004572774829217
4971,70,350,355,1,2.8004572774829217
5011,71,355,360,1,2.8004572774829217
5057,72,360,365,1,2.8004572774829217
6084,99,495,500,1,2.8004572774829217
7089,127,635,640,1,2.8004572774829217
8092,153,765,770,1,2.8004572774829217
8464,164,820,825,1,2.8004572774829217
8721,172,860,865,1,2.8004572774829217
8752,173,865,870,1,2.8004572774829217
8826,175,875,880,1,2.8004572774829217
9110,183,915,920,1,2.8004572774829217
9199,186,930,935,1,2.8004572774829217
9418,192,960,965,1,2.8004572774829217
9732,201,1005,1010,1,2.8004572774829217
10304,219,1095,1100,1,2.8004572774829217
10477,225,1125,1130,1,2.8004572774829217
11096,249,1245,1250,1,2.8004572774829217
11329,259,1295,1300,1,2.8004572774829217
11330,259,1295,1300,1,2.8004572774829217
11381,261,1305,1310,1,2.8004572774829217
11782,280,1400,1405,1,2.8004572774829217
12403,313,1565,1570,1,2.8004572774829217
12618,329,1645,1650,1,2.8004572774829217
12683,334,1670,1675,1,2.8004572774829217
12824,346,1730,1735,1,2.8004572774829217
13178,389,1945,1950,1,2.8004572774829217
13209,394,1970,1975,1,2.8004572774829217
13410,472,2360,2365,1,2.8004572774829217
13419,483,2415,2420,1,2.8004572774829217
13451,512,2560,2565,1,2.8004572774829217
13472,592,2960,2965,1,2.8004572774829217
463,3,15,20,1,2.8004572774781464
626,4,20,25,1,2.8004572774781464
783,5,25,30,1,2.8004572774781464
784,5,25,30,1,2.8004572774781464
924,6,30,35,1,2.8004572774781464
1055,7,35,40,1,2.8004572774781464
1471,11,55,60,1,2.8004572774781464
2042,18,90,95,1,2.8004572774781464
2043,18,90,95,1,2.8004572774781464
2194,20,100,105,1,2.8004572774781464
2273,21,105,110,1,2.8004572774781464
3017,32,160,165,1,2.8004572774781464
3466,40,200,205,1,2.8004572774781464
3992,50,250,255,1,2.8004572774781464
4495,60,300,305,1,2.8004572774781464
5277,77,385,390,1,2.8004572774781464
5538,84,420,425,1,2.8004572774781464
6308,105,525,530,1,2.8004572774781464
6482,110,550,555,1,2.8004572774781464
7660,141,705,710,1,2.8004572774781464
7839,146,730,735,1,2.8004572774781464
7941,149,745,750,1,2.8004572774781464
8231,157,785,790,1,2.8004572774781464
9081,182,910,915,1,2.8004572774781464
9301,189,945,950,1,2.8004572774781464
9302,189,945,950,1,2.8004572774781464
10135,214,1070,1075,1,2.8004572774781464
10136,214,1070,1075,1,2.8004572774781464
10452,224,1120,1125,1,2.8004572774781464
10522,227,1135,1140,1,2.8004572774781464
11308,258,1290,1295,1,2.8004572774781464
11357,260,1300,1305,1,2.8004572774781464
11807,281,1405,1410,1,2.8004572774781464
11833,282,1410,1415,1,2.8004572774781464
11860,283,1415,1420,1,2.8004572774781464
12018,291,1455,1460,1,2.8004572774781464
13198,392,1960,1965,1,2.8004572774781464
13210,394,1970,1975,1,2.8004572774781464
13216,396,1980,1985,1,2.8004572774781464
13217,396,1980,1985,1,2.8004572774781464
13236,401,2005,2010,1,2.8004572774781464
13473,617,3085,3090,1,2.8004572774781464
777,5,25,30,1,2.7998787735035564
1375,10,50,55,1,2.7998787735035564
1650,13,65,70,1,2.7998787735035564
1723,14,70,75,1,2.7998787735035564
1889,16,80,85,1,2.7998787735035564
3081,33,165,170,1,2.7998787735035564
3300,37,185,190,1,2.7998787735035564
3673,44,220,225,1,2.7998787735035564
3777,46,230,235,1,2.7998787735035564
4553,61,305,310,1,2.7998787735035564
4788,66,330,335,1,2.7998787735035564
5276,77,385,390,1,2.7998787735035564
6590,113,565,570,1,2.7998787735035564
6840,120,600,605,1,2.7998787735035564
7284,132,660,665,1,2.7998787735035564
7659,141,705,710,1,2.7998787735035564
8495,165,825,830,1,2.7998787735035564
8665,170,850,855,1,2.7998787735035564
8857,176,880,885,1,2.7998787735035564
8973,179,895,900,1,2.7998787735035564
9014,180,900,905,1,2.7998787735035564
9731,201,1005,1010,1,2.7998787735035564
10058,211,1055,1060,1,2.7998787735035564
10390,222,1110,1115,1,2.7998787735035564
10603,230,1150,1155,1,2.7998787735035564
10896,241,1205,1210,1,2.7998787735035564
10968,244,1220,1225,1,2.7998787735035564
10969,244,1220,1225,1,2.7998787735035564
11219,254,1270,1275,1,2.7998787735035564
11399,262,1310,1315,1,2.7998787735035564
11558,269,1345,1350,1,2.7998787735035564
11559,269,1345,1350,1,2.7998787735035564
11832,282,1410,1415,1,2.7998787735035564
12265,305,1525,1530,1,2.7998787735035564
12464,317,1585,1590,1,2.7998787735035564
12873,350,1750,1755,1,2.7998787735035564
13177,389,1945,1950,1,2.7998787735035564
13202,393,1965,1970,1,2.7998787735035564
13288,415,2075,2080,1,2.7998787735035564
13339,433,2165,2170,1,2.7998787735035564
13361,445,2225,2230,1,2.7998787735035564
13363,446,2230,2235,1,2.7998787735035564
461,3,15,20,1,2.799878773498782
1053,7,35,40,1,2.799878773498782
1170,8,40,45,1,2.799878773498782
1275,9,45,50,1,2.799878773498782
1469,11,55,60,1,2.799878773498782
1798,15,75,80,1,2.799878773498782
1799,15,75,80,1,2.799878773498782
1888,16,80,85,1,2.799878773498782
2940,31,155,160,1,2.799878773498782
3299,37,185,190,1,2.799878773498782
4392,58,290,295,1,2.799878773498782
4494,60,300,305,1,2.799878773498782
5179,75,375,380,1,2.799878773498782
6260,104,520,525,1,2.799878773498782
6394,107,535,540,1,2.799878773498782
6453,109,545,550,1,2.799878773498782
6671,115,575,580,1,2.799878773498782
7167,129,645,650,1,2.799878773498782
7546,138,690,695,1,2.799878773498782
7762,144,720,725,1,2.799878773498782
8339,160,800,805,1,2.799878773498782
8751,173,865,870,1,2.799878773498782
9237,187,935,940,1,2.799878773498782
9417,192,960,965,1,2.799878773498782
9636,198,990,995,1,2.799878773498782
9701,200,1000,1005,1,2.799878773498782
10115,213,1065,1070,1,2.799878773498782
10134,214,1070,1075,1,2.799878773498782
10206,216,1080,1085,1,2.799878773498782
10697,233,1165,1170,1,2.799878773498782
10698,233,1165,1170,1,2.799878773498782
10796,237,1185,1190,1,2.799878773498782
11560,269,1345,1350,1,2.799878773498782
11629,273,1365,1370,1,2.799878773498782
11880,284,1420,1425,1,2.799878773498782
12463,317,1585,1590,1,2.799878773498782
12582,326,1630,1635,1,2.799878773498782
12763,341,1705,1710,1,2.799878773498782
12787,343,1715,1720,1,2.799878773498782
13050,369,1845,1850,1,2.799878773498782
13153,384,1920,1925,1,2.799878773498782
13392,463,2315,2320,1,2.799878773498782
13429,490,2450,2455,1,2.799878773498782
622,4,20,25,1,2.7993000326065363
623,4,20,25,1,2.7993000326065363
1050,7,35,40,1,2.7993000326065363
1051,7,35,40,1,2.7993000326065363
1169,8,40,45,1,2.7993000326065363
1374,10,50,55,1,2.7993000326065363
1467,11,55,60,1,2.7993000326065363
1558,12,60,65,1,2.7993000326065363
1559,12,60,65,1,2.7993000326065363
1649,13,65,70,1,2.7993000326065363
4143,53,265,270,1,2.7993000326065363
4837,67,335,340,1,2.7993000326065363
4876,68,340,345,1,2.7993000326065363
4877,68,340,345,1,2.7993000326065363
5010,71,355,360,1,2.7993000326065363
5323,78,390,395,1,2.7993000326065363
5659,87,435,440,1,2.7993000326065363
6393,107,535,540,1,2.7993000326065363
6427,108,540,545,1,2.7993000326065363
6734,117,585,590,1,2.7993000326065363
6735,117,585,590,1,2.7993000326065363
6768,118,590,595,1,2.7993000326065363
6973,124,620,625,1,2.7993000326065363
6974,124,620,625,1,2.7993000326065363
7545,138,690,695,1,2.7993000326065363
8196,156,780,785,1,2.7993000326065363
9043,181,905,910,1,2.7993000326065363
9300,189,945,950,1,2.7993000326065363
9373,191,955,960,1,2.7993000326065363
9772,202,1010,1015,1,2.7993000326065363
9873,205,1025,1030,1,2.7993000326065363
10174,215,1075,1080,1,2.7993000326065363
10232,217,1085,1090,1,2.7993000326065363
10586,229,1145,1150,1,2.7993000326065363
10602,230,1150,1155,1,2.7993000326065363
10670,232,1160,1165,1,2.7993000326065363
11607,272,1360,1365,1,2.7993000326065363
11655,274,1370,1375,1,2.7993000326065363
12291,306,1530,1535,1,2.7993000326065363
12313,307,1535,1540,1,2.7993000326065363
12609,328,1640,1645,1,2.7993000326065363
12617,329,1645,1650,1,2.7993000326065363
12802,344,1720,1725,1,2.7993000326065363
12908,353,1765,1770,1,2.7993000326065363
13127,381,1905,1910,1,2.7993000326065363
13281,413,2065,2070,1,2.7993000326065363
13378,456,2280,2285,1,2.7993000326065363
13398,465,2325,2330,1,2.7993000326065363
154,1,5,10,1,2.799300032601763
624,4,20,25,1,2.799300032601763
625,4,20,25,1,2.799300032601763
1047,7,35,40,1,2.799300032601763
1048,7,35,40,1,2.799300032601763
1049,7,35,40,1,2.799300032601763
1052,7,35,40,1,2.799300032601763
1373,10,50,55,1,2.799300032601763
1468,11,55,60,1,2.799300032601763
1887,16,80,85,1,2.799300032601763
2887,30,150,155,1,2.799300032601763
3884,48,240,245,1,2.799300032601763
4293,56,280,285,1,2.799300032601763
4598,62,310,315,1,2.799300032601763
5361,79,395,400,1,2.799300032601763
5575,85,425,430,1,2.799300032601763
6021,97,485,490,1,2.799300032601763
6259,104,520,525,1,2.799300032601763
6349,106,530,535,1,2.799300032601763
6481,110,550,555,1,2.799300032601763
7244,131,655,660,1,2.799300032601763
7245,131,655,660,1,2.799300032601763
8531,166,830,835,1,2.799300032601763
8570,167,835,840,1,2.799300032601763
8937,178,890,895,1,2.799300032601763
9905,206,1030,1035,1,2.799300032601763
10057,211,1055,1060,1,2.799300032601763
10411,223,1115,1120,1,2.799300032601763
10669,232,1160,1165,1,2.799300032601763
11056,247,1235,1240,1,2.799300032601763
11177,252,1260,1265,1,2.799300032601763
11467,265,1325,1330,1,2.799300032601763
11585,271,1355,1360,1,2.799300032601763
11924,287,1435,1440,1,2.799300032601763
12059,293,1465,1470,1,2.799300032601763
12154,298,1490,1495,1,2.799300032601763
12704,336,1680,1685,1,2.799300032601763
12726,338,1690,1695,1,2.799300032601763
12749,340,1700,1705,1,2.799300032601763
12762,341,1705,1710,1,2.799300032601763
12815,345,1725,1730,1,2.799300032601763
13213,395,1975,1980,1,2.799300032601763
13369,449,2245,2250,1,2.799300032601763
773,5,25,30,1,2.7987210548456076
918,6,30,35,1,2.7987210548456076
919,6,30,35,1,2.7987210548456076
920,6,30,35,1,2.7987210548456076
1166,8,40,45,1,2.7987210548456076
1272,9,45,50,1,2.7987210548456076
1273,9,45,50,1,2.7987210548456076
1372,10,50,55,1,2.7987210548456076
1466,11,55,60,1,2.7987210548456076
1965,17,85,90,1,2.7987210548456076
2041,18,90,95,1,2.7987210548456076
4292,56,280,285,1,2.7987210548456076
5178,75,375,380,1,2.7987210548456076
5502,83,415,420,1,2.7987210548456076
5805,91,455,460,1,2.7987210548456076
5875,93,465,470,1,2.7987210548456076
6083,99,495,500,1,2.7987210548456076
6452,109,545,550,1,2.7987210548456076
6630,114,570,575,1,2.7987210548456076
6871,121,605,610,1,2.7987210548456076
7243,131,655,660,1,2.7987210548456076
7543,138,690,695,1,2.7987210548456076
7658,141,705,710,1,2.7987210548456076
8019,151,755,760,1,2.7987210548456076
8530,166,830,835,1,2.7987210548456076
9340,190,950,955,1,2.7987210548456076
9635,198,990,995,1,2.7987210548456076
9663,199,995,1000,1,2.7987210548456076
9771,202,1010,1015,1,2.7987210548456076
9976,208,1040,1045,1,2.7987210548456076
10114,213,1065,1070,1,2.7987210548456076
10270,218,1090,1095,1,2.7987210548456076
10585,229,1145,1150,1,2.7987210548456076
10861,239,1195,1200,1,2.7987210548456076
10862,239,1195,1200,1,2.7987210548456076
10967,244,1220,1225,1,2.7987210548456076
11245,255,1275,1280,1,2.7987210548456076
11246,255,1275,1280,1,2.7987210548456076
11443,264,1320,1325,1,2.7987210548456076
11879,284,1420,1425,1,2.7987210548456076
12119,296,1480,1485,1,2.7987210548456076
12249,304,1520,1525,1,2.7987210548456076
12554,324,1620,1625,1,2.7987210548456076
12598,327,1635,1640,1,2.7987210548456076
13062,371,1855,1860,1,2.7987210548456076
13163,386,1930,1935,1,2.7987210548456076
13264,408,2040,2045,1,2.7987210548456076
13388,461,2305,2310,1,2.7987210548456076
13391,463,2315,2320,1,2.7987210548456076
13463,535,2675,2680,1,2.7987210548456076
457,3,15,20,1,2.7987210548408354
458,3,15,20,1,2.7987210548408354
772,5,25,30,1,2.7987210548408354
914,6,30,35,1,2.7987210548408354
915,6,30,35,1,2.7987210548408354
916,6,30,35,1,2.7987210548408354
917,6,30,35,1,2.7987210548408354
1648,13,65,70,1,2.7987210548408354
1722,14,70,75,1,2.7987210548408354
1886,16,80,85,1,2.7987210548408354
2193,20,100,105,1,2.7987210548408354
3776,46,230,235,1,2.7987210548408354
3883,48,240,245,1,2.7987210548408354
4925,69,345,350,1,2.7987210548408354
5466,82,410,415,1,2.7987210548408354
6348,106,530,535,1,2.7987210548408354
6700,116,580,585,1,2.7987210548408354
6839,120,600,605,1,2.7987210548408354
6972,124,620,625,1,2.7987210548408354
7044,126,630,635,1,2.7987210548408354
7362,134,670,675,1,2.7987210548408354
7451,136,680,685,1,2.7987210548408354
7542,138,690,695,1,2.7987210548408354
7732,143,715,720,1,2.7987210548408354
9042,181,905,910,1,2.7987210548408354
9236,187,935,940,1,2.7987210548408354
9664,199,995,1000,1,2.7987210548408354
9809,203,1015,1020,1,2.7987210548408354
10056,211,1055,1060,1,2.7987210548408354
10550,228,1140,1145,1,2.7987210548408354
11095,249,1245,1250,1,2.7987210548408354
11307,258,1290,1295,1,2.7987210548408354
11781,280,1400,1405,1,2.7987210548408354
11831,282,1410,1415,1,2.7987210548408354
12198,301,1505,1510,1,2.7987210548408354
12402,313,1565,1570,1,2.7987210548408354
12490,319,1595,1600,1,2.7987210548408354
12500,320,1600,1605,1,2.7987210548408354
12761,341,1705,1710,1,2.7987210548408354
13152,384,1920,1925,1,2.7987210548408354
13308,421,2105,2110,1,2.7987210548408354
13427,489,2445,2450,1,2.7987210548408354
13431,492,2460,2465,1,2.7987210548408354
620,4,20,25,1,2.7981418402705827
913,6,30,35,1,2.7981418402705827
1044,7,35,40,1,2.7981418402705827
1269,9,45,50,1,2.7981418402705827
1271,9,45,50,1,2.7981418402705827
1557,12,60,65,1,2.7981418402705827
1964,17,85,90,1,2.7981418402705827
2272,21,105,110,1,2.7981418402705827
2347,22,110,115,1,2.7981418402705827
5093,73,365,370,1,2.7981418402705827
5940,95,475,480,1,2.7981418402705827
6118,100,500,505,1,2.7981418402705827
6188,102,510,515,1,2.7981418402705827
7008,125,625,630,1,2.7981418402705827
7125,128,640,645,1,2.7981418402705827
7541,138,690,695,1,2.7981418402705827
7870,147,735,740,1,2.7981418402705827
8018,151,755,760,1,2.7981418402705827
8195,156,780,785,1,2.7981418402705827
8230,157,785,790,1,2.7981418402705827
8397,162,810,815,1,2.7981418402705827
8433,163,815,820,1,2.7981418402705827
8569,167,835,840,1,2.7981418402705827
8687,171,855,860,1,2.7981418402705827
9013,180,900,905,1,2.7981418402705827
9372,191,955,960,1,2.7981418402705827
9662,199,995,1000,1,2.7981418402705827
9730,201,1005,1010,1,2.7981418402705827
10031,210,1050,1055,1,2.7981418402705827
10112,213,1065,1070,1,2.7981418402705827
10451,224,1120,1125,1,2.7981418402705827
10548,228,1140,1145,1,2.7981418402705827
10549,228,1140,1145,1,2.7981418402705827
10639,231,1155,1160,1,2.7981418402705827
10763,236,1180,1185,1,2.7981418402705827
11218,254,1270,1275,1,2.7981418402705827
11273,256,1280,1285,1,2.7981418402705827
11780,280,1400,1405,1,2.7981418402705827
12118,296,1480,1485,1,2.7981418402705827
12331,308,1540,1545,1,2.7981418402705827
13070,372,1860,1865,1,2.7981418402705827
13315,424,2120,2125,1,2.7981418402705827
13326,429,2145,2150,1,2.7981418402705827
13357,443,2215,2220,1,2.7981418402705827
13377,456,2280,2285,1,2.7981418402705827
152,1,5,10,1,2.7981418402658114
291,2,10,15,1,2.7981418402658114
456,3,15,20,1,2.7981418402658114
1043,7,35,40,1,2.7981418402658114
1164,8,40,45,1,2.7981418402658114
1371,10,50,55,1,2.7981418402658114
1465,11,55,60,1,2.7981418402658114
1885,16,80,85,1,2.7981418402658114
3882,48,240,245,1,2.7981418402658114
4245,55,275,280,1,2.7981418402658114
4787,66,330,335,1,2.7981418402658114
4924,69,345,350,1,2.7981418402658114
6307,105,525,530,1,2.7981418402658114
6733,117,585,590,1,2.7981418402658114
7328,133,665,670,1,2.7981418402658114
7761,144,720,725,1,2.7981418402658114
8338,160,800,805,1,2.7981418402658114
8856,176,880,885,1,2.7981418402658114
9299,189,945,950,1,2.7981418402658114
9492,194,970,975,1,2.7981418402658114
9493,194,970,975,1,2.7981418402658114
9770,202,1010,1015,1,2.7981418402658114
9871,205,1025,1030,1,2.7981418402658114
9872,205,1025,1030,1,2.7981418402658114
10079,212,1060,1065,1,2.7981418402658114
10113,213,1065,1070,1,2.7981418402658114
10173,215,1075,1080,1,2.7981418402658114
10231,217,1085,1090,1,2.7981418402658114
10358,221,1105,1110,1,2.7981418402658114
10410,223,1115,1120,1,2.7981418402658114
10501,226,1130,1135,1,2.7981418402658114
11054,247,1235,1240,1,2.7981418402658114
11055,247,1235,1240,1,2.7981418402658114
11328,259,1295,1300,1,2.7981418402658114
11380,261,1305,1310,1,2.7981418402658114
12264,305,1525,1530,1,2.7981418402658114
12608,328,1640,1645,1,2.7981418402658114
12872,350,1750,1755,1,2.7981418402658114
12882,351,1755,1760,1,2.7981418402658114
12953,357,1785,1790,1,2.7981418402658114
13342,434,2170,2175,1,2.7981418402658114
13440,503,2515,2520,1,2.7981418402658114
770,5,25,30,1,2.7975623889247183
912,6,30,35,1,2.7975623889247183
1042,7,35,40,1,2.7975623889247183
1162,8,40,45,1,2.7975623889247183
1163,8,40,45,1,2.7975623889247183
1370,10,50,55,1,2.7975623889247183
2119,19,95,100,1,2.7975623889247183
2824,29,145,150,1,2.7975623889247183
4647,63,315,320,1,2.7975623889247183
5055,72,360,365,1,2.7975623889247183
5430,81,405,410,1,2.7975623889247183
5840,92,460,465,1,2.7975623889247183
6157,101,505,510,1,2.7975623889247183
6944,123,615,620,1,2.7975623889247183
7906,148,740,745,1,2.7975623889247183
7977,150,750,755,1,2.7975623889247183
8126,154,770,775,1,2.7975623889247183
8265,158,790,795,1,2.7975623889247183
8302,159,795,800,1,2.7975623889247183
8432,163,815,820,1,2.7975623889247183
8637,169,845,850,1,2.7975623889247183
9234,187,935,940,1,2.7975623889247183
9263,188,940,945,1,2.7975623889247183
9264,188,940,945,1,2.7975623889247183
9338,190,950,955,1,2.7975623889247183
9339,190,950,955,1,2.7975623889247183
9371,191,955,960,1,2.7975623889247183
9416,192,960,965,1,2.7975623889247183
9769,202,1010,1015,1,2.7975623889247183
10030,210,1050,1055,1,2.7975623889247183
10055,211,1055,1060,1,2.7975623889247183
10111,213,1065,1070,1,2.7975623889247183
10269,218,1090,1095,1,2.7975623889247183
10326,220,1100,1105,1,2.7975623889247183
10450,224,1120,1125,1,2.7975623889247183
10500,226,1130,1135,1,2.7975623889247183
10638,231,1155,1160,1,2.7975623889247183
10888,240,1200,1205,1,2.7975623889247183
11148,251,1255,1260,1,2.7975623889247183
12017,291,1455,1460,1,2.7975623889247183
12368,310,1550,1555,1,2.7975623889247183
12570,325,1625,1630,1,2.7975623889247183
13227,398,1990,1995,1,2.7975623889247183
13235,401,2005,2010,1,2.7975623889247183
13285,414,2070,2075,1,2.7975623889247183
13414,476,2380,2385,1,2.7975623889247183
13455,513,2565,2570,1,2.7975623889247183
771,5,25,30,1,2.797562388919948
1041,7,35,40,1,2.797562388919948
1266,9,45,50,1,2.797562388919948
2118,19,95,100,1,2.797562388919948
4244,55,275,280,1,2.797562388919948
4552,61,305,310,1,2.797562388919948
4836,67,335,340,1,2.797562388919948
5939,95,475,480,1,2.797562388919948
6629,114,570,575,1,2.797562388919948
6766,118,590,595,1,2.797562388919948
7242,131,655,660,1,2.797562388919948
8091,153,765,770,1,2.797562388919948
8936,178,890,895,1,2.797562388919948
9012,180,900,905,1,2.797562388919948
9109,183,915,920,1,2.797562388919948
9235,187,935,940,1,2.797562388919948
9298,189,945,950,1,2.797562388919948
9529,195,975,980,1,2.797562388919948
9870,205,1025,1030,1,2.797562388919948
9904,206,1030,1035,1,2.797562388919948
10205,216,1080,1085,1,2.797562388919948
10268,218,1090,1095,1,2.797562388919948
10303,219,1095,1100,1,2.797562388919948
10476,225,1125,1130,1,2.797562388919948
10743,235,1175,1180,1,2.797562388919948
10889,240,1200,1205,1,2.797562388919948
10966,244,1220,1225,1,2.797562388919948
11779,280,1400,1405,1,2.797562388919948
11908,286,1430,1435,1,2.797562388919948
12629,330,1650,1655,1,2.797562388919948
12801,344,1720,1725,1,2.797562388919948
12881,351,1755,1760,1,2.797562388919948
12898,352,1760,1765,1,2.797562388919948
13290,416,2080,2085,1,2.797562388919948
13412,475,2375,2380,1,2.797562388919948
13470,558,2790,2795,1,2.797562388919948
453,3,15,20,1,2.7969827008617605
910,6,30,35,1,2.7969827008617605
1368,10,50,55,1,2.7969827008617605
1646,13,65,70,1,2.7969827008617605
1963,17,85,90,1,2.7969827008617605
3016,32,160,165,1,2.7969827008617605
4686,64,320,325,1,2.7969827008617605
5092,73,365,370,1,2.7969827008617605
5275,77,385,390,1,2.7969827008617605
5537,84,420,425,1,2.7969827008617605
5764,90,450,455,1,2.7969827008617605
6451,109,545,550,1,2.7969827008617605
6971,124,620,625,1,2.7969827008617605
7043,126,630,635,1,2.7969827008617605
8229,157,785,790,1,2.7969827008617605
8395,162,810,815,1,2.7969827008617605
8664,170,850,855,1,2.7969827008617605
9141,184,920,925,1,2.7969827008617605
9172,185,925,930,1,2.7969827008617605
9262,188,940,945,1,2.7969827008617605
9336,190,950,955,1,2.7969827008617605
9455,193,965,970,1,2.7969827008617605
9490,194,970,975,1,2.7969827008617605
9592,197,985,990,1,2.7969827008617605
9633,198,990,995,1,2.7969827008617605
9661,199,995,1000,1,2.7969827008617605
9843,204,1020,1025,1,2.7969827008617605
9975,208,1040,1045,1,2.7969827008617605
10054,211,1055,1060,1,2.7969827008617605
10302,219,1095,1100,1,2.7969827008617605
10357,221,1105,1110,1,2.7969827008617605
10584,229,1145,1150,1,2.7969827008617605
10668,232,1160,1165,1,2.7969827008617605
11076,248,1240,1245,1,2.7969827008617605
11292,257,1285,1290,1,2.7969827008617605
11378,261,1305,1310,1,2.7969827008617605
11379,261,1305,1310,1,2.7969827008617605
11669,275,1375,1380,1,2.7969827008617605
12682,334,1670,1675,1,2.7969827008617605
12836,347,1735,1740,1,2.7969827008617605
13112,379,1895,1900,1,2.7969827008617605
13176,389,1945,1950,1,2.7969827008617605
13222,397,1985,1990,1,2.7969827008617605
13255,405,2025,2030,1,2.7969827008617605
13375,455,2275,2280,1,2.7969827008617605
289,2,10,15,1,2.796982700856991
1161,8,40,45,1,2.796982700856991
1265,9,45,50,1,2.796982700856991
2040,18,90,95,1,2.796982700856991
2117,19,95,100,1,2.796982700856991
2270,21,105,110,1,2.796982700856991
3524,41,205,210,1,2.796982700856991
4199,54,270,275,1,2.796982700856991
4448,59,295,300,1,2.796982700856991
5763,90,450,455,1,2.796982700856991
6082,99,495,500,1,2.796982700856991
6795,119,595,600,1,2.796982700856991
7007,125,625,630,1,2.796982700856991
7838,146,730,735,1,2.796982700856991
7905,148,740,745,1,2.796982700856991
8396,162,810,815,1,2.796982700856991
8463,164,820,825,1,2.796982700856991
8935,178,890,895,1,2.796982700856991
9337,190,950,955,1,2.796982700856991
9491,194,970,975,1,2.796982700856991
9593,197,985,990,1,2.796982700856991
9632,198,990,995,1,2.796982700856991
9699,200,1000,1005,1,2.796982700856991
9729,201,1005,1010,1,2.796982700856991
9808,203,1015,1020,1,2.796982700856991
9974,208,1040,1045,1,2.796982700856991
10078,212,1060,1065,1,2.796982700856991
10110,213,1065,1070,1,2.796982700856991
10204,216,1080,1085,1,2.796982700856991
10824,238,1190,1195,1,2.796982700856991
10825,238,1190,1195,1,2.796982700856991
10826,238,1190,1195,1,2.796982700856991
11628,273,1365,1370,1,2.796982700856991
11670,275,1375,1380,1,2.796982700856991
12376,311,1555,1560,1,2.796982700856991
12597,327,1635,1640,1,2.796982700856991
12607,328,1640,1645,1,2.796982700856991
12737,339,1695,1700,1,2.796982700856991
13162,386,1930,1935,1,2.796982700856991
13243,402,2010,2015,1,2.796982700856991
13287,415,2075,2080,1,2.796982700856991
13464,536,2680,2685,1,2.796982700856991
618,4,20,25,1,2.796402776128899
765,5,25,30,1,2.796402776128899
1160,8,40,45,1,2.796402776128899
1367,10,50,55,1,2.796402776128899
1463,11,55,60,1,2.796402776128899
1719,14,70,75,1,2.796402776128899
2039,18,90,95,1,2.796402776128899
3835,47,235,240,1,2.796402776128899
4198,54,270,275,1,2.796402776128899
5274,77,385,390,1,2.796402776128899
5429,81,405,410,1,2.796402776128899
5574,85,425,430,1,2.796402776128899
6156,101,505,510,1,2.796402776128899
6547,112,560,565,1,2.796402776128899
6698,116,580,585,1,2.796402776128899
6699,116,580,585,1,2.796402776128899
8053,152,760,765,1,2.796402776128899
8125,154,770,775,1,2.796402776128899
8301,159,795,800,1,2.796402776128899
8607,168,840,845,1,2.796402776128899
8778,174,870,875,1,2.796402776128899
8972,179,895,900,1,2.796402776128899
9171,185,925,930,1,2.796402776128899
9297,189,945,950,1,2.796402776128899
9415,192,960,965,1,2.796402776128899
9528,195,975,980,1,2.796402776128899
9562,196,980,985,1,2.796402776128899
9631,198,990,995,1,2.796402776128899
9698,200,1000,1005,1,2.796402776128899
9768,202,1010,1015,1,2.796402776128899
9972,208,1040,1045,1,2.796402776128899
10029,210,1050,1055,1,2.796402776128899
10356,221,1105,1110,1,2.796402776128899
10547,228,1140,1145,1,2.796402776128899
10601,230,1150,1155,1,2.796402776128899
10637,231,1155,1160,1,2.796402776128899
11094,249,1245,1250,1,2.796402776128899
11306,258,1290,1295,1,2.796402776128899
11507,267,1335,1340,1,2.796402776128899
11606,272,1360,1365,1,2.796402776128899
11830,282,1410,1415,1,2.796402776128899
12263,305,1525,1530,1,2.796402776128899
12814,345,1725,1730,1,2.796402776128899
13139,382,1910,1915,1,2.796402776128899
13231,399,1995,2000,1,2.796402776128899
13307,421,2105,2110,1,2.796402776128899
13409,472,2360,2365,1,2.796402776128899
13460,532,2660,2665,1,2.796402776128899
766,5,25,30,1,2.7964027761241304
1551,12,60,65,1,2.7964027761241304
1552,12,60,65,1,2.7964027761241304
1553,12,60,65,1,2.7964027761241304
2417,23,115,120,1,2.7964027761241304
4344,57,285,290,1,2.7964027761241304
4493,60,300,305,1,2.7964027761241304
4970,70,350,355,1,2.7964027761241304
5688,88,440,445,1,2.7964027761241304
6081,99,495,500,1,2.7964027761241304
7450,136,680,685,1,2.7964027761241304
7976,150,750,755,1,2.7964027761241304
8494,165,825,830,1,2.7964027761241304
8636,169,845,850,1,2.7964027761241304
8686,171,855,860,1,2.7964027761241304
8825,175,875,880,1,2.7964027761241304
8855,176,880,885,1,2.7964027761241304
9041,181,905,910,1,2.7964027761241304
9261,188,940,945,1,2.7964027761241304
9414,192,960,965,1,2.7964027761241304
9563,196,980,985,1,2.7964027761241304
9869,205,1025,1030,1,2.7964027761241304
9971,208,1040,1045,1,2.7964027761241304
9973,208,1040,1045,1,2.7964027761241304
10202,216,1080,1085,1,2.7964027761241304
10203,216,1080,1085,1,2.7964027761241304
10230,217,1085,1090,1,2.7964027761241304
10267,218,1090,1095,1,2.7964027761241304
10887,240,1200,1205,1,2.7964027761241304
11422,263,1315,1320,1,2.7964027761241304
11442,264,1320,1325,1,2.7964027761241304
11778,280,1400,1405,1,2.7964027761241304
12462,317,1585,1590,1,2.7964027761241304
12933,355,1775,1780,1,2.7964027761241304
13035,367,1835,1840,1,2.7964027761241304
13254,405,2025,2030,1,2.7964027761241304
13445,506,2530,2535,1,2.7964027761241304
13461,533,2665,2670,1,2.7964027761241304
909,6,30,35,1,2.795822614775947
1717,14,70,75,1,2.795822614775947
3612,43,215,220,1,2.795822614775947
4551,61,305,310,1,2.795822614775947
5054,72,360,365,1,2.795822614775947
5392,80,400,405,1,2.795822614775947
5536,84,420,425,1,2.795822614775947
5902,94,470,475,1,2.795822614775947
6223,103,515,520,1,2.795822614775947
6480,110,550,555,1,2.795822614775947
7799,145,725,730,1,2.795822614775947
7904,148,740,745,1,2.795822614775947
8052,152,760,765,1,2.795822614775947
8164,155,775,780,1,2.795822614775947
8394,162,810,815,1,2.795822614775947
8431,163,815,820,1,2.795822614775947
8529,166,830,835,1,2.795822614775947
8568,167,835,840,1,2.795822614775947
8635,169,845,850,1,2.795822614775947
8777,174,870,875,1,2.795822614775947
8933,178,890,895,1,2.795822614775947
9011,180,900,905,1,2.795822614775947
9591,197,985,990,1,2.795822614775947
9630,198,990,995,1,2.795822614775947
9660,199,995,1000,1,2.795822614775947
9767,202,1010,1015,1,2.795822614775947
10076,212,1060,1065,1,2.795822614775947
10301,219,1095,1100,1,2.795822614775947
10583,229,1145,1150,1,2.795822614775947
10860,239,1195,1200,1,2.795822614775947
11123,250,1250,1255,1,2.795822614775947
11147,251,1255,1260,1,2.795822614775947
11356,260,1300,1305,1,2.795822614775947
11654,274,1370,1375,1,2.795822614775947
12040,292,1460,1465,1,2.795822614775947
12499,320,1600,1605,1,2.795822614775947
12668,333,1665,1670,1,2.795822614775947
12835,347,1735,1740,1,2.795822614775947
13010,365,1825,1830,1,2.795822614775947
13022,366,1830,1835,1,2.795822614775947
13355,442,2210,2215,1,2.795822614775947
13382,458,2290,2295,1,2.795822614775947
13446,508,2540,2545,1,2.795822614775947
452,3,15,20,1,2.795822614771179
617,4,20,25,1,2.795822614771179
764,5,25,30,1,2.795822614771179
1365,10,50,55,1,2.795822614771179
1550,12,60,65,1,2.795822614771179
1882,16,80,85,1,2.795822614771179
2703,27,135,140,1,2.795822614771179
4748,65,325,330,1,2.795822614771179
5132,74,370,375,1,2.795822614771179
5501,83,415,420,1,2.795822614771179
5573,85,425,430,1,2.795822614771179
6392,107,535,540,1,2.795822614771179
7327,133,665,670,1,2.795822614771179
7975,150,750,755,1,2.795822614771179
8228,157,785,790,1,2.795822614771179
8264,158,790,795,1,2.795822614771179
8366,161,805,810,1,2.795822614771179
8430,163,815,820,1,2.795822614771179
8720,172,860,865,1,2.795822614771179
8750,173,865,870,1,2.795822614771179
8934,178,890,895,1,2.795822614771179
8971,179,895,900,1,2.795822614771179
9139,184,920,925,1,2.795822614771179
9140,184,920,925,1,2.795822614771179
9697,200,1000,1005,1,2.795822614771179
9940,207,1035,1040,1,2.795822614771179
9941,207,1035,1040,1,2.795822614771179
10028,210,1050,1055,1,2.795822614771179
10053,211,1055,1060,1,2.795822614771179
10077,212,1060,1065,1,2.795822614771179
10499,226,1130,1135,1,2.795822614771179
10521,227,1135,1140,1,2.795822614771179
10546,228,1140,1145,1,2.795822614771179
10667,232,1160,1165,1,2.795822614771179
10997,245,1225,1230,1,2.795822614771179
11122,250,1250,1255,1,2.795822614771179
11272,256,1280,1285,1,2.795822614771179
13076,373,1865,1870,1,2.795822614771179
13187,391,1955,1960,1,2.795822614771179
13201,393,1965,1970,1,2.795822614771179
13400,466,2330,2335,1,2.795822614771179
13465,537,2685,2690,1,2.795822614771179
1263,9,45,50,1,2.795242216852715
1462,11,55,60,1,2.795242216852715
1796,15,75,80,1,2.795242216852715
2269,21,105,110,1,2.795242216852715
2485,24,120,125,1,2.795242216852715
4786,66,330,335,1,2.795242216852715
5322,78,390,395,1,2.795242216852715
5762,90,450,455,1,2.795242216852715
6080,99,495,500,1,2.795242216852715
6450,109,545,550,1,2.795242216852715
6838,120,600,605,1,2.795242216852715
7283,132,660,665,1,2.795242216852715
7695,142,710,715,1,2.795242216852715
7797,145,725,730,1,2.795242216852715
7798,145,725,730,1,2.795242216852715
7837,146,730,735,1,2.795242216852715
8163,155,775,780,1,2.795242216852715
8227,157,785,790,1,2.795242216852715
9488,194,970,975,1,2.795242216852715
9489,194,970,975,1,2.795242216852715
9970,208,1040,1045,1,2.795242216852715
10266,218,1090,1095,1,2.795242216852715
10300,219,1095,1100,1,2.795242216852715
10388,222,1110,1115,1,2.795242216852715
10581,229,1145,1150,1,2.795242216852715
10582,229,1145,1150,1,2.795242216852715
10823,238,1190,1195,1,2.795242216852715
10965,244,1220,1225,1,2.795242216852715
11398,262,1310,1315,1,2.795242216852715
12015,291,1455,1460,1,2.795242216852715
12016,291,1455,1460,1,2.795242216852715
12421,314,1570,1575,1,2.795242216852715
12439,316,1580,1585,1,2.795242216852715
12907,353,1765,1770,1,2.795242216852715
13034,367,1835,1840,1,2.795242216852715
13056,370,1850,1855,1,2.795242216852715
13170,387,1935,1940,1,2.795242216852715
13341,434,2170,2175,1,2.795242216852715
13416,478,2390,2395,1,2.795242216852715
450,3,15,20,1,2.7952422168479485
1644,13,65,70,1,2.7952422168479485
1962,17,85,90,1,2.7952422168479485
3991,50,250,255,1,2.7952422168479485
4550,61,305,310,1,2.7952422168479485
5321,78,390,395,1,2.7952422168479485
5657,87,435,440,1,2.7952422168479485
5658,87,435,440,1,2.7952422168479485
6765,118,590,595,1,2.7952422168479485
7042,126,630,635,1,2.7952422168479485
7241,131,655,660,1,2.7952422168479485
7493,137,685,690,1,2.7952422168479485
7582,139,695,700,1,2.7952422168479485
7657,141,705,710,1,2.7952422168479485
7903,148,740,745,1,2.7952422168479485
8051,152,760,765,1,2.7952422168479485
8124,154,770,775,1,2.7952422168479485
8337,160,800,805,1,2.7952422168479485
8824,175,875,880,1,2.7952422168479485
8891,177,885,890,1,2.7952422168479485
9296,189,945,950,1,2.7952422168479485
9335,190,950,955,1,2.7952422168479485
9412,192,960,965,1,2.7952422168479485
9487,194,970,975,1,2.7952422168479485
9590,197,985,990,1,2.7952422168479485
10449,224,1120,1125,1,2.7952422168479485
10600,230,1150,1155,1,2.7952422168479485
10794,237,1185,1190,1,2.7952422168479485
10795,237,1185,1190,1,2.7952422168479485
11271,256,1280,1285,1,2.7952422168479485
11923,287,1435,1440,1,2.7952422168479485
11995,290,1450,1455,1,2.7952422168479485
12140,297,1485,1490,1,2.7952422168479485
12813,345,1725,1730,1,2.7952422168479485
13234,401,2005,2010,1,2.7952422168479485
13310,422,2110,2115,1,2.7952422168479485
13372,452,2260,2265,1,2.7952422168479485
13387,461,2305,2310,1,2.7952422168479485
1038,7,35,40,1,2.7946615824050847
1643,13,65,70,1,2.7946615824050847
1715,14,70,75,1,2.7946615824050847
1716,14,70,75,1,2.7946615824050847
1881,16,80,85,1,2.7946615824050847
3881,48,240,245,1,2.7946615824050847
5223,76,380,385,1,2.7946615824050847
5687,88,440,445,1,2.7946615824050847
6347,106,530,535,1,2.7946615824050847
6479,110,550,555,1,2.7946615824050847
6627,114,570,575,1,2.7946615824050847
6628,114,570,575,1,2.7946615824050847
6969,124,620,625,1,2.7946615824050847
6970,124,620,625,1,2.7946615824050847
7326,133,665,670,1,2.7946615824050847
7731,143,715,720,1,2.7946615824050847
7869,147,735,740,1,2.7946615824050847
7974,150,750,755,1,2.7946615824050847
8300,159,795,800,1,2.7946615824050847
8365,161,805,810,1,2.7946615824050847
8932,178,890,895,1,2.7946615824050847
9295,189,945,950,1,2.7946615824050847
9842,204,1020,1025,1,2.7946615824050847
9939,207,1035,1040,1,2.7946615824050847
10265,218,1090,1095,1,2.7946615824050847
10355,221,1105,1110,1,2.7946615824050847
11121,250,1250,1255,1,2.7946615824050847
11269,256,1280,1285,1,2.7946615824050847
11270,256,1280,1285,1,2.7946615824050847
11291,257,1285,1290,1,2.7946615824050847
11326,259,1295,1300,1,2.7946615824050847
11327,259,1295,1300,1,2.7946615824050847
11441,264,1320,1325,1,2.7946615824050847
11970,289,1445,1450,1,2.7946615824050847
12139,297,1485,1490,1,2.7946615824050847
12345,309,1545,1550,1,2.7946615824050847
12581,326,1630,1635,1,2.7946615824050847
13021,366,1830,1835,1,2.7946615824050847
13208,394,1970,1975,1,2.7946615824050847
13269,410,2050,2055,1,2.7946615824050847
13328,430,2150,2155,1,2.7946615824050847
13360,444,2220,2225,1,2.7946615824050847
1262,9,45,50,1,2.794661582400319
1548,12,60,65,1,2.794661582400319
1714,14,70,75,1,2.794661582400319
1795,15,75,80,1,2.794661582400319
1961,17,85,90,1,2.794661582400319
2191,20,100,105,1,2.794661582400319
3184,35,175,180,1,2.794661582400319
4785,66,330,335,1,2.794661582400319
5656,87,435,440,1,2.794661582400319
5686,88,440,445,1,2.794661582400319
5839,92,460,465,1,2.794661582400319
6589,113,565,570,1,2.794661582400319
7360,134,670,675,1,2.794661582400319
7361,134,670,675,1,2.794661582400319
7393,135,675,680,1,2.794661582400319
7449,136,680,685,1,2.794661582400319
7760,144,720,725,1,2.794661582400319
7902,148,740,745,1,2.794661582400319
8462,164,820,825,1,2.794661582400319
8969,179,895,900,1,2.794661582400319
9010,180,900,905,1,2.794661582400319
9169,185,925,930,1,2.794661582400319
9294,189,945,950,1,2.794661582400319
9629,198,990,995,1,2.794661582400319
9766,202,1010,1015,1,2.794661582400319
9868,205,1025,1030,1,2.794661582400319
10000,209,1045,1050,1,2.794661582400319
10996,245,1225,1230,1,2.794661582400319
11244,255,1275,1280,1,2.794661582400319
11691,276,1380,1385,1,2.794661582400319
11711,277,1385,1390,1,2.794661582400319
11950,288,1440,1445,1,2.794661582400319
12186,300,1500,1505,1,2.794661582400319
12387,312,1560,1565,1,2.794661582400319
12681,334,1670,1675,1,2.794661582400319
13182,390,1950,1955,1,2.794661582400319
13397,465,2325,2330,1,2.794661582400319
13449,509,2545,2550,1,2.794661582400319
614,4,20,25,1,2.7940807114894217
1364,10,50,55,1,2.7940807114894217
1713,14,70,75,1,2.7940807114894217
1794,15,75,80,1,2.7940807114894217
1880,16,80,85,1,2.7940807114894217
2346,22,110,115,1,2.7940807114894217
3834,47,235,240,1,2.7940807114894217
3936,49,245,250,1,2.7940807114894217
4141,53,265,270,1,2.7940807114894217
4142,53,265,270,1,2.7940807114894217
4492,60,300,305,1,2.7940807114894217
4646,63,315,320,1,2.7940807114894217
4835,67,335,340,1,2.7940807114894217
5360,79,395,400,1,2.7940807114894217
5614,86,430,435,1,2.7940807114894217
6154,101,505,510,1,2.7940807114894217
6155,101,505,510,1,2.7940807114894217
6222,103,515,520,1,2.7940807114894217
6424,108,540,545,1,2.7940807114894217
6870,121,605,610,1,2.7940807114894217
6901,122,610,615,1,2.7940807114894217
7041,126,630,635,1,2.7940807114894217
8162,155,775,780,1,2.7940807114894217
8263,158,790,795,1,2.7940807114894217
8429,163,815,820,1,2.7940807114894217
9453,193,965,970,1,2.7940807114894217
9454,193,965,970,1,2.7940807114894217
10201,216,1080,1085,1,2.7940807114894217
10636,231,1155,1160,1,2.7940807114894217
10762,236,1180,1185,1,2.7940807114894217
11053,247,1235,1240,1,2.7940807114894217
11535,268,1340,1345,1,2.7940807114894217
11605,272,1360,1365,1,2.7940807114894217
11626,273,1365,1370,1,2.7940807114894217
11776,280,1400,1405,1,2.7940807114894217
11922,287,1435,1440,1,2.7940807114894217
12542,323,1615,1620,1,2.7940807114894217
12596,327,1635,1640,1,2.7940807114894217
12880,351,1755,1760,1,2.7940807114894217
13242,402,2010,2015,1,2.7940807114894217
13325,429,2145,2150,1,2.7940807114894217
13390,463,2315,2320,1,2.7940807114894217
13395,464,2320,2325,1,2.7940807114894217
13459,519,2595,2600,1,2.7940807114894217
447,3,15,20,1,2.7940807114846575
902,6,30,35,1,2.7940807114846575
904,6,30,35,1,2.7940807114846575
1641,13,65,70,1,2.7940807114846575
3015,32,160,165,1,2.7940807114846575
4197,54,270,275,1,2.7940807114846575
4969,70,350,355,1,2.7940807114846575
5131,74,370,375,1,2.7940807114846575
5273,77,385,390,1,2.7940807114846575
5535,84,420,425,1,2.7940807114846575
5655,87,435,440,1,2.7940807114846575
5984,96,480,485,1,2.7940807114846575
5985,96,480,485,1,2.7940807114846575
6187,102,510,515,1,2.7940807114846575
6478,110,550,555,1,2.7940807114846575
6764,118,590,595,1,2.7940807114846575
6943,123,615,620,1,2.7940807114846575
6968,124,620,625,1,2.7940807114846575
7325,133,665,670,1,2.7940807114846575
8567,167,835,840,1,2.7940807114846575
8823,175,875,880,1,2.7940807114846575
9411,192,960,965,1,2.7940807114846575
9807,203,1015,1020,1,2.7940807114846575
9903,206,1030,1035,1,2.7940807114846575
10229,217,1085,1090,1,2.7940807114846575
10448,224,1120,1125,1,2.7940807114846575
11023,246,1230,1235,1,2.7940807114846575
11421,263,1315,1320,1,2.7940807114846575
11557,269,1345,1350,1,2.7940807114846575
11627,273,1365,1370,1,2.7940807114846575
11777,280,1400,1405,1,2.7940807114846575
12117,296,1480,1485,1,2.7940807114846575
12420,314,1570,1575,1,2.7940807114846575
12985,362,1810,1815,1,2.7940807114846575
13230,399,1995,2000,1,2.7940807114846575
13300,419,2095,2100,1,2.7940807114846575
13407,469,2345,2350,1,2.7940807114846575
13425,486,2430,2435,1,2.7940807114846575
148,1,5,10,1,2.793499604145052
285,2,10,15,1,2.793499604145052
1037,7,35,40,1,2.793499604145052
1157,8,40,45,1,2.793499604145052
1258,9,45,50,1,2.793499604145052
1360,10,50,55,1,2.793499604145052
1361,10,50,55,1,2.793499604145052
1712,14,70,75,1,2.793499604145052
2415,23,115,120,1,2.793499604145052
3127,34,170,175,1,2.793499604145052
3935,49,245,250,1,2.793499604145052
4050,51,255,260,1,2.793499604145052
4243,55,275,280,1,2.793499604145052
4342,57,285,290,1,2.793499604145052
4549,61,305,310,1,2.793499604145052
5009,71,355,360,1,2.793499604145052
5177,75,375,380,1,2.793499604145052
5272,77,385,390,1,2.793499604145052
5465,82,410,415,1,2.793499604145052
5725,89,445,450,1,2.793499604145052
6020,97,485,490,1,2.793499604145052
6221,103,515,520,1,2.793499604145052
6942,123,615,620,1,2.793499604145052
7006,125,625,630,1,2.793499604145052
7124,128,640,645,1,2.793499604145052
7492,137,685,690,1,2.793499604145052
7730,143,715,720,1,2.793499604145052
7759,144,720,725,1,2.793499604145052
7901,148,740,745,1,2.793499604145052
8527,166,830,835,1,2.793499604145052
8566,167,835,840,1,2.793499604145052
10075,212,1060,1065,1,2.793499604145052
10172,215,1075,1080,1,2.793499604145052
10200,216,1080,1085,1,2.793499604145052
10409,223,1115,1120,1,2.793499604145052
10475,225,1125,1130,1,2.793499604145052
10498,226,1130,1135,1,2.793499604145052
10545,228,1140,1145,1,2.793499604145052
11420,263,1315,1320,1,2.793499604145052
11506,267,1335,1340,1,2.793499604145052
11921,287,1435,1440,1,2.793499604145052
12262,305,1525,1530,1,2.793499604145052
12655,332,1660,1665,1,2.793499604145052
13268,410,2050,2055,1,2.793499604145052
13340,434,2170,2175,1,2.793499604145052
13422,484,2420,2425,1,2.793499604145052
13439,501,2505,2510,1,2.793499604145052
13457,516,2580,2585,1,2.793499604145052
284,2,10,15,1,2.7934996041402886
1156,8,40,45,1,2.7934996041402886
1259,9,45,50,1,2.7934996041402886
1363,10,50,55,1,2.7934996041402886
1458,11,55,60,1,2.7934996041402886
2345,22,110,115,1,2.7934996041402886
2484,24,120,125,1,2.7934996041402886
3359,38,190,195,1,2.7934996041402886
4051,51,255,260,1,2.7934996041402886
4391,58,290,295,1,2.7934996041402886
4875,68,340,345,1,2.7934996041402886
5008,71,355,360,1,2.7934996041402886
5222,76,380,385,1,2.7934996041402886
5320,78,390,395,1,2.7934996041402886
5654,87,435,440,1,2.7934996041402886
6449,109,545,550,1,2.7934996041402886
6732,117,585,590,1,2.7934996041402886
7088,127,635,640,1,2.7934996041402886
7240,131,655,660,1,2.7934996041402886
7359,134,670,675,1,2.7934996041402886
8090,153,765,770,1,2.7934996041402886
9009,180,900,905,1,2.7934996041402886
9260,188,940,945,1,2.7934996041402886
9410,192,960,965,1,2.7934996041402886
9728,201,1005,1010,1,2.7934996041402886
10387,222,1110,1115,1,2.7934996041402886
10474,225,1125,1130,1,2.7934996041402886
10635,231,1155,1160,1,2.7934996041402886
11022,246,1230,1235,1,2.7934996041402886
11584,271,1355,1360,1,2.7934996041402886
12290,306,1530,1535,1,2.7934996041402886
12312,307,1535,1540,1,2.7934996041402886
12366,310,1550,1555,1,2.7934996041402886
12367,310,1550,1555,1,2.7934996041402886
13061,371,1855,1860,1,2.7934996041402886
13284,414,2070,2075,1,2.7934996041402886
13411,474,2370,2375,1,2.7934996041402886
13467,541,2705,2710,1,2.7934996041402886
613,4,20,25,1,2.7929182604270304
1036,7,35,40,1,2.7929182604270304
1639,13,65,70,1,2.7929182604270304
1640,13,65,70,1,2.7929182604270304
2636,26,130,135,1,2.7929182604270304
2886,30,150,155,1,2.7929182604270304
3183,35,175,180,1,2.7929182604270304
3358,38,190,195,1,2.7929182604270304
4196,54,270,275,1,2.7929182604270304
4241,55,275,280,1,2.7929182604270304
4242,55,275,280,1,2.7929182604270304
4291,56,280,285,1,2.7929182604270304
5007,71,355,360,1,2.7929182604270304
5319,78,390,395,1,2.7929182604270304
6048,98,490,495,1,2.7929182604270304
6117,100,500,505,1,2.7929182604270304
6306,105,525,530,1,2.7929182604270304
6390,107,535,540,1,2.7929182604270304
6546,112,560,565,1,2.7929182604270304
6837,120,600,605,1,2.7929182604270304
7005,125,625,630,1,2.7929182604270304
7581,139,695,700,1,2.7929182604270304
8016,151,755,760,1,2.7929182604270304
8050,152,760,765,1,2.7929182604270304
8492,165,825,830,1,2.7929182604270304
9108,183,915,920,1,2.7929182604270304
9334,190,950,955,1,2.7929182604270304
9527,195,975,980,1,2.7929182604270304
9867,205,1025,1030,1,2.7929182604270304
10052,211,1055,1060,1,2.7929182604270304
10696,233,1165,1170,1,2.7929182604270304
11075,248,1240,1245,1,2.7929182604270304
11806,281,1405,1410,1,2.7929182604270304
11994,290,1450,1455,1,2.7929182604270304
12773,342,1710,1715,1,2.7929182604270304
12918,354,1770,1775,1,2.7929182604270304
13046,368,1840,1845,1,2.7929182604270304
13280,413,2065,2070,1,2.7929182604270304
13295,417,2085,2090,1,2.7929182604270304
13352,439,2195,2200,1,2.7929182604270304
13456,516,2580,2585,1,2.7929182604270304
281,2,10,15,1,2.792918260422268
282,2,10,15,1,2.792918260422268
1546,12,60,65,1,2.792918260422268
1711,14,70,75,1,2.792918260422268
1879,16,80,85,1,2.792918260422268
3080,33,165,170,1,2.792918260422268
3126,34,170,175,1,2.792918260422268
3990,50,250,255,1,2.792918260422268
4341,57,285,290,1,2.792918260422268
4390,58,290,295,1,2.792918260422268
4644,63,315,320,1,2.792918260422268
5271,77,385,390,1,2.792918260422268
5318,78,390,395,1,2.792918260422268
5804,91,455,460,1,2.792918260422268
6019,97,485,490,1,2.792918260422268
6258,104,520,525,1,2.792918260422268
6346,106,530,535,1,2.792918260422268
6389,107,535,540,1,2.792918260422268
6391,107,535,540,1,2.792918260422268
6516,111,555,560,1,2.792918260422268
6836,120,600,605,1,2.792918260422268
7087,127,635,640,1,2.792918260422268
8336,160,800,805,1,2.792918260422268
9040,181,905,910,1,2.792918260422268
9080,182,910,915,1,2.792918260422268
9168,185,925,930,1,2.792918260422268
9409,192,960,965,1,2.792918260422268
9526,195,975,980,1,2.792918260422268
9866,205,1025,1030,1,2.792918260422268
10051,211,1055,1060,1,2.792918260422268
10922,242,1210,1215,1,2.792918260422268
11625,273,1365,1370,1,2.792918260422268
11949,288,1440,1445,1,2.792918260422268
12311,307,1535,1540,1,2.792918260422268
13069,372,1860,1865,1,2.792918260422268
13253,405,2025,2030,1,2.792918260422268
13277,412,2060,2065,1,2.792918260422268
13394,464,2320,2325,1,2.792918260422268
13432,493,2465,2470,1,2.792918260422268
761,5,25,30,1,2.7923366803851697
900,6,30,35,1,2.7923366803851697
1710,14,70,75,1,2.7923366803851697
1793,15,75,80,1,2.7923366803851697
2189,20,100,105,1,2.7923366803851697
2482,24,120,125,1,2.7923366803851697
2702,27,135,140,1,2.7923366803851697
3465,40,200,205,1,2.7923366803851697
3731,45,225,230,1,2.7923366803851697
4049,51,255,260,1,2.7923366803851697
4099,52,260,265,1,2.7923366803851697
4140,53,265,270,1,2.7923366803851697
4547,61,305,310,1,2.7923366803851697
4548,61,305,310,1,2.7923366803851697
4746,65,325,330,1,2.7923366803851697
4784,66,330,335,1,2.7923366803851697
4874,68,340,345,1,2.7923366803851697
4921,69,345,350,1,2.7923366803851697
4922,69,345,350,1,2.7923366803851697
5053,72,360,365,1,2.7923366803851697
5761,90,450,455,1,2.7923366803851697
5938,95,475,480,1,2.7923366803851697
6869,121,605,610,1,2.7923366803851697
7004,125,625,630,1,2.7923366803851697
7123,128,640,645,1,2.7923366803851697
7448,136,680,685,1,2.7923366803851697
8461,164,820,825,1,2.7923366803851697
9008,180,900,905,1,2.7923366803851697
9696,200,1000,1005,1,2.7923366803851697
10634,231,1155,1160,1,2.7923366803851697
10761,236,1180,1185,1,2.7923366803851697
11146,251,1255,1260,1,2.7923366803851697
11440,264,1320,1325,1,2.7923366803851697
11829,282,1410,1415,1,2.7923366803851697
12137,297,1485,1490,1,2.7923366803851697
12138,297,1485,1490,1,2.7923366803851697
12289,306,1530,1535,1,2.7923366803851697
12760,341,1705,1710,1,2.7923366803851697
12978,361,1805,1810,1,2.7923366803851697
13075,373,1865,1870,1,2.7923366803851697
13197,392,1960,1965,1,2.7923366803851697
13418,482,2410,2415,1,2.7923366803851697
13450,510,2550,2555,1,2.7923366803851697
145,1,5,10,1,2.792336680380408
1456,11,55,60,1,2.792336680380408
1877,16,80,85,1,2.792336680380408
1878,16,80,85,1,2.792336680380408
2558,25,125,130,1,2.792336680380408
2939,31,155,160,1,2.792336680380408
3182,35,175,180,1,2.792336680380408
3569,42,210,215,1,2.792336680380408
3833,47,235,240,1,2.792336680380408
4195,54,270,275,1,2.792336680380408
4240,55,275,280,1,2.792336680380408
4340,57,285,290,1,2.792336680380408
4747,65,325,330,1,2.792336680380408
5130,74,370,375,1,2.792336680380408
5221,76,380,385,1,2.792336680380408
5317,78,390,395,1,2.792336680380408
5359,79,395,400,1,2.792336680380408
5534,84,420,425,1,2.792336680380408
6763,118,590,595,1,2.792336680380408
7086,127,635,640,1,2.792336680380408
7694,142,710,715,1,2.792336680380408
8491,165,825,830,1,2.792336680380408
8890,177,885,890,1,2.792336680380408
9233,187,935,940,1,2.792336680380408
9969,208,1040,1045,1,2.792336680380408
10473,225,1125,1130,1,2.792336680380408
10599,230,1150,1155,1,2.792336680380408
10633,231,1155,1160,1,2.792336680380408
11465,265,1325,1330,1,2.792336680380408
12365,310,1550,1555,1,2.792336680380408
12541,323,1615,1620,1,2.792336680380408
12667,333,1665,1670,1,2.792336680380408
12823,346,1730,1735,1,2.792336680380408
12906,353,1765,1770,1,2.792336680380408
13299,419,2095,2100,1,2.792336680380408
13426,488,2440,2445,1,2.792336680380408
443,3,15,20,1,2.7917548640653496
611,4,20,25,1,2.7917548640653496
1031,7,35,40,1,2.7917548640653496
1033,7,35,40,1,2.7917548640653496
1034,7,35,40,1,2.7917548640653496
1958,17,85,90,1,2.7917548640653496
2186,20,100,105,1,2.7917548640653496
2187,20,100,105,1,2.7917548640653496
2188,20,100,105,1,2.7917548640653496
2822,29,145,150,1,2.7917548640653496
2885,30,150,155,1,2.7917548640653496
3416,39,195,200,1,2.7917548640653496
3730,45,225,230,1,2.7917548640653496
4139,53,265,270,1,2.7917548640653496
4239,55,275,280,1,2.7917548640653496
4288,56,280,285,1,2.7917548640653496
4289,56,280,285,1,2.7917548640653496
4389,58,290,295,1,2.7917548640653496
4684,64,320,325,1,2.7917548640653496
4744,65,325,330,1,2.7917548640653496
4745,65,325,330,1,2.7917548640653496
5128,74,370,375,1,2.7917548640653496
5129,74,370,375,1,2.7917548640653496
5651,87,435,440,1,2.7917548640653496
5652,87,435,440,1,2.7917548640653496
5838,92,460,465,1,2.7917548640653496
6625,114,570,575,1,2.7917548640653496
6967,124,620,625,1,2.7917548640653496
7239,131,655,660,1,2.7917548640653496
7729,143,715,720,1,2.7917548640653496
9293,189,945,950,1,2.7917548640653496
9589,197,985,990,1,2.7917548640653496
9841,204,1020,1025,1,2.7917548640653496
10027,210,1050,1055,1,2.7917548640653496
10385,222,1110,1115,1,2.7917548640653496
10386,222,1110,1115,1,2.7917548640653496
10580,229,1145,1150,1,2.7917548640653496
10695,233,1165,1170,1,2.7917548640653496
11505,267,1335,1340,1,2.7917548640653496
11576,270,1350,1355,1,2.7917548640653496
11969,289,1445,1450,1,2.7917548640653496
12654,332,1660,1665,1,2.7917548640653496
13126,381,1905,1910,1,2.7917548640653496
13151,384,1920,1925,1,2.7917548640653496
13272,411,2055,2060,1,2.7917548640653496
13349,438,2190,2195,1,2.7917548640653496
13433,494,2470,2475,1,2.7917548640653496
13454,513,2565,2570,1,2.7917548640653496
899,6,30,35,1,2.791754864060589
1155,8,40,45,1,2.791754864060589
1709,14,70,75,1,2.791754864060589
2114,19,95,100,1,2.791754864060589
2115,19,95,100,1,2.791754864060589
2344,22,110,115,1,2.791754864060589
2481,24,120,125,1,2.791754864060589
3989,50,250,255,1,2.791754864060589
4097,52,260,265,1,2.791754864060589
4098,52,260,265,1,2.791754864060589
4290,56,280,285,1,2.791754864060589
4491,60,300,305,1,2.791754864060589
4642,63,315,320,1,2.791754864060589
4643,63,315,320,1,2.791754864060589
4968,70,350,355,1,2.791754864060589
5316,78,390,395,1,2.791754864060589
5572,85,425,430,1,2.791754864060589
5724,89,445,450,1,2.791754864060589
5937,95,475,480,1,2.791754864060589
6018,97,485,490,1,2.791754864060589
6670,115,575,580,1,2.791754864060589
6941,123,615,620,1,2.791754864060589
8161,155,775,780,1,2.791754864060589
8854,176,880,885,1,2.791754864060589
8968,179,895,900,1,2.791754864060589
9007,180,900,905,1,2.791754864060589
9840,204,1020,1025,1,2.791754864060589
10472,225,1125,1130,1,2.791754864060589
10822,238,1190,1195,1,2.791754864060589
11145,251,1255,1260,1,2.791754864060589
11397,262,1310,1315,1,2.791754864060589
11577,270,1350,1355,1,2.791754864060589
11859,283,1415,1420,1,2.791754864060589
12642,331,1655,1660,1,2.791754864060589
12995,363,1815,1820,1,2.791754864060589
13311,423,2115,2120,1,2.791754864060589
13359,444,2220,2225,1,2.791754864060589
13466,540,2700,2705,1,2.791754864060589
276,2,10,15,1,2.7911728115186936
898,6,30,35,1,2.7911728115186936
1638,13,65,70,1,2.7911728115186936
1957,17,85,90,1,2.7911728115186936
2342,22,110,115,1,2.7911728115186936
2634,26,130,135,1,2.7911728115186936
2635,26,130,135,1,2.7911728115186936
3079,33,165,170,1,2.7911728115186936
4194,54,270,275,1,2.7911728115186936
4339,57,285,290,1,2.7911728115186936
4445,59,295,300,1,2.7911728115186936
4742,65,325,330,1,2.7911728115186936
4783,66,330,335,1,2.7911728115186936
5005,71,355,360,1,2.7911728115186936
5006,71,355,360,1,2.7911728115186936
5051,72,360,365,1,2.7911728115186936
5533,84,420,425,1,2.7911728115186936
5802,91,455,460,1,2.7911728115186936
5837,92,460,465,1,2.7911728115186936
6515,111,555,560,1,2.7911728115186936
6588,113,565,570,1,2.7911728115186936
7122,128,640,645,1,2.7911728115186936
7282,132,660,665,1,2.7911728115186936
7490,137,685,690,1,2.7911728115186936
7758,144,720,725,1,2.7911728115186936
8226,157,785,790,1,2.7911728115186936
8428,163,815,820,1,2.7911728115186936
8663,170,850,855,1,2.7911728115186936
8776,174,870,875,1,2.7911728115186936
9561,196,980,985,1,2.7911728115186936
10299,219,1095,1100,1,2.7911728115186936
10742,235,1175,1180,1,2.7911728115186936
11439,264,1320,1325,1,2.7911728115186936
11878,284,1420,1425,1,2.7911728115186936
12091,295,1475,1480,1,2.7911728115186936
12288,306,1530,1535,1,2.7911728115186936
12386,312,1560,1565,1,2.7911728115186936
12569,325,1625,1630,1,2.7911728115186936
13181,390,1950,1955,1,2.7911728115186936
13207,394,1970,1975,1,2.7911728115186936
13226,398,1990,1995,1,2.7911728115186936
13435,496,2480,2485,1,2.7911728115186936
13438,501,2505,2510,1,2.7911728115186936
277,2,10,15,1,2.7911728115139343
895,6,30,35,1,2.7911728115139343
896,6,30,35,1,2.7911728115139343
1030,7,35,40,1,2.7911728115139343
1792,15,75,80,1,2.7911728115139343
2412,23,115,120,1,2.7911728115139343
2413,23,115,120,1,2.7911728115139343
2414,23,115,120,1,2.7911728115139343
2938,31,155,160,1,2.7911728115139343
3568,42,210,215,1,2.7911728115139343
4095,52,260,265,1,2.7911728115139343
4446,59,295,300,1,2.7911728115139343
4447,59,295,300,1,2.7911728115139343
4741,65,325,330,1,2.7911728115139343
5050,72,360,365,1,2.7911728115139343
5428,81,405,410,1,2.7911728115139343
5803,91,455,460,1,2.7911728115139343
6017,97,485,490,1,2.7911728115139343
6116,100,500,505,1,2.7911728115139343
6257,104,520,525,1,2.7911728115139343
6587,113,565,570,1,2.7911728115139343
7580,139,695,700,1,2.7911728115139343
7867,147,735,740,1,2.7911728115139343
7868,147,735,740,1,2.7911728115139343
8015,151,755,760,1,2.7911728115139343
8719,172,860,865,1,2.7911728115139343
9259,188,940,945,1,2.7911728115139343
9806,203,1015,1020,1,2.7911728115139343
10298,219,1095,1100,1,2.7911728115139343
11377,261,1305,1310,1,2.7911728115139343
11775,280,1400,1405,1,2.7911728115139343
11828,282,1410,1415,1,2.7911728115139343
12401,313,1565,1570,1,2.7911728115139343
12461,317,1585,1590,1,2.7911728115139343
12703,336,1680,1685,1,2.7911728115139343
12994,363,1815,1820,1,2.7911728115139343
13386,461,2305,2310,1,2.7911728115139343
13471,571,2855,2860,1,2.7911728115139343
142,1,5,10,1,2.790590522796324
1154,8,40,45,1,2.790590522796324
1356,10,50,55,1,2.790590522796324
1875,16,80,85,1,2.790590522796324
3013,32,160,165,1,2.790590522796324
4138,53,265,270,1,2.790590522796324
4338,57,285,290,1,2.790590522796324
4489,60,300,305,1,2.790590522796324
4490,60,300,305,1,2.790590522796324
4782,66,330,335,1,2.790590522796324
4967,70,350,355,1,2.790590522796324
5127,74,370,375,1,2.790590522796324
5358,79,395,400,1,2.790590522796324
5983,96,480,485,1,2.790590522796324
6153,101,505,510,1,2.790590522796324
6220,103,515,520,1,2.790590522796324
6448,109,545,550,1,2.790590522796324
6624,114,570,575,1,2.790590522796324
6899,122,610,615,1,2.790590522796324
7281,132,660,665,1,2.790590522796324
7728,143,715,720,1,2.790590522796324
8364,161,805,810,1,2.790590522796324
8749,173,865,870,1,2.790590522796324
9006,180,900,905,1,2.790590522796324
9560,196,980,985,1,2.790590522796324
9865,205,1025,1030,1,2.790590522796324
9968,208,1040,1045,1,2.790590522796324
10544,228,1140,1145,1,2.790590522796324
10694,233,1165,1170,1,2.790590522796324
11484,266,1330,1335,1,2.790590522796324
11968,289,1445,1450,1,2.790590522796324
12116,296,1480,1485,1,2.790590522796324
12248,304,1520,1525,1,2.790590522796324
12287,306,1530,1535,1,2.790590522796324
12523,322,1610,1615,1,2.790590522796324
12553,324,1620,1625,1,2.790590522796324
12952,357,1785,1790,1,2.790590522796324
13125,381,1905,1910,1,2.790590522796324
13298,419,2095,2100,1,2.790590522796324
13404,468,2340,2345,1,2.790590522796324
13442,504,2520,2525,1,2.790590522796324
1029,7,35,40,1,2.790590522791565
1254,9,45,50,1,2.790590522791565
1455,11,55,60,1,2.790590522791565
2185,20,100,105,1,2.790590522791565
2701,27,135,140,1,2.790590522791565
4094,52,260,265,1,2.790590522791565
4597,62,310,315,1,2.790590522791565
4833,67,335,340,1,2.790590522791565
5314,78,390,395,1,2.790590522791565
5315,78,390,395,1,2.790590522791565
5427,81,405,410,1,2.790590522791565
5464,82,410,415,1,2.790590522791565
6477,110,550,555,1,2.790590522791565
6868,121,605,610,1,2.790590522791565
7324,133,665,670,1,2.790590522791565
7692,142,710,715,1,2.790590522791565
7693,142,710,715,1,2.790590522791565
8853,176,880,885,1,2.790590522791565
8931,178,890,895,1,2.790590522791565
9525,195,975,980,1,2.790590522791565
10133,214,1070,1075,1,2.790590522791565
10793,237,1185,1190,1,2.790590522791565
10942,243,1215,1220,1,2.790590522791565
11290,257,1285,1290,1,2.790590522791565
11463,265,1325,1330,1,2.790590522791565
11464,265,1325,1330,1,2.790590522791565
11920,287,1435,1440,1,2.790590522791565
12400,313,1565,1570,1,2.790590522791565
13009,365,1825,1830,1,2.790590522791565
13101,377,1885,1890,1,2.790590522791565
13150,384,1920,1925,1,2.790590522791565
13161,386,1930,1935,1,2.790590522791565
13221,397,1985,1990,1,2.790590522791565
13468,546,2730,2735,1,2.790590522791565
606,4,20,25,1,2.790007997944121
607,4,20,25,1,2.790007997944121
2341,22,110,115,1,2.790007997944121
2821,29,145,150,1,2.790007997944121
4545,61,305,310,1,2.790007997944121
4546,61,305,310,1,2.790007997944121
4596,62,310,315,1,2.790007997944121
4641,63,315,320,1,2.790007997944121
4832,67,335,340,1,2.790007997944121
5048,72,360,365,1,2.790007997944121
5049,72,360,365,1,2.790007997944121
5463,82,410,415,1,2.790007997944121
5981,96,480,485,1,2.790007997944121
5982,96,480,485,1,2.790007997944121
6388,107,535,540,1,2.790007997944121
6586,113,565,570,1,2.790007997944121
7796,145,725,730,1,2.790007997944121
8159,155,775,780,1,2.790007997944121
8225,157,785,790,1,2.790007997944121
8363,161,805,810,1,2.790007997944121
9198,186,930,935,1,2.790007997944121
9370,191,955,960,1,2.790007997944121
9727,201,1005,1010,1,2.790007997944121
10693,233,1165,1170,1,2.790007997944121
11052,247,1235,1240,1,2.790007997944121
11217,254,1270,1275,1,2.790007997944121
11690,276,1380,1385,1,2.790007997944121
12090,295,1475,1480,1,2.790007997944121
12228,303,1515,1520,1,2.790007997944121
12247,304,1520,1525,1,2.790007997944121
12329,308,1540,1545,1,2.790007997944121
12344,309,1545,1550,1,2.790007997944121
12680,334,1670,1675,1,2.790007997944121
13068,372,1860,1865,1,2.790007997944121
13149,384,1920,1925,1,2.790007997944121
13351,439,2195,2200,1,2.790007997944121
13396,465,2325,2330,1,2.790007997944121
13437,501,2505,2510,1,2.790007997944121
13469,557,2785,2790,1,2.790007997944121
141,1,5,10,1,2.7900079979393633
1637,13,65,70,1,2.7900079979393633
2632,26,130,135,1,2.7900079979393633
2633,26,130,135,1,2.7900079979393633
3181,35,175,180,1,2.7900079979393633
4443,59,295,300,1,2.7900079979393633
4444,59,295,300,1,2.7900079979393633
4740,65,325,330,1,2.7900079979393633
5176,75,375,380,1,2.7900079979393633
5426,81,405,410,1,2.7900079979393633
5570,85,425,430,1,2.7900079979393633
5571,85,425,430,1,2.7900079979393633
7121,128,640,645,1,2.7900079979393633
7323,133,665,670,1,2.7900079979393633
7447,136,680,685,1,2.7900079979393633
8160,155,775,780,1,2.7900079979393633
9079,182,910,915,1,2.7900079979393633
9232,187,935,940,1,2.7900079979393633
10264,218,1090,1095,1,2.7900079979393633
10325,220,1100,1105,1,2.7900079979393633
10995,245,1225,1230,1,2.7900079979393633
11289,257,1285,1290,1,2.7900079979393633
11534,268,1340,1345,1,2.7900079979393633
11710,277,1385,1390,1,2.7900079979393633
11919,287,1435,1440,1,2.7900079979393633
12136,297,1485,1490,1,2.7900079979393633
12330,308,1540,1545,1,2.7900079979393633
12478,318,1590,1595,1,2.7900079979393633
13118,380,1900,1905,1,2.7900079979393633
13263,408,2040,2045,1,2.7900079979393633
13294,417,2085,2090,1,2.7900079979393633
13370,451,2255,2260,1,2.7900079979393633
13444,506,2530,2535,1,2.7900079979393633
40,0,0,5,1,2.7894252370145187
41,0,0,5,1,2.7894252370145187
437,3,15,20,1,2.7894252370145187
755,5,25,30,1,2.7894252370145187
1708,14,70,75,1,2.7894252370145187
2820,29,145,150,1,2.7894252370145187
3078,33,165,170,1,2.7894252370145187
3775,46,230,235,1,2.7894252370145187
4918,69,345,350,1,2.7894252370145187
4919,69,345,350,1,2.7894252370145187
4966,70,350,355,1,2.7894252370145187
5004,71,355,360,1,2.7894252370145187
5047,72,360,365,1,2.7894252370145187
5091,73,365,370,1,2.7894252370145187
5723,89,445,450,1,2.7894252370145187
5936,95,475,480,1,2.7894252370145187
6585,113,565,570,1,2.7894252370145187
6834,120,600,605,1,2.7894252370145187
6835,120,600,605,1,2.7894252370145187
7040,126,630,635,1,2.7894252370145187
7489,137,685,690,1,2.7894252370145187
7540,138,690,695,1,2.7894252370145187
7691,142,710,715,1,2.7894252370145187
8193,156,780,785,1,2.7894252370145187
8460,164,820,825,1,2.7894252370145187
8662,170,850,855,1,2.7894252370145187
9558,196,980,985,1,2.7894252370145187
9559,196,980,985,1,2.7894252370145187
10632,231,1155,1160,1,2.7894252370145187
10792,237,1185,1190,1,2.7894252370145187
10920,242,1210,1215,1,2.7894252370145187
10921,242,1210,1215,1,2.7894252370145187
11907,286,1430,1435,1,2.7894252370145187
12115,296,1480,1485,1,2.7894252370145187
12437,316,1580,1585,1,2.7894252370145187
12460,317,1585,1590,1,2.7894252370145187
12917,354,1770,1775,1,2.7894252370145187
12984,362,1810,1815,1,2.7894252370145187
13160,386,1930,1935,1,2.7894252370145187
13241,402,2010,2015,1,2.7894252370145187
13250,404,2020,2025,1,2.7894252370145187
13314,424,2120,2125,1,2.7894252370145187
13443,505,2525,2530,1,2.7894252370145187
436,3,15,20,1,2.789425237009762
605,4,20,25,1,2.789425237009762
753,5,25,30,1,2.789425237009762
754,5,25,30,1,2.789425237009762
1636,13,65,70,1,2.789425237009762
1874,16,80,85,1,2.789425237009762
2411,23,115,120,1,2.789425237009762
3012,32,160,165,1,2.789425237009762
3298,37,185,190,1,2.789425237009762
4781,66,330,335,1,2.789425237009762
4831,67,335,340,1,2.789425237009762
4920,69,345,350,1,2.789425237009762
5126,74,370,375,1,2.789425237009762
5174,75,375,380,1,2.789425237009762
5175,75,375,380,1,2.789425237009762
5357,79,395,400,1,2.789425237009762
5613,86,430,435,1,2.789425237009762
6697,116,580,585,1,2.789425237009762
6867,121,605,610,1,2.789425237009762
7085,127,635,640,1,2.789425237009762
8049,152,760,765,1,2.789425237009762
8299,159,795,800,1,2.789425237009762
8459,164,820,825,1,2.789425237009762
9486,194,970,975,1,2.789425237009762
9967,208,1040,1045,1,2.789425237009762
10791,237,1185,1190,1,2.789425237009762
11176,252,1260,1265,1,2.789425237009762
11462,265,1325,1330,1,2.789425237009762
11504,267,1335,1340,1,2.789425237009762
11948,288,1440,1445,1,2.789425237009762
12364,310,1550,1555,1,2.789425237009762
12419,314,1570,1575,1,2.789425237009762
12540,323,1615,1620,1,2.789425237009762
12786,343,1715,1720,1,2.789425237009762
13362,446,2230,2235,1,2.789425237009762
13402,467,2335,2340,1,2.789425237009762
139,1,5,10,1,2.7888422400507746
603,4,20,25,1,2.7888422400507746
604,4,20,25,1,2.7888422400507746
892,6,30,35,1,2.7888422400507746
1026,7,35,40,1,2.7888422400507746
1153,8,40,45,1,2.7888422400507746
2556,25,125,130,1,2.7888422400507746
3180,35,175,180,1,2.7888422400507746
3672,44,220,225,1,2.7888422400507746
4046,51,255,260,1,2.7888422400507746
5046,72,360,365,1,2.7888422400507746
5499,83,415,420,1,2.7888422400507746
5532,84,420,425,1,2.7888422400507746
5569,85,425,430,1,2.7888422400507746
5649,87,435,440,1,2.7888422400507746
5685,88,440,445,1,2.7888422400507746
5901,94,470,475,1,2.7888422400507746
6016,97,485,490,1,2.7888422400507746
6077,99,495,500,1,2.7888422400507746
6623,114,570,575,1,2.7888422400507746
6696,116,580,585,1,2.7888422400507746
7627,140,700,705,1,2.7888422400507746
7628,140,700,705,1,2.7888422400507746
7689,142,710,715,1,2.7888422400507746
7690,142,710,715,1,2.7888422400507746
8490,165,825,830,1,2.7888422400507746
8718,172,860,865,1,2.7888422400507746
8748,173,865,870,1,2.7888422400507746
9077,182,910,915,1,2.7888422400507746
9333,190,950,955,1,2.7888422400507746
9864,205,1025,1030,1,2.7888422400507746
9938,207,1035,1040,1,2.7888422400507746
10964,244,1220,1225,1,2.7888422400507746
11144,251,1255,1260,1,2.7888422400507746
11243,255,1275,1280,1,2.7888422400507746
11556,269,1345,1350,1,2.7888422400507746
11652,274,1370,1375,1,2.7888422400507746
12058,293,1465,1470,1,2.7888422400507746
12568,325,1625,1630,1,2.7888422400507746
12972,360,1800,1805,1,2.7888422400507746
12977,361,1805,1810,1,2.7888422400507746
13144,383,1915,1920,1,2.7888422400507746
13338,433,2165,2170,1,2.7888422400507746
13430,492,2460,2465,1,2.7888422400507746
750,5,25,30,1,2.788842240046019
751,5,25,30,1,2.788842240046019
2937,31,155,160,1,2.788842240046019
3567,42,210,215,1,2.788842240046019
4640,63,315,320,1,2.788842240046019
5125,74,370,375,1,2.788842240046019
5391,80,400,405,1,2.788842240046019
5500,83,415,420,1,2.788842240046019
5650,87,435,440,1,2.788842240046019
5874,93,465,470,1,2.788842240046019
6387,107,535,540,1,2.788842240046019
6584,113,565,570,1,2.788842240046019
6794,119,595,600,1,2.788842240046019
6865,121,605,610,1,2.788842240046019
7939,149,745,750,1,2.788842240046019
7973,150,750,755,1,2.788842240046019
8014,151,755,760,1,2.788842240046019
8157,155,775,780,1,2.788842240046019
8930,178,890,895,1,2.788842240046019
9078,182,910,915,1,2.788842240046019
9524,195,975,980,1,2.788842240046019
9966,208,1040,1045,1,2.788842240046019
10050,211,1055,1060,1,2.788842240046019
10263,218,1090,1095,1,2.788842240046019
11120,250,1250,1255,1,2.788842240046019
11175,252,1260,1265,1,2.788842240046019
11503,267,1335,1340,1,2.788842240046019
11604,272,1360,1365,1,2.788842240046019
11805,281,1405,1410,1,2.788842240046019
11826,282,1410,1415,1,2.788842240046019
11827,282,1410,1415,1,2.788842240046019
13276,412,2060,2065,1,2.788842240046019
13324,429,2145,2150,1,2.788842240046019
13423,485,2425,2430,1,2.788842240046019
13436,498,2490,2495,1,2.788842240046019
890,6,30,35,1,2.7882590071092554
1354,10,50,55,1,2.7882590071092554
2340,22,110,115,1,2.7882590071092554
2757,28,140,145,1,2.7882590071092554
3077,33,165,170,1,2.7882590071092554
3522,41,205,210,1,2.7882590071092554
3933,49,245,250,1,2.7882590071092554
4965,70,350,355,1,2.7882590071092554
5462,82,410,415,1,2.7882590071092554
5722,89,445,450,1,2.7882590071092554
5873,93,465,470,1,2.7882590071092554
6343,106,530,535,1,2.7882590071092554
6345,106,530,535,1,2.7882590071092554
6423,108,540,545,1,2.7882590071092554
6762,118,590,595,1,2.7882590071092554
6864,121,605,610,1,2.7882590071092554
6966,124,620,625,1,2.7882590071092554
8013,151,755,760,1,2.7882590071092554
8048,152,760,765,1,2.7882590071092554
8393,162,810,815,1,2.7882590071092554
8565,167,835,840,1,2.7882590071092554
8685,171,855,860,1,2.7882590071092554
8717,172,860,865,1,2.7882590071092554
8821,175,875,880,1,2.7882590071092554
8822,175,875,880,1,2.7882590071092554
8929,178,890,895,1,2.7882590071092554
9839,204,1020,1025,1,2.7882590071092554
9965,208,1040,1045,1,2.7882590071092554
10228,217,1085,1090,1,2.7882590071092554
10324,220,1100,1105,1,2.7882590071092554
10407,223,1115,1120,1,2.7882590071092554
10471,225,1125,1130,1,2.7882590071092554
11774,280,1400,1405,1,2.7882590071092554
11967,289,1445,1450,1,2.7882590071092554
12653,332,1660,1665,1,2.7882590071092554
12951,357,1785,1790,1,2.7882590071092554
13196,392,1960,1965,1,2.7882590071092554
13240,402,2010,2015,1,2.7882590071092554
13367,448,2240,2245,1,2.7882590071092554
13374,455,2275,2280,1,2.7882590071092554
13385,461,2305,2310,1,2.7882590071092554
13421,484,2420,2425,1,2.7882590071092554
271,2,10,15,1,2.788259007104501
272,2,10,15,1,2.788259007104501
435,3,15,20,1,2.788259007104501
749,5,25,30,1,2.788259007104501
2480,24,120,125,1,2.788259007104501
2631,26,130,135,1,2.788259007104501
2884,30,150,155,1,2.788259007104501
3464,40,200,205,1,2.788259007104501
4336,57,285,290,1,2.788259007104501
5312,78,390,395,1,2.788259007104501
5900,94,470,475,1,2.788259007104501
6015,97,485,490,1,2.788259007104501
6344,106,530,535,1,2.788259007104501
6446,109,545,550,1,2.788259007104501
6476,110,550,555,1,2.788259007104501
6898,122,610,615,1,2.788259007104501
7166,129,645,650,1,2.788259007104501
7238,131,655,660,1,2.788259007104501
7539,138,690,695,1,2.788259007104501
7579,139,695,700,1,2.788259007104501
8123,154,770,775,1,2.788259007104501
9197,186,930,935,1,2.788259007104501
9292,189,945,950,1,2.788259007104501
9557,196,980,985,1,2.788259007104501
9628,198,990,995,1,2.788259007104501
9726,201,1005,1010,1,2.788259007104501
9863,205,1025,1030,1,2.788259007104501
9999,209,1045,1050,1,2.788259007104501
10262,218,1090,1095,1,2.788259007104501
10297,219,1095,1100,1,2.788259007104501
11216,254,1270,1275,1,2.788259007104501
11532,268,1340,1345,1,2.788259007104501
11533,268,1340,1345,1,2.788259007104501
12652,332,1660,1665,1,2.788259007104501
13169,387,1935,1940,1,2.788259007104501
13232,400,2000,2005,1,2.788259007104501
13337,433,2165,2170,1,2.788259007104501
13462,535,2675,2680,1,2.788259007104501
37,0,0,5,1,2.7876755382371523
134,1,5,10,1,2.7876755382371523
136,1,5,10,1,2.7876755382371523
428,3,15,20,1,2.7876755382371523
599,4,20,25,1,2.7876755382371523
889,6,30,35,1,2.7876755382371523
2112,19,95,100,1,2.7876755382371523
2554,25,125,130,1,2.7876755382371523
2555,25,125,130,1,2.7876755382371523
3076,33,165,170,1,2.7876755382371523
3357,38,190,195,1,2.7876755382371523
3729,45,225,230,1,2.7876755382371523
5935,95,475,480,1,2.7876755382371523
5980,96,480,485,1,2.7876755382371523
6047,98,490,495,1,2.7876755382371523
6422,108,540,545,1,2.7876755382371523
6445,109,545,550,1,2.7876755382371523
6940,123,615,620,1,2.7876755382371523
7280,132,660,665,1,2.7876755382371523
7625,140,700,705,1,2.7876755382371523
7626,140,700,705,1,2.7876755382371523
7757,144,720,725,1,2.7876755382371523
7795,145,725,730,1,2.7876755382371523
7972,150,750,755,1,2.7876755382371523
8298,159,795,800,1,2.7876755382371523
8606,168,840,845,1,2.7876755382371523
8889,177,885,890,1,2.7876755382371523
9451,193,965,970,1,2.7876755382371523
9452,193,965,970,1,2.7876755382371523
9588,197,985,990,1,2.7876755382371523
9694,200,1000,1005,1,2.7876755382371523
10074,212,1060,1065,1,2.7876755382371523
10261,218,1090,1095,1,2.7876755382371523
10741,235,1175,1180,1,2.7876755382371523
10820,238,1190,1195,1,2.7876755382371523
10821,238,1190,1195,1,2.7876755382371523
10941,243,1215,1220,1,2.7876755382371523
11215,254,1270,1275,1,2.7876755382371523
11288,257,1285,1290,1,2.7876755382371523
11438,264,1320,1325,1,2.7876755382371523
11555,269,1345,1350,1,2.7876755382371523
12328,308,1540,1545,1,2.7876755382371523
12759,341,1705,1710,1,2.7876755382371523
12871,350,1750,1755,1,2.7876755382371523
12960,358,1790,1795,1,2.7876755382371523
13195,392,1960,1965,1,2.7876755382371523
13239,402,2010,2015,1,2.7876755382371523
13354,441,2205,2210,1,2.7876755382371523
36,0,0,5,1,2.7876755382323988
268,2,10,15,1,2.7876755382323988
425,3,15,20,1,2.7876755382323988
429,3,15,20,1,2.7876755382323988
747,5,25,30,1,2.7876755382323988
3238,36,180,185,1,2.7876755382323988
3877,48,240,245,1,2.7876755382323988
5173,75,375,380,1,2.7876755382323988
5498,83,415,420,1,2.7876755382323988
5684,88,440,445,1,2.7876755382323988
5801,91,455,460,1,2.7876755382323988
6622,114,570,575,1,2.7876755382323988
6731,117,585,590,1,2.7876755382323988
7084,127,635,640,1,2.7876755382323988
7358,134,670,675,1,2.7876755382323988
7446,136,680,685,1,2.7876755382323988
8047,152,760,765,1,2.7876755382323988
8391,162,810,815,1,2.7876755382323988
8392,162,810,815,1,2.7876755382323988
8564,167,835,840,1,2.7876755382323988
8928,178,890,895,1,2.7876755382323988
9693,200,1000,1005,1,2.7876755382323988
9695,200,1000,1005,1,2.7876755382323988
9998,209,1045,1050,1,2.7876755382323988
10170,215,1075,1080,1,2.7876755382323988
10171,215,1075,1080,1,2.7876755382323988
10543,228,1140,1145,1,2.7876755382323988
10579,229,1145,1150,1,2.7876755382323988
10666,232,1160,1165,1,2.7876755382323988
11020,246,1230,1235,1,2.7876755382323988
11772,280,1400,1405,1,2.7876755382323988
11773,280,1400,1405,1,2.7876755382323988
11804,281,1405,1410,1,2.7876755382323988
12135,297,1485,1490,1,2.7876755382323988
12697,335,1675,1680,1,2.7876755382323988
12860,349,1745,1750,1,2.7876755382323988
13049,369,1845,1850,1,2.7876755382323988
13384,459,2295,2300,1,2.7876755382323988
13393,464,2320,2325,1,2.7876755382323988
130,1,5,10,1,2.7870918334816555
265,2,10,15,1,2.7870918334816555
266,2,10,15,1,2.7870918334816555
591,4,20,25,1,2.7870918334816555
597,4,20,25,1,2.7870918334816555
886,6,30,35,1,2.7870918334816555
888,6,30,35,1,2.7870918334816555
3297,37,185,190,1,2.7870918334816555
4092,52,260,265,1,2.7870918334816555
4285,56,280,285,1,2.7870918334816555
6545,112,560,565,1,2.7870918334816555
6583,113,565,570,1,2.7870918334816555
7237,131,655,660,1,2.7870918334816555
7357,134,670,675,1,2.7870918334816555
7866,147,735,740,1,2.7870918334816555
8122,154,770,775,1,2.7870918334816555
8191,156,780,785,1,2.7870918334816555
8427,163,815,820,1,2.7870918334816555
8489,165,825,830,1,2.7870918334816555
8563,167,835,840,1,2.7870918334816555
8605,168,840,845,1,2.7870918334816555
8775,174,870,875,1,2.7870918334816555
8852,176,880,885,1,2.7870918334816555
8926,178,890,895,1,2.7870918334816555
8927,178,890,895,1,2.7870918334816555
9005,180,900,905,1,2.7870918334816555
9138,184,920,925,1,2.7870918334816555
9332,190,950,955,1,2.7870918334816555
9408,192,960,965,1,2.7870918334816555
9450,193,965,970,1,2.7870918334816555
9523,195,975,980,1,2.7870918334816555
9627,198,990,995,1,2.7870918334816555
10227,217,1085,1090,1,2.7870918334816555
10260,218,1090,1095,1,2.7870918334816555
10542,228,1140,1145,1,2.7870918334816555
11173,252,1260,1265,1,2.7870918334816555
11419,263,1315,1320,1,2.7870918334816555
11437,264,1320,1325,1,2.7870918334816555
11483,266,1330,1335,1,2.7870918334816555
12170,299,1495,1500,1,2.7870918334816555
12327,308,1540,1545,1,2.7870918334816555
12897,352,1760,1765,1,2.7870918334816555
12959,358,1790,1795,1,2.7870918334816555
13138,382,1910,1915,1,2.7870918334816555
13428,490,2450,2455,1,2.7870918334816555
35,0,0,5,1,2.787091833476903
594,4,20,25,1,2.787091833476903
596,4,20,25,1,2.787091833476903
1706,14,70,75,1,2.787091833476903
2409,23,115,120,1,2.787091833476903
2700,27,135,140,1,2.787091833476903
2756,28,140,145,1,2.787091833476903
3932,49,245,250,1,2.787091833476903
4388,58,290,295,1,2.787091833476903
6076,99,495,500,1,2.787091833476903
6965,124,620,625,1,2.787091833476903
7003,125,625,630,1,2.787091833476903
7322,133,665,670,1,2.787091833476903
7900,148,740,745,1,2.787091833476903
8089,153,765,770,1,2.787091833476903
8121,154,770,775,1,2.787091833476903
8192,156,780,785,1,2.787091833476903
8362,161,805,810,1,2.787091833476903
8390,162,810,815,1,2.787091833476903
8745,173,865,870,1,2.787091833476903
8746,173,865,870,1,2.787091833476903
8925,178,890,895,1,2.787091833476903
9076,182,910,915,1,2.787091833476903
9167,185,925,930,1,2.787091833476903
9449,193,965,970,1,2.787091833476903
9805,203,1015,1020,1,2.787091833476903
10073,212,1060,1065,1,2.787091833476903
10353,221,1105,1110,1,2.787091833476903
10354,221,1105,1110,1,2.787091833476903
10541,228,1140,1145,1,2.787091833476903
10665,232,1160,1165,1,2.787091833476903
10790,237,1185,1190,1,2.787091833476903
10859,239,1195,1200,1,2.787091833476903
11174,252,1260,1265,1,2.787091833476903
11325,259,1295,1300,1,2.787091833476903
12080,294,1470,1475,1,2.787091833476903
12514,321,1605,1610,1,2.787091833476903
12522,322,1610,1615,1,2.787091833476903
12539,323,1615,1620,1,2.787091833476903
12641,331,1655,1660,1,2.787091833476903
13413,476,2380,2385,1,2.787091833476903
129,1,5,10,1,2.7865078928951985
262,2,10,15,1,2.7865078928951985
418,3,15,20,1,2.7865078928951985
421,3,15,20,1,2.7865078928951985
422,3,15,20,1,2.7865078928951985
423,3,15,20,1,2.7865078928951985
1024,7,35,40,1,2.7865078928951985
1150,8,40,45,1,2.7865078928951985
2182,20,100,105,1,2.7865078928951985
2699,27,135,140,1,2.7865078928951985
2882,30,150,155,1,2.7865078928951985
2883,30,150,155,1,2.7865078928951985
3774,46,230,235,1,2.7865078928951985
4192,54,270,275,1,2.7865078928951985
5172,75,375,380,1,2.7865078928951985
6014,97,485,490,1,2.7865078928951985
7002,125,625,630,1,2.7865078928951985
7083,127,635,640,1,2.7865078928951985
7207,130,650,655,1,2.7865078928951985
7279,132,660,665,1,2.7865078928951985
7355,134,670,675,1,2.7865078928951985
7392,135,675,680,1,2.7865078928951985
8120,154,770,775,1,2.7865078928951985
8774,174,870,875,1,2.7865078928951985
9003,180,900,905,1,2.7865078928951985
9037,181,905,910,1,2.7865078928951985
9038,181,905,910,1,2.7865078928951985
9039,181,905,910,1,2.7865078928951985
9448,193,965,970,1,2.7865078928951985
9659,199,995,1000,1,2.7865078928951985
9900,206,1030,1035,1,2.7865078928951985
9901,206,1030,1035,1,2.7865078928951985
9902,206,1030,1035,1,2.7865078928951985
10109,213,1065,1070,1,2.7865078928951985
10169,215,1075,1080,1,2.7865078928951985
10352,221,1105,1110,1,2.7865078928951985
10497,226,1130,1135,1,2.7865078928951985
10519,227,1135,1140,1,2.7865078928951985
10760,236,1180,1185,1,2.7865078928951985
10886,240,1200,1205,1,2.7865078928951985
10963,244,1220,1225,1,2.7865078928951985
11019,246,1230,1235,1,2.7865078928951985
11093,249,1245,1250,1,2.7865078928951985
11119,250,1250,1255,1,2.7865078928951985
11355,260,1300,1305,1,2.7865078928951985
12057,293,1465,1470,1,2.7865078928951985
12114,296,1480,1485,1,2.7865078928951985
12343,309,1545,1550,1,2.7865078928951985
13033,367,1835,1840,1,2.7865078928951985
13199,393,1965,1970,1,2.7865078928951985
13381,457,2285,2290,1,2.7865078928951985
34,0,0,5,1,2.7865078928904468
128,1,5,10,1,2.7865078928904468
259,2,10,15,1,2.7865078928904468
261,2,10,15,1,2.7865078928904468
589,4,20,25,1,2.7865078928904468
740,5,25,30,1,2.7865078928904468
742,5,25,30,1,2.7865078928904468
2755,28,140,145,1,2.7865078928904468
3011,32,160,165,1,2.7865078928904468
3356,38,190,195,1,2.7865078928904468
4442,59,295,300,1,2.7865078928904468
6514,111,555,560,1,2.7865078928904468
6544,112,560,565,1,2.7865078928904468
6621,114,570,575,1,2.7865078928904468
6761,118,590,595,1,2.7865078928904468
7356,134,670,675,1,2.7865078928904468
7971,150,750,755,1,2.7865078928904468
8190,156,780,785,1,2.7865078928904468
8224,157,785,790,1,2.7865078928904468
8458,164,820,825,1,2.7865078928904468
8924,178,890,895,1,2.7865078928904468
9004,180,900,905,1,2.7865078928904468
9291,189,945,950,1,2.7865078928904468
9522,195,975,980,1,2.7865078928904468
9626,198,990,995,1,2.7865078928904468
9692,200,1000,1005,1,2.7865078928904468
9725,201,1005,1010,1,2.7865078928904468
9997,209,1045,1050,1,2.7865078928904468
10026,210,1050,1055,1,2.7865078928904468
10520,227,1135,1140,1,2.7865078928904468
10578,229,1145,1150,1,2.7865078928904468
10664,232,1160,1165,1,2.7865078928904468
10716,234,1170,1175,1,2.7865078928904468
10919,242,1210,1215,1,2.7865078928904468
11324,259,1295,1300,1,2.7865078928904468
11436,264,1320,1325,1,2.7865078928904468
11502,267,1335,1340,1,2.7865078928904468
12014,291,1455,1460,1,2.7865078928904468
12185,300,1500,1505,1,2.7865078928904468
12436,316,1580,1585,1,2.7865078928904468
12859,349,1745,1750,1,2.7865078928904468
13376,456,2280,2285,1,2.7865078928904468
126,1,5,10,1,2.785923716524972
256,2,10,15,1,2.785923716524972
738,5,25,30,1,2.785923716524972
739,5,25,30,1,2.785923716524972
884,6,30,35,1,2.785923716524972
2698,27,135,140,1,2.785923716524972
3566,42,210,215,1,2.785923716524972
4045,51,255,260,1,2.785923716524972
6386,107,535,540,1,2.785923716524972
6620,114,570,575,1,2.785923716524972
6669,115,575,580,1,2.785923716524972
6695,116,580,585,1,2.785923716524972
7206,130,650,655,1,2.785923716524972
7391,135,675,680,1,2.785923716524972
7445,136,680,685,1,2.785923716524972
7755,144,720,725,1,2.785923716524972
7756,144,720,725,1,2.785923716524972
7937,149,745,750,1,2.785923716524972
7938,149,745,750,1,2.785923716524972
8262,158,790,795,1,2.785923716524972
8715,172,860,865,1,2.785923716524972
9075,182,910,915,1,2.785923716524972
9231,187,935,940,1,2.785923716524972
9624,198,990,995,1,2.785923716524972
9625,198,990,995,1,2.785923716524972
9838,204,1020,1025,1,2.785923716524972
9862,205,1025,1030,1,2.785923716524972
9996,209,1045,1050,1,2.785923716524972
10132,214,1070,1075,1,2.785923716524972
10384,222,1110,1115,1,2.785923716524972
10496,226,1130,1135,1,2.785923716524972
10918,242,1210,1215,1,2.785923716524972
11118,250,1250,1255,1,2.785923716524972
11142,251,1255,1260,1,2.785923716524972
11268,256,1280,1285,1,2.785923716524972
11354,260,1300,1305,1,2.785923716524972
11651,274,1370,1375,1,2.785923716524972
11771,280,1400,1405,1,2.785923716524972
11993,290,1450,1455,1,2.785923716524972
12039,292,1460,1465,1,2.785923716524972
12215,302,1510,1515,1,2.785923716524972
13067,372,1860,1865,1,2.785923716524972
13111,379,1895,1900,1,2.785923716524972
13260,407,2035,2040,1,2.785923716524972
255,2,10,15,1,2.7859237165202217
257,2,10,15,1,2.7859237165202217
258,2,10,15,1,2.7859237165202217
415,3,15,20,1,2.7859237165202217
417,3,15,20,1,2.7859237165202217
881,6,30,35,1,2.7859237165202217
1146,8,40,45,1,2.7859237165202217
1147,8,40,45,1,2.7859237165202217
2338,22,110,115,1,2.7859237165202217
2818,29,145,150,1,2.7859237165202217
3075,33,165,170,1,2.7859237165202217
3296,37,185,190,1,2.7859237165202217
3832,47,235,240,1,2.7859237165202217
6444,109,545,550,1,2.7859237165202217
6582,113,565,570,1,2.7859237165202217
6619,114,570,575,1,2.7859237165202217
6730,117,585,590,1,2.7859237165202217
6760,118,590,595,1,2.7859237165202217
6963,124,620,625,1,2.7859237165202217
6964,124,620,625,1,2.7859237165202217
7624,140,700,705,1,2.7859237165202217
7970,150,750,755,1,2.7859237165202217
8426,163,815,820,1,2.7859237165202217
8633,169,845,850,1,2.7859237165202217
8716,172,860,865,1,2.7859237165202217
8851,176,880,885,1,2.7859237165202217
8923,178,890,895,1,2.7859237165202217
9196,186,930,935,1,2.7859237165202217
9330,190,950,955,1,2.7859237165202217
9331,190,950,955,1,2.7859237165202217
9369,191,955,960,1,2.7859237165202217
10858,239,1195,1200,1,2.7859237165202217
11018,246,1230,1235,1,2.7859237165202217
11074,248,1240,1245,1,2.7859237165202217
11143,251,1255,1260,1,2.7859237165202217
11197,253,1265,1270,1,2.7859237165202217
11482,266,1330,1335,1,2.7859237165202217
11531,268,1340,1345,1,2.7859237165202217
11770,280,1400,1405,1,2.7859237165202217
11947,288,1440,1445,1,2.7859237165202217
12246,304,1520,1525,1,2.7859237165202217
12261,305,1525,1530,1,2.7859237165202217
12326,308,1540,1545,1,2.7859237165202217
12538,323,1615,1620,1,2.7859237165202217
12983,362,1810,1815,1,2.7859237165202217
13175,389,1945,1950,1,2.7859237165202217
414,3,15,20,1,2.7853393044221
584,4,20,25,1,2.7853393044221
2265,21,105,110,1,2.7853393044221
3671,44,220,225,1,2.7853393044221
4441,59,295,300,1,2.7853393044221
5003,71,355,360,1,2.7853393044221
5648,87,435,440,1,2.7853393044221
5934,95,475,480,1,2.7853393044221
6897,122,610,615,1,2.7853393044221
6962,124,620,625,1,2.7853393044221
7120,128,640,645,1,2.7853393044221
7488,137,685,690,1,2.7853393044221
7836,146,730,735,1,2.7853393044221
8888,177,885,890,1,2.7853393044221
9074,182,910,915,1,2.7853393044221
9107,183,915,920,1,2.7853393044221
9166,185,925,930,1,2.7853393044221
9691,200,1000,1005,1,2.7853393044221
9803,203,1015,1020,1,2.7853393044221
9804,203,1015,1020,1,2.7853393044221
9861,205,1025,1030,1,2.7853393044221
9963,208,1040,1045,1,2.7853393044221
9964,208,1040,1045,1,2.7853393044221
10108,213,1065,1070,1,2.7853393044221
10131,214,1070,1075,1,2.7853393044221
10540,228,1140,1145,1,2.7853393044221
10663,232,1160,1165,1,2.7853393044221
10993,245,1225,1230,1,2.7853393044221
11051,247,1235,1240,1,2.7853393044221
11304,258,1290,1295,1,2.7853393044221
11305,258,1290,1295,1,2.7853393044221
11802,281,1405,1410,1,2.7853393044221
11803,281,1405,1410,1,2.7853393044221
11945,288,1440,1445,1,2.7853393044221
11946,288,1440,1445,1,2.7853393044221
11966,289,1445,1450,1,2.7853393044221
12133,297,1485,1490,1,2.7853393044221
12375,311,1555,1560,1,2.7853393044221
12489,319,1595,1600,1,2.7853393044221
12580,326,1630,1635,1,2.7853393044221
13206,394,1970,1975,1,2.7853393044221
254,2,10,15,1,2.7853393044173504
413,3,15,20,1,2.7853393044173504
586,4,20,25,1,2.7853393044173504
3125,34,170,175,1,2.7853393044173504
3414,39,195,200,1,2.7853393044173504
4739,65,325,330,1,2.7853393044173504
5220,76,380,385,1,2.7853393044173504
5759,90,450,455,1,2.7853393044173504
5760,90,450,455,1,2.7853393044173504
6833,120,600,605,1,2.7853393044173504
6863,121,605,610,1,2.7853393044173504
7236,131,655,660,1,2.7853393044173504
7865,147,735,740,1,2.7853393044173504
8661,170,850,855,1,2.7853393044173504
8820,175,875,880,1,2.7853393044173504
9195,186,930,935,1,2.7853393044173504
9521,195,975,980,1,2.7853393044173504
9899,206,1030,1035,1,2.7853393044173504
9937,207,1035,1040,1,2.7853393044173504
10447,224,1120,1125,1,2.7853393044173504
10631,231,1155,1160,1,2.7853393044173504
10819,238,1190,1195,1,2.7853393044173504
10992,245,1225,1230,1,2.7853393044173504
10994,245,1225,1230,1,2.7853393044173504
11092,249,1245,1250,1,2.7853393044173504
11117,250,1250,1255,1,2.7853393044173504
11481,266,1330,1335,1,2.7853393044173504
11668,275,1375,1380,1,2.7853393044173504
11689,276,1380,1385,1,2.7853393044173504
11877,284,1420,1425,1,2.7853393044173504
12134,297,1485,1490,1,2.7853393044173504
12214,302,1510,1515,1,2.7853393044173504
12286,306,1530,1535,1,2.7853393044173504
12342,309,1545,1550,1,2.7853393044173504
12399,313,1565,1570,1,2.7853393044173504
12477,318,1590,1595,1,2.7853393044173504
12711,337,1685,1690,1,2.7853393044173504
12725,338,1690,1695,1,2.7853393044173504
409,3,15,20,1,2.7847546566324612
410,3,15,20,1,2.7847546566324612
734,5,25,30,1,2.7847546566324612
2337,22,110,115,1,2.7847546566324612
2697,27,135,140,1,2.7847546566324612
3728,45,225,230,1,2.7847546566324612
3876,48,240,245,1,2.7847546566324612
5270,77,385,390,1,2.7847546566324612
6013,97,485,490,1,2.7847546566324612
6668,115,575,580,1,2.7847546566324612
6939,123,615,620,1,2.7847546566324612
7321,133,665,670,1,2.7847546566324612
7390,135,675,680,1,2.7847546566324612
7794,145,725,730,1,2.7847546566324612
8046,152,760,765,1,2.7847546566324612
8297,159,795,800,1,2.7847546566324612
8335,160,800,805,1,2.7847546566324612
8526,166,830,835,1,2.7847546566324612
8819,175,875,880,1,2.7847546566324612
9961,208,1040,1045,1,2.7847546566324612
10025,210,1050,1055,1,2.7847546566324612
10296,219,1095,1100,1,2.7847546566324612
10576,229,1145,1150,1,2.7847546566324612
10740,235,1175,1180,1,2.7847546566324612
10916,242,1210,1215,1,2.7847546566324612
10917,242,1210,1215,1,2.7847546566324612
11116,250,1250,1255,1,2.7847546566324612
11582,271,1355,1360,1,2.7847546566324612
11650,274,1370,1375,1,2.7847546566324612
11709,277,1385,1390,1,2.7847546566324612
11801,281,1405,1410,1,2.7847546566324612
11876,284,1420,1425,1,2.7847546566324612
11944,288,1440,1445,1,2.7847546566324612
12038,292,1460,1465,1,2.7847546566324612
12056,293,1465,1470,1,2.7847546566324612
12458,317,1585,1590,1,2.7847546566324612
12627,330,1650,1655,1,2.7847546566324612
12724,338,1690,1695,1,2.7847546566324612
12822,346,1730,1735,1,2.7847546566324612
12846,348,1740,1745,1,2.7847546566324612
13137,382,1910,1915,1,2.7847546566324612
13194,392,1960,1965,1,2.7847546566324612
252,2,10,15,1,2.7847546566277126
411,3,15,20,1,2.7847546566277126
412,3,15,20,1,2.7847546566277126
737,5,25,30,1,2.7847546566277126
1020,7,35,40,1,2.7847546566277126
1789,15,75,80,1,2.7847546566277126
2408,23,115,120,1,2.7847546566277126
3294,37,185,190,1,2.7847546566277126
3295,37,185,190,1,2.7847546566277126
5758,90,450,455,1,2.7847546566277126
6443,109,545,550,1,2.7847546566277126
6581,113,565,570,1,2.7847546566277126
7443,136,680,685,1,2.7847546566277126
7623,140,700,705,1,2.7847546566277126
7655,141,705,710,1,2.7847546566277126
7688,142,710,715,1,2.7847546566277126
7864,147,735,740,1,2.7847546566277126
8012,151,755,760,1,2.7847546566277126
8189,156,780,785,1,2.7847546566277126
8525,166,830,835,1,2.7847546566277126
9962,208,1040,1045,1,2.7847546566277126
10107,213,1065,1070,1,2.7847546566277126
10577,229,1145,1150,1,2.7847546566277126
11050,247,1235,1240,1,2.7847546566277126
11196,253,1265,1270,1,2.7847546566277126
11267,256,1280,1285,1,2.7847546566277126
11530,268,1340,1345,1,2.7847546566277126
11575,270,1350,1355,1,2.7847546566277126
11583,271,1355,1360,1,2.7847546566277126
11857,283,1415,1420,1,2.7847546566277126
11858,283,1415,1420,1,2.7847546566277126
11918,287,1435,1440,1,2.7847546566277126
12079,294,1470,1475,1,2.7847546566277126
12113,296,1480,1485,1,2.7847546566277126
12310,307,1535,1540,1,2.7847546566277126
12341,309,1545,1550,1,2.7847546566277126
12427,315,1575,1580,1,2.7847546566277126
12595,327,1635,1640,1,2.7847546566277126
12628,330,1650,1655,1,2.7847546566277126
12870,350,1750,1755,1,2.7847546566277126
12966,359,1795,1800,1,2.7847546566277126
579,4,20,25,1,2.784169773211112
581,4,20,25,1,2.784169773211112
1704,14,70,75,1,2.784169773211112
2033,18,90,95,1,2.784169773211112
3670,44,220,225,1,2.784169773211112
4284,56,280,285,1,2.784169773211112
5124,74,370,375,1,2.784169773211112
7001,125,625,630,1,2.784169773211112
7389,135,675,680,1,2.784169773211112
7726,143,715,720,1,2.784169773211112
7727,143,715,720,1,2.784169773211112
7936,149,745,750,1,2.784169773211112
8088,153,765,770,1,2.784169773211112
8119,154,770,775,1,2.784169773211112
8223,157,785,790,1,2.784169773211112
8295,159,795,800,1,2.784169773211112
8361,161,805,810,1,2.784169773211112
8524,166,830,835,1,2.784169773211112
8966,179,895,900,1,2.784169773211112
8967,179,895,900,1,2.784169773211112
9837,204,1020,1025,1,2.784169773211112
10226,217,1085,1090,1,2.784169773211112
10383,222,1110,1115,1,2.784169773211112
10818,238,1190,1195,1,2.784169773211112
11115,250,1250,1255,1,2.784169773211112
11242,255,1275,1280,1,2.784169773211112
11649,274,1370,1375,1,2.784169773211112
11667,275,1375,1380,1,2.784169773211112
11875,284,1420,1425,1,2.784169773211112
11917,287,1435,1440,1,2.784169773211112
12055,293,1465,1470,1,2.784169773211112
12132,297,1485,1490,1,2.784169773211112
12537,323,1615,1620,1,2.784169773211112
12616,329,1645,1650,1,2.784169773211112
12696,335,1675,1680,1,2.784169773211112
12772,342,1710,1715,1,2.784169773211112
12981,362,1810,1815,1,2.784169773211112
12982,362,1810,1815,1,2.784169773211112
13124,381,1905,1910,1,2.784169773211112
13193,392,1960,1965,1,2.784169773211112
13303,420,2100,2105,1,2.784169773211112
123,1,5,10,1,2.784169773206364
580,4,20,25,1,2.784169773206364
1953,17,85,90,1,2.784169773206364
4873,68,340,345,1,2.784169773206364
5647,87,435,440,1,2.784169773206364
6256,104,520,525,1,2.784169773206364
7621,140,700,705,1,2.784169773206364
7622,140,700,705,1,2.784169773206364
7835,146,730,735,1,2.784169773206364
7969,150,750,755,1,2.784169773206364
8045,152,760,765,1,2.784169773206364
8296,159,795,800,1,2.784169773206364
8425,163,815,820,1,2.784169773206364
8604,168,840,845,1,2.784169773206364
8714,172,860,865,1,2.784169773206364
8922,178,890,895,1,2.784169773206364
9407,192,960,965,1,2.784169773206364
9690,200,1000,1005,1,2.784169773206364
10739,235,1175,1180,1,2.784169773206364
11266,256,1280,1285,1,2.784169773206364
11353,260,1300,1305,1,2.784169773206364
11554,269,1345,1350,1,2.784169773206364
11730,278,1390,1395,1,2.784169773206364
11800,281,1405,1410,1,2.784169773206364
12385,312,1560,1565,1,2.784169773206364
12397,313,1565,1570,1,2.784169773206364
12418,314,1570,1575,1,2.784169773206364
12457,317,1585,1590,1,2.784169773206364
12626,330,1650,1655,1,2.784169773206364
12665,333,1665,1670,1,2.784169773206364
12666,333,1665,1670,1,2.784169773206364
12932,355,1775,1780,1,2.784169773206364
12976,361,1805,1810,1,2.784169773206364
13136,382,1910,1915,1,2.784169773206364
13249,404,2020,2025,1,2.784169773206364
577,4,20,25,1,2.7835846542026204
578,4,20,25,1,2.7835846542026204
2032,18,90,95,1,2.7835846542026204
2407,23,115,120,1,2.7835846542026204
3074,33,165,170,1,2.7835846542026204
3831,47,235,240,1,2.7835846542026204
4136,53,265,270,1,2.7835846542026204
4387,58,290,295,1,2.7835846542026204
6115,100,500,505,1,2.7835846542026204
7753,144,720,725,1,2.7835846542026204
7793,145,725,730,1,2.7835846542026204
8087,153,765,770,1,2.7835846542026204
8632,169,845,850,1,2.7835846542026204
8713,172,860,865,1,2.7835846542026204
8817,175,875,880,1,2.7835846542026204
8818,175,875,880,1,2.7835846542026204
8921,178,890,895,1,2.7835846542026204
9290,189,945,950,1,2.7835846542026204
9406,192,960,965,1,2.7835846542026204
9555,196,980,985,1,2.7835846542026204
9556,196,980,985,1,2.7835846542026204
10048,211,1055,1060,1,2.7835846542026204
10106,213,1065,1070,1,2.7835846542026204
10130,214,1070,1075,1,2.7835846542026204
10446,224,1120,1125,1,2.7835846542026204
10662,232,1160,1165,1,2.7835846542026204
10759,236,1180,1185,1,2.7835846542026204
11073,248,1240,1245,1,2.7835846542026204
11553,269,1345,1350,1,2.7835846542026204
11574,270,1350,1355,1,2.7835846542026204
11825,282,1410,1415,1,2.7835846542026204
11965,289,1445,1450,1,2.7835846542026204
12112,296,1480,1485,1,2.7835846542026204
12197,301,1505,1510,1,2.7835846542026204
12340,309,1545,1550,1,2.7835846542026204
12426,315,1575,1580,1,2.7835846542026204
12800,344,1720,1725,1,2.7835846542026204
12845,348,1740,1745,1,2.7835846542026204
13086,375,1875,1880,1,2.7835846542026204
13123,381,1905,1910,1,2.7835846542026204
13229,399,1995,2000,1,2.7835846542026204
1016,7,35,40,1,2.783584654197874
1017,7,35,40,1,2.783584654197874
1350,10,50,55,1,2.783584654197874
2181,20,100,105,1,2.783584654197874
3355,38,190,195,1,2.783584654197874
4044,51,255,260,1,2.783584654197874
4440,59,295,300,1,2.783584654197874
7754,144,720,725,1,2.783584654197874
8044,152,760,765,1,2.783584654197874
8523,166,830,835,1,2.783584654197874
8562,167,835,840,1,2.783584654197874
8660,170,850,855,1,2.783584654197874
8684,171,855,860,1,2.783584654197874
8816,175,875,880,1,2.783584654197874
8964,179,895,900,1,2.783584654197874
8965,179,895,900,1,2.783584654197874
9936,207,1035,1040,1,2.783584654197874
10049,211,1055,1060,1,2.783584654197874
10199,216,1080,1085,1,2.783584654197874
10259,218,1090,1095,1,2.783584654197874
10539,228,1140,1145,1,2.783584654197874
10817,238,1190,1195,1,2.783584654197874
11241,255,1275,1280,1,2.783584654197874
11708,277,1385,1390,1,2.783584654197874
11729,278,1390,1395,1,2.783584654197874
12435,316,1580,1585,1,2.783584654197874
12567,325,1625,1630,1,2.783584654197874
12615,329,1645,1650,1,2.783584654197874
12736,339,1695,1700,1,2.783584654197874
12771,342,1710,1715,1,2.783584654197874
12785,343,1715,1720,1,2.783584654197874
12896,352,1760,1765,1,2.783584654197874
12916,354,1770,1775,1,2.783584654197874
13082,374,1870,1875,1,2.783584654197874
13135,382,1910,1915,1,2.783584654197874
13283,414,2070,2075,1,2.783584654197874
13347,437,2185,2190,1,2.783584654197874
248,2,10,15,1,2.7829992996594215
405,3,15,20,1,2.7829992996594215
1015,7,35,40,1,2.7829992996594215
1142,8,40,45,1,2.7829992996594215
3008,32,160,165,1,2.7829992996594215
3521,41,205,210,1,2.7829992996594215
3611,43,215,220,1,2.7829992996594215
5002,71,355,360,1,2.7829992996594215
5311,78,390,395,1,2.7829992996594215
6759,118,590,595,1,2.7829992996594215
7968,150,750,755,1,2.7829992996594215
8887,177,885,890,1,2.7829992996594215
9289,189,945,950,1,2.7829992996594215
9447,193,965,970,1,2.7829992996594215
9484,194,970,975,1,2.7829992996594215
9622,198,990,995,1,2.7829992996594215
9724,201,1005,1010,1,2.7829992996594215
9935,207,1035,1040,1,2.7829992996594215
9995,209,1045,1050,1,2.7829992996594215
10104,213,1065,1070,1,2.7829992996594215
10105,213,1065,1070,1,2.7829992996594215
10470,225,1125,1130,1,2.7829992996594215
10692,233,1165,1170,1,2.7829992996594215
10737,235,1175,1180,1,2.7829992996594215
10738,235,1175,1180,1,2.7829992996594215
10789,237,1185,1190,1,2.7829992996594215
11091,249,1245,1250,1,2.7829992996594215
11573,270,1350,1355,1,2.7829992996594215
11688,276,1380,1385,1,2.7829992996594215
11749,279,1395,1400,1,2.7829992996594215
11750,279,1395,1400,1,2.7829992996594215
12054,293,1465,1470,1,2.7829992996594215
12078,294,1470,1475,1,2.7829992996594215
12089,295,1475,1480,1,2.7829992996594215
12245,304,1520,1525,1,2.7829992996594215
12417,314,1570,1575,1,2.7829992996594215
12566,325,1625,1630,1,2.7829992996594215
12735,339,1695,1700,1,2.7829992996594215
12895,352,1760,1765,1,2.7829992996594215
13110,379,1895,1900,1,2.7829992996594215
13275,412,2060,2065,1,2.7829992996594215
13405,469,2345,2350,1,2.7829992996594215
13406,469,2345,2350,1,2.7829992996594215
247,2,10,15,1,2.782999299654676
573,4,20,25,1,2.782999299654676
727,5,25,30,1,2.782999299654676
1249,9,45,50,1,2.782999299654676
2336,22,110,115,1,2.782999299654676
3463,40,200,205,1,2.782999299654676
4191,54,270,275,1,2.782999299654676
5090,73,365,370,1,2.782999299654676
6304,105,525,530,1,2.782999299654676
8086,153,765,770,1,2.782999299654676
8488,165,825,830,1,2.782999299654676
8773,174,870,875,1,2.782999299654676
9194,186,930,935,1,2.782999299654676
9288,189,945,950,1,2.782999299654676
9485,194,970,975,1,2.782999299654676
9520,195,975,980,1,2.782999299654676
9554,196,980,985,1,2.782999299654676
9802,203,1015,1020,1,2.782999299654676
9960,208,1040,1045,1,2.782999299654676
10351,221,1105,1110,1,2.782999299654676
10406,223,1115,1120,1,2.782999299654676
10495,226,1130,1135,1,2.782999299654676
10630,231,1155,1160,1,2.782999299654676
10758,236,1180,1185,1,2.782999299654676
11017,246,1230,1235,1,2.782999299654676
11195,253,1265,1270,1,2.782999299654676
11461,265,1325,1330,1,2.782999299654676
11687,276,1380,1385,1,2.782999299654676
11943,288,1440,1445,1,2.782999299654676
12111,296,1480,1485,1,2.782999299654676
12213,302,1510,1515,1,2.782999299654676
12384,312,1560,1565,1,2.782999299654676
12702,336,1680,1685,1,2.782999299654676
12748,340,1700,1705,1,2.782999299654676
12869,350,1750,1755,1,2.782999299654676
12915,354,1770,1775,1,2.782999299654676
13192,392,1960,1965,1,2.782999299654676
13401,467,2335,2340,1,2.782999299654676
120,1,5,10,1,2.782413709630016
121,1,5,10,1,2.782413709630016
239,2,10,15,1,2.782413709630016
1449,11,55,60,1,2.782413709630016
2031,18,90,95,1,2.782413709630016
3565,42,210,215,1,2.782413709630016
3610,43,215,220,1,2.782413709630016
4386,58,290,295,1,2.782413709630016
4963,70,350,355,1,2.782413709630016
5310,78,390,395,1,2.782413709630016
7899,148,740,745,1,2.782413709630016
8334,160,800,805,1,2.782413709630016
8815,175,875,880,1,2.782413709630016
8920,178,890,895,1,2.782413709630016
8963,179,895,900,1,2.782413709630016
9368,191,955,960,1,2.782413709630016
9836,204,1020,1025,1,2.782413709630016
10129,214,1070,1075,1,2.782413709630016
10167,215,1075,1080,1,2.782413709630016
10168,215,1075,1080,1,2.782413709630016
10295,219,1095,1100,1,2.782413709630016
10323,220,1100,1105,1,2.782413709630016
10469,225,1125,1130,1,2.782413709630016
10575,229,1145,1150,1,2.782413709630016
10757,236,1180,1185,1,2.782413709630016
11072,248,1240,1245,1,2.782413709630016
11114,250,1250,1255,1,2.782413709630016
11172,252,1260,1265,1,2.782413709630016
11265,256,1280,1285,1,2.782413709630016
11480,266,1330,1335,1,2.782413709630016
11624,273,1365,1370,1,2.782413709630016
11895,285,1425,1430,1,2.782413709630016
11992,290,1450,1455,1,2.782413709630016
12037,292,1460,1465,1,2.782413709630016
12077,294,1470,1475,1,2.782413709630016
12184,300,1500,1505,1,2.782413709630016
12212,302,1510,1515,1,2.782413709630016
12594,327,1635,1640,1,2.782413709630016
12943,356,1780,1785,1,2.782413709630016
12970,360,1800,1805,1,2.782413709630016
13020,366,1830,1835,1,2.782413709630016
13032,367,1835,1840,1,2.782413709630016
13248,404,2020,2025,1,2.782413709630016
13286,415,2075,2080,1,2.782413709630016
13289,416,2080,2085,1,2.782413709630016
240,2,10,15,1,2.7824137096252715
571,4,20,25,1,2.7824137096252715
572,4,20,25,1,2.7824137096252715
2817,29,145,150,1,2.7824137096252715
3354,38,190,195,1,2.7824137096252715
4738,65,325,330,1,2.7824137096252715
6255,104,520,525,1,2.7824137096252715
8389,162,810,815,1,2.7824137096252715
9329,190,950,955,1,2.7824137096252715
9404,192,960,965,1,2.7824137096252715
9405,192,960,965,1,2.7824137096252715
9621,198,990,995,1,2.7824137096252715
10024,210,1050,1055,1,2.7824137096252715
10198,216,1080,1085,1,2.7824137096252715
10445,224,1120,1125,1,2.7824137096252715
10629,231,1155,1160,1,2.7824137096252715
10690,233,1165,1170,1,2.7824137096252715
10691,233,1165,1170,1,2.7824137096252715
10736,235,1175,1180,1,2.7824137096252715
10816,238,1190,1195,1,2.7824137096252715
10857,239,1195,1200,1,2.7824137096252715
10915,242,1210,1215,1,2.7824137096252715
11049,247,1235,1240,1,2.7824137096252715
11113,250,1250,1255,1,2.7824137096252715
11194,253,1265,1270,1,2.7824137096252715
11460,265,1325,1330,1,2.7824137096252715
11603,272,1360,1365,1,2.7824137096252715
11769,280,1400,1405,1,2.7824137096252715
12488,319,1595,1600,1,2.7824137096252715
12565,325,1625,1630,1,2.7824137096252715
13045,368,1840,1845,1,2.7824137096252715
13093,376,1880,1885,1,2.7824137096252715
13100,377,1885,1890,1,2.7824137096252715
13109,379,1895,1900,1,2.7824137096252715
13155,385,1925,1930,1,2.7824137096252715
13252,405,2025,2030,1,2.7824137096252715
1540,12,60,65,1,2.7818278841642163
3875,48,240,245,1,2.7818278841642163
4190,54,270,275,1,2.7818278841642163
4237,55,275,280,1,2.7818278841642163
5001,71,355,360,1,2.7818278841642163
5835,92,460,465,1,2.7818278841642163
6186,102,510,515,1,2.7818278841642163
7620,140,700,705,1,2.7818278841642163
8487,165,825,830,1,2.7818278841642163
8659,170,850,855,1,2.7818278841642163
8919,178,890,895,1,2.7818278841642163
9230,187,935,940,1,2.7818278841642163
9519,195,975,980,1,2.7818278841642163
9658,199,995,1000,1,2.7818278841642163
9765,202,1010,1015,1,2.7818278841642163
10022,210,1050,1055,1,2.7818278841642163
10166,215,1075,1080,1,2.7818278841642163
10538,228,1140,1145,1,2.7818278841642163
10598,230,1150,1155,1,2.7818278841642163
10735,235,1175,1180,1,2.7818278841642163
10815,238,1190,1195,1,2.7818278841642163
10856,239,1195,1200,1,2.7818278841642163
10885,240,1200,1205,1,2.7818278841642163
10895,241,1205,1210,1,2.7818278841642163
11016,246,1230,1235,1,2.7818278841642163
11287,257,1285,1290,1,2.7818278841642163
11623,273,1365,1370,1,2.7818278841642163
11648,274,1370,1375,1,2.7818278841642163
11768,280,1400,1405,1,2.7818278841642163
11915,287,1435,1440,1,2.7818278841642163
12110,296,1480,1485,1,2.7818278841642163
12227,303,1515,1520,1,2.7818278841642163
12536,323,1615,1620,1,2.7818278841642163
12679,334,1670,1675,1,2.7818278841642163
12799,344,1720,1725,1,2.7818278841642163
13004,364,1820,1825,1,2.7818278841642163
13108,379,1895,1900,1,2.7818278841642163
13186,391,1955,1960,1,2.7818278841642163
13313,424,2120,2125,1,2.7818278841642163
13345,436,2180,2185,1,2.7818278841642163
13348,438,2190,2195,1,2.7818278841642163
119,1,5,10,1,2.7818278841594726
3007,32,160,165,1,2.7818278841594726
4189,54,270,275,1,2.7818278841594726
4639,63,315,320,1,2.7818278841594726
5721,89,445,450,1,2.7818278841594726
7000,125,625,630,1,2.7818278841594726
7725,143,715,720,1,2.7818278841594726
8388,162,810,815,1,2.7818278841594726
9403,192,960,965,1,2.7818278841594726
9689,200,1000,1005,1,2.7818278841594726
9801,203,1015,1020,1,2.7818278841594726
10023,210,1050,1055,1,2.7818278841594726
10128,214,1070,1075,1,2.7818278841594726
10258,218,1090,1095,1,2.7818278841594726
10788,237,1185,1190,1,2.7818278841594726
10855,239,1195,1200,1,2.7818278841594726
10991,245,1225,1230,1,2.7818278841594726
11214,254,1270,1275,1,2.7818278841594726
11240,255,1275,1280,1,2.7818278841594726
11286,257,1285,1290,1,2.7818278841594726
11435,264,1320,1325,1,2.7818278841594726
11647,274,1370,1375,1,2.7818278841594726
11707,277,1385,1390,1,2.7818278841594726
11856,283,1415,1420,1,2.7818278841594726
11894,285,1425,1430,1,2.7818278841594726
11942,288,1440,1445,1,2.7818278841594726
12036,292,1460,1465,1,2.7818278841594726
12169,299,1495,1500,1,2.7818278841594726
12513,321,1605,1610,1,2.7818278841594726
12734,339,1695,1700,1,2.7818278841594726
12868,350,1750,1755,1,2.7818278841594726
12993,363,1815,1820,1,2.7818278841594726
13225,398,1990,1995,1,2.7818278841594726
13262,408,2040,2045,1,2.7818278841594726
13371,452,2260,2265,1,2.7818278841594726
235,2,10,15,1,2.781241823310524
236,2,10,15,1,2.781241823310524
237,2,10,15,1,2.781241823310524
1141,8,40,45,1,2.781241823310524
3353,38,190,195,1,2.781241823310524
4544,61,305,310,1,2.781241823310524
5309,78,390,395,1,2.781241823310524
5497,83,415,420,1,2.781241823310524
5933,95,475,480,1,2.781241823310524
6667,115,575,580,1,2.781241823310524
7388,135,675,680,1,2.781241823310524
7654,141,705,710,1,2.781241823310524
8387,162,810,815,1,2.781241823310524
8658,170,850,855,1,2.781241823310524
8712,172,860,865,1,2.781241823310524
8814,175,875,880,1,2.781241823310524
9258,188,940,945,1,2.781241823310524
9723,201,1005,1010,1,2.781241823310524
9764,202,1010,1015,1,2.781241823310524
9959,208,1040,1045,1,2.781241823310524
10045,211,1055,1060,1,2.781241823310524
10294,219,1095,1100,1,2.781241823310524
10322,220,1100,1105,1,2.781241823310524
10574,229,1145,1150,1,2.781241823310524
10940,243,1215,1220,1,2.781241823310524
11015,246,1230,1235,1,2.781241823310524
11140,251,1255,1260,1,2.781241823310524
11396,262,1310,1315,1,2.781241823310524
11417,263,1315,1320,1,2.781241823310524
11622,273,1365,1370,1,2.781241823310524
11728,278,1390,1395,1,2.781241823310524
11823,282,1410,1415,1,2.781241823310524
11824,282,1410,1415,1,2.781241823310524
11906,286,1430,1435,1,2.781241823310524
12013,291,1455,1460,1,2.781241823310524
12244,304,1520,1525,1,2.781241823310524
12374,311,1555,1560,1,2.781241823310524
12416,314,1570,1575,1,2.781241823310524
12476,318,1590,1595,1,2.781241823310524
12512,321,1605,1610,1,2.781241823310524
12723,338,1690,1695,1,2.781241823310524
12770,342,1710,1715,1,2.781241823310524
13031,367,1835,1840,1,2.781241823310524
13074,373,1865,1870,1,2.781241823310524
13247,404,2020,2025,1,2.781241823310524
13259,406,2030,2035,1,2.781241823310524
118,1,5,10,1,2.7812418233057814
238,2,10,15,1,2.7812418233057814
1448,11,55,60,1,2.7812418233057814
2552,25,125,130,1,2.7812418233057814
4334,57,285,290,1,2.7812418233057814
4682,64,320,325,1,2.7812418233057814
4830,67,335,340,1,2.7812418233057814
6832,120,600,605,1,2.7812418233057814
6961,124,620,625,1,2.7812418233057814
7752,144,720,725,1,2.7812418233057814
8085,153,765,770,1,2.7812418233057814
8222,157,785,790,1,2.7812418233057814
8261,158,790,795,1,2.7812418233057814
8744,173,865,870,1,2.7812418233057814
8850,176,880,885,1,2.7812418233057814
9106,183,915,920,1,2.7812418233057814
9483,194,970,975,1,2.7812418233057814
9587,197,985,990,1,2.7812418233057814
10046,211,1055,1060,1,2.7812418233057814
10444,224,1120,1125,1,2.7812418233057814
10661,232,1160,1165,1,2.7812418233057814
10939,243,1215,1220,1,2.7812418233057814
11141,251,1255,1260,1,2.7812418233057814
11171,252,1260,1265,1,2.7812418233057814
11352,260,1300,1305,1,2.7812418233057814
11479,266,1330,1335,1,2.7812418233057814
11602,272,1360,1365,1,2.7812418233057814
11666,275,1375,1380,1,2.7812418233057814
11941,288,1440,1445,1,2.7812418233057814
12109,296,1480,1485,1,2.7812418233057814
12152,298,1490,1495,1,2.7812418233057814
12153,298,1490,1495,1,2.7812418233057814
12456,317,1585,1590,1,2.7812418233057814
12798,344,1720,1725,1,2.7812418233057814
12931,355,1775,1780,1,2.7812418233057814
12942,356,1780,1785,1,2.7812418233057814
12980,362,1810,1815,1,2.7812418233057814
13085,375,1875,1880,1,2.7812418233057814
13185,391,1955,1960,1,2.7812418233057814
13321,428,2140,2145,1,2.7812418233057814
399,3,15,20,1,2.7806555271213726
2695,27,135,140,1,2.7806555271213726
3830,47,235,240,1,2.7806555271213726
5461,82,410,415,1,2.7806555271213726
5757,90,450,455,1,2.7806555271213726
5800,91,455,460,1,2.7806555271213726
6303,105,525,530,1,2.7806555271213726
6385,107,535,540,1,2.7806555271213726
7119,128,640,645,1,2.7806555271213726
7205,130,650,655,1,2.7806555271213726
7863,147,735,740,1,2.7806555271213726
7935,149,745,750,1,2.7806555271213726
8118,154,770,775,1,2.7806555271213726
8333,160,800,805,1,2.7806555271213726
8657,170,850,855,1,2.7806555271213726
9001,180,900,905,1,2.7806555271213726
9328,190,950,955,1,2.7806555271213726
9446,193,965,970,1,2.7806555271213726
9482,194,970,975,1,2.7806555271213726
10165,215,1075,1080,1,2.7806555271213726
10382,222,1110,1115,1,2.7806555271213726
10518,227,1135,1140,1,2.7806555271213726
10537,228,1140,1145,1,2.7806555271213726
10786,237,1185,1190,1,2.7806555271213726
11014,246,1230,1235,1,2.7806555271213726
11459,265,1325,1330,1,2.7806555271213726
11529,268,1340,1345,1,2.7806555271213726
11646,274,1370,1375,1,2.7806555271213726
11748,279,1395,1400,1,2.7806555271213726
11893,285,1425,1430,1,2.7806555271213726
11940,288,1440,1445,1,2.7806555271213726
12168,299,1495,1500,1,2.7806555271213726
12325,308,1540,1545,1,2.7806555271213726
12510,321,1605,1610,1,2.7806555271213726
12511,321,1605,1610,1,2.7806555271213726
12606,328,1640,1645,1,2.7806555271213726
12930,355,1775,1780,1,2.7806555271213726
12941,356,1780,1785,1,2.7806555271213726
13066,372,1860,1865,1,2.7806555271213726
13092,376,1880,1885,1,2.7806555271213726
13399,466,2330,2335,1,2.7806555271213726
29,0,0,5,1,2.780655527116631
400,3,15,20,1,2.780655527116631
1788,15,75,80,1,2.780655527116631
5089,73,365,370,1,2.780655527116631
5646,87,435,440,1,2.780655527116631
6012,97,485,490,1,2.780655527116631
6421,108,540,545,1,2.780655527116631
6580,113,565,570,1,2.780655527116631
6896,122,610,615,1,2.780655527116631
7039,126,630,635,1,2.780655527116631
7165,129,645,650,1,2.780655527116631
8188,156,780,785,1,2.780655527116631
8294,159,795,800,1,2.780655527116631
8886,177,885,890,1,2.780655527116631
9105,183,915,920,1,2.780655527116631
9518,195,975,980,1,2.780655527116631
9800,203,1015,1020,1,2.780655527116631
10072,212,1060,1065,1,2.780655527116631
10350,221,1105,1110,1,2.780655527116631
10787,237,1185,1190,1,2.780655527116631
10883,240,1200,1205,1,2.780655527116631
10884,240,1200,1205,1,2.780655527116631
12012,291,1455,1460,1,2.780655527116631
12076,294,1470,1475,1,2.780655527116631
12211,302,1510,1515,1,2.780655527116631
12285,306,1530,1535,1,2.780655527116631
12415,314,1570,1575,1,2.780655527116631
12552,324,1620,1625,1,2.780655527116631
12579,326,1630,1635,1,2.780655527116631
12722,338,1690,1695,1,2.780655527116631
12958,358,1790,1795,1,2.780655527116631
13003,364,1820,1825,1,2.780655527116631
13274,412,2060,2065,1,2.780655527116631
13365,447,2235,2240,1,2.780655527116631
1539,12,60,65,1,2.780068995642642
2551,25,125,130,1,2.780068995642642
3293,37,185,190,1,2.780068995642642
4595,62,310,315,1,2.780068995642642
4681,64,320,325,1,2.780068995642642
4917,69,345,350,1,2.780068995642642
5000,71,355,360,1,2.780068995642642
6149,101,505,510,1,2.780068995642642
6578,113,565,570,1,2.780068995642642
6938,123,615,620,1,2.780068995642642
6960,124,620,625,1,2.780068995642642
7164,129,645,650,1,2.780068995642642
7387,135,675,680,1,2.780068995642642
7724,143,715,720,1,2.780068995642642
8010,151,755,760,1,2.780068995642642
8771,174,870,875,1,2.780068995642642
9072,182,910,915,1,2.780068995642642
10293,219,1095,1100,1,2.780068995642642
10405,223,1115,1120,1,2.780068995642642
10914,242,1210,1215,1,2.780068995642642
11013,246,1230,1235,1,2.780068995642642
11048,247,1235,1240,1,2.780068995642642
11170,252,1260,1265,1,2.780068995642642
11323,259,1295,1300,1,2.780068995642642
11458,265,1325,1330,1,2.780068995642642
11621,273,1365,1370,1,2.780068995642642
11727,278,1390,1395,1,2.780068995642642
11798,281,1405,1410,1,2.780068995642642
11799,281,1405,1410,1,2.780068995642642
11905,286,1430,1435,1,2.780068995642642
11939,288,1440,1445,1,2.780068995642642
12284,306,1530,1535,1,2.780068995642642
12362,310,1550,1555,1,2.780068995642642
12425,315,1575,1580,1,2.780068995642642
12498,320,1600,1605,1,2.780068995642642
13084,375,1875,1880,1,2.780068995642642
13267,410,2050,2055,1,2.780068995642642
13417,479,2395,2400,1,2.780068995642642
4439,59,295,300,1,2.7800689956379014
5044,72,360,365,1,2.7800689956379014
5496,83,415,420,1,2.7800689956379014
6150,101,505,510,1,2.7800689956379014
6342,106,530,535,1,2.7800689956379014
6579,113,565,570,1,2.7800689956379014
6729,117,585,590,1,2.7800689956379014
7081,127,635,640,1,2.7800689956379014
7537,138,690,695,1,2.7800689956379014
7578,139,695,700,1,2.7800689956379014
8084,153,765,770,1,2.7800689956379014
9036,181,905,910,1,2.7800689956379014
9287,189,945,950,1,2.7800689956379014
9860,205,1025,1030,1,2.7800689956379014
9934,207,1035,1040,1,2.7800689956379014
10225,217,1085,1090,1,2.7800689956379014
10443,224,1120,1125,1,2.7800689956379014
11213,254,1270,1275,1,2.7800689956379014
11264,256,1280,1285,1,2.7800689956379014
11376,261,1305,1310,1,2.7800689956379014
11457,265,1325,1330,1,2.7800689956379014
11572,270,1350,1355,1,2.7800689956379014
11706,277,1385,1390,1,2.7800689956379014
11874,284,1420,1425,1,2.7800689956379014
12011,291,1455,1460,1,2.7800689956379014
12035,292,1460,1465,1,2.7800689956379014
12108,296,1480,1485,1,2.7800689956379014
12130,297,1485,1490,1,2.7800689956379014
12309,307,1535,1540,1,2.7800689956379014
12551,324,1620,1625,1,2.7800689956379014
12664,333,1665,1670,1,2.7800689956379014
12975,361,1805,1810,1,2.7800689956379014
13330,431,2155,2160,1,2.7800689956379014
13336,433,2165,2170,1,2.7800689956379014
395,3,15,20,1,2.7794822289254557
1012,7,35,40,1,2.7794822289254557
1013,7,35,40,1,2.7794822289254557
1702,14,70,75,1,2.7794822289254557
2030,18,90,95,1,2.7794822289254557
3773,46,230,235,1,2.7794822289254557
4235,55,275,280,1,2.7794822289254557
4236,55,275,280,1,2.7794822289254557
4333,57,285,290,1,2.7794822289254557
4999,71,355,360,1,2.7794822289254557
5308,78,390,395,1,2.7794822289254557
5871,93,465,470,1,2.7794822289254557
6148,101,505,510,1,2.7794822289254557
6341,106,530,535,1,2.7794822289254557
7204,130,650,655,1,2.7794822289254557
7723,143,715,720,1,2.7794822289254557
7934,149,745,750,1,2.7794822289254557
8156,155,775,780,1,2.7794822289254557
8683,171,855,860,1,2.7794822289254557
9762,202,1010,1015,1,2.7794822289254557
9763,202,1010,1015,1,2.7794822289254557
9834,204,1020,1025,1,2.7794822289254557
9835,204,1020,1025,1,2.7794822289254557
10442,224,1120,1125,1,2.7794822289254557
10468,225,1125,1130,1,2.7794822289254557
10882,240,1200,1205,1,2.7794822289254557
10912,242,1210,1215,1,2.7794822289254557
10913,242,1210,1215,1,2.7794822289254557
10938,243,1215,1220,1,2.7794822289254557
11047,247,1235,1240,1,2.7794822289254557
11169,252,1260,1265,1,2.7794822289254557
11239,255,1275,1280,1,2.7794822289254557
11350,260,1300,1305,1,2.7794822289254557
11747,279,1395,1400,1,2.7794822289254557
11938,288,1440,1445,1,2.7794822289254557
11991,290,1450,1455,1,2.7794822289254557
12308,307,1535,1540,1,2.7794822289254557
12614,329,1645,1650,1,2.7794822289254557
12640,331,1655,1660,1,2.7794822289254557
12992,363,1815,1820,1,2.7794822289254557
13317,425,2125,2130,1,2.7794822289254557
13424,486,2430,2435,1,2.7794822289254557
2406,23,115,120,1,2.779482228920716
3874,48,240,245,1,2.779482228920716
4543,61,305,310,1,2.779482228920716
4872,68,340,345,1,2.779482228920716
5043,72,360,365,1,2.779482228920716
5355,79,395,400,1,2.779482228920716
5425,81,405,410,1,2.779482228920716
6384,107,535,540,1,2.779482228920716
7487,137,685,690,1,2.779482228920716
8221,157,785,790,1,2.779482228920716
8603,168,840,845,1,2.779482228920716
8849,176,880,885,1,2.779482228920716
8999,180,900,905,1,2.779482228920716
9000,180,900,905,1,2.779482228920716
9958,208,1040,1045,1,2.779482228920716
10103,213,1065,1070,1,2.779482228920716
10164,215,1075,1080,1,2.779482228920716
10854,239,1195,1200,1,2.779482228920716
10937,243,1215,1220,1,2.779482228920716
11238,255,1275,1280,1,2.779482228920716
11351,260,1300,1305,1,2.779482228920716
11416,263,1315,1320,1,2.779482228920716
11528,268,1340,1345,1,2.779482228920716
11601,272,1360,1365,1,2.779482228920716
11620,273,1365,1370,1,2.779482228920716
11645,274,1370,1375,1,2.779482228920716
11855,283,1415,1420,1,2.779482228920716
12196,301,1505,1510,1,2.779482228920716
12209,302,1510,1515,1,2.779482228920716
12210,302,1510,1515,1,2.779482228920716
12487,319,1595,1600,1,2.779482228920716
13065,372,1860,1865,1,2.779482228920716
13271,411,2055,2060,1,2.779482228920716
13441,504,2520,2525,1,2.779482228920716
24,0,0,5,1,2.7788952270209366
228,2,10,15,1,2.7788952270209366
722,5,25,30,1,2.7788952270209366
1447,11,55,60,1,2.7788952270209366
1869,16,80,85,1,2.7788952270209366
3829,47,235,240,1,2.7788952270209366
3931,49,245,250,1,2.7788952270209366
4043,51,255,260,1,2.7788952270209366
4737,65,325,330,1,2.7788952270209366
4916,69,345,350,1,2.7788952270209366
5171,75,375,380,1,2.7788952270209366
5612,86,430,435,1,2.7788952270209366
5932,95,475,480,1,2.7788952270209366
7234,131,655,660,1,2.7788952270209366
7751,144,720,725,1,2.7788952270209366
7792,145,725,730,1,2.7788952270209366
7898,148,740,745,1,2.7788952270209366
8258,158,790,795,1,2.7788952270209366
8259,158,790,795,1,2.7788952270209366
8631,169,845,850,1,2.7788952270209366
8682,171,855,860,1,2.7788952270209366
9367,191,955,960,1,2.7788952270209366
9402,192,960,965,1,2.7788952270209366
10127,214,1070,1075,1,2.7788952270209366
10196,216,1080,1085,1,2.7788952270209366
10349,221,1105,1110,1,2.7788952270209366
10689,233,1165,1170,1,2.7788952270209366
10715,234,1170,1175,1,2.7788952270209366
10814,238,1190,1195,1,2.7788952270209366
10962,244,1220,1225,1,2.7788952270209366
11046,247,1235,1240,1,2.7788952270209366
11139,251,1255,1260,1,2.7788952270209366
11854,283,1415,1420,1,2.7788952270209366
12034,292,1460,1465,1,2.7788952270209366
12208,302,1510,1515,1,2.7788952270209366
12339,309,1545,1550,1,2.7788952270209366
12414,314,1570,1575,1,2.7788952270209366
12625,330,1650,1655,1,2.7788952270209366
12857,349,1745,1750,1,2.7788952270209366
13060,371,1855,1860,1,2.7788952270209366
13329,431,2155,2160,1,2.7788952270209366
13408,470,2350,2355,1,2.7788952270209366
23,0,0,5,1,2.7788952270161977
25,0,0,5,1,2.7788952270161977
393,3,15,20,1,2.7788952270161977
724,5,25,30,1,2.7788952270161977
1630,13,65,70,1,2.7788952270161977
1631,13,65,70,1,2.7788952270161977
1868,16,80,85,1,2.7788952270161977
2550,25,125,130,1,2.7788952270161977
3930,49,245,250,1,2.7788952270161977
4234,55,275,280,1,2.7788952270161977
4438,59,295,300,1,2.7788952270161977
4542,61,305,310,1,2.7788952270161977
5269,77,385,390,1,2.7788952270161977
5979,96,480,485,1,2.7788952270161977
6793,119,595,600,1,2.7788952270161977
8260,158,790,795,1,2.7788952270161977
8293,159,795,800,1,2.7788952270161977
8561,167,835,840,1,2.7788952270161977
8711,172,860,865,1,2.7788952270161977
8743,173,865,870,1,2.7788952270161977
8962,179,895,900,1,2.7788952270161977
9933,207,1035,1040,1,2.7788952270161977
10020,210,1050,1055,1,2.7788952270161977
10021,210,1050,1055,1,2.7788952270161977
10163,215,1075,1080,1,2.7788952270161977
10785,237,1185,1190,1,2.7788952270161977
10894,241,1205,1210,1,2.7788952270161977
11284,257,1285,1290,1,2.7788952270161977
11322,259,1295,1300,1,2.7788952270161977
12075,294,1470,1475,1,2.7788952270161977
12183,300,1500,1505,1,2.7788952270161977
12283,306,1530,1535,1,2.7788952270161977
12307,307,1535,1540,1,2.7788952270161977
12475,318,1590,1595,1,2.7788952270161977
12535,323,1615,1620,1,2.7788952270161977
12769,342,1710,1715,1,2.7788952270161977
12834,347,1735,1740,1,2.7788952270161977
13030,367,1835,1840,1,2.7788952270161977
13327,430,2150,2155,1,2.7788952270161977
13453,513,2565,2570,1,2.7788952270161977
22,0,0,5,1,2.778307989976275
110,1,5,10,1,2.778307989976275
389,3,15,20,1,2.778307989976275
721,5,25,30,1,2.778307989976275
1787,15,75,80,1,2.778307989976275
2029,18,90,95,1,2.778307989976275
3520,41,205,210,1,2.778307989976275
3609,43,215,220,1,2.778307989976275
3873,48,240,245,1,2.778307989976275
3987,50,250,255,1,2.778307989976275
4680,64,320,325,1,2.778307989976275
4998,71,355,360,1,2.778307989976275
5389,80,400,405,1,2.778307989976275
5531,84,420,425,1,2.778307989976275
6475,110,550,555,1,2.778307989976275
6694,116,580,585,1,2.778307989976275
7163,129,645,650,1,2.778307989976275
8332,160,800,805,1,2.778307989976275
8360,161,805,810,1,2.778307989976275
8655,170,850,855,1,2.778307989976275
8656,170,850,855,1,2.778307989976275
8742,173,865,870,1,2.778307989976275
9401,192,960,965,1,2.778307989976275
9586,197,985,990,1,2.778307989976275
9859,205,1025,1030,1,2.778307989976275
10102,213,1065,1070,1,2.778307989976275
10321,220,1100,1105,1,2.778307989976275
10381,222,1110,1115,1,2.778307989976275
10517,227,1135,1140,1,2.778307989976275
10597,230,1150,1155,1,2.778307989976275
10756,236,1180,1185,1,2.778307989976275
11349,260,1300,1305,1,2.778307989976275
11415,263,1315,1320,1,2.778307989976275
11434,264,1320,1325,1,2.778307989976275
11527,268,1340,1345,1,2.778307989976275
11746,279,1395,1400,1,2.778307989976275
11796,281,1405,1410,1,2.778307989976275
11853,283,1415,1420,1,2.778307989976275
11892,285,1425,1430,1,2.778307989976275
12360,310,1550,1555,1,2.778307989976275
12373,311,1555,1560,1,2.778307989976275
12721,338,1690,1695,1,2.778307989976275
13019,366,1830,1835,1,2.778307989976275
13244,403,2015,2020,1,2.778307989976275
13420,484,2420,2425,1,2.778307989976275
111,1,5,10,1,2.7783079899715375
391,3,15,20,1,2.7783079899715375
1446,11,55,60,1,2.7783079899715375
2335,22,110,115,1,2.7783079899715375
3726,45,225,230,1,2.7783079899715375
4091,52,260,265,1,2.7783079899715375
4488,60,300,305,1,2.7783079899715375
4594,62,310,315,1,2.7783079899715375
4871,68,340,345,1,2.7783079899715375
5268,77,385,390,1,2.7783079899715375
6185,102,510,515,1,2.7783079899715375
6728,117,585,590,1,2.7783079899715375
7442,136,680,685,1,2.7783079899715375
7577,139,695,700,1,2.7783079899715375
8083,153,765,770,1,2.7783079899715375
9103,183,915,920,1,2.7783079899715375
9104,183,915,920,1,2.7783079899715375
9165,185,925,930,1,2.7783079899715375
9366,191,955,960,1,2.7783079899715375
9444,193,965,970,1,2.7783079899715375
9897,206,1030,1035,1,2.7783079899715375
10044,211,1055,1060,1,2.7783079899715375
10881,240,1200,1205,1,2.7783079899715375
11045,247,1235,1240,1,2.7783079899715375
11090,249,1245,1250,1,2.7783079899715375
11303,258,1290,1295,1,2.7783079899715375
11726,278,1390,1395,1,2.7783079899715375
11821,282,1410,1415,1,2.7783079899715375
11914,287,1435,1440,1,2.7783079899715375
12243,304,1520,1525,1,2.7783079899715375
12361,310,1550,1555,1,2.7783079899715375
12521,322,1610,1615,1,2.7783079899715375
12894,352,1760,1765,1,2.7783079899715375
13320,427,2135,2140,1,2.7783079899715375
13380,457,2285,2290,1,2.7783079899715375
19,0,0,5,1,2.7777205178439055
20,0,0,5,1,2.7777205178439055
225,2,10,15,1,2.7777205178439055
1011,7,35,40,1,2.7777205178439055
2753,28,140,145,1,2.7777205178439055
3292,37,185,190,1,2.7777205178439055
3462,40,200,205,1,2.7777205178439055
3772,46,230,235,1,2.7777205178439055
3872,48,240,245,1,2.7777205178439055
4283,56,280,285,1,2.7777205178439055
4331,57,285,290,1,2.7777205178439055
4332,57,285,290,1,2.7777205178439055
5460,82,410,415,1,2.7777205178439055
5611,86,430,435,1,2.7777205178439055
5720,89,445,450,1,2.7777205178439055
7233,131,655,660,1,2.7777205178439055
8710,172,860,865,1,2.7777205178439055
9034,181,905,910,1,2.7777205178439055
9164,185,925,930,1,2.7777205178439055
9327,190,950,955,1,2.7777205178439055
9799,203,1015,1020,1,2.7777205178439055
10071,212,1060,1065,1,2.7777205178439055
10195,216,1080,1085,1,2.7777205178439055
10224,217,1085,1090,1,2.7777205178439055
10516,227,1135,1140,1,2.7777205178439055
10936,243,1215,1220,1,2.7777205178439055
11111,250,1250,1255,1,2.7777205178439055
11112,250,1250,1255,1,2.7777205178439055
11283,257,1285,1290,1,2.7777205178439055
11526,268,1340,1345,1,2.7777205178439055
11581,271,1355,1360,1,2.7777205178439055
11725,278,1390,1395,1,2.7777205178439055
12151,298,1490,1495,1,2.7777205178439055
12306,307,1535,1540,1,2.7777205178439055
12768,342,1710,1715,1,2.7777205178439055
12784,343,1715,1720,1,2.7777205178439055
13029,367,1835,1840,1,2.7777205178439055
13117,380,1900,1905,1,2.7777205178439055
13415,478,2390,2395,1,2.7777205178439055
107,1,5,10,1,2.777720517839169
226,2,10,15,1,2.777720517839169
1629,13,65,70,1,2.777720517839169
3006,32,160,165,1,2.777720517839169
3413,39,195,200,1,2.777720517839169
4042,51,255,260,1,2.777720517839169
4233,55,275,280,1,2.777720517839169
4437,59,295,300,1,2.777720517839169
4593,62,310,315,1,2.777720517839169
6420,108,540,545,1,2.777720517839169
6543,112,560,565,1,2.777720517839169
6666,115,575,580,1,2.777720517839169
8117,154,770,775,1,2.777720517839169
8560,167,835,840,1,2.777720517839169
8770,174,870,875,1,2.777720517839169
9035,181,905,910,1,2.777720517839169
9722,201,1005,1010,1,2.777720517839169
9858,205,1025,1030,1,2.777720517839169
10162,215,1075,1080,1,2.777720517839169
10380,222,1110,1115,1,2.777720517839169
10440,224,1120,1125,1,2.777720517839169
10441,224,1120,1125,1,2.777720517839169
10596,230,1150,1155,1,2.777720517839169
10734,235,1175,1180,1,2.777720517839169
11168,252,1260,1265,1,2.777720517839169
11193,253,1265,1270,1,2.777720517839169
11237,255,1275,1280,1,2.777720517839169
11705,277,1385,1390,1,2.777720517839169
12033,292,1460,1465,1,2.777720517839169
12073,294,1470,1475,1,2.777720517839169
12074,294,1470,1475,1,2.777720517839169
12733,339,1695,1700,1,2.777720517839169
12856,349,1745,1750,1,2.777720517839169
13302,420,2100,2105,1,2.777720517839169
13344,436,2180,2185,1,2.777720517839169
17,0,0,5,1,2.777132810671018
106,1,5,10,1,2.777132810671018
1247,9,45,50,1,2.777132810671018
2405,23,115,120,1,2.777132810671018
2752,28,140,145,1,2.777132810671018
2935,31,155,160,1,2.777132810671018
3461,40,200,205,1,2.777132810671018
3771,46,230,235,1,2.777132810671018
3871,48,240,245,1,2.777132810671018
4135,53,265,270,1,2.777132810671018
4487,60,300,305,1,2.777132810671018
4679,64,320,325,1,2.777132810671018
5219,76,380,385,1,2.777132810671018
5834,92,460,465,1,2.777132810671018
6340,106,530,535,1,2.777132810671018
6727,117,585,590,1,2.777132810671018
8359,161,805,810,1,2.777132810671018
9163,185,925,930,1,2.777132810671018
9657,199,995,1000,1,2.777132810671018
9721,201,1005,1010,1,2.777132810671018
9761,202,1010,1015,1,2.777132810671018
9932,207,1035,1040,1,2.777132810671018
10101,213,1065,1070,1,2.777132810671018
10160,215,1075,1080,1,2.777132810671018
10223,217,1085,1090,1,2.777132810671018
10347,221,1105,1110,1,2.777132810671018
10348,221,1105,1110,1,2.777132810671018
10404,223,1115,1120,1,2.777132810671018
10494,226,1130,1135,1,2.777132810671018
10660,232,1160,1165,1,2.777132810671018
10733,235,1175,1180,1,2.777132810671018
10880,240,1200,1205,1,2.777132810671018
10990,245,1225,1230,1,2.777132810671018
11348,260,1300,1305,1,2.777132810671018
11551,269,1345,1350,1,2.777132810671018
11665,275,1375,1380,1,2.777132810671018
12372,311,1555,1560,1,2.777132810671018
12383,312,1560,1565,1,2.777132810671018
12821,346,1730,1735,1,2.777132810671018
13168,387,1935,1940,1,2.777132810671018
13379,457,2285,2290,1,2.777132810671018
563,4,20,25,1,2.777132810666282
720,5,25,30,1,2.777132810666282
869,6,30,35,1,2.777132810666282
2028,18,90,95,1,2.777132810666282
2880,30,150,155,1,2.777132810666282
3005,32,160,165,1,2.777132810666282
3352,38,190,195,1,2.777132810666282
3827,47,235,240,1,2.777132810666282
3828,47,235,240,1,2.777132810666282
4870,68,340,345,1,2.777132810666282
5267,77,385,390,1,2.777132810666282
6219,103,515,520,1,2.777132810666282
6474,110,550,555,1,2.777132810666282
6513,111,555,560,1,2.777132810666282
8331,160,800,805,1,2.777132810666282
8521,166,830,835,1,2.777132810666282
8522,166,830,835,1,2.777132810666282
9365,191,955,960,1,2.777132810666282
9585,197,985,990,1,2.777132810666282
9957,208,1040,1045,1,2.777132810666282
10161,215,1075,1080,1,2.777132810666282
10257,218,1090,1095,1,2.777132810666282
10515,227,1135,1140,1,2.777132810666282
10714,234,1170,1175,1,2.777132810666282
10989,245,1225,1230,1,2.777132810666282
11166,252,1260,1265,1,2.777132810666282
11167,252,1260,1265,1,2.777132810666282
11321,259,1295,1300,1,2.777132810666282
11375,261,1305,1310,1,2.777132810666282
11550,269,1345,1350,1,2.777132810666282
12167,299,1495,1500,1,2.777132810666282
12226,303,1515,1520,1,2.777132810666282
12413,314,1570,1575,1,2.777132810666282
12719,338,1690,1695,1,2.777132810666282
13306,421,2105,2110,1,2.777132810666282
13335,433,2165,2170,1,2.777132810666282
561,4,20,25,1,2.7765448685113574
1246,9,45,50,1,2.7765448685113574
2179,20,100,105,1,2.7765448685113574
2694,27,135,140,1,2.7765448685113574
3291,37,185,190,1,2.7765448685113574
3928,49,245,250,1,2.7765448685113574
4385,58,290,295,1,2.7765448685113574
4592,62,310,315,1,2.7765448685113574
5170,75,375,380,1,2.7765448685113574
5388,80,400,405,1,2.7765448685113574
5424,81,405,410,1,2.7765448685113574
5645,87,435,440,1,2.7765448685113574
6618,114,570,575,1,2.7765448685113574
7080,127,635,640,1,2.7765448685113574
7440,136,680,685,1,2.7765448685113574
8155,155,775,780,1,2.7765448685113574
8257,158,790,795,1,2.7765448685113574
8358,161,805,810,1,2.7765448685113574
8559,167,835,840,1,2.7765448685113574
8885,177,885,890,1,2.7765448685113574
9552,196,980,985,1,2.7765448685113574
9553,196,980,985,1,2.7765448685113574
9760,202,1010,1015,1,2.7765448685113574
9956,208,1040,1045,1,2.7765448685113574
10018,210,1050,1055,1,2.7765448685113574
10439,224,1120,1125,1,2.7765448685113574
10628,231,1155,1160,1,2.7765448685113574
10755,236,1180,1185,1,2.7765448685113574
10851,239,1195,1200,1,2.7765448685113574
10852,239,1195,1200,1,2.7765448685113574
11165,252,1260,1265,1,2.7765448685113574
11192,253,1265,1270,1,2.7765448685113574
11414,263,1315,1320,1,2.7765448685113574
11724,278,1390,1395,1,2.7765448685113574
11964,289,1445,1450,1,2.7765448685113574
12382,312,1560,1565,1,2.7765448685113574
13246,404,2020,2025,1,2.7765448685113574
13273,412,2060,2065,1,2.7765448685113574
15,0,0,5,1,2.776544868506623
16,0,0,5,1,2.776544868506623
560,4,20,25,1,2.776544868506623
718,5,25,30,1,2.776544868506623
1139,8,40,45,1,2.776544868506623
3237,36,180,185,1,2.776544868506623
3460,40,200,205,1,2.776544868506623
3770,46,230,235,1,2.776544868506623
4486,60,300,305,1,2.776544868506623
4997,71,355,360,1,2.776544868506623
5042,72,360,365,1,2.776544868506623
6147,101,505,510,1,2.776544868506623
7441,136,680,685,1,2.776544868506623
8082,153,765,770,1,2.776544868506623
8424,163,815,820,1,2.776544868506623
8654,170,850,855,1,2.776544868506623
8998,180,900,905,1,2.776544868506623
9257,188,940,945,1,2.776544868506623
9326,190,950,955,1,2.776544868506623
9798,203,1015,1020,1,2.776544868506623
9833,204,1020,1025,1,2.776544868506623
9993,209,1045,1050,1,2.776544868506623
10019,210,1050,1055,1,2.776544868506623
10291,219,1095,1100,1,2.776544868506623
10292,219,1095,1100,1,2.776544868506623
10688,233,1165,1170,1,2.776544868506623
10987,245,1225,1230,1,2.776544868506623
10988,245,1225,1230,1,2.776544868506623
11012,246,1230,1235,1,2.776544868506623
11413,263,1315,1320,1,2.776544868506623
11767,280,1400,1405,1,2.776544868506623
11852,283,1415,1420,1,2.776544868506623
12129,297,1485,1490,1,2.776544868506623
12929,355,1775,1780,1,2.776544868506623
13180,390,1950,1955,1,2.776544868506623
13323,429,2145,2150,1,2.776544868506623
222,2,10,15,1,2.7759566914068716
384,3,15,20,1,2.7759566914068716
558,4,20,25,1,2.7759566914068716
717,5,25,30,1,2.7759566914068716
867,6,30,35,1,2.7759566914068716
2549,25,125,130,1,2.7759566914068716
3519,41,205,210,1,2.7759566914068716
3564,42,210,215,1,2.7759566914068716
4188,54,270,275,1,2.7759566914068716
4232,55,275,280,1,2.7759566914068716
4915,69,345,350,1,2.7759566914068716
5978,96,480,485,1,2.7759566914068716
6146,101,505,510,1,2.7759566914068716
6862,121,605,610,1,2.7759566914068716
7352,134,670,675,1,2.7759566914068716
7386,135,675,680,1,2.7759566914068716
7486,137,685,690,1,2.7759566914068716
7791,145,725,730,1,2.7759566914068716
8116,154,770,775,1,2.7759566914068716
8187,156,780,785,1,2.7759566914068716
8601,168,840,845,1,2.7759566914068716
8602,168,840,845,1,2.7759566914068716
8813,175,875,880,1,2.7759566914068716
9362,191,955,960,1,2.7759566914068716
9363,191,955,960,1,2.7759566914068716
9550,196,980,985,1,2.7759566914068716
9759,202,1010,1015,1,2.7759566914068716
9896,206,1030,1035,1,2.7759566914068716
10379,222,1110,1115,1,2.7759566914068716
10595,230,1150,1155,1,2.7759566914068716
11110,250,1250,1255,1,2.7759566914068716
11164,252,1260,1265,1,2.7759566914068716
11263,256,1280,1285,1,2.7759566914068716
11684,276,1380,1385,1,2.7759566914068716
11703,277,1385,1390,1,2.7759566914068716
11904,286,1430,1435,1,2.7759566914068716
12032,292,1460,1465,1,2.7759566914068716
12072,294,1470,1475,1,2.7759566914068716
12324,308,1540,1545,1,2.7759566914068716
12534,323,1615,1620,1,2.7759566914068716
13191,392,1960,1965,1,2.7759566914068716
13356,443,2215,2220,1,2.7759566914068716
104,1,5,10,1,2.775956691402138
105,1,5,10,1,2.775956691402138
382,3,15,20,1,2.775956691402138
557,4,20,25,1,2.775956691402138
1137,8,40,45,1,2.775956691402138
1951,17,85,90,1,2.775956691402138
2934,31,155,160,1,2.775956691402138
3073,33,165,170,1,2.775956691402138
3668,44,220,225,1,2.775956691402138
3870,48,240,245,1,2.775956691402138
5354,79,395,400,1,2.775956691402138
5899,94,470,475,1,2.775956691402138
6218,103,515,520,1,2.775956691402138
6383,107,535,540,1,2.775956691402138
6693,116,580,585,1,2.775956691402138
7353,134,670,675,1,2.775956691402138
7439,136,680,685,1,2.775956691402138
7619,140,700,705,1,2.775956691402138
8256,158,790,795,1,2.775956691402138
8457,164,820,825,1,2.775956691402138
8558,167,835,840,1,2.775956691402138
8769,174,870,875,1,2.775956691402138
9102,183,915,920,1,2.775956691402138
9229,187,935,940,1,2.775956691402138
9551,196,980,985,1,2.775956691402138
10159,215,1075,1080,1,2.775956691402138
10659,232,1160,1165,1,2.775956691402138
10754,236,1180,1185,1,2.775956691402138
10850,239,1195,1200,1,2.775956691402138
11163,252,1260,1265,1,2.775956691402138
11191,253,1265,1270,1,2.775956691402138
11644,274,1370,1375,1,2.775956691402138
11685,276,1380,1385,1,2.775956691402138
11704,277,1385,1390,1,2.775956691402138
11937,288,1440,1445,1,2.775956691402138
12520,322,1610,1615,1,2.775956691402138
13134,382,1910,1915,1,2.775956691402138
13331,432,2160,2165,1,2.775956691402138
102,1,5,10,1,2.775368279413926
381,3,15,20,1,2.775368279413926
555,4,20,25,1,2.775368279413926
2693,27,135,140,1,2.775368279413926
3178,35,175,180,1,2.775368279413926
3667,44,220,225,1,2.775368279413926
4436,59,295,300,1,2.775368279413926
6217,103,515,520,1,2.775368279413926
6382,107,535,540,1,2.775368279413926
6617,114,570,575,1,2.775368279413926
7232,131,655,660,1,2.775368279413926
7385,135,675,680,1,2.775368279413926
7438,136,680,685,1,2.775368279413926
7862,147,735,740,1,2.775368279413926
8008,151,755,760,1,2.775368279413926
8154,155,775,780,1,2.775368279413926
8330,160,800,805,1,2.775368279413926
8423,163,815,820,1,2.775368279413926
9069,182,910,915,1,2.775368279413926
9228,187,935,940,1,2.775368279413926
9361,191,955,960,1,2.775368279413926
9832,204,1020,1025,1,2.775368279413926
10193,216,1080,1085,1,2.775368279413926
10194,216,1080,1085,1,2.775368279413926
10493,226,1130,1135,1,2.775368279413926
10627,231,1155,1160,1,2.775368279413926
10935,243,1215,1220,1,2.775368279413926
11872,284,1420,1425,1,2.775368279413926
11873,284,1420,1425,1,2.775368279413926
12009,291,1455,1460,1,2.775368279413926
12107,296,1480,1485,1,2.775368279413926
12166,299,1495,1500,1,2.775368279413926
12207,302,1510,1515,1,2.775368279413926
12486,319,1595,1600,1,2.775368279413926
12605,328,1640,1645,1,2.775368279413926
12678,334,1670,1675,1,2.775368279413926
13044,368,1840,1845,1,2.775368279413926
13174,388,1940,1945,1,2.775368279413926
13364,447,2235,2240,1,2.775368279413926
714,5,25,30,1,2.7753682794091934
715,5,25,30,1,2.7753682794091934
716,5,25,30,1,2.7753682794091934
1627,13,65,70,1,2.7753682794091934
1628,13,65,70,1,2.7753682794091934
2816,29,145,150,1,2.7753682794091934
4090,52,260,265,1,2.7753682794091934
4541,61,305,310,1,2.7753682794091934
5719,89,445,450,1,2.7753682794091934
6665,115,575,580,1,2.7753682794091934
6726,117,585,590,1,2.7753682794091934
6831,120,600,605,1,2.7753682794091934
7536,138,690,695,1,2.7753682794091934
7687,142,710,715,1,2.7753682794091934
7722,143,715,720,1,2.7753682794091934
7933,149,745,750,1,2.7753682794091934
8681,171,855,860,1,2.7753682794091934
9070,182,910,915,1,2.7753682794091934
9256,188,940,945,1,2.7753682794091934
9443,193,965,970,1,2.7753682794091934
9992,209,1045,1050,1,2.7753682794091934
10290,219,1095,1100,1,2.7753682794091934
10573,229,1145,1150,1,2.7753682794091934
11043,247,1235,1240,1,2.7753682794091934
11138,251,1255,1260,1,2.7753682794091934
11282,257,1285,1290,1,2.7753682794091934
11549,269,1345,1350,1,2.7753682794091934
12008,291,1455,1460,1,2.7753682794091934
12259,305,1525,1530,1,2.7753682794091934
12260,305,1525,1530,1,2.7753682794091934
12455,317,1585,1590,1,2.7753682794091934
12677,334,1670,1675,1,2.7753682794091934
12747,340,1700,1705,1,2.7753682794091934
12855,349,1745,1750,1,2.7753682794091934
13258,406,2030,2035,1,2.7753682794091934
219,2,10,15,1,2.7747796325810232
1136,8,40,45,1,2.7747796325810232
1345,10,50,55,1,2.7747796325810232
1786,15,75,80,1,2.7747796325810232
2027,18,90,95,1,2.7747796325810232
2109,19,95,100,1,2.7747796325810232
2751,28,140,145,1,2.7747796325810232
3072,33,165,170,1,2.7747796325810232
4637,63,315,320,1,2.7747796325810232
4996,71,355,360,1,2.7747796325810232
6075,99,495,500,1,2.7747796325810232
6184,102,510,515,1,2.7747796325810232
6664,115,575,580,1,2.7747796325810232
7617,140,700,705,1,2.7747796325810232
7967,150,750,755,1,2.7747796325810232
8292,159,795,800,1,2.7747796325810232
9101,183,915,920,1,2.7747796325810232
9360,191,955,960,1,2.7747796325810232
9481,194,970,975,1,2.7747796325810232
9620,198,990,995,1,2.7747796325810232
9830,204,1020,1025,1,2.7747796325810232
9895,206,1030,1035,1,2.7747796325810232
10256,218,1090,1095,1,2.7747796325810232
10438,224,1120,1125,1,2.7747796325810232
10732,235,1175,1180,1,2.7747796325810232
10813,238,1190,1195,1,2.7747796325810232
10961,244,1220,1225,1,2.7747796325810232
11281,257,1285,1290,1,2.7747796325810232
11394,262,1310,1315,1,2.7747796325810232
11548,269,1345,1350,1,2.7747796325810232
11765,280,1400,1405,1,2.7747796325810232
11766,280,1400,1405,1,2.7747796325810232
11963,289,1445,1450,1,2.7747796325810232
12241,304,1520,1525,1,2.7747796325810232
12242,304,1520,1525,1,2.7747796325810232
12651,332,1660,1665,1,2.7747796325810232
12695,335,1675,1680,1,2.7747796325810232
13334,433,2165,2170,1,2.7747796325810232
13,0,0,5,1,2.7747796325762915
712,5,25,30,1,2.7747796325762915
866,6,30,35,1,2.7747796325762915
1699,14,70,75,1,2.7747796325762915
1950,17,85,90,1,2.7747796325762915
2264,21,105,110,1,2.7747796325762915
3826,47,235,240,1,2.7747796325762915
3869,48,240,245,1,2.7747796325762915
4041,51,255,260,1,2.7747796325762915
5869,93,465,470,1,2.7747796325762915
6145,101,505,510,1,2.7747796325762915
6254,104,520,525,1,2.7747796325762915
6542,112,560,565,1,2.7747796325762915
6999,125,625,630,1,2.7747796325762915
8520,166,830,835,1,2.7747796325762915
8680,171,855,860,1,2.7747796325762915
8884,177,885,890,1,2.7747796325762915
8997,180,900,905,1,2.7747796325762915
9162,185,925,930,1,2.7747796325762915
9688,200,1000,1005,1,2.7747796325762915
9829,204,1020,1025,1,2.7747796325762915
10346,221,1105,1110,1,2.7747796325762915
10687,233,1165,1170,1,2.7747796325762915
10849,239,1195,1200,1,2.7747796325762915
10986,245,1225,1230,1,2.7747796325762915
11137,251,1255,1260,1,2.7747796325762915
11302,258,1290,1295,1,2.7747796325762915
11320,259,1295,1300,1,2.7747796325762915
11395,262,1310,1315,1,2.7747796325762915
12053,293,1465,1470,1,2.7747796325762915
12088,295,1475,1480,1,2.7747796325762915
12195,301,1505,1510,1,2.7747796325762915
12323,308,1540,1545,1,2.7747796325762915
12746,340,1700,1705,1,2.7747796325762915
12957,358,1790,1795,1,2.7747796325762915
12974,361,1805,1810,1,2.7747796325762915
13353,440,2200,2205,1,2.7747796325762915
554,4,20,25,1,2.7741907509592854
2026,18,90,95,1,2.7741907509592854
3124,34,170,175,1,2.7741907509592854
3412,39,195,200,1,2.7741907509592854
3986,50,250,255,1,2.7741907509592854
4485,60,300,305,1,2.7741907509592854
4780,66,330,335,1,2.7741907509592854
6541,112,560,565,1,2.7741907509592854
7278,132,660,665,1,2.7741907509592854
8630,169,845,850,1,2.7741907509592854
8848,176,880,885,1,2.7741907509592854
9517,195,975,980,1,2.7741907509592854
9619,198,990,995,1,2.7741907509592854
9797,203,1015,1020,1,2.7741907509592854
9828,204,1020,1025,1,2.7741907509592854
9931,207,1035,1040,1,2.7741907509592854
9955,208,1040,1045,1,2.7741907509592854
10100,213,1065,1070,1,2.7741907509592854
10222,217,1085,1090,1,2.7741907509592854
10344,221,1105,1110,1,2.7741907509592854
10345,221,1105,1110,1,2.7741907509592854
10437,224,1120,1125,1,2.7741907509592854
10626,231,1155,1160,1,2.7741907509592854
10848,239,1195,1200,1,2.7741907509592854
11570,270,1350,1355,1,2.7741907509592854
11702,277,1385,1390,1,2.7741907509592854
11871,284,1420,1425,1,2.7741907509592854
11891,285,1425,1430,1,2.7741907509592854
12305,307,1535,1540,1,2.7741907509592854
12338,309,1545,1550,1,2.7741907509592854
12485,319,1595,1600,1,2.7741907509592854
12854,349,1745,1750,1,2.7741907509592854
13018,366,1830,1835,1,2.7741907509592854
380,3,15,20,1,2.774190750954555
1245,9,45,50,1,2.774190750954555
1866,16,80,85,1,2.774190750954555
2628,26,130,135,1,2.774190750954555
2878,30,150,155,1,2.774190750954555
3236,36,180,185,1,2.774190750954555
4540,61,305,310,1,2.774190750954555
4962,70,350,355,1,2.774190750954555
5567,85,425,430,1,2.774190750954555
5568,85,425,430,1,2.774190750954555
6792,119,595,600,1,2.774190750954555
7932,149,745,750,1,2.774190750954555
8557,167,835,840,1,2.774190750954555
9286,189,945,950,1,2.774190750954555
9516,195,975,980,1,2.774190750954555
9720,201,1005,1010,1,2.774190750954555
10126,214,1070,1075,1,2.774190750954555
10192,216,1080,1085,1,2.774190750954555
10436,224,1120,1125,1,2.774190750954555
10535,228,1140,1145,1,2.774190750954555
10572,229,1145,1150,1,2.774190750954555
10594,230,1150,1155,1,2.774190750954555
10784,237,1185,1190,1,2.774190750954555
10847,239,1195,1200,1,2.774190750954555
10934,243,1215,1220,1,2.774190750954555
11525,268,1340,1345,1,2.774190750954555
11547,269,1345,1350,1,2.774190750954555
11571,270,1350,1355,1,2.774190750954555
11745,279,1395,1400,1,2.774190750954555
12533,323,1615,1620,1,2.774190750954555
12592,327,1635,1640,1,2.774190750954555
12745,340,1700,1705,1,2.774190750954555
12844,348,1740,1745,1,2.774190750954555
13099,377,1885,1890,1,2.774190750954555
1444,11,55,60,1,2.7736016345932817
2108,19,95,100,1,2.7736016345932817
3459,40,200,205,1,2.7736016345932817
3927,49,245,250,1,2.7736016345932817
4231,55,275,280,1,2.7736016345932817
4678,64,320,325,1,2.7736016345932817
4914,69,345,350,1,2.7736016345932817
5609,86,430,435,1,2.7736016345932817
7078,127,635,640,1,2.7736016345932817
7079,127,635,640,1,2.7736016345932817
7750,144,720,725,1,2.7736016345932817
7931,149,745,750,1,2.7736016345932817
8042,152,760,765,1,2.7736016345932817
8629,169,845,850,1,2.7736016345932817
8741,173,865,870,1,2.7736016345932817
8918,178,890,895,1,2.7736016345932817
9068,182,910,915,1,2.7736016345932817
9285,189,945,950,1,2.7736016345932817
9325,190,950,955,1,2.7736016345932817
9549,196,980,985,1,2.7736016345932817
9686,200,1000,1005,1,2.7736016345932817
9687,200,1000,1005,1,2.7736016345932817
10403,223,1115,1120,1,2.7736016345932817
10435,224,1120,1125,1,2.7736016345932817
10753,236,1180,1185,1,2.7736016345932817
11190,253,1265,1270,1,2.7736016345932817
11211,254,1270,1275,1,2.7736016345932817
11236,255,1275,1280,1,2.7736016345932817
11618,273,1365,1370,1,2.7736016345932817
11890,285,1425,1430,1,2.7736016345932817
11990,290,1450,1455,1,2.7736016345932817
12150,298,1490,1495,1,2.7736016345932817
12165,299,1495,1500,1,2.7736016345932817
12225,303,1515,1520,1,2.7736016345932817
12337,309,1545,1550,1,2.7736016345932817
12497,320,1600,1605,1,2.7736016345932817
12,0,0,5,1,2.773601634588552
98,1,5,10,1,2.773601634588552
218,2,10,15,1,2.773601634588552
377,3,15,20,1,2.773601634588552
1244,9,45,50,1,2.773601634588552
1949,17,85,90,1,2.773601634588552
2750,28,140,145,1,2.773601634588552
3724,45,225,230,1,2.773601634588552
4330,57,285,290,1,2.773601634588552
4435,59,295,300,1,2.773601634588552
4869,68,340,345,1,2.773601634588552
5169,75,375,380,1,2.773601634588552
7721,143,715,720,1,2.773601634588552
7897,148,740,745,1,2.773601634588552
8115,154,770,775,1,2.773601634588552
8153,155,775,780,1,2.773601634588552
8255,158,790,795,1,2.773601634588552
8486,165,825,830,1,2.773601634588552
8883,177,885,890,1,2.773601634588552
8996,180,900,905,1,2.773601634588552
9227,187,935,940,1,2.773601634588552
9442,193,965,970,1,2.773601634588552
9656,199,995,1000,1,2.773601634588552
9719,201,1005,1010,1,2.773601634588552
10221,217,1085,1090,1,2.773601634588552
10514,227,1135,1140,1,2.773601634588552
11261,256,1280,1285,1,2.773601634588552
11262,256,1280,1285,1,2.773601634588552
11433,264,1320,1325,1,2.773601634588552
11478,266,1330,1335,1,2.773601634588552
11523,268,1340,1345,1,2.773601634588552
11524,268,1340,1345,1,2.773601634588552
11619,273,1365,1370,1,2.773601634588552
11723,278,1390,1395,1,2.773601634588552
11889,285,1425,1430,1,2.773601634588552
12007,291,1455,1460,1,2.773601634588552
12071,294,1470,1475,1,2.773601634588552
12106,296,1480,1485,1,2.773601634588552
12424,315,1575,1580,1,2.773601634588552
12532,323,1615,1620,1,2.773601634588552
96,1,5,10,1,2.773012283539379
214,2,10,15,1,2.773012283539379
709,5,25,30,1,2.773012283539379
710,5,25,30,1,2.773012283539379
1009,7,35,40,1,2.773012283539379
1698,14,70,75,1,2.773012283539379
2263,21,105,110,1,2.773012283539379
2877,30,150,155,1,2.773012283539379
3768,46,230,235,1,2.773012283539379
3769,46,230,235,1,2.773012283539379
3868,48,240,245,1,2.773012283539379
4282,56,280,285,1,2.773012283539379
5218,76,380,385,1,2.773012283539379
5799,91,455,460,1,2.773012283539379
6663,115,575,580,1,2.773012283539379
6998,125,625,630,1,2.773012283539379
7320,133,665,670,1,2.773012283539379
7896,148,740,745,1,2.773012283539379
8291,159,795,800,1,2.773012283539379
8456,164,820,825,1,2.773012283539379
8519,166,830,835,1,2.773012283539379
8628,169,845,850,1,2.773012283539379
8709,172,860,865,1,2.773012283539379
8740,173,865,870,1,2.773012283539379
9161,185,925,930,1,2.773012283539379
9618,198,990,995,1,2.773012283539379
9655,199,995,1000,1,2.773012283539379
10017,210,1050,1055,1,2.773012283539379
10625,231,1155,1160,1,2.773012283539379
10658,232,1160,1165,1,2.773012283539379
10911,242,1210,1215,1,2.773012283539379
11011,246,1230,1235,1,2.773012283539379
11109,250,1250,1255,1,2.773012283539379
11162,252,1260,1265,1,2.773012283539379
11235,255,1275,1280,1,2.773012283539379
11319,259,1295,1300,1,2.773012283539379
11820,282,1410,1415,1,2.773012283539379
11988,290,1450,1455,1,2.773012283539379
12031,292,1460,1465,1,2.773012283539379
12164,299,1495,1500,1,2.773012283539379
12434,316,1580,1585,1,2.773012283539379
12676,334,1670,1675,1,2.773012283539379
213,2,10,15,1,2.773012283534651
215,2,10,15,1,2.773012283534651
216,2,10,15,1,2.773012283534651
1243,9,45,50,1,2.773012283534651
1625,13,65,70,1,2.773012283534651
1865,16,80,85,1,2.773012283534651
2025,18,90,95,1,2.773012283534651
2692,27,135,140,1,2.773012283534651
2815,29,145,150,1,2.773012283534651
3071,33,165,170,1,2.773012283534651
3825,47,235,240,1,2.773012283534651
4961,70,350,355,1,2.773012283534651
6339,106,530,535,1,2.773012283534651
6419,108,540,545,1,2.773012283534651
6791,119,595,600,1,2.773012283534651
7833,146,730,735,1,2.773012283534651
7966,150,750,755,1,2.773012283534651
8152,155,775,780,1,2.773012283534651
8386,162,810,815,1,2.773012283534651
8422,163,815,820,1,2.773012283534651
8961,179,895,900,1,2.773012283534651
9137,184,920,925,1,2.773012283534651
10190,216,1080,1085,1,2.773012283534651
10191,216,1080,1085,1,2.773012283534651
10343,221,1105,1110,1,2.773012283534651
10571,229,1145,1150,1,2.773012283534651
10731,235,1175,1180,1,2.773012283534651
10910,242,1210,1215,1,2.773012283534651
10933,243,1215,1220,1,2.773012283534651
11642,274,1370,1375,1,2.773012283534651
11643,274,1370,1375,1,2.773012283534651
11701,277,1385,1390,1,2.773012283534651
12070,294,1470,1475,1,2.773012283534651
12087,295,1475,1480,1,2.773012283534651
12473,318,1590,1595,1,2.773012283534651
12474,318,1590,1595,1,2.773012283534651
12757,341,1705,1710,1,2.773012283534651
374,3,15,20,1,2.7724226978421465
376,3,15,20,1,2.7724226978421465
548,4,20,25,1,2.7724226978421465
864,6,30,35,1,2.7724226978421465
1624,13,65,70,1,2.7724226978421465
1863,16,80,85,1,2.7724226978421465
2333,22,110,115,1,2.7724226978421465
2933,31,155,160,1,2.7724226978421465
3985,50,250,255,1,2.7724226978421465
4329,57,285,290,1,2.7724226978421465
5217,76,380,385,1,2.7724226978421465
5798,91,455,460,1,2.7724226978421465
6512,111,555,560,1,2.7724226978421465
6725,117,585,590,1,2.7724226978421465
6829,120,600,605,1,2.7724226978421465
7162,129,645,650,1,2.7724226978421465
7319,133,665,670,1,2.7724226978421465
7576,139,695,700,1,2.7724226978421465
7832,146,730,735,1,2.7724226978421465
7895,148,740,745,1,2.7724226978421465
7930,149,745,750,1,2.7724226978421465
8357,161,805,810,1,2.7724226978421465
8626,169,845,850,1,2.7724226978421465
8627,169,845,850,1,2.7724226978421465
9255,188,940,945,1,2.7724226978421465
9399,192,960,965,1,2.7724226978421465
9794,203,1015,1020,1,2.7724226978421465
9795,203,1015,1020,1,2.7724226978421465
9991,209,1045,1050,1,2.7724226978421465
10158,215,1075,1080,1,2.7724226978421465
10492,226,1130,1135,1,2.7724226978421465
10534,228,1140,1145,1,2.7724226978421465
10624,231,1155,1160,1,2.7724226978421465
10713,234,1170,1175,1,2.7724226978421465
11010,246,1230,1235,1,2.7724226978421465
11347,260,1300,1305,1,2.7724226978421465
11744,279,1395,1400,1,2.7724226978421465
11819,282,1410,1415,1,2.7724226978421465
11888,285,1425,1430,1,2.7724226978421465
12105,296,1480,1485,1,2.7724226978421465
547,4,20,25,1,2.7724226978374187
1135,8,40,45,1,2.7724226978374187
1784,15,75,80,1,2.7724226978374187
2478,24,120,125,1,2.7724226978374187
3003,32,160,165,1,2.7724226978374187
3004,32,160,165,1,2.7724226978374187
3517,41,205,210,1,2.7724226978374187
6011,97,485,490,1,2.7724226978374187
6144,101,505,510,1,2.7724226978374187
6442,109,545,550,1,2.7724226978374187
6895,122,610,615,1,2.7724226978374187
6937,123,615,620,1,2.7724226978374187
6997,125,625,630,1,2.7724226978374187
8081,153,765,770,1,2.7724226978374187
8356,161,805,810,1,2.7724226978374187
8455,164,820,825,1,2.7724226978374187
8812,175,875,880,1,2.7724226978374187
9930,207,1035,1040,1,2.7724226978374187
10220,217,1085,1090,1,2.7724226978374187
10320,220,1100,1105,1,2.7724226978374187
10342,221,1105,1110,1,2.7724226978374187
10378,222,1110,1115,1,2.7724226978374187
10783,237,1185,1190,1,2.7724226978374187
10893,241,1205,1210,1,2.7724226978374187
11234,255,1275,1280,1,2.7724226978374187
11318,259,1295,1300,1,2.7724226978374187
11412,263,1315,1320,1,2.7724226978374187
11569,270,1350,1355,1,2.7724226978374187
12519,322,1610,1615,1,2.7724226978374187
12564,325,1625,1630,1,2.7724226978374187
10,0,0,5,1,2.771832877556638
94,1,5,10,1,2.771832877556638
211,2,10,15,1,2.771832877556638
545,4,20,25,1,2.771832877556638
546,4,20,25,1,2.771832877556638
1343,10,50,55,1,2.771832877556638
1443,11,55,60,1,2.771832877556638
1947,17,85,90,1,2.771832877556638
1948,17,85,90,1,2.771832877556638
2262,21,105,110,1,2.771832877556638
3458,40,200,205,1,2.771832877556638
4636,63,315,320,1,2.771832877556638
4736,65,325,330,1,2.771832877556638
5352,79,395,400,1,2.771832877556638
5644,87,435,440,1,2.771832877556638
5718,89,445,450,1,2.771832877556638
6043,98,490,495,1,2.771832877556638
6418,108,540,545,1,2.771832877556638
6958,124,620,625,1,2.771832877556638
6959,124,620,625,1,2.771832877556638
7077,127,635,640,1,2.771832877556638
7789,145,725,730,1,2.771832877556638
7790,145,725,730,1,2.771832877556638
8254,158,790,795,1,2.771832877556638
8289,159,795,800,1,2.771832877556638
9135,184,920,925,1,2.771832877556638
9160,185,925,930,1,2.771832877556638
9193,186,930,935,1,2.771832877556638
9440,193,965,970,1,2.771832877556638
9479,194,970,975,1,2.771832877556638
9480,194,970,975,1,2.771832877556638
10099,213,1065,1070,1,2.771832877556638
10155,215,1075,1080,1,2.771832877556638
10156,215,1075,1080,1,2.771832877556638
10341,221,1105,1110,1,2.771832877556638
10513,227,1135,1140,1,2.771832877556638
10846,239,1195,1200,1,2.771832877556638
10932,243,1215,1220,1,2.771832877556638
11501,267,1335,1340,1,2.771832877556638
12030,292,1460,1465,1,2.771832877556638
12240,304,1520,1525,1,2.771832877556638
1008,7,35,40,1,2.7718328775519114
1242,9,45,50,1,2.7718328775519114
1536,12,60,65,1,2.7718328775519114
1946,17,85,90,1,2.7718328775519114
2332,22,110,115,1,2.7718328775519114
2690,27,135,140,1,2.7718328775519114
2691,27,135,140,1,2.7718328775519114
4187,54,270,275,1,2.7718328775519114
4913,69,345,350,1,2.7718328775519114
5088,73,365,370,1,2.7718328775519114
5897,94,470,475,1,2.7718328775519114
5898,94,470,475,1,2.7718328775519114
6183,102,510,515,1,2.7718328775519114
6790,119,595,600,1,2.7718328775519114
7534,138,690,695,1,2.7718328775519114
7616,140,700,705,1,2.7718328775519114
7720,143,715,720,1,2.7718328775519114
8556,167,835,840,1,2.7718328775519114
8767,174,870,875,1,2.7718328775519114
8847,176,880,885,1,2.7718328775519114
9284,189,945,950,1,2.7718328775519114
9441,193,965,970,1,2.7718328775519114
9584,197,985,990,1,2.7718328775519114
9718,201,1005,1010,1,2.7718328775519114
9929,207,1035,1040,1,2.7718328775519114
9954,208,1040,1045,1,2.7718328775519114
10098,213,1065,1070,1,2.7718328775519114
10157,215,1075,1080,1,2.7718328775519114
10254,218,1090,1095,1,2.7718328775519114
10433,224,1120,1125,1,2.7718328775519114
10434,224,1120,1125,1,2.7718328775519114
10730,235,1175,1180,1,2.7718328775519114
11070,248,1240,1245,1,2.7718328775519114
11346,260,1300,1305,1,2.7718328775519114
11700,277,1385,1390,1,2.7718328775519114
12578,326,1630,1635,1,2.7718328775519114
544,4,20,25,1,2.771242822726114
861,6,30,35,1,2.771242822726114
1341,10,50,55,1,2.771242822726114
1342,10,50,55,1,2.771242822726114
2024,18,90,95,1,2.771242822726114
3235,36,180,185,1,2.771242822726114
3290,37,185,190,1,2.771242822726114
3411,39,195,200,1,2.771242822726114
3824,47,235,240,1,2.771242822726114
4539,61,305,310,1,2.771242822726114
4590,62,310,315,1,2.771242822726114
5351,79,395,400,1,2.771242822726114
5495,83,415,420,1,2.771242822726114
5565,85,425,430,1,2.771242822726114
5566,85,425,430,1,2.771242822726114
5756,90,450,455,1,2.771242822726114
6724,117,585,590,1,2.771242822726114
7437,136,680,685,1,2.771242822726114
7575,139,695,700,1,2.771242822726114
8329,160,800,805,1,2.771242822726114
8599,168,840,845,1,2.771242822726114
8625,169,845,850,1,2.771242822726114
8882,177,885,890,1,2.771242822726114
8959,179,895,900,1,2.771242822726114
8960,179,895,900,1,2.771242822726114
9033,181,905,910,1,2.771242822726114
9398,192,960,965,1,2.771242822726114
9583,197,985,990,1,2.771242822726114
9654,199,995,1000,1,2.771242822726114
9894,206,1030,1035,1,2.771242822726114
10043,211,1055,1060,1,2.771242822726114
10340,221,1105,1110,1,2.771242822726114
10712,234,1170,1175,1,2.771242822726114
11374,261,1305,1310,1,2.771242822726114
11795,281,1405,1410,1,2.771242822726114
12423,315,1575,1580,1,2.771242822726114
12563,325,1625,1630,1,2.771242822726114
707,5,25,30,1,2.7712428227213883
862,6,30,35,1,2.7712428227213883
1241,9,45,50,1,2.7712428227213883
1442,11,55,60,1,2.7712428227213883
1535,12,60,65,1,2.7712428227213883
2106,19,95,100,1,2.7712428227213883
2477,24,120,125,1,2.7712428227213883
3516,41,205,210,1,2.7712428227213883
4591,62,310,315,1,2.7712428227213883
4635,63,315,320,1,2.7712428227213883
4829,67,335,340,1,2.7712428227213883
4995,71,355,360,1,2.7712428227213883
5457,82,410,415,1,2.7712428227213883
5643,87,435,440,1,2.7712428227213883
5683,88,440,445,1,2.7712428227213883
5930,95,475,480,1,2.7712428227213883
7533,138,690,695,1,2.7712428227213883
7653,141,705,710,1,2.7712428227213883
8454,164,820,825,1,2.7712428227213883
8958,179,895,900,1,2.7712428227213883
9067,182,910,915,1,2.7712428227213883
9134,184,920,925,1,2.7712428227213883
9192,186,930,935,1,2.7712428227213883
9254,188,940,945,1,2.7712428227213883
9478,194,970,975,1,2.7712428227213883
9548,196,980,985,1,2.7712428227213883
9653,199,995,1000,1,2.7712428227213883
10377,222,1110,1115,1,2.7712428227213883
10491,226,1130,1135,1,2.7712428227213883
10533,228,1140,1145,1,2.7712428227213883
10623,231,1155,1160,1,2.7712428227213883
11600,272,1360,1365,1,2.7712428227213883
12163,299,1495,1500,1,2.7712428227213883
369,3,15,20,1,2.770652533406939
859,6,30,35,1,2.770652533406939
1240,9,45,50,1,2.770652533406939
1340,10,50,55,1,2.770652533406939
1783,15,75,80,1,2.770652533406939
1945,17,85,90,1,2.770652533406939
2627,26,130,135,1,2.770652533406939
3351,38,190,195,1,2.770652533406939
3723,45,225,230,1,2.770652533406939
3767,46,230,235,1,2.770652533406939
3926,49,245,250,1,2.770652533406939
3984,50,250,255,1,2.770652533406939
4134,53,265,270,1,2.770652533406939
4384,58,290,295,1,2.770652533406939
5216,76,380,385,1,2.770652533406939
6616,114,570,575,1,2.770652533406939
6828,120,600,605,1,2.770652533406939
7161,129,645,650,1,2.770652533406939
7485,137,685,690,1,2.770652533406939
7788,145,725,730,1,2.770652533406939
7929,149,745,750,1,2.770652533406939
8186,156,780,785,1,2.770652533406939
8288,159,795,800,1,2.770652533406939
8453,164,820,825,1,2.770652533406939
8484,165,825,830,1,2.770652533406939
8555,167,835,840,1,2.770652533406939
8598,168,840,845,1,2.770652533406939
9099,183,915,920,1,2.770652533406939
9100,183,915,920,1,2.770652533406939
9477,194,970,975,1,2.770652533406939
10042,211,1055,1060,1,2.770652533406939
10070,212,1060,1065,1,2.770652533406939
10752,236,1180,1185,1,2.770652533406939
11161,252,1260,1265,1,2.770652533406939
12104,296,1480,1485,1,2.770652533406939
12991,363,1815,1820,1,2.770652533406939
706,5,25,30,1,2.7706525334022145
860,6,30,35,1,2.7706525334022145
2547,25,125,130,1,2.7706525334022145
3002,32,160,165,1,2.7706525334022145
3665,44,220,225,1,2.7706525334022145
3867,48,240,245,1,2.7706525334022145
3983,50,250,255,1,2.7706525334022145
4040,51,255,260,1,2.7706525334022145
4089,52,260,265,1,2.7706525334022145
4779,66,330,335,1,2.7706525334022145
4994,71,355,360,1,2.7706525334022145
5929,95,475,480,1,2.7706525334022145
5977,96,480,485,1,2.7706525334022145
7384,135,675,680,1,2.7706525334022145
7436,136,680,685,1,2.7706525334022145
7861,147,735,740,1,2.7706525334022145
8421,163,815,820,1,2.7706525334022145
8485,165,825,830,1,2.7706525334022145
8518,166,830,835,1,2.7706525334022145
8708,172,860,865,1,2.7706525334022145
8739,173,865,870,1,2.7706525334022145
9283,189,945,950,1,2.7706525334022145
9397,192,960,965,1,2.7706525334022145
9617,198,990,995,1,2.7706525334022145
9892,206,1030,1035,1,2.7706525334022145
9990,209,1045,1050,1,2.7706525334022145
10016,210,1050,1055,1,2.7706525334022145
11411,263,1315,1320,1,2.7706525334022145
12783,343,1715,1720,1,2.7706525334022145
13133,382,1910,1915,1,2.7706525334022145
1004,7,35,40,1,2.770062009644994
1132,8,40,45,1,2.770062009644994
1782,15,75,80,1,2.770062009644994
2023,18,90,95,1,2.770062009644994
2178,20,100,105,1,2.770062009644994
2261,21,105,110,1,2.770062009644994
2814,29,145,150,1,2.770062009644994
3123,34,170,175,1,2.770062009644994
3234,36,180,185,1,2.770062009644994
3515,41,205,210,1,2.770062009644994
3664,44,220,225,1,2.770062009644994
3722,45,225,230,1,2.770062009644994
5168,75,375,380,1,2.770062009644994
5307,78,390,395,1,2.770062009644994
5564,85,425,430,1,2.770062009644994
5717,89,445,450,1,2.770062009644994
6338,106,530,535,1,2.770062009644994
6692,116,580,585,1,2.770062009644994
7231,131,655,660,1,2.770062009644994
7532,138,690,695,1,2.770062009644994
7686,142,710,715,1,2.770062009644994
7860,147,735,740,1,2.770062009644994
7928,149,745,750,1,2.770062009644994
8007,151,755,760,1,2.770062009644994
8151,155,775,780,1,2.770062009644994
8287,159,795,800,1,2.770062009644994
8811,175,875,880,1,2.770062009644994
9282,189,945,950,1,2.770062009644994
9582,197,985,990,1,2.770062009644994
9717,201,1005,1010,1,2.770062009644994
10467,225,1125,1130,1,2.770062009644994
10931,243,1215,1220,1,2.770062009644994
11089,249,1245,1250,1,2.770062009644994
11210,254,1270,1275,1,2.770062009644994
12509,321,1605,1610,1,2.770062009644994
12694,335,1675,1680,1,2.770062009644994
541,4,20,25,1,2.77006200964027
705,5,25,30,1,2.77006200964027
1003,7,35,40,1,2.77006200964027
1339,10,50,55,1,2.77006200964027
1861,16,80,85,1,2.77006200964027
2876,30,150,155,1,2.77006200964027
3070,33,165,170,1,2.77006200964027
3663,44,220,225,1,2.77006200964027
4039,51,255,260,1,2.77006200964027
4434,59,295,300,1,2.77006200964027
4484,60,300,305,1,2.77006200964027
5928,95,475,480,1,2.77006200964027
6380,107,535,540,1,2.77006200964027
6662,115,575,580,1,2.77006200964027
6894,122,610,615,1,2.77006200964027
7203,130,650,655,1,2.77006200964027
7894,148,740,745,1,2.77006200964027
8080,153,765,770,1,2.77006200964027
8253,158,790,795,1,2.77006200964027
8420,163,815,820,1,2.77006200964027
9133,184,920,925,1,2.77006200964027
9226,187,935,940,1,2.77006200964027
9476,194,970,975,1,2.77006200964027
9857,205,1025,1030,1,2.77006200964027
9953,208,1040,1045,1,2.77006200964027
10376,222,1110,1115,1,2.77006200964027
10570,229,1145,1150,1,2.77006200964027
12029,292,1460,1465,1,2.77006200964027
12128,297,1485,1490,1,2.77006200964027
12604,328,1640,1645,1,2.77006200964027
12956,358,1790,1795,1,2.77006200964027
854,6,30,35,1,2.7694712514927122
855,6,30,35,1,2.7694712514927122
856,6,30,35,1,2.7694712514927122
1440,11,55,60,1,2.7694712514927122
2105,19,95,100,1,2.7694712514927122
2331,22,110,115,1,2.7694712514927122
2546,25,125,130,1,2.7694712514927122
2875,30,150,155,1,2.7694712514927122
3000,32,160,165,1,2.7694712514927122
3608,43,215,220,1,2.7694712514927122
4383,58,290,295,1,2.7694712514927122
5976,96,480,485,1,2.7694712514927122
6216,103,515,520,1,2.7694712514927122
6253,104,520,525,1,2.7694712514927122
6379,107,535,540,1,2.7694712514927122
7076,127,635,640,1,2.7694712514927122
7118,128,640,645,1,2.7694712514927122
7573,139,695,700,1,2.7694712514927122
7574,139,695,700,1,2.7694712514927122
7651,141,705,710,1,2.7694712514927122
7685,142,710,715,1,2.7694712514927122
7787,145,725,730,1,2.7694712514927122
8554,167,835,840,1,2.7694712514927122
8738,173,865,870,1,2.7694712514927122
8810,175,875,880,1,2.7694712514927122
8917,178,890,895,1,2.7694712514927122
9253,188,940,945,1,2.7694712514927122
9439,193,965,970,1,2.7694712514927122
9989,209,1045,1050,1,2.7694712514927122
10512,227,1135,1140,1,2.7694712514927122
10569,229,1145,1150,1,2.7694712514927122
10812,238,1190,1195,1,2.7694712514927122
11040,247,1235,1240,1,2.7694712514927122
12103,296,1480,1485,1,2.7694712514927122
12639,331,1655,1660,1,2.7694712514927122
368,3,15,20,1,2.76947125148799
539,4,20,25,1,2.76947125148799
1338,10,50,55,1,2.76947125148799
1781,15,75,80,1,2.76947125148799
1943,17,85,90,1,2.76947125148799
2022,18,90,95,1,2.76947125148799
2404,23,115,120,1,2.76947125148799
2689,27,135,140,1,2.76947125148799
3069,33,165,170,1,2.76947125148799
3563,42,210,215,1,2.76947125148799
4483,60,300,305,1,2.76947125148799
4634,63,315,320,1,2.76947125148799
6511,111,555,560,1,2.76947125148799
6577,113,565,570,1,2.76947125148799
7202,130,650,655,1,2.76947125148799
7350,134,670,675,1,2.76947125148799
7484,137,685,690,1,2.76947125148799
7831,146,730,735,1,2.76947125148799
7859,147,735,740,1,2.76947125148799
8079,153,765,770,1,2.76947125148799
8150,155,775,780,1,2.76947125148799
8185,156,780,785,1,2.76947125148799
8652,170,850,855,1,2.76947125148799
8679,171,855,860,1,2.76947125148799
9581,197,985,990,1,2.76947125148799
9616,198,990,995,1,2.76947125148799
10253,218,1090,1095,1,2.76947125148799
10845,239,1195,1200,1,2.76947125148799
11041,247,1235,1240,1,2.76947125148799
11317,259,1295,1300,1,2.76947125148799
11546,269,1345,1350,1,2.76947125148799
12650,332,1660,1665,1,2.76947125148799
702,5,25,30,1,2.7688802589972847
1239,9,45,50,1,2.7688802589972847
1439,11,55,60,1,2.7688802589972847
1695,14,70,75,1,2.7688802589972847
1859,16,80,85,1,2.7688802589972847
2688,27,135,140,1,2.7688802589972847
2812,29,145,150,1,2.7688802589972847
2998,32,160,165,1,2.7688802589972847
2999,32,160,165,1,2.7688802589972847
3233,36,180,185,1,2.7688802589972847
3766,46,230,235,1,2.7688802589972847
5423,81,405,410,1,2.7688802589972847
5493,83,415,420,1,2.7688802589972847
6215,103,515,520,1,2.7688802589972847
6691,116,580,585,1,2.7688802589972847
7075,127,635,640,1,2.7688802589972847
7160,129,645,650,1,2.7688802589972847
7383,135,675,680,1,2.7688802589972847
7530,138,690,695,1,2.7688802589972847
7531,138,690,695,1,2.7688802589972847
7684,142,710,715,1,2.7688802589972847
7749,144,720,725,1,2.7688802589972847
8005,151,755,760,1,2.7688802589972847
8006,151,755,760,1,2.7688802589972847
8078,153,765,770,1,2.7688802589972847
8328,160,800,805,1,2.7688802589972847
8355,161,805,810,1,2.7688802589972847
9032,181,905,910,1,2.7688802589972847
9475,194,970,975,1,2.7688802589972847
9793,203,1015,1020,1,2.7688802589972847
10015,210,1050,1055,1,2.7688802589972847
10252,218,1090,1095,1,2.7688802589972847
10489,226,1130,1135,1,2.7688802589972847
10568,229,1145,1150,1,2.7688802589972847
11522,268,1340,1345,1,2.7688802589972847
11962,289,1445,1450,1,2.7688802589972847
209,2,10,15,1,2.768880258992563
2021,18,90,95,1,2.768880258992563
2625,26,130,135,1,2.768880258992563
2811,29,145,150,1,2.768880258992563
2874,30,150,155,1,2.768880258992563
3288,37,185,190,1,2.768880258992563
3457,40,200,205,1,2.768880258992563
3721,45,225,230,1,2.768880258992563
4088,52,260,265,1,2.768880258992563
4186,54,270,275,1,2.768880258992563
5041,72,360,365,1,2.768880258992563
7038,126,630,635,1,2.768880258992563
7276,132,660,665,1,2.768880258992563
7435,136,680,685,1,2.768880258992563
7615,140,700,705,1,2.768880258992563
7650,141,705,710,1,2.768880258992563
7683,142,710,715,1,2.768880258992563
7830,146,730,735,1,2.768880258992563
8077,153,765,770,1,2.768880258992563
8113,154,770,775,1,2.768880258992563
8766,174,870,875,1,2.768880258992563
8809,175,875,880,1,2.768880258992563
9252,188,940,945,1,2.768880258992563
9716,201,1005,1010,1,2.768880258992563
9792,203,1015,1020,1,2.768880258992563
9891,206,1030,1035,1,2.768880258992563
10490,226,1130,1135,1,2.768880258992563
11316,259,1295,1300,1,2.768880258992563
11456,265,1325,1330,1,2.768880258992563
11500,267,1335,1340,1,2.768880258992563
1130,8,40,45,1,2.7682890322137674
1533,12,60,65,1,2.7682890322137674
1858,16,80,85,1,2.7682890322137674
2476,24,120,125,1,2.7682890322137674
3176,35,175,180,1,2.7682890322137674
3350,38,190,195,1,2.7682890322137674
3765,46,230,235,1,2.7682890322137674
4038,51,255,260,1,2.7682890322137674
4538,61,305,310,1,2.7682890322137674
5422,81,405,410,1,2.7682890322137674
6252,104,520,525,1,2.7682890322137674
7572,139,695,700,1,2.7682890322137674
7719,143,715,720,1,2.7682890322137674
7927,149,745,750,1,2.7682890322137674
8219,157,785,790,1,2.7682890322137674
8220,157,785,790,1,2.7682890322137674
8252,158,790,795,1,2.7682890322137674
8452,164,820,825,1,2.7682890322137674
8553,167,835,840,1,2.7682890322137674
9098,183,915,920,1,2.7682890322137674
9158,185,925,930,1,2.7682890322137674
9225,187,935,940,1,2.7682890322137674
9281,189,945,950,1,2.7682890322137674
9324,190,950,955,1,2.7682890322137674
9515,195,975,980,1,2.7682890322137674
9890,206,1030,1035,1,2.7682890322137674
10189,216,1080,1085,1,2.7682890322137674
11280,257,1285,1290,1,2.7682890322137674
11410,263,1315,1320,1,2.7682890322137674
1001,7,35,40,1,2.7682890322090468
1238,9,45,50,1,2.7682890322090468
2624,26,130,135,1,2.7682890322090468
3122,34,170,175,1,2.7682890322090468
3456,40,200,205,1,2.7682890322090468
3982,50,250,255,1,2.7682890322090468
4133,53,265,270,1,2.7682890322090468
4382,58,290,295,1,2.7682890322090468
4778,66,330,335,1,2.7682890322090468
7318,133,665,670,1,2.7682890322090468
7434,136,680,685,1,2.7682890322090468
7828,146,730,735,1,2.7682890322090468
7829,146,730,735,1,2.7682890322090468
7893,148,740,745,1,2.7682890322090468
8251,158,790,795,1,2.7682890322090468
8354,161,805,810,1,2.7682890322090468
8880,177,885,890,1,2.7682890322090468
8881,177,885,890,1,2.7682890322090468
8916,178,890,895,1,2.7682890322090468
9066,182,910,915,1,2.7682890322090468
9438,193,965,970,1,2.7682890322090468
9615,198,990,995,1,2.7682890322090468
9757,202,1010,1015,1,2.7682890322090468
10097,213,1065,1070,1,2.7682890322090468
10219,217,1085,1090,1,2.7682890322090468
10844,239,1195,1200,1,2.7682890322090468
11160,252,1260,1265,1,2.7682890322090468
1128,8,40,45,1,2.7676975711854173
1694,14,70,75,1,2.7676975711854173
1780,15,75,80,1,2.7676975711854173
2545,25,125,130,1,2.7676975711854173
3562,42,210,215,1,2.7676975711854173
4482,60,300,305,1,2.7676975711854173
6042,98,490,495,1,2.7676975711854173
6789,119,595,600,1,2.7676975711854173
6861,121,605,610,1,2.7676975711854173
6893,122,610,615,1,2.7676975711854173
7158,129,645,650,1,2.7676975711854173
7230,131,655,660,1,2.7676975711854173
7681,142,710,715,1,2.7676975711854173
7748,144,720,725,1,2.7676975711854173
7785,145,725,730,1,2.7676975711854173
7786,145,725,730,1,2.7676975711854173
8112,154,770,775,1,2.7676975711854173
8218,157,785,790,1,2.7676975711854173
8250,158,790,795,1,2.7676975711854173
8353,161,805,810,1,2.7676975711854173
8418,163,815,820,1,2.7676975711854173
8419,163,815,820,1,2.7676975711854173
8517,166,830,835,1,2.7676975711854173
8597,168,840,845,1,2.7676975711854173
8678,171,855,860,1,2.7676975711854173
9279,189,945,950,1,2.7676975711854173
9280,189,945,950,1,2.7676975711854173
9358,191,955,960,1,2.7676975711854173
9359,191,955,960,1,2.7676975711854173
9652,199,995,1000,1,2.7676975711854173
11260,256,1280,1285,1,2.7676975711854173
533,4,20,25,1,2.767697571180698
1779,15,75,80,1,2.767697571180698
1942,17,85,90,1,2.767697571180698
2749,28,140,145,1,2.767697571180698
3455,40,200,205,1,2.767697571180698
3514,41,205,210,1,2.767697571180698
3719,45,225,230,1,2.767697571180698
3720,45,225,230,1,2.767697571180698
4184,54,270,275,1,2.767697571180698
4185,54,270,275,1,2.767697571180698
4735,65,325,330,1,2.767697571180698
4960,70,350,355,1,2.767697571180698
7037,126,630,635,1,2.767697571180698
7483,137,685,690,1,2.767697571180698
7571,139,695,700,1,2.767697571180698
7612,140,700,705,1,2.767697571180698
7613,140,700,705,1,2.767697571180698
7682,142,710,715,1,2.767697571180698
7964,150,750,755,1,2.767697571180698
7965,150,750,755,1,2.767697571180698
8004,151,755,760,1,2.767697571180698
8249,158,790,795,1,2.767697571180698
8327,160,800,805,1,2.767697571180698
8352,161,805,810,1,2.767697571180698
8624,169,845,850,1,2.767697571180698
8957,179,895,900,1,2.767697571180698
9031,181,905,910,1,2.767697571180698
9251,188,940,945,1,2.767697571180698
10402,223,1115,1120,1,2.767697571180698
10511,227,1135,1140,1,2.767697571180698
207,2,10,15,1,2.767105875967291
529,4,20,25,1,2.767105875967291
851,6,30,35,1,2.767105875967291
1126,8,40,45,1,2.767105875967291
1532,12,60,65,1,2.767105875967291
1620,13,65,70,1,2.767105875967291
1857,16,80,85,1,2.767105875967291
2019,18,90,95,1,2.767105875967291
2544,25,125,130,1,2.767105875967291
2996,32,160,165,1,2.767105875967291
2997,32,160,165,1,2.767105875967291
3348,38,190,195,1,2.767105875967291
3409,39,195,200,1,2.767105875967291
3822,47,235,240,1,2.767105875967291
3823,47,235,240,1,2.767105875967291
3865,48,240,245,1,2.767105875967291
4183,54,270,275,1,2.767105875967291
4734,65,325,330,1,2.767105875967291
5167,75,375,380,1,2.767105875967291
5975,96,480,485,1,2.767105875967291
7116,128,640,645,1,2.767105875967291
7275,132,660,665,1,2.767105875967291
7317,133,665,670,1,2.767105875967291
7433,136,680,685,1,2.767105875967291
7482,137,685,690,1,2.767105875967291
7570,139,695,700,1,2.767105875967291
7649,141,705,710,1,2.767105875967291
8076,153,765,770,1,2.767105875967291
8184,156,780,785,1,2.767105875967291
8217,157,785,790,1,2.767105875967291
8283,159,795,800,1,2.767105875967291
8284,159,795,800,1,2.767105875967291
8385,162,810,815,1,2.767105875967291
8552,167,835,840,1,2.767105875967291
8651,170,850,855,1,2.767105875967291
9064,182,910,915,1,2.767105875967291
9065,182,910,915,1,2.767105875967291
9437,193,965,970,1,2.767105875967291
10319,220,1100,1105,1,2.767105875967291
11315,259,1295,1300,1,2.767105875967291
363,3,15,20,1,2.7671058759625726
697,5,25,30,1,2.7671058759625726
1125,8,40,45,1,2.7671058759625726
1127,8,40,45,1,2.7671058759625726
1235,9,45,50,1,2.7671058759625726
1436,11,55,60,1,2.7671058759625726
1621,13,65,70,1,2.7671058759625726
1693,14,70,75,1,2.7671058759625726
2020,18,90,95,1,2.7671058759625726
2474,24,120,125,1,2.7671058759625726
2623,26,130,135,1,2.7671058759625726
3231,36,180,185,1,2.7671058759625726
3232,36,180,185,1,2.7671058759625726
3349,38,190,195,1,2.7671058759625726
3925,49,245,250,1,2.7671058759625726
4230,55,275,280,1,2.7671058759625726
5266,77,385,390,1,2.7671058759625726
6576,113,565,570,1,2.7671058759625726
6860,121,605,610,1,2.7671058759625726
6996,125,625,630,1,2.7671058759625726
7381,135,675,680,1,2.7671058759625726
7747,144,720,725,1,2.7671058759625726
7784,145,725,730,1,2.7671058759625726
7892,148,740,745,1,2.7671058759625726
8003,151,755,760,1,2.7671058759625726
8041,152,760,765,1,2.7671058759625726
8285,159,795,800,1,2.7671058759625726
8707,172,860,865,1,2.7671058759625726
8879,177,885,890,1,2.7671058759625726
8915,178,890,895,1,2.7671058759625726
8956,179,895,900,1,2.7671058759625726
9132,184,920,925,1,2.7671058759625726
9222,187,935,940,1,2.7671058759625726
9223,187,935,940,1,2.7671058759625726
9756,202,1010,1015,1,2.7671058759625726
11432,264,1320,1325,1,2.7671058759625726
1233,9,45,50,1,2.7665139466065782
1334,10,50,55,1,2.7665139466065782
1335,10,50,55,1,2.7665139466065782
1435,11,55,60,1,2.7665139466065782
1691,14,70,75,1,2.7665139466065782
2102,19,95,100,1,2.7665139466065782
2260,21,105,110,1,2.7665139466065782
2473,24,120,125,1,2.7665139466065782
2621,26,130,135,1,2.7665139466065782
2622,26,130,135,1,2.7665139466065782
2873,30,150,155,1,2.7665139466065782
2932,31,155,160,1,2.7665139466065782
3174,35,175,180,1,2.7665139466065782
3607,43,215,220,1,2.7665139466065782
4037,51,255,260,1,2.7665139466065782
4828,67,335,340,1,2.7665139466065782
5682,88,440,445,1,2.7665139466065782
5927,95,475,480,1,2.7665139466065782
6509,111,555,560,1,2.7665139466065782
6540,112,560,565,1,2.7665139466065782
6661,115,575,580,1,2.7665139466065782
6956,124,620,625,1,2.7665139466065782
6957,124,620,625,1,2.7665139466065782
7074,127,635,640,1,2.7665139466065782
7201,130,650,655,1,2.7665139466065782
7891,148,740,745,1,2.7665139466065782
8040,152,760,765,1,2.7665139466065782
8111,154,770,775,1,2.7665139466065782
8248,158,790,795,1,2.7665139466065782
8596,168,840,845,1,2.7665139466065782
9157,185,925,930,1,2.7665139466065782
9190,186,930,935,1,2.7665139466065782
9323,190,950,955,1,2.7665139466065782
9357,191,955,960,1,2.7665139466065782
9396,192,960,965,1,2.7665139466065782
9436,193,965,970,1,2.7665139466065782
9613,198,990,995,1,2.7665139466065782
9685,200,1000,1005,1,2.7665139466065782
11345,260,1300,1305,1,2.7665139466065782
1123,8,40,45,1,2.7665139466018607
1124,8,40,45,1,2.7665139466018607
1618,13,65,70,1,2.7665139466018607
1692,14,70,75,1,2.7665139466018607
1778,15,75,80,1,2.7665139466018607
2018,18,90,95,1,2.7665139466018607
2103,19,95,100,1,2.7665139466018607
2175,20,100,105,1,2.7665139466018607
2687,27,135,140,1,2.7665139466018607
3230,36,180,185,1,2.7665139466018607
3286,37,185,190,1,2.7665139466018607
3661,44,220,225,1,2.7665139466018607
3981,50,250,255,1,2.7665139466018607
4633,63,315,320,1,2.7665139466018607
5040,72,360,365,1,2.7665139466018607
5642,87,435,440,1,2.7665139466018607
6182,102,510,515,1,2.7665139466018607
6337,106,530,535,1,2.7665139466018607
6575,113,565,570,1,2.7665139466018607
6615,114,570,575,1,2.7665139466018607
6788,119,595,600,1,2.7665139466018607
6859,121,605,610,1,2.7665139466018607
7529,138,690,695,1,2.7665139466018607
7718,143,715,720,1,2.7665139466018607
7963,150,750,755,1,2.7665139466018607
8595,168,840,845,1,2.7665139466018607
8706,172,860,865,1,2.7665139466018607
8914,178,890,895,1,2.7665139466018607
8955,179,895,900,1,2.7665139466018607
9221,187,935,940,1,2.7665139466018607
9250,188,940,945,1,2.7665139466018607
9278,189,945,950,1,2.7665139466018607
9547,196,980,985,1,2.7665139466018607
9614,198,990,995,1,2.7665139466018607
11279,257,1285,1290,1,2.7665139466018607
205,2,10,15,1,2.7659217831557137
1432,11,55,60,1,2.7659217831557137
1434,11,55,60,1,2.7659217831557137
1616,13,65,70,1,2.7659217831557137
1852,16,80,85,1,2.7659217831557137
1854,16,80,85,1,2.7659217831557137
2015,18,90,95,1,2.7659217831557137
2099,19,95,100,1,2.7659217831557137
2174,20,100,105,1,2.7659217831557137
2258,21,105,110,1,2.7659217831557137
2259,21,105,110,1,2.7659217831557137
2542,25,125,130,1,2.7659217831557137
2543,25,125,130,1,2.7659217831557137
2809,29,145,150,1,2.7659217831557137
2871,30,150,155,1,2.7659217831557137
2872,30,150,155,1,2.7659217831557137
2931,31,155,160,1,2.7659217831557137
3660,44,220,225,1,2.7659217831557137
3924,49,245,250,1,2.7659217831557137
4036,51,255,260,1,2.7659217831557137
4827,67,335,340,1,2.7659217831557137
5530,84,420,425,1,2.7659217831557137
5716,89,445,450,1,2.7659217831557137
6213,103,515,520,1,2.7659217831557137
6214,103,515,520,1,2.7659217831557137
6539,112,560,565,1,2.7659217831557137
7073,127,635,640,1,2.7659217831557137
7348,134,670,675,1,2.7659217831557137
7432,136,680,685,1,2.7659217831557137
7611,140,700,705,1,2.7659217831557137
8183,156,780,785,1,2.7659217831557137
8216,157,785,790,1,2.7659217831557137
8765,174,870,875,1,2.7659217831557137
9030,181,905,910,1,2.7659217831557137
9322,190,950,955,1,2.7659217831557137
9651,199,995,1000,1,2.7659217831557137
9856,205,1025,1030,1,2.7659217831557137
10096,213,1065,1070,1,2.7659217831557137
10218,217,1085,1090,1,2.7659217831557137
10488,226,1130,1135,1,2.7659217831557137
11545,269,1345,1350,1,2.7659217831557137
527,4,20,25,1,2.7659217831509975
528,4,20,25,1,2.7659217831509975
1119,8,40,45,1,2.7659217831509975
1231,9,45,50,1,2.7659217831509975
1527,12,60,65,1,2.7659217831509975
1851,16,80,85,1,2.7659217831509975
1853,16,80,85,1,2.7659217831509975
1855,16,80,85,1,2.7659217831509975
1940,17,85,90,1,2.7659217831509975
2014,18,90,95,1,2.7659217831509975
2016,18,90,95,1,2.7659217831509975
2808,29,145,150,1,2.7659217831509975
2810,29,145,150,1,2.7659217831509975
2930,31,155,160,1,2.7659217831509975
3454,40,200,205,1,2.7659217831509975
3659,44,220,225,1,2.7659217831509975
3821,47,235,240,1,2.7659217831509975
4381,58,290,295,1,2.7659217831509975
4993,71,355,360,1,2.7659217831509975
5608,86,430,435,1,2.7659217831509975
5973,96,480,485,1,2.7659217831509975
5974,96,480,485,1,2.7659217831509975
6114,100,500,505,1,2.7659217831509975
6574,113,565,570,1,2.7659217831509975
6614,114,570,575,1,2.7659217831509975
7528,138,690,695,1,2.7659217831509975
7648,141,705,710,1,2.7659217831509975
7827,146,730,735,1,2.7659217831509975
8110,154,770,775,1,2.7659217831509975
8737,173,865,870,1,2.7659217831509975
9435,193,965,970,1,2.7659217831509975
9513,195,975,980,1,2.7659217831509975
9612,198,990,995,1,2.7659217831509975
9650,199,995,1000,1,2.7659217831509975
9791,203,1015,1020,1,2.7659217831509975
10289,219,1095,1100,1,2.7659217831509975
10532,228,1140,1145,1,2.7659217831509975
10566,229,1145,1150,1,2.7659217831509975
10567,229,1145,1150,1,2.7659217831509975
361,3,15,20,1,2.7653293856645096
694,5,25,30,1,2.7653293856645096
994,7,35,40,1,2.7653293856645096
1118,8,40,45,1,2.7653293856645096
1775,15,75,80,1,2.7653293856645096
1849,16,80,85,1,2.7653293856645096
2097,19,95,100,1,2.7653293856645096
2256,21,105,110,1,2.7653293856645096
2257,21,105,110,1,2.7653293856645096
2401,23,115,120,1,2.7653293856645096
2402,23,115,120,1,2.7653293856645096
2403,23,115,120,1,2.7653293856645096
2468,24,120,125,1,2.7653293856645096
2471,24,120,125,1,2.7653293856645096
2541,25,125,130,1,2.7653293856645096
2807,29,145,150,1,2.7653293856645096
3173,35,175,180,1,2.7653293856645096
3229,36,180,185,1,2.7653293856645096
3347,38,190,195,1,2.7653293856645096
3408,39,195,200,1,2.7653293856645096
3561,42,210,215,1,2.7653293856645096
5754,90,450,455,1,2.7653293856645096
6041,98,490,495,1,2.7653293856645096
6143,101,505,510,1,2.7653293856645096
6302,105,525,530,1,2.7653293856645096
6441,109,545,550,1,2.7653293856645096
6690,116,580,585,1,2.7653293856645096
6827,120,600,605,1,2.7653293856645096
6892,122,610,615,1,2.7653293856645096
6955,124,620,625,1,2.7653293856645096
7746,144,720,725,1,2.7653293856645096
8039,152,760,765,1,2.7653293856645096
8994,180,900,905,1,2.7653293856645096
9249,188,940,945,1,2.7653293856645096
9277,189,945,950,1,2.7653293856645096
10187,216,1080,1085,1,2.7653293856645096
10217,217,1085,1090,1,2.7653293856645096
10288,219,1095,1100,1,2.7653293856645096
10510,227,1135,1140,1,2.7653293856645096
10565,229,1145,1150,1,2.7653293856645096
10751,236,1180,1185,1,2.7653293856645096
11136,251,1255,1260,1,2.7653293856645096
11521,268,1340,1345,1,2.7653293856645096
12304,307,1535,1540,1,2.7653293856645096
12322,308,1540,1545,1,2.7653293856645096
202,2,10,15,1,2.7653293856597942
203,2,10,15,1,2.7653293856597942
204,2,10,15,1,2.7653293856597942
1230,9,45,50,1,2.7653293856597942
1612,13,65,70,1,2.7653293856597942
1614,13,65,70,1,2.7653293856597942
1686,14,70,75,1,2.7653293856597942
1772,15,75,80,1,2.7653293856597942
1774,15,75,80,1,2.7653293856597942
2012,18,90,95,1,2.7653293856597942
2013,18,90,95,1,2.7653293856597942
2096,19,95,100,1,2.7653293856597942
2328,22,110,115,1,2.7653293856597942
2469,24,120,125,1,2.7653293856597942
2470,24,120,125,1,2.7653293856597942
2472,24,120,125,1,2.7653293856597942
2619,26,130,135,1,2.7653293856597942
2685,27,135,140,1,2.7653293856597942
2686,27,135,140,1,2.7653293856597942
2745,28,140,145,1,2.7653293856597942
2746,28,140,145,1,2.7653293856597942
2747,28,140,145,1,2.7653293856597942
3066,33,165,170,1,2.7653293856597942
3285,37,185,190,1,2.7653293856597942
3980,50,250,255,1,2.7653293856597942
4433,59,295,300,1,2.7653293856597942
5755,90,450,455,1,2.7653293856597942
6142,101,505,510,1,2.7653293856597942
6181,102,510,515,1,2.7653293856597942
6250,104,520,525,1,2.7653293856597942
6251,104,520,525,1,2.7653293856597942
6508,111,555,560,1,2.7653293856597942
6936,123,615,620,1,2.7653293856597942
6995,125,625,630,1,2.7653293856597942
7200,130,650,655,1,2.7653293856597942
8551,167,835,840,1,2.7653293856597942
9546,196,980,985,1,2.7653293856597942
9755,202,1010,1015,1,2.7653293856597942
9827,204,1020,1025,1,2.7653293856597942
9988,209,1045,1050,1,2.7653293856597942
10095,213,1065,1070,1,2.7653293856597942
10188,216,1080,1085,1,2.7653293856597942
10782,237,1185,1190,1,2.7653293856597942
10985,245,1225,1230,1,2.7653293856597942
11009,246,1230,1235,1,2.7653293856597942
11617,273,1365,1370,1,2.7653293856597942
12006,291,1455,1460,1,2.7653293856597942
360,3,15,20,1,2.764736754181467
526,4,20,25,1,2.764736754181467
1329,10,50,55,1,2.764736754181467
1431,11,55,60,1,2.764736754181467
1847,16,80,85,1,2.764736754181467
1935,17,85,90,1,2.764736754181467
2009,18,90,95,1,2.764736754181467
2010,18,90,95,1,2.764736754181467
2252,21,105,110,1,2.764736754181467
2253,21,105,110,1,2.764736754181467
2254,21,105,110,1,2.764736754181467
2399,23,115,120,1,2.764736754181467
2467,24,120,125,1,2.764736754181467
2536,25,125,130,1,2.764736754181467
2617,26,130,135,1,2.764736754181467
2683,27,135,140,1,2.764736754181467
2805,29,145,150,1,2.764736754181467
2870,30,150,155,1,2.764736754181467
3345,38,190,195,1,2.764736754181467
3346,38,190,195,1,2.764736754181467
3658,44,220,225,1,2.764736754181467
3716,45,225,230,1,2.764736754181467
3717,45,225,230,1,2.764736754181467
3764,46,230,235,1,2.764736754181467
4182,54,270,275,1,2.764736754181467
4380,58,290,295,1,2.764736754181467
4632,63,315,320,1,2.764736754181467
5166,75,375,380,1,2.764736754181467
5641,87,435,440,1,2.764736754181467
5797,91,455,460,1,2.764736754181467
6180,102,510,515,1,2.764736754181467
6301,105,525,530,1,2.764736754181467
6757,118,590,595,1,2.764736754181467
6826,120,600,605,1,2.764736754181467
7610,140,700,705,1,2.764736754181467
8002,151,755,760,1,2.764736754181467
8913,178,890,895,1,2.764736754181467
8993,180,900,905,1,2.764736754181467
9220,187,935,940,1,2.764736754181467
9395,192,960,965,1,2.764736754181467
9790,203,1015,1020,1,2.764736754181467
9928,207,1035,1040,1,2.764736754181467
10287,219,1095,1100,1,2.764736754181467
10657,232,1160,1165,1,2.764736754181467
11259,256,1280,1285,1,2.764736754181467
11477,266,1330,1335,1,2.764736754181467
12258,305,1525,1530,1,2.764736754181467
12649,332,1660,1665,1,2.764736754181467
12940,356,1780,1785,1,2.764736754181467
13106,379,1895,1900,1,2.764736754181467
13233,401,2005,2010,1,2.764736754181467
993,7,35,40,1,2.7647367541767527
1611,13,65,70,1,2.7647367541767527
1848,16,80,85,1,2.7647367541767527
2095,19,95,100,1,2.7647367541767527
2172,20,100,105,1,2.7647367541767527
2251,21,105,110,1,2.7647367541767527
2400,23,115,120,1,2.7647367541767527
2537,25,125,130,1,2.7647367541767527
2538,25,125,130,1,2.7647367541767527
2539,25,125,130,1,2.7647367541767527
2540,25,125,130,1,2.7647367541767527
2618,26,130,135,1,2.7647367541767527
2684,27,135,140,1,2.7647367541767527
2744,28,140,145,1,2.7647367541767527
2806,29,145,150,1,2.7647367541767527
2929,31,155,160,1,2.7647367541767527
3120,34,170,175,1,2.7647367541767527
3121,34,170,175,1,2.7647367541767527
3172,35,175,180,1,2.7647367541767527
3407,39,195,200,1,2.7647367541767527
3452,40,200,205,1,2.7647367541767527
3453,40,200,205,1,2.7647367541767527
3560,42,210,215,1,2.7647367541767527
3715,45,225,230,1,2.7647367541767527
4132,53,265,270,1,2.7647367541767527
4432,59,295,300,1,2.7647367541767527
5868,93,465,470,1,2.7647367541767527
5972,96,480,485,1,2.7647367541767527
6113,100,500,505,1,2.7647367541767527
7481,137,685,690,1,2.7647367541767527
7526,138,690,695,1,2.7647367541767527
8282,159,795,800,1,2.7647367541767527
8417,163,815,820,1,2.7647367541767527
8623,169,845,850,1,2.7647367541767527
8677,171,855,860,1,2.7647367541767527
8705,172,860,865,1,2.7647367541767527
8954,179,895,900,1,2.7647367541767527
9927,207,1035,1040,1,2.7647367541767527
10251,218,1090,1095,1,2.7647367541767527
10810,238,1190,1195,1,2.7647367541767527
11233,255,1275,1280,1,2.7647367541767527
11373,261,1305,1310,1,2.7647367541767527
11476,266,1330,1335,1,2.7647367541767527
12086,295,1475,1480,1,2.7647367541767527
12282,306,1530,1535,1,2.7647367541767527
12756,341,1705,1710,1,2.7647367541767527
13107,379,1895,1900,1,2.7647367541767527
90,1,5,10,1,2.764143888756399
692,5,25,30,1,2.764143888756399
1429,11,55,60,1,2.764143888756399
1610,13,65,70,1,2.764143888756399
1846,16,80,85,1,2.764143888756399
2249,21,105,110,1,2.764143888756399
2250,21,105,110,1,2.764143888756399
2323,22,110,115,1,2.764143888756399
2326,22,110,115,1,2.764143888756399
2397,23,115,120,1,2.764143888756399
2398,23,115,120,1,2.764143888756399
2743,28,140,145,1,2.764143888756399
2804,29,145,150,1,2.764143888756399
2869,30,150,155,1,2.764143888756399
2992,32,160,165,1,2.764143888756399
2993,32,160,165,1,2.764143888756399
3118,34,170,175,1,2.764143888756399
3171,35,175,180,1,2.764143888756399
3406,39,195,200,1,2.764143888756399
3512,41,205,210,1,2.764143888756399
3763,46,230,235,1,2.764143888756399
4087,52,260,265,1,2.764143888756399
4130,53,265,270,1,2.764143888756399
4131,53,265,270,1,2.764143888756399
4179,54,270,275,1,2.764143888756399
4180,54,270,275,1,2.764143888756399
4281,56,280,285,1,2.764143888756399
4992,71,355,360,1,2.764143888756399
5607,86,430,435,1,2.764143888756399
5681,88,440,445,1,2.764143888756399
5753,90,450,455,1,2.764143888756399
5971,96,480,485,1,2.764143888756399
6613,114,570,575,1,2.764143888756399
7198,130,650,655,1,2.764143888756399
7199,130,650,655,1,2.764143888756399
7274,132,660,665,1,2.764143888756399
7717,143,715,720,1,2.764143888756399
7745,144,720,725,1,2.764143888756399
8594,168,840,845,1,2.764143888756399
9248,188,940,945,1,2.764143888756399
9321,190,950,955,1,2.764143888756399
9754,202,1010,1015,1,2.764143888756399
10286,219,1095,1100,1,2.764143888756399
10487,226,1130,1135,1,2.764143888756399
10686,233,1165,1170,1,2.764143888756399
11108,250,1250,1255,1,2.764143888756399
11616,273,1365,1370,1,2.764143888756399
12005,291,1455,1460,1,2.764143888756399
12206,302,1510,1515,1,2.764143888756399
13002,364,1820,1825,1,2.764143888756399
13073,373,1865,1870,1,2.764143888756399
13116,380,1900,1905,1,2.764143888756399
13346,437,2185,2190,1,2.764143888756399
13358,444,2220,2225,1,2.764143888756399
1683,14,70,75,1,2.7641438887516854
1684,14,70,75,1,2.7641438887516854
1771,15,75,80,1,2.7641438887516854
2093,19,95,100,1,2.7641438887516854
2324,22,110,115,1,2.7641438887516854
2325,22,110,115,1,2.7641438887516854
2327,22,110,115,1,2.7641438887516854
2614,26,130,135,1,2.7641438887516854
2803,29,145,150,1,2.7641438887516854
2995,32,160,165,1,2.7641438887516854
3065,33,165,170,1,2.7641438887516854
3117,34,170,175,1,2.7641438887516854
3119,34,170,175,1,2.7641438887516854
3170,35,175,180,1,2.7641438887516854
3451,40,200,205,1,2.7641438887516854
3714,45,225,230,1,2.7641438887516854
3762,46,230,235,1,2.7641438887516854
3820,47,235,240,1,2.7641438887516854
4181,54,270,275,1,2.7641438887516854
4430,59,295,300,1,2.7641438887516854
4431,59,295,300,1,2.7641438887516854
4537,61,305,310,1,2.7641438887516854
5492,83,415,420,1,2.7641438887516854
5529,84,420,425,1,2.7641438887516854
5563,85,425,430,1,2.7641438887516854
5833,92,460,465,1,2.7641438887516854
6249,104,520,525,1,2.7641438887516854
6689,116,580,585,1,2.7641438887516854
6722,117,585,590,1,2.7641438887516854
6994,125,625,630,1,2.7641438887516854
7157,129,645,650,1,2.7641438887516854
8704,172,860,865,1,2.7641438887516854
8764,174,870,875,1,2.7641438887516854
9394,192,960,965,1,2.7641438887516854
9715,201,1005,1010,1,2.7641438887516854
10622,231,1155,1160,1,2.7641438887516854
10656,232,1160,1165,1,2.7641438887516854
11189,253,1265,1270,1,2.7641438887516854
11258,256,1280,1285,1,2.7641438887516854
11455,265,1325,1330,1,2.7641438887516854
11599,272,1360,1365,1,2.7641438887516854
12102,296,1480,1485,1,2.7641438887516854
12336,309,1545,1550,1,2.7641438887516854
13121,381,1905,1910,1,2.7641438887516854
13215,396,1980,1985,1,2.7641438887516854
13383,459,2295,2300,1,2.7641438887516854
524,4,20,25,1,2.7635507894417386
1327,10,50,55,1,2.7635507894417386
1521,12,60,65,1,2.7635507894417386
2247,21,105,110,1,2.7635507894417386
2321,22,110,115,1,2.7635507894417386
2612,26,130,135,1,2.7635507894417386
2613,26,130,135,1,2.7635507894417386
2926,31,155,160,1,2.7635507894417386
3064,33,165,170,1,2.7635507894417386
3166,35,175,180,1,2.7635507894417386
3283,37,185,190,1,2.7635507894417386
3284,37,185,190,1,2.7635507894417386
3343,38,190,195,1,2.7635507894417386
3402,39,195,200,1,2.7635507894417386
3404,39,195,200,1,2.7635507894417386
3449,40,200,205,1,2.7635507894417386
3511,41,205,210,1,2.7635507894417386
3712,45,225,230,1,2.7635507894417386
3713,45,225,230,1,2.7635507894417386
3761,46,230,235,1,2.7635507894417386
3819,47,235,240,1,2.7635507894417386
3978,50,250,255,1,2.7635507894417386
3979,50,250,255,1,2.7635507894417386
4034,51,255,260,1,2.7635507894417386
4129,53,265,270,1,2.7635507894417386
4589,62,310,315,1,2.7635507894417386
4825,67,335,340,1,2.7635507894417386
4826,67,335,340,1,2.7635507894417386
5421,81,405,410,1,2.7635507894417386
5640,87,435,440,1,2.7635507894417386
5714,89,445,450,1,2.7635507894417386
6572,113,565,570,1,2.7635507894417386
6612,114,570,575,1,2.7635507894417386
6756,118,590,595,1,2.7635507894417386
6891,122,610,615,1,2.7635507894417386
7156,129,645,650,1,2.7635507894417386
7229,131,655,660,1,2.7635507894417386
7525,138,690,695,1,2.7635507894417386
7962,150,750,755,1,2.7635507894417386
8001,151,755,760,1,2.7635507894417386
8038,152,760,765,1,2.7635507894417386
8075,153,765,770,1,2.7635507894417386
8593,168,840,845,1,2.7635507894417386
8650,170,850,855,1,2.7635507894417386
9393,192,960,965,1,2.7635507894417386
9649,199,995,1000,1,2.7635507894417386
9826,204,1020,1025,1,2.7635507894417386
9952,208,1040,1045,1,2.7635507894417386
11393,262,1310,1315,1,2.7635507894417386
11498,267,1335,1340,1,2.7635507894417386
11519,268,1340,1345,1,2.7635507894417386
11520,268,1340,1345,1,2.7635507894417386
12381,312,1560,1565,1,2.7635507894417386
12914,354,1770,1775,1,2.7635507894417386
13028,367,1835,1840,1,2.7635507894417386
13103,378,1890,1895,1,2.7635507894417386
201,2,10,15,1,2.7635507894370264
844,6,30,35,1,2.7635507894370264
1427,11,55,60,1,2.7635507894370264
1770,15,75,80,1,2.7635507894370264
1934,17,85,90,1,2.7635507894370264
2170,20,100,105,1,2.7635507894370264
2535,25,125,130,1,2.7635507894370264
2681,27,135,140,1,2.7635507894370264
2741,28,140,145,1,2.7635507894370264
2867,30,150,155,1,2.7635507894370264
2868,30,150,155,1,2.7635507894370264
3116,34,170,175,1,2.7635507894370264
3167,35,175,180,1,2.7635507894370264
3168,35,175,180,1,2.7635507894370264
3169,35,175,180,1,2.7635507894370264
3282,37,185,190,1,2.7635507894370264
3342,38,190,195,1,2.7635507894370264
3405,39,195,200,1,2.7635507894370264
3450,40,200,205,1,2.7635507894370264
3559,42,210,215,1,2.7635507894370264
3923,49,245,250,1,2.7635507894370264
4035,51,255,260,1,2.7635507894370264
4280,56,280,285,1,2.7635507894370264
4379,58,290,295,1,2.7635507894370264
4630,63,315,320,1,2.7635507894370264
4631,63,315,320,1,2.7635507894370264
5165,75,375,380,1,2.7635507894370264
5265,77,385,390,1,2.7635507894370264
6112,100,500,505,1,2.7635507894370264
6179,102,510,515,1,2.7635507894370264
6993,125,625,630,1,2.7635507894370264
7431,136,680,685,1,2.7635507894370264
7569,139,695,700,1,2.7635507894370264
7609,140,700,705,1,2.7635507894370264
7647,141,705,710,1,2.7635507894370264
7680,142,710,715,1,2.7635507894370264
7889,148,740,745,1,2.7635507894370264
8550,167,835,840,1,2.7635507894370264
8953,179,895,900,1,2.7635507894370264
9648,199,995,1000,1,2.7635507894370264
10154,215,1075,1080,1,2.7635507894370264
10216,217,1085,1090,1,2.7635507894370264
10250,218,1090,1095,1,2.7635507894370264
10711,234,1170,1175,1,2.7635507894370264
11278,257,1285,1290,1,2.7635507894370264
11499,267,1335,1340,1,2.7635507894370264
11794,281,1405,1410,1,2.7635507894370264
12531,323,1615,1620,1,2.7635507894370264
12796,344,1720,1725,1,2.7635507894370264
12820,346,1730,1735,1,2.7635507894370264
12843,348,1740,1745,1,2.7635507894370264
13148,384,1920,1925,1,2.7635507894370264
689,5,25,30,1,2.7629574562899197
1326,10,50,55,1,2.7629574562899197
2610,26,130,135,1,2.7629574562899197
2680,27,135,140,1,2.7629574562899197
3227,36,180,185,1,2.7629574562899197
3341,38,190,195,1,2.7629574562899197
3401,39,195,200,1,2.7629574562899197
3605,43,215,220,1,2.7629574562899197
3606,43,215,220,1,2.7629574562899197
3657,44,220,225,1,2.7629574562899197
3710,45,225,230,1,2.7629574562899197
3863,48,240,245,1,2.7629574562899197
3922,49,245,250,1,2.7629574562899197
3977,50,250,255,1,2.7629574562899197
4032,51,255,260,1,2.7629574562899197
4033,51,255,260,1,2.7629574562899197
4085,52,260,265,1,2.7629574562899197
4128,53,265,270,1,2.7629574562899197
4177,54,270,275,1,2.7629574562899197
4178,54,270,275,1,2.7629574562899197
4536,61,305,310,1,2.7629574562899197
4588,62,310,315,1,2.7629574562899197
4912,69,345,350,1,2.7629574562899197
5306,78,390,395,1,2.7629574562899197
5713,89,445,450,1,2.7629574562899197
5796,91,455,460,1,2.7629574562899197
5832,92,460,465,1,2.7629574562899197
6336,106,530,535,1,2.7629574562899197
6473,110,550,555,1,2.7629574562899197
6538,112,560,565,1,2.7629574562899197
6825,120,600,605,1,2.7629574562899197
7608,140,700,705,1,2.7629574562899197
7645,141,705,710,1,2.7629574562899197
7679,142,710,715,1,2.7629574562899197
7856,147,735,740,1,2.7629574562899197
8037,152,760,765,1,2.7629574562899197
8182,156,780,785,1,2.7629574562899197
8214,157,785,790,1,2.7629574562899197
8592,168,840,845,1,2.7629574562899197
9356,191,955,960,1,2.7629574562899197
9474,194,970,975,1,2.7629574562899197
9580,197,985,990,1,2.7629574562899197
9647,199,995,1000,1,2.7629574562899197
9789,203,1015,1020,1,2.7629574562899197
9855,205,1025,1030,1,2.7629574562899197
10984,245,1225,1230,1,2.7629574562899197
11069,248,1240,1245,1,2.7629574562899197
11209,254,1270,1275,1,2.7629574562899197
11475,266,1330,1335,1,2.7629574562899197
11497,267,1335,1340,1,2.7629574562899197
11641,274,1370,1375,1,2.7629574562899197
11743,279,1395,1400,1,2.7629574562899197
12085,295,1475,1480,1,2.7629574562899197
12663,333,1665,1670,1,2.7629574562899197
12732,339,1695,1700,1,2.7629574562899197
200,2,10,15,1,2.7629574562852084
690,5,25,30,1,2.7629574562852084
2006,18,90,95,1,2.7629574562852084
2800,29,145,150,1,2.7629574562852084
2801,29,145,150,1,2.7629574562852084
3114,34,170,175,1,2.7629574562852084
3280,37,185,190,1,2.7629574562852084
3281,37,185,190,1,2.7629574562852084
3557,42,210,215,1,2.7629574562852084
3558,42,210,215,1,2.7629574562852084
3604,43,215,220,1,2.7629574562852084
3976,50,250,255,1,2.7629574562852084
4228,55,275,280,1,2.7629574562852084
4229,55,275,280,1,2.7629574562852084
4326,57,285,290,1,2.7629574562852084
4327,57,285,290,1,2.7629574562852084
4535,61,305,310,1,2.7629574562852084
4824,67,335,340,1,2.7629574562852084
5123,74,370,375,1,2.7629574562852084
5528,84,420,425,1,2.7629574562852084
5680,88,440,445,1,2.7629574562852084
6010,97,485,490,1,2.7629574562852084
6109,100,500,505,1,2.7629574562852084
6110,100,500,505,1,2.7629574562852084
6141,101,505,510,1,2.7629574562852084
7072,127,635,640,1,2.7629574562852084
7115,128,640,645,1,2.7629574562852084
7197,130,650,655,1,2.7629574562852084
7646,141,705,710,1,2.7629574562852084
7783,145,725,730,1,2.7629574562852084
8215,157,785,790,1,2.7629574562852084
8515,166,830,835,1,2.7629574562852084
8516,166,830,835,1,2.7629574562852084
8703,172,860,865,1,2.7629574562852084
8878,177,885,890,1,2.7629574562852084
9097,183,915,920,1,2.7629574562852084
9854,205,1025,1030,1,2.7629574562852084
9889,206,1030,1035,1,2.7629574562852084
10285,219,1095,1100,1,2.7629574562852084
10879,240,1200,1205,1,2.7629574562852084
11088,249,1245,1250,1,2.7629574562852084
11159,252,1260,1265,1,2.7629574562852084
11257,256,1280,1285,1,2.7629574562852084
11683,276,1380,1385,1,2.7629574562852084
11699,277,1385,1390,1,2.7629574562852084
12205,302,1510,1515,1,2.7629574562852084
12484,319,1595,1600,1,2.7629574562852084
12965,359,1795,1800,1,2.7629574562852084
87,1,5,10,1,2.76236388934289
199,2,10,15,1,2.76236388934289
1519,12,60,65,1,2.76236388934289
1769,15,75,80,1,2.76236388934289
2245,21,105,110,1,2.76236388934289
2925,31,155,160,1,2.76236388934289
2991,32,160,165,1,2.76236388934289
3060,33,165,170,1,2.76236388934289
3061,33,165,170,1,2.76236388934289
3062,33,165,170,1,2.76236388934289
3165,35,175,180,1,2.76236388934289
3226,36,180,185,1,2.76236388934289
3279,37,185,190,1,2.76236388934289
3760,46,230,235,1,2.76236388934289
3818,47,235,240,1,2.76236388934289
4084,52,260,265,1,2.76236388934289
4176,54,270,275,1,2.76236388934289
4227,55,275,280,1,2.76236388934289
4325,57,285,290,1,2.76236388934289
4429,59,295,300,1,2.76236388934289
4587,62,310,315,1,2.76236388934289
4733,65,325,330,1,2.76236388934289
4959,70,350,355,1,2.76236388934289
4991,71,355,360,1,2.76236388934289
5038,72,360,365,1,2.76236388934289
5122,74,370,375,1,2.76236388934289
5164,75,375,380,1,2.76236388934289
5264,77,385,390,1,2.76236388934289
5349,79,395,400,1,2.76236388934289
5350,79,395,400,1,2.76236388934289
5387,80,400,405,1,2.76236388934289
5604,86,430,435,1,2.76236388934289
5752,90,450,455,1,2.76236388934289
6178,102,510,515,1,2.76236388934289
6721,117,585,590,1,2.76236388934289
7273,132,660,665,1,2.76236388934289
7316,133,665,670,1,2.76236388934289
7523,138,690,695,1,2.76236388934289
7716,143,715,720,1,2.76236388934289
7855,147,735,740,1,2.76236388934289
8247,158,790,795,1,2.76236388934289
8351,161,805,810,1,2.76236388934289
8384,162,810,815,1,2.76236388934289
9319,190,950,955,1,2.76236388934289
9320,190,950,955,1,2.76236388934289
9512,195,975,980,1,2.76236388934289
9545,196,980,985,1,2.76236388934289
9611,198,990,995,1,2.76236388934289
9788,203,1015,1020,1,2.76236388934289
10153,215,1075,1080,1,2.76236388934289
10466,225,1125,1130,1,2.76236388934289
10564,229,1145,1150,1,2.76236388934289
10685,233,1165,1170,1,2.76236388934289
10729,235,1175,1180,1,2.76236388934289
10809,238,1190,1195,1,2.76236388934289
10909,242,1210,1215,1,2.76236388934289
11039,247,1235,1240,1,2.76236388934289
11496,267,1335,1340,1,2.76236388934289
11793,281,1405,1410,1,2.76236388934289
12321,308,1540,1545,1,2.76236388934289
12380,312,1560,1565,1,2.76236388934289
1679,14,70,75,1,2.76236388933818
1933,17,85,90,1,2.76236388933818
2740,28,140,145,1,2.76236388933818
2990,32,160,165,1,2.76236388933818
3063,33,165,170,1,2.76236388933818
3448,40,200,205,1,2.76236388933818
3655,44,220,225,1,2.76236388933818
3656,44,220,225,1,2.76236388933818
3973,50,250,255,1,2.76236388933818
3974,50,250,255,1,2.76236388933818
3975,50,250,255,1,2.76236388933818
4030,51,255,260,1,2.76236388933818
4031,51,255,260,1,2.76236388933818
4127,53,265,270,1,2.76236388933818
4279,56,280,285,1,2.76236388933818
4378,58,290,295,1,2.76236388933818
4628,63,315,320,1,2.76236388933818
4823,67,335,340,1,2.76236388933818
4911,69,345,350,1,2.76236388933818
5039,72,360,365,1,2.76236388933818
5086,73,365,370,1,2.76236388933818
5121,74,370,375,1,2.76236388933818
5386,80,400,405,1,2.76236388933818
5605,86,430,435,1,2.76236388933818
5639,87,435,440,1,2.76236388933818
5678,88,440,445,1,2.76236388933818
5679,88,440,445,1,2.76236388933818
6890,122,610,615,1,2.76236388933818
7228,131,655,660,1,2.76236388933818
7272,132,660,665,1,2.76236388933818
7524,138,690,695,1,2.76236388933818
7961,150,750,755,1,2.76236388933818
8074,153,765,770,1,2.76236388933818
8149,155,775,780,1,2.76236388933818
8326,160,800,805,1,2.76236388933818
8416,163,815,820,1,2.76236388933818
8483,165,825,830,1,2.76236388933818
8702,172,860,865,1,2.76236388933818
9189,186,930,935,1,2.76236388933818
9247,188,940,945,1,2.76236388933818
9473,194,970,975,1,2.76236388933818
9825,204,1020,1025,1,2.76236388933818
10186,216,1080,1085,1,2.76236388933818
10375,222,1110,1115,1,2.76236388933818
10710,234,1170,1175,1,2.76236388933818
10892,241,1205,1210,1,2.76236388933818
10959,244,1220,1225,1,2.76236388933818
11068,248,1240,1245,1,2.76236388933818
11495,267,1335,1340,1,2.76236388933818
11518,268,1340,1345,1,2.76236388933818
12004,291,1455,1460,1,2.76236388933818
12767,342,1710,1715,1,2.76236388933818
1115,8,40,45,1,2.7617700886557057
1424,11,55,60,1,2.7617700886557057
1930,17,85,90,1,2.7617700886557057
1931,17,85,90,1,2.7617700886557057
2169,20,100,105,1,2.7617700886557057
2679,27,135,140,1,2.7617700886557057
2798,29,145,150,1,2.7617700886557057
3113,34,170,175,1,2.7617700886557057
3278,37,185,190,1,2.7617700886557057
3603,43,215,220,1,2.7617700886557057
3654,44,220,225,1,2.7617700886557057
3816,47,235,240,1,2.7617700886557057
4083,52,260,265,1,2.7617700886557057
4481,60,300,305,1,2.7617700886557057
4533,61,305,310,1,2.7617700886557057
4534,61,305,310,1,2.7617700886557057
4586,62,310,315,1,2.7617700886557057
4822,67,335,340,1,2.7617700886557057
4910,69,345,350,1,2.7617700886557057
4956,70,350,355,1,2.7617700886557057
4957,70,350,355,1,2.7617700886557057
5304,78,390,395,1,2.7617700886557057
5305,78,390,395,1,2.7617700886557057
5456,82,410,415,1,2.7617700886557057
5602,86,430,435,1,2.7617700886557057
5603,86,430,435,1,2.7617700886557057
5793,91,455,460,1,2.7617700886557057
5970,96,480,485,1,2.7617700886557057
6008,97,485,490,1,2.7617700886557057
6040,98,490,495,1,2.7617700886557057
6140,101,505,510,1,2.7617700886557057
7113,128,640,645,1,2.7617700886557057
7155,129,645,650,1,2.7617700886557057
7678,142,710,715,1,2.7617700886557057
7715,143,715,720,1,2.7617700886557057
8000,151,755,760,1,2.7617700886557057
8181,156,780,785,1,2.7617700886557057
8808,175,875,880,1,2.7617700886557057
8911,178,890,895,1,2.7617700886557057
9245,188,940,945,1,2.7617700886557057
9246,188,940,945,1,2.7617700886557057
9318,190,950,955,1,2.7617700886557057
9392,192,960,965,1,2.7617700886557057
9714,201,1005,1010,1,2.7617700886557057
9924,207,1035,1040,1,2.7617700886557057
9925,207,1035,1040,1,2.7617700886557057
9926,207,1035,1040,1,2.7617700886557057
9986,209,1045,1050,1,2.7617700886557057
10041,211,1055,1060,1,2.7617700886557057
10094,213,1065,1070,1,2.7617700886557057
10284,219,1095,1100,1,2.7617700886557057
10339,221,1105,1110,1,2.7617700886557057
10372,222,1110,1115,1,2.7617700886557057
10432,224,1120,1125,1,2.7617700886557057
10621,231,1155,1160,1,2.7617700886557057
10655,232,1160,1165,1,2.7617700886557057
10958,244,1220,1225,1,2.7617700886557057
11493,267,1335,1340,1,2.7617700886557057
11494,267,1335,1340,1,2.7617700886557057
11742,279,1395,1400,1,2.7617700886557057
198,2,10,15,1,2.761770088650996
688,5,25,30,1,2.761770088650996
1226,9,45,50,1,2.761770088650996
1425,11,55,60,1,2.761770088650996
1843,16,80,85,1,2.761770088650996
2534,25,125,130,1,2.761770088650996
2923,31,155,160,1,2.761770088650996
2989,32,160,165,1,2.761770088650996
3508,41,205,210,1,2.761770088650996
3556,42,210,215,1,2.761770088650996
4029,51,255,260,1,2.761770088650996
4126,53,265,270,1,2.761770088650996
4732,65,325,330,1,2.761770088650996
4777,66,330,335,1,2.761770088650996
4955,70,350,355,1,2.761770088650996
4990,71,355,360,1,2.761770088650996
5263,77,385,390,1,2.761770088650996
5385,80,400,405,1,2.761770088650996
5420,81,405,410,1,2.761770088650996
5526,84,420,425,1,2.761770088650996
5527,84,420,425,1,2.761770088650996
5794,91,455,460,1,2.761770088650996
5795,91,455,460,1,2.761770088650996
5895,94,470,475,1,2.761770088650996
6073,99,495,500,1,2.761770088650996
6472,110,550,555,1,2.761770088650996
7568,139,695,700,1,2.761770088650996
7999,151,755,760,1,2.761770088650996
8350,161,805,810,1,2.761770088650996
8451,164,820,825,1,2.761770088650996
8622,169,845,850,1,2.761770088650996
8912,178,890,895,1,2.761770088650996
8992,180,900,905,1,2.761770088650996
9610,198,990,995,1,2.761770088650996
9987,209,1045,1050,1,2.761770088650996
10014,210,1050,1055,1,2.761770088650996
10093,213,1065,1070,1,2.761770088650996
10185,216,1080,1085,1,2.761770088650996
10283,219,1095,1100,1,2.761770088650996
10373,222,1110,1115,1,2.761770088650996
10374,222,1110,1115,1,2.761770088650996
10401,223,1115,1120,1,2.761770088650996
10563,229,1145,1150,1,2.761770088650996
10620,231,1155,1160,1,2.761770088650996
10781,237,1185,1190,1,2.761770088650996
10908,242,1210,1215,1,2.761770088650996
11067,248,1240,1245,1,2.761770088650996
11087,249,1245,1250,1,2.761770088650996
11961,289,1445,1450,1,2.761770088650996
357,3,15,20,1,2.76117605428211
1324,10,50,55,1,2.76117605428211
1518,12,60,65,1,2.76117605428211
1927,17,85,90,1,2.76117605428211
2003,18,90,95,1,2.76117605428211
2090,19,95,100,1,2.76117605428211
2866,30,150,155,1,2.76117605428211
3112,34,170,175,1,2.76117605428211
3225,36,180,185,1,2.76117605428211
3277,37,185,190,1,2.76117605428211
3339,38,190,195,1,2.76117605428211
3602,43,215,220,1,2.76117605428211
4226,55,275,280,1,2.76117605428211
4324,57,285,290,1,2.76117605428211
4909,69,345,350,1,2.76117605428211
5162,75,375,380,1,2.76117605428211
5346,79,395,400,1,2.76117605428211
5348,79,395,400,1,2.76117605428211
5419,81,405,410,1,2.76117605428211
5867,93,465,470,1,2.76117605428211
5894,94,470,475,1,2.76117605428211
6072,99,495,500,1,2.76117605428211
6139,101,505,510,1,2.76117605428211
6212,103,515,520,1,2.76117605428211
6416,108,540,545,1,2.76117605428211
7315,133,665,670,1,2.76117605428211
7479,137,685,690,1,2.76117605428211
7522,138,690,695,1,2.76117605428211
7854,147,735,740,1,2.76117605428211
8325,160,800,805,1,2.76117605428211
8415,163,815,820,1,2.76117605428211
8482,165,825,830,1,2.76117605428211
8549,167,835,840,1,2.76117605428211
8649,170,850,855,1,2.76117605428211
8736,173,865,870,1,2.76117605428211
9131,184,920,925,1,2.76117605428211
9187,186,930,935,1,2.76117605428211
9511,195,975,980,1,2.76117605428211
9646,199,995,1000,1,2.76117605428211
9787,203,1015,1020,1,2.76117605428211
9824,204,1020,1025,1,2.76117605428211
9886,206,1030,1035,1,2.76117605428211
9887,206,1030,1035,1,2.76117605428211
9888,206,1030,1035,1,2.76117605428211
10215,217,1085,1090,1,2.76117605428211
10316,220,1100,1105,1,2.76117605428211
10465,225,1125,1130,1,2.76117605428211
10531,228,1140,1145,1,2.76117605428211
10562,229,1145,1150,1,2.76117605428211
10843,239,1195,1200,1,2.76117605428211
11038,247,1235,1240,1,2.76117605428211
11158,252,1260,1265,1,2.76117605428211
11301,258,1290,1295,1,2.76117605428211
11431,264,1320,1325,1,2.76117605428211
197,2,10,15,1,2.761176054277402
519,4,20,25,1,2.761176054277402
520,4,20,25,1,2.761176054277402
1325,10,50,55,1,2.761176054277402
1838,16,80,85,1,2.761176054277402
1841,16,80,85,1,2.761176054277402
2004,18,90,95,1,2.761176054277402
2005,18,90,95,1,2.761176054277402
2244,21,105,110,1,2.761176054277402
2533,25,125,130,1,2.761176054277402
2797,29,145,150,1,2.761176054277402
2921,31,155,160,1,2.761176054277402
3506,41,205,210,1,2.761176054277402
3507,41,205,210,1,2.761176054277402
3759,46,230,235,1,2.761176054277402
4323,57,285,290,1,2.761176054277402
4480,60,300,305,1,2.761176054277402
4776,66,330,335,1,2.761176054277402
4821,67,335,340,1,2.761176054277402
4868,68,340,345,1,2.761176054277402
5037,72,360,365,1,2.761176054277402
5163,75,375,380,1,2.761176054277402
5347,79,395,400,1,2.761176054277402
5491,83,415,420,1,2.761176054277402
5866,93,465,470,1,2.761176054277402
6108,100,500,505,1,2.761176054277402
6211,103,515,520,1,2.761176054277402
6417,108,540,545,1,2.761176054277402
6659,115,575,580,1,2.761176054277402
6824,120,600,605,1,2.761176054277402
6933,123,615,620,1,2.761176054277402
6934,123,615,620,1,2.761176054277402
6935,123,615,620,1,2.761176054277402
7071,127,635,640,1,2.761176054277402
7480,137,685,690,1,2.761176054277402
7782,145,725,730,1,2.761176054277402
8324,160,800,805,1,2.761176054277402
8514,166,830,835,1,2.761176054277402
8701,172,860,865,1,2.761176054277402
8952,179,895,900,1,2.761176054277402
9188,186,930,935,1,2.761176054277402
9922,207,1035,1040,1,2.761176054277402
9923,207,1035,1040,1,2.761176054277402
9951,208,1040,1045,1,2.761176054277402
9985,209,1045,1050,1,2.761176054277402
10317,220,1100,1105,1,2.761176054277402
10318,220,1100,1105,1,2.761176054277402
10400,223,1115,1120,1,2.761176054277402
10431,224,1120,1125,1,2.761176054277402
10708,234,1170,1175,1,2.761176054277402
10709,234,1170,1175,1,2.761176054277402
10906,242,1210,1215,1,2.761176054277402
10907,242,1210,1215,1,2.761176054277402
10983,245,1225,1230,1,2.761176054277402
11300,258,1290,1295,1,2.761176054277402
11640,274,1370,1375,1,2.761176054277402
989,7,35,40,1,2.760581786267985
990,7,35,40,1,2.760581786267985
1224,9,45,50,1,2.760581786267985
1225,9,45,50,1,2.760581786267985
2088,19,95,100,1,2.760581786267985
2165,20,100,105,1,2.760581786267985
2168,20,100,105,1,2.760581786267985
2241,21,105,110,1,2.760581786267985
2394,23,115,120,1,2.760581786267985
2739,28,140,145,1,2.760581786267985
2796,29,145,150,1,2.760581786267985
3338,38,190,195,1,2.760581786267985
3399,39,195,200,1,2.760581786267985
3815,47,235,240,1,2.760581786267985
3862,48,240,245,1,2.760581786267985
4428,59,295,300,1,2.760581786267985
4627,63,315,320,1,2.760581786267985
4954,70,350,355,1,2.760581786267985
5261,77,385,390,1,2.760581786267985
5262,77,385,390,1,2.760581786267985
5525,84,420,425,1,2.760581786267985
5601,86,430,435,1,2.760581786267985
5791,91,455,460,1,2.760581786267985
5792,91,455,460,1,2.760581786267985
6039,98,490,495,1,2.760581786267985
6107,100,500,505,1,2.760581786267985
6688,116,580,585,1,2.760581786267985
6720,117,585,590,1,2.760581786267985
6755,118,590,595,1,2.760581786267985
6787,119,595,600,1,2.760581786267985
6932,123,615,620,1,2.760581786267985
7112,128,640,645,1,2.760581786267985
7153,129,645,650,1,2.760581786267985
7196,130,650,655,1,2.760581786267985
7521,138,690,695,1,2.760581786267985
7714,143,715,720,1,2.760581786267985
7853,147,735,740,1,2.760581786267985
7960,150,750,755,1,2.760581786267985
8213,157,785,790,1,2.760581786267985
8246,158,790,795,1,2.760581786267985
8382,162,810,815,1,2.760581786267985
8910,178,890,895,1,2.760581786267985
8991,180,900,905,1,2.760581786267985
9062,182,910,915,1,2.760581786267985
9096,183,915,920,1,2.760581786267985
9354,191,955,960,1,2.760581786267985
9355,191,955,960,1,2.760581786267985
9472,194,970,975,1,2.760581786267985
9609,198,990,995,1,2.760581786267985
9645,199,995,1000,1,2.760581786267985
9684,200,1000,1005,1,2.760581786267985
10090,213,1065,1070,1,2.760581786267985
10315,220,1100,1105,1,2.760581786267985
10728,235,1175,1180,1,2.760581786267985
10750,236,1180,1185,1,2.760581786267985
11086,249,1245,1250,1,2.760581786267985
11157,252,1260,1265,1,2.760581786267985
11188,253,1265,1270,1,2.760581786267985
11697,277,1385,1390,1,2.760581786267985
12028,292,1460,1465,1,2.760581786267985
12396,313,1565,1570,1,2.760581786267985
518,4,20,25,1,2.7605817862632778
842,6,30,35,1,2.7605817862632778
1606,13,65,70,1,2.7605817862632778
1607,13,65,70,1,2.7605817862632778
2166,20,100,105,1,2.7605817862632778
2242,21,105,110,1,2.7605817862632778
2320,22,110,115,1,2.7605817862632778
2395,23,115,120,1,2.7605817862632778
2864,30,150,155,1,2.7605817862632778
3164,35,175,180,1,2.7605817862632778
3224,36,180,185,1,2.7605817862632778
3708,45,225,230,1,2.7605817862632778
3758,46,230,235,1,2.7605817862632778
4479,60,300,305,1,2.7605817862632778
4867,68,340,345,1,2.7605817862632778
4989,71,355,360,1,2.7605817862632778
5303,78,390,395,1,2.7605817862632778
5454,82,410,415,1,2.7605817862632778
5455,82,410,415,1,2.7605817862632778
5967,96,480,485,1,2.7605817862632778
5968,96,480,485,1,2.7605817862632778
6210,103,515,520,1,2.7605817862632778
6415,108,540,545,1,2.7605817862632778
6471,110,550,555,1,2.7605817862632778
6537,112,560,565,1,2.7605817862632778
6687,116,580,585,1,2.7605817862632778
7154,129,645,650,1,2.7605817862632778
7345,134,670,675,1,2.7605817862632778
7430,136,680,685,1,2.7605817862632778
7567,139,695,700,1,2.7605817862632778
7781,145,725,730,1,2.7605817862632778
7998,151,755,760,1,2.7605817862632778
8073,153,765,770,1,2.7605817862632778
8281,159,795,800,1,2.7605817862632778
8383,162,810,815,1,2.7605817862632778
8807,175,875,880,1,2.7605817862632778
8846,176,880,885,1,2.7605817862632778
9063,182,910,915,1,2.7605817862632778
9130,184,920,925,1,2.7605817862632778
9317,190,950,955,1,2.7605817862632778
9752,202,1010,1015,1,2.7605817862632778
9753,202,1010,1015,1,2.7605817862632778
9921,207,1035,1040,1,2.7605817862632778
10091,213,1065,1070,1,2.7605817862632778
10092,213,1065,1070,1,2.7605817862632778
10124,214,1070,1075,1,2.7605817862632778
10654,232,1160,1165,1,2.7605817862632778
10982,245,1225,1230,1,2.7605817862632778
11698,277,1385,1390,1,2.7605817862632778
11764,280,1400,1405,1,2.7605817862632778
11851,283,1415,1420,1,2.7605817862632778
12412,314,1570,1575,1,2.7605817862632778
517,4,20,25,1,2.7599872846631404
685,5,25,30,1,2.7599872846631404
686,5,25,30,1,2.7599872846631404
2087,19,95,100,1,2.7599872846631404
2318,22,110,115,1,2.7599872846631404
2319,22,110,115,1,2.7599872846631404
2392,23,115,120,1,2.7599872846631404
2393,23,115,120,1,2.7599872846631404
2462,24,120,125,1,2.7599872846631404
2920,31,155,160,1,2.7599872846631404
3109,34,170,175,1,2.7599872846631404
3111,34,170,175,1,2.7599872846631404
3337,38,190,195,1,2.7599872846631404
3555,42,210,215,1,2.7599872846631404
3921,49,245,250,1,2.7599872846631404
4820,67,335,340,1,2.7599872846631404
5119,74,370,375,1,2.7599872846631404
5215,76,380,385,1,2.7599872846631404
5417,81,405,410,1,2.7599872846631404
5677,88,440,445,1,2.7599872846631404
5864,93,465,470,1,2.7599872846631404
6106,100,500,505,1,2.7599872846631404
6177,102,510,515,1,2.7599872846631404
6440,109,545,550,1,2.7599872846631404
6470,110,550,555,1,2.7599872846631404
6571,113,565,570,1,2.7599872846631404
6786,119,595,600,1,2.7599872846631404
6930,123,615,620,1,2.7599872846631404
6931,123,615,620,1,2.7599872846631404
7227,131,655,660,1,2.7599872846631404
7271,132,660,665,1,2.7599872846631404
7478,137,685,690,1,2.7599872846631404
7520,138,690,695,1,2.7599872846631404
7644,141,705,710,1,2.7599872846631404
7713,143,715,720,1,2.7599872846631404
7925,149,745,750,1,2.7599872846631404
7958,150,750,755,1,2.7599872846631404
8381,162,810,815,1,2.7599872846631404
8621,169,845,850,1,2.7599872846631404
8763,174,870,875,1,2.7599872846631404
8806,175,875,880,1,2.7599872846631404
8876,177,885,890,1,2.7599872846631404
8877,177,885,890,1,2.7599872846631404
9185,186,930,935,1,2.7599872846631404
9186,186,930,935,1,2.7599872846631404
9353,191,955,960,1,2.7599872846631404
9544,196,980,985,1,2.7599872846631404
9608,198,990,995,1,2.7599872846631404
9786,203,1015,1020,1,2.7599872846631404
10684,233,1165,1170,1,2.7599872846631404
11474,266,1330,1335,1,2.7599872846631404
11544,269,1345,1350,1,2.7599872846631404
11639,274,1370,1375,1,2.7599872846631404
11741,279,1395,1400,1,2.7599872846631404
12755,341,1705,1710,1,2.7599872846631404
12782,343,1715,1720,1,2.7599872846631404
516,4,20,25,1,2.759987284658434
687,5,25,30,1,2.759987284658434
841,6,30,35,1,2.759987284658434
1517,12,60,65,1,2.759987284658434
1836,16,80,85,1,2.759987284658434
2002,18,90,95,1,2.759987284658434
2240,21,105,110,1,2.759987284658434
2317,22,110,115,1,2.759987284658434
2461,24,120,125,1,2.759987284658434
2606,26,130,135,1,2.759987284658434
2795,29,145,150,1,2.759987284658434
3059,33,165,170,1,2.759987284658434
3163,35,175,180,1,2.759987284658434
3336,38,190,195,1,2.759987284658434
3398,39,195,200,1,2.759987284658434
3554,42,210,215,1,2.759987284658434
3920,49,245,250,1,2.759987284658434
4775,66,330,335,1,2.759987284658434
4866,68,340,345,1,2.759987284658434
5214,76,380,385,1,2.759987284658434
5302,78,390,395,1,2.759987284658434
5345,79,395,400,1,2.759987284658434
5418,81,405,410,1,2.759987284658434
5711,89,445,450,1,2.759987284658434
5712,89,445,450,1,2.759987284658434
6658,115,575,580,1,2.759987284658434
6954,124,620,625,1,2.759987284658434
7035,126,630,635,1,2.759987284658434
7036,126,630,635,1,2.759987284658434
7314,133,665,670,1,2.759987284658434
7344,134,670,675,1,2.759987284658434
7677,142,710,715,1,2.759987284658434
7926,149,745,750,1,2.759987284658434
7959,150,750,755,1,2.759987284658434
8109,154,770,775,1,2.759987284658434
8148,155,775,780,1,2.759987284658434
8380,162,810,815,1,2.759987284658434
8481,165,825,830,1,2.759987284658434
8512,166,830,835,1,2.759987284658434
8700,172,860,865,1,2.759987284658434
9029,181,905,910,1,2.759987284658434
9095,183,915,920,1,2.759987284658434
9156,185,925,930,1,2.759987284658434
9219,187,935,940,1,2.759987284658434
9391,192,960,965,1,2.759987284658434
9578,197,985,990,1,2.759987284658434
9751,202,1010,1015,1,2.759987284658434
10749,236,1180,1185,1,2.759987284658434
10957,244,1220,1225,1,2.759987284658434
11135,251,1255,1260,1,2.759987284658434
11277,257,1285,1290,1,2.759987284658434
11598,272,1360,1365,1,2.759987284658434
12257,305,1525,1530,1,2.759987284658434
12320,308,1540,1545,1,2.759987284658434
13027,367,1835,1840,1,2.759987284658434
85,1,5,10,1,2.759392549520012
515,4,20,25,1,2.759392549520012
840,6,30,35,1,2.759392549520012
1223,9,45,50,1,2.759392549520012
1323,10,50,55,1,2.759392549520012
1605,13,65,70,1,2.759392549520012
1835,16,80,85,1,2.759392549520012
2316,22,110,115,1,2.759392549520012
2389,23,115,120,1,2.759392549520012
2531,25,125,130,1,2.759392549520012
2532,25,125,130,1,2.759392549520012
2676,27,135,140,1,2.759392549520012
2738,28,140,145,1,2.759392549520012
2794,29,145,150,1,2.759392549520012
3397,39,195,200,1,2.759392549520012
4427,59,295,300,1,2.759392549520012
4731,65,325,330,1,2.759392549520012
4774,66,330,335,1,2.759392549520012
4818,67,335,340,1,2.759392549520012
4819,67,335,340,1,2.759392549520012
5084,73,365,370,1,2.759392549520012
5750,90,450,455,1,2.759392549520012
5751,90,450,455,1,2.759392549520012
5789,91,455,460,1,2.759392549520012
5862,93,465,470,1,2.759392549520012
5925,95,475,480,1,2.759392549520012
6071,99,495,500,1,2.759392549520012
6246,104,520,525,1,2.759392549520012
6248,104,520,525,1,2.759392549520012
6507,111,555,560,1,2.759392549520012
6719,117,585,590,1,2.759392549520012
6754,118,590,595,1,2.759392549520012
6823,120,600,605,1,2.759392549520012
7195,130,650,655,1,2.759392549520012
7313,133,665,670,1,2.759392549520012
7380,135,675,680,1,2.759392549520012
7565,139,695,700,1,2.759392549520012
7566,139,695,700,1,2.759392549520012
7676,142,710,715,1,2.759392549520012
7780,145,725,730,1,2.759392549520012
7996,151,755,760,1,2.759392549520012
7997,151,755,760,1,2.759392549520012
8212,157,785,790,1,2.759392549520012
8379,162,810,815,1,2.759392549520012
8450,164,820,825,1,2.759392549520012
8620,169,845,850,1,2.759392549520012
8648,170,850,855,1,2.759392549520012
8990,180,900,905,1,2.759392549520012
9244,188,940,945,1,2.759392549520012
9577,197,985,990,1,2.759392549520012
9950,208,1040,1045,1,2.759392549520012
10530,228,1140,1145,1,2.759392549520012
10619,231,1155,1160,1,2.759392549520012
10780,237,1185,1190,1,2.759392549520012
11107,250,1250,1255,1,2.759392549520012
11543,269,1345,1350,1,2.759392549520012
11850,283,1415,1420,1,2.759392549520012
12003,291,1455,1460,1,2.759392549520012
12084,295,1475,1480,1,2.759392549520012
13167,387,1935,1940,1,2.759392549520012
684,5,25,30,1,2.759392549515306
988,7,35,40,1,2.759392549515306
1112,8,40,45,1,2.759392549515306
1113,8,40,45,1,2.759392549515306
2391,23,115,120,1,2.759392549515306
2458,24,120,125,1,2.759392549515306
2605,26,130,135,1,2.759392549515306
2863,30,150,155,1,2.759392549515306
3223,36,180,185,1,2.759392549515306
3601,43,215,220,1,2.759392549515306
3757,46,230,235,1,2.759392549515306
3972,50,250,255,1,2.759392549515306
4478,60,300,305,1,2.759392549515306
4773,66,330,335,1,2.759392549515306
4865,68,340,345,1,2.759392549515306
5453,82,410,415,1,2.759392549515306
5600,86,430,435,1,2.759392549515306
5676,88,440,445,1,2.759392549515306
5790,91,455,460,1,2.759392549515306
5863,93,465,470,1,2.759392549515306
6038,98,490,495,1,2.759392549515306
6209,103,515,520,1,2.759392549515306
6247,104,520,525,1,2.759392549515306
6299,105,525,530,1,2.759392549515306
6378,107,535,540,1,2.759392549515306
6536,112,560,565,1,2.759392549515306
6785,119,595,600,1,2.759392549515306
6857,121,605,610,1,2.759392549515306
7034,126,630,635,1,2.759392549515306
7070,127,635,640,1,2.759392549515306
7312,133,665,670,1,2.759392549515306
7607,140,700,705,1,2.759392549515306
7826,146,730,735,1,2.759392549515306
7924,149,745,750,1,2.759392549515306
8072,153,765,770,1,2.759392549515306
8414,163,815,820,1,2.759392549515306
8590,168,840,845,1,2.759392549515306
8591,168,840,845,1,2.759392549515306
8676,171,855,860,1,2.759392549515306
9028,181,905,910,1,2.759392549515306
9543,196,980,985,1,2.759392549515306
9712,201,1005,1010,1,2.759392549515306
10878,240,1200,1205,1,2.759392549515306
11232,255,1275,1280,1,2.759392549515306
11372,261,1305,1310,1,2.759392549515306
11615,273,1365,1370,1,2.759392549515306
11722,278,1390,1395,1,2.759392549515306
12638,331,1655,1660,1,2.759392549515306
12648,332,1660,1665,1,2.759392549515306
13293,417,2085,2090,1,2.759392549515306
514,4,20,25,1,2.7587975808910326
682,5,25,30,1,2.7587975808910326
683,5,25,30,1,2.7587975808910326
1321,10,50,55,1,2.7587975808910326
1422,11,55,60,1,2.7587975808910326
1423,11,55,60,1,2.7587975808910326
1515,12,60,65,1,2.7587975808910326
1603,13,65,70,1,2.7587975808910326
1604,13,65,70,1,2.7587975808910326
1764,15,75,80,1,2.7587975808910326
1924,17,85,90,1,2.7587975808910326
2674,27,135,140,1,2.7587975808910326
2675,27,135,140,1,2.7587975808910326
2736,28,140,145,1,2.7587975808910326
2737,28,140,145,1,2.7587975808910326
2791,29,145,150,1,2.7587975808910326
2793,29,145,150,1,2.7587975808910326
2988,32,160,165,1,2.7587975808910326
3058,33,165,170,1,2.7587975808910326
3814,47,235,240,1,2.7587975808910326
4081,52,260,265,1,2.7587975808910326
4276,56,280,285,1,2.7587975808910326
4277,56,280,285,1,2.7587975808910326
4908,69,345,350,1,2.7587975808910326
4953,70,350,355,1,2.7587975808910326
5118,74,370,375,1,2.7587975808910326
5384,80,400,405,1,2.7587975808910326
5415,81,405,410,1,2.7587975808910326
5675,88,440,445,1,2.7587975808910326
5710,89,445,450,1,2.7587975808910326
6105,100,500,505,1,2.7587975808910326
6138,101,505,510,1,2.7587975808910326
6245,104,520,525,1,2.7587975808910326
6297,105,525,530,1,2.7587975808910326
6335,106,530,535,1,2.7587975808910326
6685,116,580,585,1,2.7587975808910326
6784,119,595,600,1,2.7587975808910326
6856,121,605,610,1,2.7587975808910326
6992,125,625,630,1,2.7587975808910326
7069,127,635,640,1,2.7587975808910326
7269,132,660,665,1,2.7587975808910326
7343,134,670,675,1,2.7587975808910326
7428,136,680,685,1,2.7587975808910326
7606,140,700,705,1,2.7587975808910326
7643,141,705,710,1,2.7587975808910326
7888,148,740,745,1,2.7587975808910326
7923,149,745,750,1,2.7587975808910326
7957,150,750,755,1,2.7587975808910326
8211,157,785,790,1,2.7587975808910326
8805,175,875,880,1,2.7587975808910326
8844,176,880,885,1,2.7587975808910326
8845,176,880,885,1,2.7587975808910326
8989,180,900,905,1,2.7587975808910326
9094,183,915,920,1,2.7587975808910326
9352,191,955,960,1,2.7587975808910326
9607,198,990,995,1,2.7587975808910326
10123,214,1070,1075,1,2.7587975808910326
10248,218,1090,1095,1,2.7587975808910326
10371,222,1110,1115,1,2.7587975808910326
10529,228,1140,1145,1,2.7587975808910326
10842,239,1195,1200,1,2.7587975808910326
11638,274,1370,1375,1,2.7587975808910326
11682,276,1380,1385,1,2.7587975808910326
12002,291,1455,1460,1,2.7587975808910326
12358,310,1550,1555,1,2.7587975808910326
13179,390,1950,1955,1,2.7587975808910326
1110,8,40,45,1,2.7587975808863283
1222,9,45,50,1,2.7587975808863283
1322,10,50,55,1,2.7587975808863283
1516,12,60,65,1,2.7587975808863283
1677,14,70,75,1,2.7587975808863283
1999,18,90,95,1,2.7587975808863283
2314,22,110,115,1,2.7587975808863283
2529,25,125,130,1,2.7587975808863283
2604,26,130,135,1,2.7587975808863283
2792,29,145,150,1,2.7587975808863283
2862,30,150,155,1,2.7587975808863283
3108,34,170,175,1,2.7587975808863283
3919,49,245,250,1,2.7587975808863283
4028,51,255,260,1,2.7587975808863283
4952,70,350,355,1,2.7587975808863283
5083,73,365,370,1,2.7587975808863283
5117,74,370,375,1,2.7587975808863283
5301,78,390,395,1,2.7587975808863283
5416,81,405,410,1,2.7587975808863283
5562,85,425,430,1,2.7587975808863283
5599,86,430,435,1,2.7587975808863283
5861,93,465,470,1,2.7587975808863283
5893,94,470,475,1,2.7587975808863283
5924,95,475,480,1,2.7587975808863283
6137,101,505,510,1,2.7587975808863283
6176,102,510,515,1,2.7587975808863283
6208,103,515,520,1,2.7587975808863283
6298,105,525,530,1,2.7587975808863283
6414,108,540,545,1,2.7587975808863283
6855,121,605,610,1,2.7587975808863283
6889,122,610,615,1,2.7587975808863283
7033,126,630,635,1,2.7587975808863283
7341,134,670,675,1,2.7587975808863283
7342,134,670,675,1,2.7587975808863283
7852,147,735,740,1,2.7587975808863283
8145,155,775,780,1,2.7587975808863283
8146,155,775,780,1,2.7587975808863283
8322,160,800,805,1,2.7587975808863283
8323,160,800,805,1,2.7587975808863283
8413,163,815,820,1,2.7587975808863283
8909,178,890,895,1,2.7587975808863283
8951,179,895,900,1,2.7587975808863283
9155,185,925,930,1,2.7587975808863283
9184,186,930,935,1,2.7587975808863283
9218,187,935,940,1,2.7587975808863283
9390,192,960,965,1,2.7587975808863283
10152,215,1075,1080,1,2.7587975808863283
10485,226,1130,1135,1,2.7587975808863283
10877,240,1200,1205,1,2.7587975808863283
11344,260,1300,1305,1,2.7587975808863283
11392,262,1310,1315,1,2.7587975808863283
11637,274,1370,1375,1,2.7587975808863283
12359,310,1550,1555,1,2.7587975808863283
12590,327,1635,1640,1,2.7587975808863283
12893,352,1760,1765,1,2.7587975808863283
12964,359,1795,1800,1,2.7587975808863283
986,7,35,40,1,2.758202378819461
1221,9,45,50,1,2.758202378819461
1602,13,65,70,1,2.758202378819461
1675,14,70,75,1,2.758202378819461
1922,17,85,90,1,2.758202378819461
2234,21,105,110,1,2.758202378819461
2312,22,110,115,1,2.758202378819461
2457,24,120,125,1,2.758202378819461
2790,29,145,150,1,2.758202378819461
2919,31,155,160,1,2.758202378819461
2986,32,160,165,1,2.758202378819461
2987,32,160,165,1,2.758202378819461
3221,36,180,185,1,2.758202378819461
3222,36,180,185,1,2.758202378819461
3335,38,190,195,1,2.758202378819461
4173,54,270,275,1,2.758202378819461
4426,59,295,300,1,2.758202378819461
4951,70,350,355,1,2.758202378819461
5160,75,375,380,1,2.758202378819461
5161,75,375,380,1,2.758202378819461
5452,82,410,415,1,2.758202378819461
5749,90,450,455,1,2.758202378819461
6103,100,500,505,1,2.758202378819461
6334,106,530,535,1,2.758202378819461
6376,107,535,540,1,2.758202378819461
6438,109,545,550,1,2.758202378819461
6505,111,555,560,1,2.758202378819461
6684,116,580,585,1,2.758202378819461
6888,122,610,615,1,2.758202378819461
7111,128,640,645,1,2.758202378819461
7226,131,655,660,1,2.758202378819461
7311,133,665,670,1,2.758202378819461
7339,134,670,675,1,2.758202378819461
7477,137,685,690,1,2.758202378819461
7519,138,690,695,1,2.758202378819461
7824,146,730,735,1,2.758202378819461
7825,146,730,735,1,2.758202378819461
8144,155,775,780,1,2.758202378819461
8179,156,780,785,1,2.758202378819461
8244,158,790,795,1,2.758202378819461
8245,158,790,795,1,2.758202378819461
8321,160,800,805,1,2.758202378819461
8349,161,805,810,1,2.758202378819461
8378,162,810,815,1,2.758202378819461
8589,168,840,845,1,2.758202378819461
8735,173,865,870,1,2.758202378819461
8875,177,885,890,1,2.758202378819461
9027,181,905,910,1,2.758202378819461
9243,188,940,945,1,2.758202378819461
9275,189,945,950,1,2.758202378819461
9433,193,965,970,1,2.758202378819461
9434,193,965,970,1,2.758202378819461
9785,203,1015,1020,1,2.758202378819461
10089,213,1065,1070,1,2.758202378819461
10430,224,1120,1125,1,2.758202378819461
10484,226,1130,1135,1,2.758202378819461
10808,238,1190,1195,1,2.758202378819461
10930,243,1215,1220,1,2.758202378819461
10956,244,1220,1225,1,2.758202378819461
10980,245,1225,1230,1,2.758202378819461
11085,249,1245,1250,1,2.758202378819461
12069,294,1470,1475,1,2.758202378819461
12454,317,1585,1590,1,2.758202378819461
13059,371,1855,1860,1,2.758202378819461
84,1,5,10,1,2.7582023788147576
839,6,30,35,1,2.7582023788147576
1923,17,85,90,1,2.7582023788147576
2084,19,95,100,1,2.7582023788147576
2160,20,100,105,1,2.7582023788147576
2161,20,100,105,1,2.7582023788147576
2526,25,125,130,1,2.7582023788147576
2527,25,125,130,1,2.7582023788147576
2603,26,130,135,1,2.7582023788147576
3056,33,165,170,1,2.7582023788147576
3057,33,165,170,1,2.7582023788147576
3162,35,175,180,1,2.7582023788147576
3446,40,200,205,1,2.7582023788147576
4174,54,270,275,1,2.7582023788147576
5116,74,370,375,1,2.7582023788147576
5260,77,385,390,1,2.7582023788147576
6104,100,500,505,1,2.7582023788147576
6135,101,505,510,1,2.7582023788147576
6136,101,505,510,1,2.7582023788147576
6244,104,520,525,1,2.7582023788147576
6506,111,555,560,1,2.7582023788147576
6611,114,570,575,1,2.7582023788147576
6929,123,615,620,1,2.7582023788147576
7151,129,645,650,1,2.7582023788147576
7152,129,645,650,1,2.7582023788147576
7225,131,655,660,1,2.7582023788147576
7267,132,660,665,1,2.7582023788147576
7268,132,660,665,1,2.7582023788147576
7310,133,665,670,1,2.7582023788147576
7340,134,670,675,1,2.7582023788147576
7605,140,700,705,1,2.7582023788147576
7994,151,755,760,1,2.7582023788147576
7995,151,755,760,1,2.7582023788147576
8036,152,760,765,1,2.7582023788147576
8480,165,825,830,1,2.7582023788147576
8908,178,890,895,1,2.7582023788147576
9093,183,915,920,1,2.7582023788147576
9217,187,935,940,1,2.7582023788147576
9242,188,940,945,1,2.7582023788147576
9316,190,950,955,1,2.7582023788147576
9351,191,955,960,1,2.7582023788147576
9644,199,995,1000,1,2.7582023788147576
9852,205,1025,1030,1,2.7582023788147576
9853,205,1025,1030,1,2.7582023788147576
10069,212,1060,1065,1,2.7582023788147576
10151,215,1075,1080,1,2.7582023788147576
10247,218,1090,1095,1,2.7582023788147576
11256,256,1280,1285,1,2.7582023788147576
11343,260,1300,1305,1,2.7582023788147576
11664,275,1375,1380,1,2.7582023788147576
11696,277,1385,1390,1,2.7582023788147576
12357,310,1550,1555,1,2.7582023788147576
12819,346,1730,1735,1,2.7582023788147576
1601,13,65,70,1,2.7576069433616635
1674,14,70,75,1,2.7576069433616635
1763,15,75,80,1,2.7576069433616635
1832,16,80,85,1,2.7576069433616635
1920,17,85,90,1,2.7576069433616635
2311,22,110,115,1,2.7576069433616635
2455,24,120,125,1,2.7576069433616635
2670,27,135,140,1,2.7576069433616635
2671,27,135,140,1,2.7576069433616635
2672,27,135,140,1,2.7576069433616635
2734,28,140,145,1,2.7576069433616635
2859,30,150,155,1,2.7576069433616635
2918,31,155,160,1,2.7576069433616635
2985,32,160,165,1,2.7576069433616635
3106,34,170,175,1,2.7576069433616635
3161,35,175,180,1,2.7576069433616635
3861,48,240,245,1,2.7576069433616635
4027,51,255,260,1,2.7576069433616635
4377,58,290,295,1,2.7576069433616635
4864,68,340,345,1,2.7576069433616635
5035,72,360,365,1,2.7576069433616635
5413,81,405,410,1,2.7576069433616635
5709,89,445,450,1,2.7576069433616635
5830,92,460,465,1,2.7576069433616635
5923,95,475,480,1,2.7576069433616635
5966,96,480,485,1,2.7576069433616635
6243,104,520,525,1,2.7576069433616635
6333,106,530,535,1,2.7576069433616635
6783,119,595,600,1,2.7576069433616635
6928,123,615,620,1,2.7576069433616635
7032,126,630,635,1,2.7576069433616635
7194,130,650,655,1,2.7576069433616635
7266,132,660,665,1,2.7576069433616635
7675,142,710,715,1,2.7576069433616635
7993,151,755,760,1,2.7576069433616635
8071,153,765,770,1,2.7576069433616635
8108,154,770,775,1,2.7576069433616635
8412,163,815,820,1,2.7576069433616635
8511,166,830,835,1,2.7576069433616635
8803,175,875,880,1,2.7576069433616635
8842,176,880,885,1,2.7576069433616635
8843,176,880,885,1,2.7576069433616635
8907,178,890,895,1,2.7576069433616635
8950,179,895,900,1,2.7576069433616635
9026,181,905,910,1,2.7576069433616635
9128,184,920,925,1,2.7576069433616635
9129,184,920,925,1,2.7576069433616635
9274,189,945,950,1,2.7576069433616635
9315,190,950,955,1,2.7576069433616635
9709,201,1005,1010,1,2.7576069433616635
9710,201,1005,1010,1,2.7576069433616635
9784,203,1015,1020,1,2.7576069433616635
9884,206,1030,1035,1,2.7576069433616635
9885,206,1030,1035,1,2.7576069433616635
9984,209,1045,1050,1,2.7576069433616635
10040,211,1055,1060,1,2.7576069433616635
10246,218,1090,1095,1,2.7576069433616635
10429,224,1120,1125,1,2.7576069433616635
10560,229,1145,1150,1,2.7576069433616635
10561,229,1145,1150,1,2.7576069433616635
10618,231,1155,1160,1,2.7576069433616635
11818,282,1410,1415,1,2.7576069433616635
11849,283,1415,1420,1,2.7576069433616635
12162,299,1495,1500,1,2.7576069433616635
12833,347,1735,1740,1,2.7576069433616635
681,5,25,30,1,2.757606943356961
2233,21,105,110,1,2.757606943356961
2524,25,125,130,1,2.757606943356961
2525,25,125,130,1,2.757606943356961
2600,26,130,135,1,2.757606943356961
2860,30,150,155,1,2.757606943356961
2861,30,150,155,1,2.757606943356961
2916,31,155,160,1,2.757606943356961
3107,34,170,175,1,2.757606943356961
3276,37,185,190,1,2.757606943356961
3396,39,195,200,1,2.757606943356961
3652,44,220,225,1,2.757606943356961
3707,45,225,230,1,2.757606943356961
3971,50,250,255,1,2.757606943356961
4626,63,315,320,1,2.757606943356961
5259,77,385,390,1,2.757606943356961
5490,83,415,420,1,2.757606943356961
5524,84,420,425,1,2.757606943356961
5638,87,435,440,1,2.757606943356961
5860,93,465,470,1,2.757606943356961
6375,107,535,540,1,2.757606943356961
6413,108,540,545,1,2.757606943356961
6822,120,600,605,1,2.757606943356961
7068,127,635,640,1,2.757606943356961
7150,129,645,650,1,2.757606943356961
7193,130,650,655,1,2.757606943356961
7427,136,680,685,1,2.757606943356961
7518,138,690,695,1,2.757606943356961
7604,140,700,705,1,2.757606943356961
7779,145,725,730,1,2.757606943356961
8070,153,765,770,1,2.757606943356961
8320,160,800,805,1,2.757606943356961
8377,162,810,815,1,2.757606943356961
8588,168,840,845,1,2.757606943356961
8675,171,855,860,1,2.757606943356961
8804,175,875,880,1,2.757606943356961
8874,177,885,890,1,2.757606943356961
8949,179,895,900,1,2.757606943356961
9389,192,960,965,1,2.757606943356961
9575,197,985,990,1,2.757606943356961
9576,197,985,990,1,2.757606943356961
9606,198,990,995,1,2.757606943356961
9851,205,1025,1030,1,2.757606943356961
9883,206,1030,1035,1,2.757606943356961
10013,210,1050,1055,1,2.757606943356961
10068,212,1060,1065,1,2.757606943356961
10088,213,1065,1070,1,2.757606943356961
10121,214,1070,1075,1,2.757606943356961
10122,214,1070,1075,1,2.757606943356961
10214,217,1085,1090,1,2.757606943356961
11314,259,1295,1300,1,2.757606943356961
11371,261,1305,1310,1,2.757606943356961
11817,282,1410,1415,1,2.757606943356961
12239,304,1520,1525,1,2.757606943356961
12867,350,1750,1755,1,2.757606943356961
195,2,10,15,1,2.7570112745661413
1600,13,65,70,1,2.7570112745661413
1919,17,85,90,1,2.7570112745661413
2081,19,95,100,1,2.7570112745661413
2083,19,95,100,1,2.7570112745661413
2384,23,115,120,1,2.7570112745661413
2451,24,120,125,1,2.7570112745661413
2452,24,120,125,1,2.7570112745661413
2732,28,140,145,1,2.7570112745661413
3054,33,165,170,1,2.7570112745661413
3055,33,165,170,1,2.7570112745661413
3160,35,175,180,1,2.7570112745661413
3395,39,195,200,1,2.7570112745661413
3445,40,200,205,1,2.7570112745661413
3505,41,205,210,1,2.7570112745661413
3552,42,210,215,1,2.7570112745661413
3970,50,250,255,1,2.7570112745661413
4321,57,285,290,1,2.7570112745661413
5034,72,360,365,1,2.7570112745661413
5082,73,365,370,1,2.7570112745661413
5115,74,370,375,1,2.7570112745661413
5300,78,390,395,1,2.7570112745661413
5673,88,440,445,1,2.7570112745661413
5708,89,445,450,1,2.7570112745661413
5788,91,455,460,1,2.7570112745661413
5892,94,470,475,1,2.7570112745661413
5963,96,480,485,1,2.7570112745661413
5964,96,480,485,1,2.7570112745661413
6133,101,505,510,1,2.7570112745661413
6296,105,525,530,1,2.7570112745661413
6332,106,530,535,1,2.7570112745661413
6468,110,550,555,1,2.7570112745661413
6782,119,595,600,1,2.7570112745661413
6887,122,610,615,1,2.7570112745661413
7476,137,685,690,1,2.7570112745661413
7603,140,700,705,1,2.7570112745661413
7674,142,710,715,1,2.7570112745661413
7712,143,715,720,1,2.7570112745661413
7823,146,730,735,1,2.7570112745661413
8107,154,770,775,1,2.7570112745661413
8143,155,775,780,1,2.7570112745661413
8319,160,800,805,1,2.7570112745661413
8646,170,850,855,1,2.7570112745661413
8647,170,850,855,1,2.7570112745661413
8734,173,865,870,1,2.7570112745661413
8873,177,885,890,1,2.7570112745661413
8905,178,890,895,1,2.7570112745661413
8906,178,890,895,1,2.7570112745661413
9183,186,930,935,1,2.7570112745661413
9216,187,935,940,1,2.7570112745661413
9850,205,1025,1030,1,2.7570112745661413
9917,207,1035,1040,1,2.7570112745661413
10012,210,1050,1055,1,2.7570112745661413
10120,214,1070,1075,1,2.7570112745661413
10509,227,1135,1140,1,2.7570112745661413
10955,244,1220,1225,1,2.7570112745661413
11008,246,1230,1235,1,2.7570112745661413
11568,270,1350,1355,1,2.7570112745661413
11681,276,1380,1385,1,2.7570112745661413
12743,340,1700,1705,1,2.7570112745661413
12744,340,1700,1705,1,2.7570112745661413
12781,343,1715,1720,1,2.7570112745661413
12812,345,1725,1730,1,2.7570112745661413
1514,12,60,65,1,2.75701127456144
2082,19,95,100,1,2.75701127456144
2159,20,100,105,1,2.75701127456144
2596,26,130,135,1,2.75701127456144
2597,26,130,135,1,2.75701127456144
2598,26,130,135,1,2.75701127456144
2599,26,130,135,1,2.75701127456144
2669,27,135,140,1,2.75701127456144
3553,42,210,215,1,2.75701127456144
3648,44,220,225,1,2.75701127456144
3649,44,220,225,1,2.75701127456144
3650,44,220,225,1,2.75701127456144
3651,44,220,225,1,2.75701127456144
4080,52,260,265,1,2.75701127456144
4987,71,355,360,1,2.75701127456144
5412,81,405,410,1,2.75701127456144
5489,83,415,420,1,2.75701127456144
5674,88,440,445,1,2.75701127456144
5859,93,465,470,1,2.75701127456144
5891,94,470,475,1,2.75701127456144
5965,96,480,485,1,2.75701127456144
6134,101,505,510,1,2.75701127456144
6242,104,520,525,1,2.75701127456144
6412,108,540,545,1,2.75701127456144
6469,110,550,555,1,2.75701127456144
6504,111,555,560,1,2.75701127456144
6610,114,570,575,1,2.75701127456144
6926,123,615,620,1,2.75701127456144
6927,123,615,620,1,2.75701127456144
7338,134,670,675,1,2.75701127456144
7517,138,690,695,1,2.75701127456144
7642,141,705,710,1,2.75701127456144
7992,151,755,760,1,2.75701127456144
8178,156,780,785,1,2.75701127456144
8509,166,830,835,1,2.75701127456144
8510,166,830,835,1,2.75701127456144
8699,172,860,865,1,2.75701127456144
9061,182,910,915,1,2.75701127456144
9510,195,975,980,1,2.75701127456144
9574,197,985,990,1,2.75701127456144
9750,202,1010,1015,1,2.75701127456144
9918,207,1035,1040,1,2.75701127456144
9919,207,1035,1040,1,2.75701127456144
9920,207,1035,1040,1,2.75701127456144
10184,216,1080,1085,1,2.75701127456144
10653,232,1160,1165,1,2.75701127456144
10779,237,1185,1190,1,2.75701127456144
10876,240,1200,1205,1,2.75701127456144
11342,260,1300,1305,1,2.75701127456144
12052,293,1465,1470,1,2.75701127456144
12238,304,1520,1525,1,2.75701127456144
13017,366,1830,1835,1,2.75701127456144
13055,370,1850,1855,1,2.75701127456144
513,4,20,25,1,2.756415372485329
1918,17,85,90,1,2.756415372485329
2308,22,110,115,1,2.756415372485329
2667,27,135,140,1,2.756415372485329
2730,28,140,145,1,2.756415372485329
2788,29,145,150,1,2.756415372485329
2857,30,150,155,1,2.756415372485329
2914,31,155,160,1,2.756415372485329
2915,31,155,160,1,2.756415372485329
3275,37,185,190,1,2.756415372485329
3444,40,200,205,1,2.756415372485329
3600,43,215,220,1,2.756415372485329
4025,51,255,260,1,2.756415372485329
4078,52,260,265,1,2.756415372485329
4079,52,260,265,1,2.756415372485329
4861,68,340,345,1,2.756415372485329
4862,68,340,345,1,2.756415372485329
5258,77,385,390,1,2.756415372485329
5344,79,395,400,1,2.756415372485329
5523,84,420,425,1,2.756415372485329
6102,100,500,505,1,2.756415372485329
6132,101,505,510,1,2.756415372485329
6241,104,520,525,1,2.756415372485329
6329,106,530,535,1,2.756415372485329
6568,113,565,570,1,2.756415372485329
6569,113,565,570,1,2.756415372485329
6607,114,570,575,1,2.756415372485329
6609,114,570,575,1,2.756415372485329
6854,121,605,610,1,2.756415372485329
7067,127,635,640,1,2.756415372485329
7107,128,640,645,1,2.756415372485329
7108,128,640,645,1,2.756415372485329
7192,130,650,655,1,2.756415372485329
7265,132,660,665,1,2.756415372485329
7475,137,685,690,1,2.756415372485329
7564,139,695,700,1,2.756415372485329
7602,140,700,705,1,2.756415372485329
7673,142,710,715,1,2.756415372485329
7991,151,755,760,1,2.756415372485329
8035,152,760,765,1,2.756415372485329
8674,171,855,860,1,2.756415372485329
8987,180,900,905,1,2.756415372485329
8988,180,900,905,1,2.756415372485329
9127,184,920,925,1,2.756415372485329
9471,194,970,975,1,2.756415372485329
9683,200,1000,1005,1,2.756415372485329
9882,206,1030,1035,1,2.756415372485329
10428,224,1120,1125,1,2.756415372485329
10483,226,1130,1135,1,2.756415372485329
10650,232,1160,1165,1,2.756415372485329
10807,238,1190,1195,1,2.756415372485329
10979,245,1225,1230,1,2.756415372485329
11231,255,1275,1280,1,2.756415372485329
11341,260,1300,1305,1,2.756415372485329
11454,265,1325,1330,1,2.756415372485329
11870,284,1420,1425,1,2.756415372485329
12149,298,1490,1495,1,2.756415372485329
12395,313,1565,1570,1,2.756415372485329
12453,317,1585,1590,1,2.756415372485329
12913,354,1770,1775,1,2.756415372485329
13173,388,1940,1945,1,2.756415372485329
5,0,0,5,1,2.7564153724806286
1513,12,60,65,1,2.7564153724806286
2232,21,105,110,1,2.7564153724806286
2309,22,110,115,1,2.7564153724806286
2383,23,115,120,1,2.7564153724806286
2594,26,130,135,1,2.7564153724806286
2786,29,145,150,1,2.7564153724806286
2787,29,145,150,1,2.7564153724806286
2858,30,150,155,1,2.7564153724806286
3220,36,180,185,1,2.7564153724806286
3333,38,190,195,1,2.7564153724806286
3334,38,190,195,1,2.7564153724806286
3706,45,225,230,1,2.7564153724806286
3969,50,250,255,1,2.7564153724806286
4583,62,310,315,1,2.7564153724806286
4986,71,355,360,1,2.7564153724806286
5080,73,365,370,1,2.7564153724806286
5081,73,365,370,1,2.7564153724806286
5114,74,370,375,1,2.7564153724806286
5383,80,400,405,1,2.7564153724806286
5637,87,435,440,1,2.7564153724806286
5858,93,465,470,1,2.7564153724806286
6007,97,485,490,1,2.7564153724806286
6175,102,510,515,1,2.7564153724806286
6294,105,525,530,1,2.7564153724806286
6331,106,530,535,1,2.7564153724806286
6437,109,545,550,1,2.7564153724806286
6467,110,550,555,1,2.7564153724806286
6570,113,565,570,1,2.7564153724806286
6608,114,570,575,1,2.7564153724806286
6657,115,575,580,1,2.7564153724806286
6781,119,595,600,1,2.7564153724806286
6821,120,600,605,1,2.7564153724806286
6990,125,625,630,1,2.7564153724806286
7109,128,640,645,1,2.7564153724806286
7264,132,660,665,1,2.7564153724806286
7516,138,690,695,1,2.7564153724806286
7641,141,705,710,1,2.7564153724806286
7922,149,745,750,1,2.7564153724806286
8508,166,830,835,1,2.7564153724806286
8587,168,840,845,1,2.7564153724806286
9126,184,920,925,1,2.7564153724806286
9350,191,955,960,1,2.7564153724806286
9573,197,985,990,1,2.7564153724806286
9849,205,1025,1030,1,2.7564153724806286
9881,206,1030,1035,1,2.7564153724806286
9949,208,1040,1045,1,2.7564153724806286
10651,232,1160,1165,1,2.7564153724806286
10652,232,1160,1165,1,2.7564153724806286
10929,243,1215,1220,1,2.7564153724806286
10954,244,1220,1225,1,2.7564153724806286
11848,283,1415,1420,1,2.7564153724806286
11936,288,1440,1445,1,2.7564153724806286
12318,308,1540,1545,1,2.7564153724806286
12562,325,1625,1630,1,2.7564153724806286
12637,331,1655,1660,1,2.7564153724806286
12795,344,1720,1725,1,2.7564153724806286
1107,8,40,45,1,2.755819237165105
1917,17,85,90,1,2.755819237165105
2230,21,105,110,1,2.755819237165105
2783,29,145,150,1,2.755819237165105
3443,40,200,205,1,2.755819237165105
3550,42,210,215,1,2.755819237165105
3647,44,220,225,1,2.755819237165105
3703,45,225,230,1,2.755819237165105
3918,49,245,250,1,2.755819237165105
3968,50,250,255,1,2.755819237165105
4274,56,280,285,1,2.755819237165105
4275,56,280,285,1,2.755819237165105
4320,57,285,290,1,2.755819237165105
4425,59,295,300,1,2.755819237165105
4582,62,310,315,1,2.755819237165105
5256,77,385,390,1,2.755819237165105
5299,78,390,395,1,2.755819237165105
5598,86,430,435,1,2.755819237165105
5922,95,475,480,1,2.755819237165105
5962,96,480,485,1,2.755819237165105
6101,100,500,505,1,2.755819237165105
6374,107,535,540,1,2.755819237165105
6656,115,575,580,1,2.755819237165105
6682,116,580,585,1,2.755819237165105
6683,116,580,585,1,2.755819237165105
7031,126,630,635,1,2.755819237165105
7066,127,635,640,1,2.755819237165105
7337,134,670,675,1,2.755819237165105
7378,135,675,680,1,2.755819237165105
7426,136,680,685,1,2.755819237165105
7562,139,695,700,1,2.755819237165105
7563,139,695,700,1,2.755819237165105
7885,148,740,745,1,2.755819237165105
7886,148,740,745,1,2.755819237165105
7954,150,750,755,1,2.755819237165105
7955,150,750,755,1,2.755819237165105
7990,151,755,760,1,2.755819237165105
8243,158,790,795,1,2.755819237165105
8376,162,810,815,1,2.755819237165105
8479,165,825,830,1,2.755819237165105
8872,177,885,890,1,2.755819237165105
8986,180,900,905,1,2.755819237165105
9060,182,910,915,1,2.755819237165105
9509,195,975,980,1,2.755819237165105
9541,196,980,985,1,2.755819237165105
10399,223,1115,1120,1,2.755819237165105
10559,229,1145,1150,1,2.755819237165105
10617,231,1155,1160,1,2.755819237165105
10683,233,1165,1170,1,2.755819237165105
10928,243,1215,1220,1,2.755819237165105
11007,246,1230,1235,1,2.755819237165105
11066,248,1240,1245,1,2.755819237165105
11134,251,1255,1260,1,2.755819237165105
11430,264,1320,1325,1,2.755819237165105
11763,280,1400,1405,1,2.755819237165105
11816,282,1410,1415,1,2.755819237165105
11960,289,1445,1450,1,2.755819237165105
12832,347,1735,1740,1,2.755819237165105
12842,348,1740,1745,1,2.755819237165105
12866,350,1750,1755,1,2.755819237165105
12990,363,1815,1820,1,2.755819237165105
1761,15,75,80,1,2.7558192371604058
2080,19,95,100,1,2.7558192371604058
2231,21,105,110,1,2.7558192371604058
2729,28,140,145,1,2.7558192371604058
2784,29,145,150,1,2.7558192371604058
2983,32,160,165,1,2.7558192371604058
3052,33,165,170,1,2.7558192371604058
3332,38,190,195,1,2.7558192371604058
3502,41,205,210,1,2.7558192371604058
3704,45,225,230,1,2.7558192371604058
4024,51,255,260,1,2.7558192371604058
4077,52,260,265,1,2.7558192371604058
4225,55,275,280,1,2.7558192371604058
4376,58,290,295,1,2.7558192371604058
5033,72,360,365,1,2.7558192371604058
5158,75,375,380,1,2.7558192371604058
5212,76,380,385,1,2.7558192371604058
5257,77,385,390,1,2.7558192371604058
5382,80,400,405,1,2.7558192371604058
5787,91,455,460,1,2.7558192371604058
6037,98,490,495,1,2.7558192371604058
6502,111,555,560,1,2.7558192371604058
6780,119,595,600,1,2.7558192371604058
6886,122,610,615,1,2.7558192371604058
7379,135,675,680,1,2.7558192371604058
7424,136,680,685,1,2.7558192371604058
7425,136,680,685,1,2.7558192371604058
7474,137,685,690,1,2.7558192371604058
7514,138,690,695,1,2.7558192371604058
7515,138,690,695,1,2.7558192371604058
7887,148,740,745,1,2.7558192371604058
7921,149,745,750,1,2.7558192371604058
7956,150,750,755,1,2.7558192371604058
8177,156,780,785,1,2.7558192371604058
8280,159,795,800,1,2.7558192371604058
8507,166,830,835,1,2.7558192371604058
8800,175,875,880,1,2.7558192371604058
8801,175,875,880,1,2.7558192371604058
9025,181,905,910,1,2.7558192371604058
9059,182,910,915,1,2.7558192371604058
9470,194,970,975,1,2.7558192371604058
9542,196,980,985,1,2.7558192371604058
9848,205,1025,1030,1,2.7558192371604058
9916,207,1035,1040,1,2.7558192371604058
10149,215,1075,1080,1,2.7558192371604058
10841,239,1195,1200,1,2.7558192371604058
11006,246,1230,1235,1,2.7558192371604058
11084,249,1245,1250,1,2.7558192371604058
11391,262,1310,1315,1,2.7558192371604058
11542,269,1345,1350,1,2.7558192371604058
12001,291,1455,1460,1,2.7558192371604058
12281,306,1530,1535,1,2.7558192371604058
12710,337,1685,1690,1,2.7558192371604058
12780,343,1715,1720,1,2.7558192371604058
13001,364,1820,1825,1,2.7558192371604058
1219,9,45,50,1,2.755222868660527
2156,20,100,105,1,2.755222868660527
2157,20,100,105,1,2.755222868660527
2912,31,155,160,1,2.755222868660527
3104,34,170,175,1,2.755222868660527
3599,43,215,220,1,2.755222868660527
3702,45,225,230,1,2.755222868660527
3860,48,240,245,1,2.755222868660527
3916,49,245,250,1,2.755222868660527
4022,51,255,260,1,2.755222868660527
4123,53,265,270,1,2.755222868660527
4124,53,265,270,1,2.755222868660527
4171,54,270,275,1,2.755222868660527
4319,57,285,290,1,2.755222868660527
4532,61,305,310,1,2.755222868660527
4728,65,325,330,1,2.755222868660527
4729,65,325,330,1,2.755222868660527
4772,66,330,335,1,2.755222868660527
5079,73,365,370,1,2.755222868660527
5411,81,405,410,1,2.755222868660527
5450,82,410,415,1,2.755222868660527
5561,85,425,430,1,2.755222868660527
5748,90,450,455,1,2.755222868660527
5786,91,455,460,1,2.755222868660527
6100,100,500,505,1,2.755222868660527
6293,105,525,530,1,2.755222868660527
6328,106,530,535,1,2.755222868660527
6567,113,565,570,1,2.755222868660527
6924,123,615,620,1,2.755222868660527
7065,127,635,640,1,2.755222868660527
7672,142,710,715,1,2.755222868660527
7819,146,730,735,1,2.755222868660527
7820,146,730,735,1,2.755222868660527
7821,146,730,735,1,2.755222868660527
7822,146,730,735,1,2.755222868660527
8069,153,765,770,1,2.755222868660527
8141,155,775,780,1,2.755222868660527
8449,164,820,825,1,2.755222868660527
8697,172,860,865,1,2.755222868660527
8798,175,875,880,1,2.755222868660527
8871,177,885,890,1,2.755222868660527
8948,179,895,900,1,2.755222868660527
8984,180,900,905,1,2.755222868660527
9125,184,920,925,1,2.755222868660527
9273,189,945,950,1,2.755222868660527
9681,200,1000,1005,1,2.755222868660527
9823,204,1020,1025,1,2.755222868660527
9915,207,1035,1040,1,2.755222868660527
10011,210,1050,1055,1,2.755222868660527
10039,211,1055,1060,1,2.755222868660527
10183,216,1080,1085,1,2.755222868660527
10245,218,1090,1095,1,2.755222868660527
10427,224,1120,1125,1,2.755222868660527
10508,227,1135,1140,1,2.755222868660527
10557,229,1145,1150,1,2.755222868660527
10558,229,1145,1150,1,2.755222868660527
10593,230,1150,1155,1,2.755222868660527
10682,233,1165,1170,1,2.755222868660527
11037,247,1235,1240,1,2.755222868660527
11517,268,1340,1345,1,2.755222868660527
11887,285,1425,1430,1,2.755222868660527
11935,288,1440,1445,1,2.755222868660527
11987,290,1450,1455,1,2.755222868660527
12371,311,1555,1560,1,2.755222868660527
12891,352,1760,1765,1,2.755222868660527
12892,352,1760,1765,1,2.755222868660527
2522,25,125,130,1,2.7552228686558284
3274,37,185,190,1,2.7552228686558284
3329,38,190,195,1,2.7552228686558284
3330,38,190,195,1,2.7552228686558284
3394,39,195,200,1,2.7552228686558284
3597,43,215,220,1,2.7552228686558284
3598,43,215,220,1,2.7552228686558284
3701,45,225,230,1,2.7552228686558284
4021,51,255,260,1,2.7552228686558284
4023,51,255,260,1,2.7552228686558284
4170,54,270,275,1,2.7552228686558284
4625,63,315,320,1,2.7552228686558284
4860,68,340,345,1,2.7552228686558284
5032,72,360,365,1,2.7552228686558284
5211,76,380,385,1,2.7552228686558284
5298,78,390,395,1,2.7552228686558284
5451,82,410,415,1,2.7552228686558284
5707,89,445,450,1,2.7552228686558284
6036,98,490,495,1,2.7552228686558284
6292,105,525,530,1,2.7552228686558284
6501,111,555,560,1,2.7552228686558284
6925,123,615,620,1,2.7552228686558284
7106,128,640,645,1,2.7552228686558284
7308,133,665,670,1,2.7552228686558284
7309,133,665,670,1,2.7552228686558284
7884,148,740,745,1,2.7552228686558284
8106,154,770,775,1,2.7552228686558284
8210,157,785,790,1,2.7552228686558284
8547,167,835,840,1,2.7552228686558284
8672,171,855,860,1,2.7552228686558284
8673,171,855,860,1,2.7552228686558284
8698,172,860,865,1,2.7552228686558284
8799,175,875,880,1,2.7552228686558284
8985,180,900,905,1,2.7552228686558284
9154,185,925,930,1,2.7552228686558284
9215,187,935,940,1,2.7552228686558284
9349,191,955,960,1,2.7552228686558284
9432,193,965,970,1,2.7552228686558284
9605,198,990,995,1,2.7552228686558284
9682,200,1000,1005,1,2.7552228686558284
9749,202,1010,1015,1,2.7552228686558284
9783,203,1015,1020,1,2.7552228686558284
9948,208,1040,1045,1,2.7552228686558284
10038,211,1055,1060,1,2.7552228686558284
10314,220,1100,1105,1,2.7552228686558284
11064,248,1240,1245,1,2.7552228686558284
11065,248,1240,1245,1,2.7552228686558284
11230,255,1275,1280,1,2.7552228686558284
11453,265,1325,1330,1,2.7552228686558284
12051,293,1465,1470,1,2.7552228686558284
12303,307,1535,1540,1,2.7552228686558284
12452,317,1585,1590,1,2.7552228686558284
12841,348,1740,1745,1,2.7552228686558284
13224,398,1990,1995,1,2.7552228686558284
2521,25,125,130,1,2.7546262670187835
2662,27,135,140,1,2.7546262670187835
2726,28,140,145,1,2.7546262670187835
2727,28,140,145,1,2.7546262670187835
3159,35,175,180,1,2.7546262670187835
3812,47,235,240,1,2.7546262670187835
3859,48,240,245,1,2.7546262670187835
3914,49,245,250,1,2.7546262670187835
4075,52,260,265,1,2.7546262670187835
4121,53,265,270,1,2.7546262670187835
4169,54,270,275,1,2.7546262670187835
4272,56,280,285,1,2.7546262670187835
4372,58,290,295,1,2.7546262670187835
4373,58,290,295,1,2.7546262670187835
4477,60,300,305,1,2.7546262670187835
4531,61,305,310,1,2.7546262670187835
4623,63,315,320,1,2.7546262670187835
4676,64,320,325,1,2.7546262670187835
4677,64,320,325,1,2.7546262670187835
4726,65,325,330,1,2.7546262670187835
4905,69,345,350,1,2.7546262670187835
5255,77,385,390,1,2.7546262670187835
5297,78,390,395,1,2.7546262670187835
5380,80,400,405,1,2.7546262670187835
5381,80,400,405,1,2.7546262670187835
5449,82,410,415,1,2.7546262670187835
5705,89,445,450,1,2.7546262670187835
5706,89,445,450,1,2.7546262670187835
5856,93,465,470,1,2.7546262670187835
5857,93,465,470,1,2.7546262670187835
6174,102,510,515,1,2.7546262670187835
6327,106,530,535,1,2.7546262670187835
6753,118,590,595,1,2.7546262670187835
7224,131,655,660,1,2.7546262670187835
7262,132,660,665,1,2.7546262670187835
7263,132,660,665,1,2.7546262670187835
7336,134,670,675,1,2.7546262670187835
7472,137,685,690,1,2.7546262670187835
7561,139,695,700,1,2.7546262670187835
7640,141,705,710,1,2.7546262670187835
7744,144,720,725,1,2.7546262670187835
7778,145,725,730,1,2.7546262670187835
7920,149,745,750,1,2.7546262670187835
8208,157,785,790,1,2.7546262670187835
8209,157,785,790,1,2.7546262670187835
8279,159,795,800,1,2.7546262670187835
8448,164,820,825,1,2.7546262670187835
8762,174,870,875,1,2.7546262670187835
8841,176,880,885,1,2.7546262670187835
9092,183,915,920,1,2.7546262670187835
9214,187,935,940,1,2.7546262670187835
9387,192,960,965,1,2.7546262670187835
9572,197,985,990,1,2.7546262670187835
9947,208,1040,1045,1,2.7546262670187835
9983,209,1045,1050,1,2.7546262670187835
10037,211,1055,1060,1,2.7546262670187835
10313,220,1100,1105,1,2.7546262670187835
10748,236,1180,1185,1,2.7546262670187835
10840,239,1195,1200,1,2.7546262670187835
10905,242,1210,1215,1,2.7546262670187835
11106,250,1250,1255,1,2.7546262670187835
11340,260,1300,1305,1,2.7546262670187835
11959,289,1445,1450,1,2.7546262670187835
11986,290,1450,1455,1,2.7546262670187835
12280,306,1530,1535,1,2.7546262670187835
12483,319,1595,1600,1,2.7546262670187835
12636,331,1655,1660,1,2.7546262670187835
12853,349,1745,1750,1,2.7546262670187835
13054,370,1850,1855,1,2.7546262670187835
13158,386,1930,1935,1,2.7546262670187835
512,4,20,25,1,2.7546262670140864
2592,26,130,135,1,2.7546262670140864
2782,29,145,150,1,2.7546262670140864
2855,30,150,155,1,2.7546262670140864
3050,33,165,170,1,2.7546262670140864
3051,33,165,170,1,2.7546262670140864
3442,40,200,205,1,2.7546262670140864
3500,41,205,210,1,2.7546262670140864
3501,41,205,210,1,2.7546262670140864
3811,47,235,240,1,2.7546262670140864
3915,49,245,250,1,2.7546262670140864
4073,52,260,265,1,2.7546262670140864
4074,52,260,265,1,2.7546262670140864
4122,53,265,270,1,2.7546262670140864
4318,57,285,290,1,2.7546262670140864
4424,59,295,300,1,2.7546262670140864
4622,63,315,320,1,2.7546262670140864
4624,63,315,320,1,2.7546262670140864
5155,75,375,380,1,2.7546262670140864
5636,87,435,440,1,2.7546262670140864
5672,88,440,445,1,2.7546262670140864
5828,92,460,465,1,2.7546262670140864
5829,92,460,465,1,2.7546262670140864
5961,96,480,485,1,2.7546262670140864
6006,97,485,490,1,2.7546262670140864
6131,101,505,510,1,2.7546262670140864
6326,106,530,535,1,2.7546262670140864
6373,107,535,540,1,2.7546262670140864
6681,116,580,585,1,2.7546262670140864
6717,117,585,590,1,2.7546262670140864
6989,125,625,630,1,2.7546262670140864
7105,128,640,645,1,2.7546262670140864
7307,133,665,670,1,2.7546262670140864
7473,137,685,690,1,2.7546262670140864
7600,140,700,705,1,2.7546262670140864
7601,140,700,705,1,2.7546262670140864
7711,143,715,720,1,2.7546262670140864
7989,151,755,760,1,2.7546262670140864
8034,152,760,765,1,2.7546262670140864
8375,162,810,815,1,2.7546262670140864
8411,163,815,820,1,2.7546262670140864
8586,168,840,845,1,2.7546262670140864
8671,171,855,860,1,2.7546262670140864
8947,179,895,900,1,2.7546262670140864
9153,185,925,930,1,2.7546262670140864
9388,192,960,965,1,2.7546262670140864
9604,198,990,995,1,2.7546262670140864
9782,203,1015,1020,1,2.7546262670140864
10282,219,1095,1100,1,2.7546262670140864
10482,226,1130,1135,1,2.7546262670140864
10649,232,1160,1165,1,2.7546262670140864
10875,240,1200,1205,1,2.7546262670140864
10904,242,1210,1215,1,2.7546262670140864
10927,243,1215,1220,1,2.7546262670140864
11105,250,1250,1255,1,2.7546262670140864
11370,261,1305,1310,1,2.7546262670140864
11516,268,1340,1345,1,2.7546262670140864
12496,320,1600,1605,1,2.7546262670140864
12811,345,1725,1730,1,2.7546262670140864
12831,347,1735,1740,1,2.7546262670140864
12928,355,1775,1780,1,2.7546262670140864
13278,413,2065,2070,1,2.7546262670140864
2520,25,125,130,1,2.754029432293621
2659,27,135,140,1,2.754029432293621
2660,27,135,140,1,2.754029432293621
2661,27,135,140,1,2.754029432293621
2725,28,140,145,1,2.754029432293621
3393,39,195,200,1,2.754029432293621
3858,48,240,245,1,2.754029432293621
3965,50,250,255,1,2.754029432293621
3966,50,250,255,1,2.754029432293621
4270,56,280,285,1,2.754029432293621
4271,56,280,285,1,2.754029432293621
4476,60,300,305,1,2.754029432293621
4724,65,325,330,1,2.754029432293621
4725,65,325,330,1,2.754029432293621
4857,68,340,345,1,2.754029432293621
4858,68,340,345,1,2.754029432293621
4949,70,350,355,1,2.754029432293621
5078,73,365,370,1,2.754029432293621
5112,74,370,375,1,2.754029432293621
5209,76,380,385,1,2.754029432293621
5254,77,385,390,1,2.754029432293621
5410,81,405,410,1,2.754029432293621
5448,82,410,415,1,2.754029432293621
5560,85,425,430,1,2.754029432293621
6173,102,510,515,1,2.754029432293621
6325,106,530,535,1,2.754029432293621
6371,107,535,540,1,2.754029432293621
6436,109,545,550,1,2.754029432293621
6680,116,580,585,1,2.754029432293621
6716,117,585,590,1,2.754029432293621
6819,120,600,605,1,2.754029432293621
6820,120,600,605,1,2.754029432293621
7030,126,630,635,1,2.754029432293621
7423,136,680,685,1,2.754029432293621
7818,146,730,735,1,2.754029432293621
7988,151,755,760,1,2.754029432293621
8176,156,780,785,1,2.754029432293621
8645,170,850,855,1,2.754029432293621
8870,177,885,890,1,2.754029432293621
8946,179,895,900,1,2.754029432293621
9024,181,905,910,1,2.754029432293621
9091,183,915,920,1,2.754029432293621
9124,184,920,925,1,2.754029432293621
9152,185,925,930,1,2.754029432293621
9182,186,930,935,1,2.754029432293621
9540,196,980,985,1,2.754029432293621
9781,203,1015,1020,1,2.754029432293621
9822,204,1020,1025,1,2.754029432293621
9847,205,1025,1030,1,2.754029432293621
10213,217,1085,1090,1,2.754029432293621
10370,222,1110,1115,1,2.754029432293621
10398,223,1115,1120,1,2.754029432293621
10464,225,1125,1130,1,2.754029432293621
10839,239,1195,1200,1,2.754029432293621
11034,247,1235,1240,1,2.754029432293621
11036,247,1235,1240,1,2.754029432293621
11339,260,1300,1305,1,2.754029432293621
11473,266,1330,1335,1,2.754029432293621
11567,270,1350,1355,1,2.754029432293621
11636,274,1370,1375,1,2.754029432293621
11680,276,1380,1385,1,2.754029432293621
11886,285,1425,1430,1,2.754029432293621
11985,290,1450,1455,1,2.754029432293621
12101,296,1480,1485,1,2.754029432293621
12127,297,1485,1490,1,2.754029432293621
12302,307,1535,1540,1,2.754029432293621
12693,335,1675,1680,1,2.754029432293621
12810,345,1725,1730,1,2.754029432293621
12939,356,1780,1785,1,2.754029432293621
13081,374,1870,1875,1,2.754029432293621
1106,8,40,45,1,2.7540294322889247
2079,19,95,100,1,2.7540294322889247
2853,30,150,155,1,2.7540294322889247
2980,32,160,165,1,2.7540294322889247
3158,35,175,180,1,2.7540294322889247
3440,40,200,205,1,2.7540294322889247
3441,40,200,205,1,2.7540294322889247
3499,41,205,210,1,2.7540294322889247
3595,43,215,220,1,2.7540294322889247
3964,50,250,255,1,2.7540294322889247
4168,54,270,275,1,2.7540294322889247
4269,56,280,285,1,2.7540294322889247
4423,59,295,300,1,2.7540294322889247
4581,62,310,315,1,2.7540294322889247
4723,65,325,330,1,2.7540294322889247
4948,70,350,355,1,2.7540294322889247
5030,72,360,365,1,2.7540294322889247
5210,76,380,385,1,2.7540294322889247
5379,80,400,405,1,2.7540294322889247
5447,82,410,415,1,2.7540294322889247
5785,91,455,460,1,2.7540294322889247
5960,96,480,485,1,2.7540294322889247
6005,97,485,490,1,2.7540294322889247
6240,104,520,525,1,2.7540294322889247
6291,105,525,530,1,2.7540294322889247
6372,107,535,540,1,2.7540294322889247
6411,108,540,545,1,2.7540294322889247
6500,111,555,560,1,2.7540294322889247
6606,114,570,575,1,2.7540294322889247
6655,115,575,580,1,2.7540294322889247
6923,123,615,620,1,2.7540294322889247
7104,128,640,645,1,2.7540294322889247
7149,129,645,650,1,2.7540294322889247
7777,145,725,730,1,2.7540294322889247
8032,152,760,765,1,2.7540294322889247
8033,152,760,765,1,2.7540294322889247
8140,155,775,780,1,2.7540294322889247
8478,165,825,830,1,2.7540294322889247
8585,168,840,845,1,2.7540294322889247
8619,169,845,850,1,2.7540294322889247
8904,178,890,895,1,2.7540294322889247
9348,191,955,960,1,2.7540294322889247
9748,202,1010,1015,1,2.7540294322889247
9846,205,1025,1030,1,2.7540294322889247
9880,206,1030,1035,1,2.7540294322889247
10338,221,1105,1110,1,2.7540294322889247
10481,226,1130,1135,1,2.7540294322889247
10616,231,1155,1160,1,2.7540294322889247
10707,234,1170,1175,1,2.7540294322889247
11035,247,1235,1240,1,2.7540294322889247
11186,253,1265,1270,1,2.7540294322889247
11207,254,1270,1275,1,2.7540294322889247
11208,254,1270,1275,1,2.7540294322889247
11452,265,1325,1330,1,2.7540294322889247
11515,268,1340,1345,1,2.7540294322889247
11597,272,1360,1365,1,2.7540294322889247
11869,284,1420,1425,1,2.7540294322889247
12148,298,1490,1495,1,2.7540294322889247
12224,303,1515,1520,1,2.7540294322889247
12379,312,1560,1565,1,2.7540294322889247
12451,317,1585,1590,1,2.7540294322889247
12794,344,1720,1725,1,2.7540294322889247
13102,378,1890,1895,1,2.7540294322889247
193,2,10,15,1,2.7534323645309176
1599,13,65,70,1,2.7534323645309176
2724,28,140,145,1,2.7534323645309176
2910,31,155,160,1,2.7534323645309176
2911,31,155,160,1,2.7534323645309176
4016,51,255,260,1,2.7534323645309176
4017,51,255,260,1,2.7534323645309176
4018,51,255,260,1,2.7534323645309176
4020,51,255,260,1,2.7534323645309176
4167,54,270,275,1,2.7534323645309176
4268,56,280,285,1,2.7534323645309176
4370,58,290,295,1,2.7534323645309176
4474,60,300,305,1,2.7534323645309176
4674,64,320,325,1,2.7534323645309176
4722,65,325,330,1,2.7534323645309176
4984,71,355,360,1,2.7534323645309176
5154,75,375,380,1,2.7534323645309176
5294,78,390,395,1,2.7534323645309176
5295,78,390,395,1,2.7534323645309176
5296,78,390,395,1,2.7534323645309176
5635,87,435,440,1,2.7534323645309176
6004,97,485,490,1,2.7534323645309176
6068,99,495,500,1,2.7534323645309176
6130,101,505,510,1,2.7534323645309176
6818,120,600,605,1,2.7534323645309176
6885,122,610,615,1,2.7534323645309176
7103,128,640,645,1,2.7534323645309176
7147,129,645,650,1,2.7534323645309176
7422,136,680,685,1,2.7534323645309176
7471,137,685,690,1,2.7534323645309176
7639,141,705,710,1,2.7534323645309176
7817,146,730,735,1,2.7534323645309176
7919,149,745,750,1,2.7534323645309176
8105,154,770,775,1,2.7534323645309176
8242,158,790,795,1,2.7534323645309176
8447,164,820,825,1,2.7534323645309176
8797,175,875,880,1,2.7534323645309176
8840,176,880,885,1,2.7534323645309176
8903,178,890,895,1,2.7534323645309176
9057,182,910,915,1,2.7534323645309176
9469,194,970,975,1,2.7534323645309176
9508,195,975,980,1,2.7534323645309176
9571,197,985,990,1,2.7534323645309176
9747,202,1010,1015,1,2.7534323645309176
9821,204,1020,1025,1,2.7534323645309176
10036,211,1055,1060,1,2.7534323645309176
10368,222,1110,1115,1,2.7534323645309176
10425,224,1120,1125,1,2.7534323645309176
10462,225,1125,1130,1,2.7534323645309176
10463,225,1125,1130,1,2.7534323645309176
10507,227,1135,1140,1,2.7534323645309176
10778,237,1185,1190,1,2.7534323645309176
11005,246,1230,1235,1,2.7534323645309176
11229,255,1275,1280,1,2.7534323645309176
11338,260,1300,1305,1,2.7534323645309176
11472,266,1330,1335,1,2.7534323645309176
11492,267,1335,1340,1,2.7534323645309176
11721,278,1390,1395,1,2.7534323645309176
11762,280,1400,1405,1,2.7534323645309176
12050,293,1465,1470,1,2.7534323645309176
12301,307,1535,1540,1,2.7534323645309176
12394,313,1565,1570,1,2.7534323645309176
12495,320,1600,1605,1,2.7534323645309176
12718,338,1690,1695,1,2.7534323645309176
12793,344,1720,1725,1,2.7534323645309176
12927,355,1775,1780,1,2.7534323645309176
12973,361,1805,1810,1,2.7534323645309176
13157,386,1930,1935,1,2.7534323645309176
680,5,25,30,1,2.7534323645262226
2155,20,100,105,1,2.7534323645262226
2977,32,160,165,1,2.7534323645262226
2978,32,160,165,1,2.7534323645262226
3048,33,165,170,1,2.7534323645262226
3102,34,170,175,1,2.7534323645262226
3156,35,175,180,1,2.7534323645262226
3700,45,225,230,1,2.7534323645262226
4019,51,255,260,1,2.7534323645262226
4120,53,265,270,1,2.7534323645262226
4369,58,290,295,1,2.7534323645262226
4771,66,330,335,1,2.7534323645262226
4814,67,335,340,1,2.7534323645262226
4815,67,335,340,1,2.7534323645262226
4816,67,335,340,1,2.7534323645262226
5028,72,360,365,1,2.7534323645262226
5029,72,360,365,1,2.7534323645262226
5077,73,365,370,1,2.7534323645262226
5208,76,380,385,1,2.7534323645262226
5559,85,425,430,1,2.7534323645262226
5959,96,480,485,1,2.7534323645262226
6069,99,495,500,1,2.7534323645262226
6290,105,525,530,1,2.7534323645262226
6653,115,575,580,1,2.7534323645262226
6654,115,575,580,1,2.7534323645262226
7148,129,645,650,1,2.7534323645262226
7191,130,650,655,1,2.7534323645262226
7261,132,660,665,1,2.7534323645262226
7743,144,720,725,1,2.7534323645262226
8138,155,775,780,1,2.7534323645262226
8139,155,775,780,1,2.7534323645262226
8348,161,805,810,1,2.7534323645262226
8796,175,875,880,1,2.7534323645262226
9058,182,910,915,1,2.7534323645262226
9123,184,920,925,1,2.7534323645262226
9151,185,925,930,1,2.7534323645262226
9181,186,930,935,1,2.7534323645262226
9241,188,940,945,1,2.7534323645262226
9386,192,960,965,1,2.7534323645262226
9680,200,1000,1005,1,2.7534323645262226
9780,203,1015,1020,1,2.7534323645262226
9914,207,1035,1040,1,2.7534323645262226
9982,209,1045,1050,1,2.7534323645262226
10312,220,1100,1105,1,2.7534323645262226
10336,221,1105,1110,1,2.7534323645262226
10337,221,1105,1110,1,2.7534323645262226
10369,222,1110,1115,1,2.7534323645262226
10727,235,1175,1180,1,2.7534323645262226
10874,240,1200,1205,1,2.7534323645262226
11429,264,1320,1325,1,2.7534323645262226
11514,268,1340,1345,1,2.7534323645262226
11740,279,1395,1400,1,2.7534323645262226
11815,282,1410,1415,1,2.7534323645262226
11885,285,1425,1430,1,2.7534323645262226
12161,299,1495,1500,1,2.7534323645262226
12182,300,1500,1505,1,2.7534323645262226
12356,310,1550,1555,1,2.7534323645262226
12508,321,1605,1610,1,2.7534323645262226
12624,330,1650,1655,1,2.7534323645262226
12731,339,1695,1700,1,2.7534323645262226
12926,355,1775,1780,1,2.7534323645262226
13000,364,1820,1825,1,2.7534323645262226
13053,370,1850,1855,1,2.7534323645262226
2078,19,95,100,1,2.7528350637870416
2228,21,105,110,1,2.7528350637870416
3101,34,170,175,1,2.7528350637870416
3438,40,200,205,1,2.7528350637870416
3753,46,230,235,1,2.7528350637870416
3809,47,235,240,1,2.7528350637870416
3810,47,235,240,1,2.7528350637870416
3857,48,240,245,1,2.7528350637870416
4166,54,270,275,1,2.7528350637870416
4422,59,295,300,1,2.7528350637870416
4529,61,305,310,1,2.7528350637870416
4619,63,315,320,1,2.7528350637870416
4720,65,325,330,1,2.7528350637870416
4856,68,340,345,1,2.7528350637870416
4904,69,345,350,1,2.7528350637870416
5026,72,360,365,1,2.7528350637870416
5027,72,360,365,1,2.7528350637870416
5378,80,400,405,1,2.7528350637870416
5521,84,420,425,1,2.7528350637870416
5855,93,465,470,1,2.7528350637870416
6099,100,500,505,1,2.7528350637870416
6369,107,535,540,1,2.7528350637870416
6466,110,550,555,1,2.7528350637870416
6778,119,595,600,1,2.7528350637870416
6779,119,595,600,1,2.7528350637870416
6884,122,610,615,1,2.7528350637870416
6988,125,625,630,1,2.7528350637870416
7513,138,690,695,1,2.7528350637870416
7671,142,710,715,1,2.7528350637870416
7952,150,750,755,1,2.7528350637870416
7953,150,750,755,1,2.7528350637870416
8104,154,770,775,1,2.7528350637870416
8278,159,795,800,1,2.7528350637870416
8410,163,815,820,1,2.7528350637870416
8446,164,820,825,1,2.7528350637870416
8584,168,840,845,1,2.7528350637870416
8902,178,890,895,1,2.7528350637870416
9023,181,905,910,1,2.7528350637870416
9122,184,920,925,1,2.7528350637870416
9212,187,935,940,1,2.7528350637870416
9213,187,935,940,1,2.7528350637870416
9603,198,990,995,1,2.7528350637870416
9708,201,1005,1010,1,2.7528350637870416
9879,206,1030,1035,1,2.7528350637870416
10010,210,1050,1055,1,2.7528350637870416
10067,212,1060,1065,1,2.7528350637870416
10148,215,1075,1080,1,2.7528350637870416
10397,223,1115,1120,1,2.7528350637870416
10424,224,1120,1125,1,2.7528350637870416
10777,237,1185,1190,1,2.7528350637870416
10873,240,1200,1205,1,2.7528350637870416
10952,244,1220,1225,1,2.7528350637870416
11566,270,1350,1355,1,2.7528350637870416
11720,278,1390,1395,1,2.7528350637870416
11761,280,1400,1405,1,2.7528350637870416
11792,281,1405,1410,1,2.7528350637870416
11884,285,1425,1430,1,2.7528350637870416
12237,304,1520,1525,1,2.7528350637870416
12354,310,1550,1555,1,2.7528350637870416
12355,310,1550,1555,1,2.7528350637870416
12433,316,1580,1585,1,2.7528350637870416
12518,322,1610,1615,1,2.7528350637870416
12635,331,1655,1660,1,2.7528350637870416
12647,332,1660,1665,1,2.7528350637870416
12717,338,1690,1695,1,2.7528350637870416
12989,363,1815,1820,1,2.7528350637870416
13147,384,1920,1925,1,2.7528350637870416
83,1,5,10,1,2.7528350637823475
1320,10,50,55,1,2.7528350637823475
2381,23,115,120,1,2.7528350637823475
2780,29,145,150,1,2.7528350637823475
2976,32,160,165,1,2.7528350637823475
3047,33,165,170,1,2.7528350637823475
3153,35,175,180,1,2.7528350637823475
3391,39,195,200,1,2.7528350637823475
3392,39,195,200,1,2.7528350637823475
3439,40,200,205,1,2.7528350637823475
3752,46,230,235,1,2.7528350637823475
3754,46,230,235,1,2.7528350637823475
4473,60,300,305,1,2.7528350637823475
4530,61,305,310,1,2.7528350637823475
4719,65,325,330,1,2.7528350637823475
4721,65,325,330,1,2.7528350637823475
4903,69,345,350,1,2.7528350637823475
4947,70,350,355,1,2.7528350637823475
5293,78,390,395,1,2.7528350637823475
5634,87,435,440,1,2.7528350637823475
5827,92,460,465,1,2.7528350637823475
5854,93,465,470,1,2.7528350637823475
6067,99,495,500,1,2.7528350637823475
7260,132,660,665,1,2.7528350637823475
7376,135,675,680,1,2.7528350637823475
7377,135,675,680,1,2.7528350637823475
7421,136,680,685,1,2.7528350637823475
7709,143,715,720,1,2.7528350637823475
7710,143,715,720,1,2.7528350637823475
7883,148,740,745,1,2.7528350637823475
8241,158,790,795,1,2.7528350637823475
8318,160,800,805,1,2.7528350637823475
8373,162,810,815,1,2.7528350637823475
8374,162,810,815,1,2.7528350637823475
8409,163,815,820,1,2.7528350637823475
8696,172,860,865,1,2.7528350637823475
8732,173,865,870,1,2.7528350637823475
8945,179,895,900,1,2.7528350637823475
9507,195,975,980,1,2.7528350637823475
9643,199,995,1000,1,2.7528350637823475
9679,200,1000,1005,1,2.7528350637823475
9745,202,1010,1015,1,2.7528350637823475
9746,202,1010,1015,1,2.7528350637823475
10035,211,1055,1060,1,2.7528350637823475
10087,213,1065,1070,1,2.7528350637823475
10281,219,1095,1100,1,2.7528350637823475
10461,225,1125,1130,1,2.7528350637823475
10747,236,1180,1185,1,2.7528350637823475
10776,237,1185,1190,1,2.7528350637823475
10953,244,1220,1225,1,2.7528350637823475
11276,257,1285,1290,1,2.7528350637823475
11369,261,1305,1310,1,2.7528350637823475
11409,263,1315,1320,1,2.7528350637823475
11491,267,1335,1340,1,2.7528350637823475
12300,307,1535,1540,1,2.7528350637823475
12472,318,1590,1595,1,2.7528350637823475
12577,326,1630,1635,1,2.7528350637823475
12646,332,1660,1665,1,2.7528350637823475
12818,346,1730,1735,1,2.7528350637823475
12912,354,1770,1775,1,2.7528350637823475
12938,356,1780,1785,1,2.7528350637823475
13016,366,1830,1835,1,2.7528350637823475
13098,377,1885,1890,1,2.7528350637823475
1915,17,85,90,1,2.7522375301052495
2154,20,100,105,1,2.7522375301052495
2852,30,150,155,1,2.7522375301052495
2975,32,160,165,1,2.7522375301052495
3099,34,170,175,1,2.7522375301052495
3327,38,190,195,1,2.7522375301052495
3751,46,230,235,1,2.7522375301052495
3912,49,245,250,1,2.7522375301052495
3913,49,245,250,1,2.7522375301052495
4072,52,260,265,1,2.7522375301052495
4266,56,280,285,1,2.7522375301052495
4421,59,295,300,1,2.7522375301052495
4669,64,320,325,1,2.7522375301052495
4672,64,320,325,1,2.7522375301052495
4769,66,330,335,1,2.7522375301052495
4812,67,335,340,1,2.7522375301052495
4902,69,345,350,1,2.7522375301052495
4983,71,355,360,1,2.7522375301052495
5343,79,395,400,1,2.7522375301052495
5409,81,405,410,1,2.7522375301052495
5446,82,410,415,1,2.7522375301052495
5595,86,430,435,1,2.7522375301052495
5633,87,435,440,1,2.7522375301052495
6003,97,485,490,1,2.7522375301052495
6065,99,495,500,1,2.7522375301052495
6172,102,510,515,1,2.7522375301052495
6367,107,535,540,1,2.7522375301052495
6368,107,535,540,1,2.7522375301052495
6410,108,540,545,1,2.7522375301052495
6652,115,575,580,1,2.7522375301052495
6987,125,625,630,1,2.7522375301052495
7223,131,655,660,1,2.7522375301052495
7306,133,665,670,1,2.7522375301052495
7512,138,690,695,1,2.7522375301052495
7775,145,725,730,1,2.7522375301052495
7776,145,725,730,1,2.7522375301052495
7882,148,740,745,1,2.7522375301052495
8545,167,835,840,1,2.7522375301052495
8546,167,835,840,1,2.7522375301052495
8583,168,840,845,1,2.7522375301052495
8644,170,850,855,1,2.7522375301052495
9090,183,915,920,1,2.7522375301052495
9180,186,930,935,1,2.7522375301052495
9211,187,935,940,1,2.7522375301052495
9641,199,995,1000,1,2.7522375301052495
9707,201,1005,1010,1,2.7522375301052495
10034,211,1055,1060,1,2.7522375301052495
10335,221,1105,1110,1,2.7522375301052495
10367,222,1110,1115,1,2.7522375301052495
10396,223,1115,1120,1,2.7522375301052495
10775,237,1185,1190,1,2.7522375301052495
10806,238,1190,1195,1,2.7522375301052495
11033,247,1235,1240,1,2.7522375301052495
11083,249,1245,1250,1,2.7522375301052495
11228,255,1275,1280,1,2.7522375301052495
11390,262,1310,1315,1,2.7522375301052495
11451,265,1325,1330,1,2.7522375301052495
11565,270,1350,1355,1,2.7522375301052495
11613,273,1365,1370,1,2.7522375301052495
11635,274,1370,1375,1,2.7522375301052495
11738,279,1395,1400,1,2.7522375301052495
11739,279,1395,1400,1,2.7522375301052495
11847,283,1415,1420,1,2.7522375301052495
11984,290,1450,1455,1,2.7522375301052495
12100,296,1480,1485,1,2.7522375301052495
12204,302,1510,1515,1,2.7522375301052495
12422,315,1575,1580,1,2.7522375301052495
12432,316,1580,1585,1,2.7522375301052495
12576,326,1630,1635,1,2.7522375301052495
12623,330,1650,1655,1,2.7522375301052495
12809,345,1725,1730,1,2.7522375301052495
12890,352,1760,1765,1,2.7522375301052495
12999,364,1820,1825,1,2.7522375301052495
13008,365,1825,1830,1,2.7522375301052495
985,7,35,40,1,2.7522375301005564
2590,26,130,135,1,2.7522375301005564
3218,36,180,185,1,2.7522375301005564
3271,37,185,190,1,2.7522375301005564
3328,38,190,195,1,2.7522375301005564
3390,39,195,200,1,2.7522375301005564
3549,42,210,215,1,2.7522375301005564
3698,45,225,230,1,2.7522375301005564
4317,57,285,290,1,2.7522375301005564
4368,58,290,295,1,2.7522375301005564
4618,63,315,320,1,2.7522375301005564
4670,64,320,325,1,2.7522375301005564
4671,64,320,325,1,2.7522375301005564
4855,68,340,345,1,2.7522375301005564
4946,70,350,355,1,2.7522375301005564
5076,73,365,370,1,2.7522375301005564
5110,74,370,375,1,2.7522375301005564
5111,74,370,375,1,2.7522375301005564
5252,77,385,390,1,2.7522375301005564
5445,82,410,415,1,2.7522375301005564
5825,92,460,465,1,2.7522375301005564
5826,92,460,465,1,2.7522375301005564
6066,99,495,500,1,2.7522375301005564
6171,102,510,515,1,2.7522375301005564
6535,112,560,565,1,2.7522375301005564
6605,114,570,575,1,2.7522375301005564
8137,155,775,780,1,2.7522375301005564
8277,159,795,800,1,2.7522375301005564
8317,160,800,805,1,2.7522375301005564
8581,168,840,845,1,2.7522375301005564
8582,168,840,845,1,2.7522375301005564
8795,175,875,880,1,2.7522375301005564
8839,176,880,885,1,2.7522375301005564
9468,194,970,975,1,2.7522375301005564
9642,199,995,1000,1,2.7522375301005564
10146,215,1075,1080,1,2.7522375301005564
10147,215,1075,1080,1,2.7522375301005564
10244,218,1090,1095,1,2.7522375301005564
10280,219,1095,1100,1,2.7522375301005564
10311,220,1100,1105,1,2.7522375301005564
10395,223,1115,1120,1,2.7522375301005564
10528,228,1140,1145,1,2.7522375301005564
11155,252,1260,1265,1,2.7522375301005564
11156,252,1260,1265,1,2.7522375301005564
11227,255,1275,1280,1,2.7522375301005564
11255,256,1280,1285,1,2.7522375301005564
11336,260,1300,1305,1,2.7522375301005564
11337,260,1300,1305,1,2.7522375301005564
11408,263,1315,1320,1,2.7522375301005564
11612,273,1365,1370,1,2.7522375301005564
11814,282,1410,1415,1,2.7522375301005564
12223,303,1515,1520,1,2.7522375301005564
12299,307,1535,1540,1,2.7522375301005564
12575,326,1630,1635,1,2.7522375301005564
12675,334,1670,1675,1,2.7522375301005564
12709,337,1685,1690,1,2.7522375301005564
12742,340,1700,1705,1,2.7522375301005564
13042,368,1840,1845,1,2.7522375301005564
13132,382,1910,1915,1,2.7522375301005564
2380,23,115,120,1,2.751639763545841
2974,32,160,165,1,2.751639763545841
3045,33,165,170,1,2.751639763545841
3151,35,175,180,1,2.751639763545841
3269,37,185,190,1,2.751639763545841
3270,37,185,190,1,2.751639763545841
3498,41,205,210,1,2.751639763545841
3548,42,210,215,1,2.751639763545841
3645,44,220,225,1,2.751639763545841
3808,47,235,240,1,2.751639763545841
3911,49,245,250,1,2.751639763545841
4165,54,270,275,1,2.751639763545841
4265,56,280,285,1,2.751639763545841
4420,59,295,300,1,2.751639763545841
4577,62,310,315,1,2.751639763545841
4767,66,330,335,1,2.751639763545841
4768,66,330,335,1,2.751639763545841
4810,67,335,340,1,2.751639763545841
4811,67,335,340,1,2.751639763545841
5075,73,365,370,1,2.751639763545841
5251,77,385,390,1,2.751639763545841
5444,82,410,415,1,2.751639763545841
5558,85,425,430,1,2.751639763545841
5888,94,470,475,1,2.751639763545841
6034,98,490,495,1,2.751639763545841
6170,102,510,515,1,2.751639763545841
6205,103,515,520,1,2.751639763545841
6366,107,535,540,1,2.751639763545841
7029,126,630,635,1,2.751639763545841
7064,127,635,640,1,2.751639763545841
7146,129,645,650,1,2.751639763545841
7470,137,685,690,1,2.751639763545841
7851,147,735,740,1,2.751639763545841
7918,149,745,750,1,2.751639763545841
8207,157,785,790,1,2.751639763545841
8371,162,810,815,1,2.751639763545841
8618,169,845,850,1,2.751639763545841
8731,173,865,870,1,2.751639763545841
8982,180,900,905,1,2.751639763545841
8983,180,900,905,1,2.751639763545841
9314,190,950,955,1,2.751639763545841
9506,195,975,980,1,2.751639763545841
9570,197,985,990,1,2.751639763545841
10066,212,1060,1065,1,2.751639763545841
10182,216,1080,1085,1,2.751639763545841
10243,218,1090,1095,1,2.751639763545841
10592,230,1150,1155,1,2.751639763545841
10647,232,1160,1165,1,2.751639763545841
10726,235,1175,1180,1,2.751639763545841
11004,246,1230,1235,1,2.751639763545841
11313,259,1295,1300,1,2.751639763545841
11541,269,1345,1350,1,2.751639763545841
11564,270,1350,1355,1,2.751639763545841
11611,273,1365,1370,1,2.751639763545841
11791,281,1405,1410,1,2.751639763545841
11867,284,1420,1425,1,2.751639763545841
11883,285,1425,1430,1,2.751639763545841
11903,286,1430,1435,1,2.751639763545841
12181,300,1500,1505,1,2.751639763545841
12203,302,1510,1515,1,2.751639763545841
12377,312,1560,1565,1,2.751639763545841
12393,313,1565,1570,1,2.751639763545841
12431,316,1580,1585,1,2.751639763545841
12450,317,1585,1590,1,2.751639763545841
12482,319,1595,1600,1,2.751639763545841
12550,324,1620,1625,1,2.751639763545841
12692,335,1675,1680,1,2.751639763545841
12766,342,1710,1715,1,2.751639763545841
12808,345,1725,1730,1,2.751639763545841
12830,347,1735,1740,1,2.751639763545841
13131,382,1910,1915,1,2.751639763545841
13261,408,2040,2045,1,2.751639763545841
1420,11,55,60,1,2.751639763541149
2518,25,125,130,1,2.751639763541149
2779,29,145,150,1,2.751639763541149
3044,33,165,170,1,2.751639763541149
3389,39,195,200,1,2.751639763541149
3497,41,205,210,1,2.751639763541149
3697,45,225,230,1,2.751639763541149
4015,51,255,260,1,2.751639763541149
4164,54,270,275,1,2.751639763541149
4224,55,275,280,1,2.751639763541149
4367,58,290,295,1,2.751639763541149
4418,59,295,300,1,2.751639763541149
4419,59,295,300,1,2.751639763541149
4578,62,310,315,1,2.751639763541149
4717,65,325,330,1,2.751639763541149
4718,65,325,330,1,2.751639763541149
5250,77,385,390,1,2.751639763541149
5377,80,400,405,1,2.751639763541149
5408,81,405,410,1,2.751639763541149
5784,91,455,460,1,2.751639763541149
5889,94,470,475,1,2.751639763541149
6206,103,515,520,1,2.751639763541149
6239,104,520,525,1,2.751639763541149
6323,106,530,535,1,2.751639763541149
6324,106,530,535,1,2.751639763541149
6715,117,585,590,1,2.751639763541149
6953,124,620,625,1,2.751639763541149
6986,125,625,630,1,2.751639763541149
7102,128,640,645,1,2.751639763541149
7670,142,710,715,1,2.751639763541149
8031,152,760,765,1,2.751639763541149
8068,153,765,770,1,2.751639763541149
8347,161,805,810,1,2.751639763541149
8477,165,825,830,1,2.751639763541149
9022,181,905,910,1,2.751639763541149
9347,191,955,960,1,2.751639763541149
9539,196,980,985,1,2.751639763541149
9913,207,1035,1040,1,2.751639763541149
10180,216,1080,1085,1,2.751639763541149
10181,216,1080,1085,1,2.751639763541149
10242,218,1090,1095,1,2.751639763541149
10615,231,1155,1160,1,2.751639763541149
10805,238,1190,1195,1,2.751639763541149
10872,240,1200,1205,1,2.751639763541149
11063,248,1240,1245,1,2.751639763541149
11104,250,1250,1255,1,2.751639763541149
11226,255,1275,1280,1,2.751639763541149
11407,263,1315,1320,1,2.751639763541149
11450,265,1325,1330,1,2.751639763541149
11679,276,1380,1385,1,2.751639763541149
11846,283,1415,1420,1,2.751639763541149
11868,284,1420,1425,1,2.751639763541149
11982,290,1450,1455,1,2.751639763541149
11983,290,1450,1455,1,2.751639763541149
12298,307,1535,1540,1,2.751639763541149
12561,325,1625,1630,1,2.751639763541149
12645,332,1660,1665,1,2.751639763541149
12674,334,1670,1675,1,2.751639763541149
12840,348,1740,1745,1,2.751639763541149
12878,351,1755,1760,1,2.751639763541149
12911,354,1770,1775,1,2.751639763541149
12950,357,1785,1790,1,2.751639763541149
12969,360,1800,1805,1,2.751639763541149
13097,377,1885,1890,1,2.751639763541149
13146,384,1920,1925,1,2.751639763541149
4,0,0,5,1,2.751041764149453
984,7,35,40,1,2.751041764149453
2589,26,130,135,1,2.751041764149453
2851,30,150,155,1,2.751041764149453
2907,31,155,160,1,2.751041764149453
3148,35,175,180,1,2.751041764149453
3268,37,185,190,1,2.751041764149453
3388,39,195,200,1,2.751041764149453
3547,42,210,215,1,2.751041764149453
3593,43,215,220,1,2.751041764149453
3696,45,225,230,1,2.751041764149453
3750,46,230,235,1,2.751041764149453
4070,52,260,265,1,2.751041764149453
4264,56,280,285,1,2.751041764149453
4470,60,300,305,1,2.751041764149453
4617,63,315,320,1,2.751041764149453
4668,64,320,325,1,2.751041764149453
4901,69,345,350,1,2.751041764149453
5025,72,360,365,1,2.751041764149453
5074,73,365,370,1,2.751041764149453
5407,81,405,410,1,2.751041764149453
5632,87,435,440,1,2.751041764149453
5671,88,440,445,1,2.751041764149453
6064,99,495,500,1,2.751041764149453
6465,110,550,555,1,2.751041764149453
6499,111,555,560,1,2.751041764149453
6533,112,560,565,1,2.751041764149453
6651,115,575,580,1,2.751041764149453
6817,120,600,605,1,2.751041764149453
6853,121,605,610,1,2.751041764149453
7190,130,650,655,1,2.751041764149453
7419,136,680,685,1,2.751041764149453
7420,136,680,685,1,2.751041764149453
7881,148,740,745,1,2.751041764149453
7987,151,755,760,1,2.751041764149453
8276,159,795,800,1,2.751041764149453
8869,177,885,890,1,2.751041764149453
8944,179,895,900,1,2.751041764149453
9431,193,965,970,1,2.751041764149453
9505,195,975,980,1,2.751041764149453
9912,207,1035,1040,1,2.751041764149453
10033,211,1055,1060,1,2.751041764149453
10179,216,1080,1085,1,2.751041764149453
10212,217,1085,1090,1,2.751041764149453
10423,224,1120,1125,1,2.751041764149453
10556,229,1145,1150,1,2.751041764149453
10725,235,1175,1180,1,2.751041764149453
10838,239,1195,1200,1,2.751041764149453
10951,244,1220,1225,1,2.751041764149453
10978,245,1225,1230,1,2.751041764149453
11185,253,1265,1270,1,2.751041764149453
11563,270,1350,1355,1,2.751041764149453
11596,272,1360,1365,1,2.751041764149453
11695,277,1385,1390,1,2.751041764149453
11813,282,1410,1415,1,2.751041764149453
11843,283,1415,1420,1,2.751041764149453
11844,283,1415,1420,1,2.751041764149453
11845,283,1415,1420,1,2.751041764149453
11913,287,1435,1440,1,2.751041764149453
11934,288,1440,1445,1,2.751041764149453
11981,290,1450,1455,1,2.751041764149453
12256,305,1525,1530,1,2.751041764149453
12471,318,1590,1595,1,2.751041764149453
12517,322,1610,1615,1,2.751041764149453
12549,324,1620,1625,1,2.751041764149453
12634,331,1655,1660,1,2.751041764149453
12792,344,1720,1725,1,2.751041764149453
12905,353,1765,1770,1,2.751041764149453
12963,359,1795,1800,1,2.751041764149453
13072,373,1865,1870,1,2.751041764149453
13091,376,1880,1885,1,2.751041764149453
13297,419,2095,2100,1,2.751041764149453
13316,425,2125,2130,1,2.751041764149453
1673,14,70,75,1,2.7510417641447615
2908,31,155,160,1,2.7510417641447615
2973,32,160,165,1,2.7510417641447615
3149,35,175,180,1,2.7510417641447615
3150,35,175,180,1,2.7510417641447615
3216,36,180,185,1,2.7510417641447615
3325,38,190,195,1,2.7510417641447615
4163,54,270,275,1,2.7510417641447615
4471,60,300,305,1,2.7510417641447615
4527,61,305,310,1,2.7510417641447615
4766,66,330,335,1,2.7510417641447615
5151,75,375,380,1,2.7510417641447615
5249,77,385,390,1,2.7510417641447615
5487,83,415,420,1,2.7510417641447615
6002,97,485,490,1,2.7510417641447615
6097,100,500,505,1,2.7510417641447615
6129,101,505,510,1,2.7510417641447615
6289,105,525,530,1,2.7510417641447615
6714,117,585,590,1,2.7510417641447615
6752,118,590,595,1,2.7510417641447615
6922,123,615,620,1,2.7510417641447615
6985,125,625,630,1,2.7510417641447615
7145,129,645,650,1,2.7510417641447615
7511,138,690,695,1,2.7510417641447615
7742,144,720,725,1,2.7510417641447615
8794,175,875,880,1,2.7510417641447615
8901,178,890,895,1,2.7510417641447615
9089,183,915,920,1,2.7510417641447615
9466,194,970,975,1,2.7510417641447615
10145,215,1075,1080,1,2.7510417641447615
10241,218,1090,1095,1,2.7510417641447615
10506,227,1135,1140,1,2.7510417641447615
10614,231,1155,1160,1,2.7510417641447615
10681,233,1165,1170,1,2.7510417641447615
10773,237,1185,1190,1,2.7510417641447615
10774,237,1185,1190,1,2.7510417641447615
10804,238,1190,1195,1,2.7510417641447615
10871,240,1200,1205,1,2.7510417641447615
11062,248,1240,1245,1,2.7510417641447615
11103,250,1250,1255,1,2.7510417641447615
11184,253,1265,1270,1,2.7510417641447615
11633,274,1370,1375,1,2.7510417641447615
11694,277,1385,1390,1,2.7510417641447615
11760,280,1400,1405,1,2.7510417641447615
12027,292,1460,1465,1,2.7510417641447615
12126,297,1485,1490,1,2.7510417641447615
12194,301,1505,1510,1,2.7510417641447615
12317,308,1540,1545,1,2.7510417641447615
12411,314,1570,1575,1,2.7510417641447615
12430,316,1580,1585,1,2.7510417641447615
12530,323,1615,1620,1,2.7510417641447615
12644,332,1660,1665,1,2.7510417641447615
12852,349,1745,1750,1,2.7510417641447615
12877,351,1755,1760,1,2.7510417641447615
12925,355,1775,1780,1,2.7510417641447615
12949,357,1785,1790,1,2.7510417641447615
12988,363,1815,1820,1,2.7510417641447615
13190,392,1960,1965,1,2.7510417641447615
13256,406,2030,2035,1,2.7510417641447615
2588,26,130,135,1,2.7504435319724507
2658,27,135,140,1,2.7504435319724507
2972,32,160,165,1,2.7504435319724507
3215,36,180,185,1,2.7504435319724507
3546,42,210,215,1,2.7504435319724507
3749,46,230,235,1,2.7504435319724507
4162,54,270,275,1,2.7504435319724507
4262,56,280,285,1,2.7504435319724507
4417,59,295,300,1,2.7504435319724507
4900,69,345,350,1,2.7504435319724507
4945,70,350,355,1,2.7504435319724507
5342,79,395,400,1,2.7504435319724507
5375,80,400,405,1,2.7504435319724507
5376,80,400,405,1,2.7504435319724507
5406,81,405,410,1,2.7504435319724507
5704,89,445,450,1,2.7504435319724507
5747,90,450,455,1,2.7504435319724507
5823,92,460,465,1,2.7504435319724507
5887,94,470,475,1,2.7504435319724507
5957,96,480,485,1,2.7504435319724507
5958,96,480,485,1,2.7504435319724507
6238,104,520,525,1,2.7504435319724507
6435,109,545,550,1,2.7504435319724507
6920,123,615,620,1,2.7504435319724507
6921,123,615,620,1,2.7504435319724507
7259,132,660,665,1,2.7504435319724507
7560,139,695,700,1,2.7504435319724507
7815,146,730,735,1,2.7504435319724507
7816,146,730,735,1,2.7504435319724507
8103,154,770,775,1,2.7504435319724507
8275,159,795,800,1,2.7504435319724507
8408,163,815,820,1,2.7504435319724507
9021,181,905,910,1,2.7504435319724507
9150,185,925,930,1,2.7504435319724507
9210,187,935,940,1,2.7504435319724507
9538,196,980,985,1,2.7504435319724507
9569,197,985,990,1,2.7504435319724507
9744,202,1010,1015,1,2.7504435319724507
9779,203,1015,1020,1,2.7504435319724507
9820,204,1020,1025,1,2.7504435319724507
10239,218,1090,1095,1,2.7504435319724507
10645,232,1160,1165,1,2.7504435319724507
10646,232,1160,1165,1,2.7504435319724507
10772,237,1185,1190,1,2.7504435319724507
11131,251,1255,1260,1,2.7504435319724507
11132,251,1255,1260,1,2.7504435319724507
11133,251,1255,1260,1,2.7504435319724507
11154,252,1260,1265,1,2.7504435319724507
11562,270,1350,1355,1,2.7504435319724507
11663,275,1375,1380,1,2.7504435319724507
11678,276,1380,1385,1,2.7504435319724507
11866,284,1420,1425,1,2.7504435319724507
11933,288,1440,1445,1,2.7504435319724507
11958,289,1445,1450,1,2.7504435319724507
12026,292,1460,1465,1,2.7504435319724507
12202,302,1510,1515,1,2.7504435319724507
12353,310,1550,1555,1,2.7504435319724507
12370,311,1555,1560,1,2.7504435319724507
12448,317,1585,1590,1,2.7504435319724507
12481,319,1595,1600,1,2.7504435319724507
12494,320,1600,1605,1,2.7504435319724507
12548,324,1620,1625,1,2.7504435319724507
12589,327,1635,1640,1,2.7504435319724507
12633,331,1655,1660,1,2.7504435319724507
12817,346,1730,1735,1,2.7504435319724507
12865,350,1750,1755,1,2.7504435319724507
12955,358,1790,1795,1,2.7504435319724507
13166,387,1935,1940,1,2.7504435319724507
13245,404,2020,2025,1,2.7504435319724507
13333,433,2165,2170,1,2.7504435319724507
2449,24,120,125,1,2.7504435319677607
2850,30,150,155,1,2.7504435319677607
3267,37,185,190,1,2.7504435319677607
3323,38,190,195,1,2.7504435319677607
3807,47,235,240,1,2.7504435319677607
3961,50,250,255,1,2.7504435319677607
4221,55,275,280,1,2.7504435319677607
4263,56,280,285,1,2.7504435319677607
4469,60,300,305,1,2.7504435319677607
4526,61,305,310,1,2.7504435319677607
4616,63,315,320,1,2.7504435319677607
4763,66,330,335,1,2.7504435319677607
4764,66,330,335,1,2.7504435319677607
5109,74,370,375,1,2.7504435319677607
5205,76,380,385,1,2.7504435319677607
5593,86,430,435,1,2.7504435319677607
5594,86,430,435,1,2.7504435319677607
5822,92,460,465,1,2.7504435319677607
5824,92,460,465,1,2.7504435319677607
6001,97,485,490,1,2.7504435319677607
6320,106,530,535,1,2.7504435319677607
6321,106,530,535,1,2.7504435319677607
6883,122,610,615,1,2.7504435319677607
7144,129,645,650,1,2.7504435319677607
7258,132,660,665,1,2.7504435319677607
7375,135,675,680,1,2.7504435319677607
7469,137,685,690,1,2.7504435319677607
7741,144,720,725,1,2.7504435319677607
8067,153,765,770,1,2.7504435319677607
8506,166,830,835,1,2.7504435319677607
8617,169,845,850,1,2.7504435319677607
8838,176,880,885,1,2.7504435319677607
9313,190,950,955,1,2.7504435319677607
9430,193,965,970,1,2.7504435319677607
9602,198,990,995,1,2.7504435319677607
10240,218,1090,1095,1,2.7504435319677607
10366,222,1110,1115,1,2.7504435319677607
10527,228,1140,1145,1,2.7504435319677607
10612,231,1155,1160,1,2.7504435319677607
10613,231,1155,1160,1,2.7504435319677607
10706,234,1170,1175,1,2.7504435319677607
10724,235,1175,1180,1,2.7504435319677607
10837,239,1195,1200,1,2.7504435319677607
11206,254,1270,1275,1,2.7504435319677607
11428,264,1320,1325,1,2.7504435319677607
11449,265,1325,1330,1,2.7504435319677607
11737,279,1395,1400,1,2.7504435319677607
11759,280,1400,1405,1,2.7504435319677607
11812,282,1410,1415,1,2.7504435319677607
11842,283,1415,1420,1,2.7504435319677607
11932,288,1440,1445,1,2.7504435319677607
11980,290,1450,1455,1,2.7504435319677607
12025,292,1460,1465,1,2.7504435319677607
12068,294,1470,1475,1,2.7504435319677607
12179,300,1500,1505,1,2.7504435319677607
12180,300,1500,1505,1,2.7504435319677607
12449,317,1585,1590,1,2.7504435319677607
12603,328,1640,1645,1,2.7504435319677607
12765,342,1710,1715,1,2.7504435319677607
12791,344,1720,1725,1,2.7504435319677607
12829,347,1735,1740,1,2.7504435319677607
12924,355,1775,1780,1,2.7504435319677607
12937,356,1780,1785,1,2.7504435319677607
13007,365,1825,1830,1,2.7504435319677607
13115,380,1900,1905,1,2.7504435319677607
13373,455,2275,2280,1,2.7504435319677607
679,5,25,30,1,2.7498450670646477
1105,8,40,45,1,2.7498450670646477
1319,10,50,55,1,2.7498450670646477
3041,33,165,170,1,2.7498450670646477
3214,36,180,185,1,2.7498450670646477
3322,38,190,195,1,2.7498450670646477
3385,39,195,200,1,2.7498450670646477
3643,44,220,225,1,2.7498450670646477
3910,49,245,250,1,2.7498450670646477
3959,50,250,255,1,2.7498450670646477
3960,50,250,255,1,2.7498450670646477
4415,59,295,300,1,2.7498450670646477
4416,59,295,300,1,2.7498450670646477
4576,62,310,315,1,2.7498450670646477
4667,64,320,325,1,2.7498450670646477
4809,67,335,340,1,2.7498450670646477
4981,71,355,360,1,2.7498450670646477
5024,72,360,365,1,2.7498450670646477
5073,73,365,370,1,2.7498450670646477
5150,75,375,380,1,2.7498450670646477
5405,81,405,410,1,2.7498450670646477
5592,86,430,435,1,2.7498450670646477
5746,90,450,455,1,2.7498450670646477
5783,91,455,460,1,2.7498450670646477
6000,97,485,490,1,2.7498450670646477
6365,107,535,540,1,2.7498450670646477
6464,110,550,555,1,2.7498450670646477
6498,111,555,560,1,2.7498450670646477
6604,114,570,575,1,2.7498450670646477
6751,118,590,595,1,2.7498450670646477
7028,126,630,635,1,2.7498450670646477
7507,138,690,695,1,2.7498450670646477
7508,138,690,695,1,2.7498450670646477
7509,138,690,695,1,2.7498450670646477
7510,138,690,695,1,2.7498450670646477
7637,141,705,710,1,2.7498450670646477
7669,142,710,715,1,2.7498450670646477
7707,143,715,720,1,2.7498450670646477
7774,145,725,730,1,2.7498450670646477
7850,147,735,740,1,2.7498450670646477
8867,177,885,890,1,2.7498450670646477
9121,184,920,925,1,2.7498450670646477
9149,185,925,930,1,2.7498450670646477
9429,193,965,970,1,2.7498450670646477
10238,218,1090,1095,1,2.7498450670646477
10333,221,1105,1110,1,2.7498450670646477
10459,225,1125,1130,1,2.7498450670646477
10460,225,1125,1130,1,2.7498450670646477
10723,235,1175,1180,1,2.7498450670646477
10746,236,1180,1185,1,2.7498450670646477
10870,240,1200,1205,1,2.7498450670646477
10903,242,1210,1215,1,2.7498450670646477
11003,246,1230,1235,1,2.7498450670646477
11032,247,1235,1240,1,2.7498450670646477
11130,251,1255,1260,1,2.7498450670646477
11448,265,1325,1330,1,2.7498450670646477
11677,276,1380,1385,1,2.7498450670646477
11811,282,1410,1415,1,2.7498450670646477
11902,286,1430,1435,1,2.7498450670646477
11931,288,1440,1445,1,2.7498450670646477
11978,290,1450,1455,1,2.7498450670646477
11979,290,1450,1455,1,2.7498450670646477
12049,293,1465,1470,1,2.7498450670646477
12147,298,1490,1495,1,2.7498450670646477
12201,302,1510,1515,1,2.7498450670646477
12316,308,1540,1545,1,2.7498450670646477
12468,318,1590,1595,1,2.7498450670646477
12469,318,1590,1595,1,2.7498450670646477
12470,318,1590,1595,1,2.7498450670646477
12529,323,1615,1620,1,2.7498450670646477
12547,324,1620,1625,1,2.7498450670646477
12588,327,1635,1640,1,2.7498450670646477
12691,335,1675,1680,1,2.7498450670646477
13006,365,1825,1830,1,2.7498450670646477
13080,374,1870,1875,1,2.7498450670646477
13130,382,1910,1915,1,2.7498450670646477
13172,388,1940,1945,1,2.7498450670646477
13251,405,2025,2030,1,2.7498450670646477
13296,419,2095,2100,1,2.7498450670646477
13319,427,2135,2140,1,2.7498450670646477
2657,27,135,140,1,2.7498450670599586
2777,29,145,150,1,2.7498450670599586
2849,30,150,155,1,2.7498450670599586
3043,33,165,170,1,2.7498450670599586
3265,37,185,190,1,2.7498450670599586
3495,41,205,210,1,2.7498450670599586
3496,41,205,210,1,2.7498450670599586
3592,43,215,220,1,2.7498450670599586
3855,48,240,245,1,2.7498450670599586
4366,58,290,295,1,2.7498450670599586
4575,62,310,315,1,2.7498450670599586
4716,65,325,330,1,2.7498450670599586
4944,70,350,355,1,2.7498450670599586
5149,75,375,380,1,2.7498450670599586
5204,76,380,385,1,2.7498450670599586
5292,78,390,395,1,2.7498450670599586
5341,79,395,400,1,2.7498450670599586
5486,83,415,420,1,2.7498450670599586
5557,85,425,430,1,2.7498450670599586
5670,88,440,445,1,2.7498450670599586
5703,89,445,450,1,2.7498450670599586
5920,95,475,480,1,2.7498450670599586
6169,102,510,515,1,2.7498450670599586
6532,112,560,565,1,2.7498450670599586
6563,113,565,570,1,2.7498450670599586
6564,113,565,570,1,2.7498450670599586
7142,129,645,650,1,2.7498450670599586
7143,129,645,650,1,2.7498450670599586
7257,132,660,665,1,2.7498450670599586
7418,136,680,685,1,2.7498450670599586
7468,137,685,690,1,2.7498450670599586
7708,143,715,720,1,2.7498450670599586
7814,146,730,735,1,2.7498450670599586
8670,171,855,860,1,2.7498450670599586
8868,177,885,890,1,2.7498450670599586
8981,180,900,905,1,2.7498450670599586
9537,196,980,985,1,2.7498450670599586
9706,201,1005,1010,1,2.7498450670599586
9743,202,1010,1015,1,2.7498450670599586
10009,210,1050,1055,1,2.7498450670599586
10458,225,1125,1130,1,2.7498450670599586
10836,239,1195,1200,1,2.7498450670599586
11254,256,1280,1285,1,2.7498450670599586
11297,258,1290,1295,1,2.7498450670599586
11298,258,1290,1295,1,2.7498450670599586
11299,258,1290,1295,1,2.7498450670599586
11389,262,1310,1315,1,2.7498450670599586
11490,267,1335,1340,1,2.7498450670599586
11595,272,1360,1365,1,2.7498450670599586
11736,279,1395,1400,1,2.7498450670599586
11901,286,1430,1435,1,2.7498450670599586
12193,301,1505,1510,1,2.7498450670599586
12236,304,1520,1525,1,2.7498450670599586
12447,317,1585,1590,1,2.7498450670599586
12480,319,1595,1600,1,2.7498450670599586
12632,331,1655,1660,1,2.7498450670599586
12701,336,1680,1685,1,2.7498450670599586
12764,342,1710,1715,1,2.7498450670599586
12779,343,1715,1720,1,2.7498450670599586
12807,345,1725,1730,1,2.7498450670599586
12828,347,1735,1740,1,2.7498450670599586
12851,349,1745,1750,1,2.7498450670599586
12889,352,1760,1765,1,2.7498450670599586
13026,367,1835,1840,1,2.7498450670599586
13052,370,1850,1855,1,2.7498450670599586
13114,380,1900,1905,1,2.7498450670599586
13292,417,2085,2090,1,2.7498450670599586
13305,421,2105,2110,1,2.7498450670599586
1104,8,40,45,1,2.7492463694745446
1672,14,70,75,1,2.7492463694745446
1914,17,85,90,1,2.7492463694745446
3040,33,165,170,1,2.7492463694745446
3145,35,175,180,1,2.7492463694745446
3264,37,185,190,1,2.7492463694745446
3321,38,190,195,1,2.7492463694745446
3437,40,200,205,1,2.7492463694745446
3545,42,210,215,1,2.7492463694745446
3642,44,220,225,1,2.7492463694745446
4013,51,255,260,1,2.7492463694745446
4118,53,265,270,1,2.7492463694745446
4161,54,270,275,1,2.7492463694745446
4260,56,280,285,1,2.7492463694745446
4468,60,300,305,1,2.7492463694745446
4615,63,315,320,1,2.7492463694745446
4665,64,320,325,1,2.7492463694745446
4666,64,320,325,1,2.7492463694745446
5071,73,365,370,1,2.7492463694745446
5072,73,365,370,1,2.7492463694745446
5853,93,465,470,1,2.7492463694745446
5918,95,475,480,1,2.7492463694745446
5999,97,485,490,1,2.7492463694745446
6128,101,505,510,1,2.7492463694745446
6364,107,535,540,1,2.7492463694745446
6497,111,555,560,1,2.7492463694745446
6531,112,560,565,1,2.7492463694745446
6650,115,575,580,1,2.7492463694745446
6679,116,580,585,1,2.7492463694745446
6851,121,605,610,1,2.7492463694745446
6852,121,605,610,1,2.7492463694745446
7141,129,645,650,1,2.7492463694745446
7303,133,665,670,1,2.7492463694745446
7304,133,665,670,1,2.7492463694745446
7506,138,690,695,1,2.7492463694745446
7951,150,750,755,1,2.7492463694745446
8346,161,805,810,1,2.7492463694745446
8505,166,830,835,1,2.7492463694745446
8580,168,840,845,1,2.7492463694745446
9055,182,910,915,1,2.7492463694745446
9465,194,970,975,1,2.7492463694745446
9536,196,980,985,1,2.7492463694745446
9678,200,1000,1005,1,2.7492463694745446
10008,210,1050,1055,1,2.7492463694745446
10394,223,1115,1120,1,2.7492463694745446
10591,230,1150,1155,1,2.7492463694745446
10771,237,1185,1190,1,2.7492463694745446
11205,254,1270,1275,1,2.7492463694745446
11335,260,1300,1305,1,2.7492463694745446
11446,265,1325,1330,1,2.7492463694745446
11580,271,1355,1360,1,2.7492463694745446
11809,282,1410,1415,1,2.7492463694745446
11810,282,1410,1415,1,2.7492463694745446
11841,283,1415,1420,1,2.7492463694745446
11899,286,1430,1435,1,2.7492463694745446
11900,286,1430,1435,1,2.7492463694745446
11977,290,1450,1455,1,2.7492463694745446
12024,292,1460,1465,1,2.7492463694745446
12125,297,1485,1490,1,2.7492463694745446
12177,300,1500,1505,1,2.7492463694745446
12235,304,1520,1525,1,2.7492463694745446
12255,305,1525,1530,1,2.7492463694745446
12351,310,1550,1555,1,2.7492463694745446
12446,317,1585,1590,1,2.7492463694745446
12507,321,1605,1610,1,2.7492463694745446
12528,323,1615,1620,1,2.7492463694745446
12560,325,1625,1630,1,2.7492463694745446
12690,335,1675,1680,1,2.7492463694745446
12754,341,1705,1710,1,2.7492463694745446
12827,347,1735,1740,1,2.7492463694745446
12876,351,1755,1760,1,2.7492463694745446
12948,357,1785,1790,1,2.7492463694745446
13040,368,1840,1845,1,2.7492463694745446
13058,371,1855,1860,1,2.7492463694745446
13090,376,1880,1885,1,2.7492463694745446
13219,397,1985,1990,1,2.7492463694745446
13228,399,1995,2000,1,2.7492463694745446
1218,9,45,50,1,2.7492463694698563
2722,28,140,145,1,2.7492463694698563
3098,34,170,175,1,2.7492463694698563
3146,35,175,180,1,2.7492463694698563
3748,46,230,235,1,2.7492463694698563
4160,54,270,275,1,2.7492463694698563
4220,55,275,280,1,2.7492463694698563
4314,57,285,290,1,2.7492463694698563
4413,59,295,300,1,2.7492463694698563
4574,62,310,315,1,2.7492463694698563
4714,65,325,330,1,2.7492463694698563
5248,77,385,390,1,2.7492463694698563
5443,82,410,415,1,2.7492463694698563
5702,89,445,450,1,2.7492463694698563
5916,95,475,480,1,2.7492463694698563
5917,95,475,480,1,2.7492463694698563
5919,95,475,480,1,2.7492463694698563
6033,98,490,495,1,2.7492463694698563
6204,103,515,520,1,2.7492463694698563
6237,104,520,525,1,2.7492463694698563
6409,108,540,545,1,2.7492463694698563
6984,125,625,630,1,2.7492463694698563
7188,130,650,655,1,2.7492463694698563
7189,130,650,655,1,2.7492463694698563
7256,132,660,665,1,2.7492463694698563
7374,135,675,680,1,2.7492463694698563
7505,138,690,695,1,2.7492463694698563
8240,158,790,795,1,2.7492463694698563
8316,160,800,805,1,2.7492463694698563
8616,169,845,850,1,2.7492463694698563
8980,180,900,905,1,2.7492463694698563
9056,182,910,915,1,2.7492463694698563
9209,187,935,940,1,2.7492463694698563
9819,204,1020,1025,1,2.7492463694698563
10680,233,1165,1170,1,2.7492463694698563
10770,237,1185,1190,1,2.7492463694698563
10977,245,1225,1230,1,2.7492463694698563
11275,257,1285,1290,1,2.7492463694698563
11312,259,1295,1300,1,2.7492463694698563
11406,263,1315,1320,1,2.7492463694698563
11447,265,1325,1330,1,2.7492463694698563
11471,266,1330,1335,1,2.7492463694698563
11808,282,1410,1415,1,2.7492463694698563
12048,293,1465,1470,1,2.7492463694698563
12124,297,1485,1490,1,2.7492463694698563
12146,298,1490,1495,1,2.7492463694698563
12278,306,1530,1535,1,2.7492463694698563
12297,307,1535,1540,1,2.7492463694698563
12352,310,1550,1555,1,2.7492463694698563
12492,320,1600,1605,1,2.7492463694698563
12493,320,1600,1605,1,2.7492463694698563
12506,321,1605,1610,1,2.7492463694698563
12516,322,1610,1615,1,2.7492463694698563
12527,323,1615,1620,1,2.7492463694698563
12559,325,1625,1630,1,2.7492463694698563
12574,326,1630,1635,1,2.7492463694698563
12741,340,1700,1705,1,2.7492463694698563
12888,352,1760,1765,1,2.7492463694698563
12922,355,1775,1780,1,2.7492463694698563
12923,355,1775,1780,1,2.7492463694698563
12947,357,1785,1790,1,2.7492463694698563
12968,360,1800,1805,1,2.7492463694698563
12987,363,1815,1820,1,2.7492463694698563
13096,377,1885,1890,1,2.7492463694698563
510,4,20,25,1,2.7486474392558864
1997,18,90,95,1,2.7486474392558864
2905,31,155,160,1,2.7486474392558864
3262,37,185,190,1,2.7486474392558864
3263,37,185,190,1,2.7486474392558864
3494,41,205,210,1,2.7486474392558864
3639,44,220,225,1,2.7486474392558864
3641,44,220,225,1,2.7486474392558864
3805,47,235,240,1,2.7486474392558864
3958,50,250,255,1,2.7486474392558864
4012,51,255,260,1,2.7486474392558864
4068,52,260,265,1,2.7486474392558864
4614,63,315,320,1,2.7486474392558864
4713,65,325,330,1,2.7486474392558864
4898,69,345,350,1,2.7486474392558864
4899,69,345,350,1,2.7486474392558864
4943,70,350,355,1,2.7486474392558864
4980,71,355,360,1,2.7486474392558864
5070,73,365,370,1,2.7486474392558864
5520,84,420,425,1,2.7486474392558864
5701,89,445,450,1,2.7486474392558864
5998,97,485,490,1,2.7486474392558864
6530,112,560,565,1,2.7486474392558864
6603,114,570,575,1,2.7486474392558864
6649,115,575,580,1,2.7486474392558864
7101,128,640,645,1,2.7486474392558864
7187,130,650,655,1,2.7486474392558864
7222,131,655,660,1,2.7486474392558864
7417,136,680,685,1,2.7486474392558864
7467,137,685,690,1,2.7486474392558864
7504,138,690,695,1,2.7486474392558864
7596,140,700,705,1,2.7486474392558864
7597,140,700,705,1,2.7486474392558864
7668,142,710,715,1,2.7486474392558864
7813,146,730,735,1,2.7486474392558864
8175,156,780,785,1,2.7486474392558864
8274,159,795,800,1,2.7486474392558864
8345,161,805,810,1,2.7486474392558864
8730,173,865,870,1,2.7486474392558864
8793,175,875,880,1,2.7486474392558864
9020,181,905,910,1,2.7486474392558864
9054,182,910,915,1,2.7486474392558864
9088,183,915,920,1,2.7486474392558864
9463,194,970,975,1,2.7486474392558864
9504,195,975,980,1,2.7486474392558864
9878,206,1030,1035,1,2.7486474392558864
10007,210,1050,1055,1,2.7486474392558864
10144,215,1075,1080,1,2.7486474392558864
10178,216,1080,1085,1,2.7486474392558864
10211,217,1085,1090,1,2.7486474392558864
10279,219,1095,1100,1,2.7486474392558864
10422,224,1120,1125,1,2.7486474392558864
10609,231,1155,1160,1,2.7486474392558864
10679,233,1165,1170,1,2.7486474392558864
10769,237,1185,1190,1,2.7486474392558864
10901,242,1210,1215,1,2.7486474392558864
10902,242,1210,1215,1,2.7486474392558864
11061,248,1240,1245,1,2.7486474392558864
11253,256,1280,1285,1,2.7486474392558864
11311,259,1295,1300,1,2.7486474392558864
11445,265,1325,1330,1,2.7486474392558864
11632,274,1370,1375,1,2.7486474392558864
11735,279,1395,1400,1,2.7486474392558864
11788,281,1405,1410,1,2.7486474392558864
11930,288,1440,1445,1,2.7486474392558864
12022,292,1460,1465,1,2.7486474392558864
12047,293,1465,1470,1,2.7486474392558864
12099,296,1480,1485,1,2.7486474392558864
12123,297,1485,1490,1,2.7486474392558864
12145,298,1490,1495,1,2.7486474392558864
12159,299,1495,1500,1,2.7486474392558864
12160,299,1495,1500,1,2.7486474392558864
12254,305,1525,1530,1,2.7486474392558864
12277,306,1530,1535,1,2.7486474392558864
12587,327,1635,1640,1,2.7486474392558864
12672,334,1670,1675,1,2.7486474392558864
12700,336,1680,1685,1,2.7486474392558864
13015,366,1830,1835,1,2.7486474392558864
13079,374,1870,1875,1,2.7486474392558864
13095,377,1885,1890,1,2.7486474392558864
13143,383,1915,1920,1,2.7486474392558864
192,2,10,15,1,2.748647439251199
2587,26,130,135,1,2.748647439251199
2971,32,160,165,1,2.748647439251199
3211,36,180,185,1,2.748647439251199
3319,38,190,195,1,2.748647439251199
3320,38,190,195,1,2.748647439251199
3590,43,215,220,1,2.748647439251199
3806,47,235,240,1,2.748647439251199
3854,48,240,245,1,2.748647439251199
4069,52,260,265,1,2.748647439251199
4412,59,295,300,1,2.748647439251199
4525,61,305,310,1,2.748647439251199
4573,62,310,315,1,2.748647439251199
4808,67,335,340,1,2.748647439251199
4979,71,355,360,1,2.748647439251199
5108,74,370,375,1,2.748647439251199
5203,76,380,385,1,2.748647439251199
5247,77,385,390,1,2.748647439251199
5954,96,480,485,1,2.748647439251199
5955,96,480,485,1,2.748647439251199
6463,110,550,555,1,2.748647439251199
6816,120,600,605,1,2.748647439251199
7100,128,640,645,1,2.748647439251199
7186,130,650,655,1,2.748647439251199
7302,133,665,670,1,2.748647439251199
7416,136,680,685,1,2.748647439251199
7559,139,695,700,1,2.748647439251199
7773,145,725,730,1,2.748647439251199
8066,153,765,770,1,2.748647439251199
8136,155,775,780,1,2.748647439251199
8174,156,780,785,1,2.748647439251199
8544,167,835,840,1,2.748647439251199
8791,175,875,880,1,2.748647439251199
8792,175,875,880,1,2.748647439251199
9384,192,960,965,1,2.748647439251199
9464,194,970,975,1,2.748647439251199
9981,209,1045,1050,1,2.748647439251199
10505,227,1135,1140,1,2.748647439251199
10590,230,1150,1155,1,2.748647439251199
10608,231,1155,1160,1,2.748647439251199
10610,231,1155,1160,1,2.748647439251199
10611,231,1155,1160,1,2.748647439251199
10705,234,1170,1175,1,2.748647439251199
10869,240,1200,1205,1,2.748647439251199
10950,244,1220,1225,1,2.748647439251199
11101,250,1250,1255,1,2.748647439251199
11183,253,1265,1270,1,2.748647439251199
11296,258,1290,1295,1,2.748647439251199
11661,275,1375,1380,1,2.748647439251199
11662,275,1375,1380,1,2.748647439251199
11693,277,1385,1390,1,2.748647439251199
11719,278,1390,1395,1,2.748647439251199
11789,281,1405,1410,1,2.748647439251199
12000,291,1455,1460,1,2.748647439251199
12023,292,1460,1465,1,2.748647439251199
12349,310,1550,1555,1,2.748647439251199
12350,310,1550,1555,1,2.748647439251199
12369,311,1555,1560,1,2.748647439251199
12445,317,1585,1590,1,2.748647439251199
12573,326,1630,1635,1,2.748647439251199
12662,333,1665,1670,1,2.748647439251199
12671,334,1670,1675,1,2.748647439251199
12673,334,1670,1675,1,2.748647439251199
12688,335,1675,1680,1,2.748647439251199
12689,335,1675,1680,1,2.748647439251199
13083,375,1875,1880,1,2.748647439251199
13089,376,1880,1885,1,2.748647439251199
13212,395,1975,1980,1,2.748647439251199
350,3,15,20,1,2.7480482764558634
3039,33,165,170,1,2.7480482764558634
3544,42,210,215,1,2.7480482764558634
3804,47,235,240,1,2.7480482764558634
3853,48,240,245,1,2.7480482764558634
4067,52,260,265,1,2.7480482764558634
4159,54,270,275,1,2.7480482764558634
4219,55,275,280,1,2.7480482764558634
4524,61,305,310,1,2.7480482764558634
5023,72,360,365,1,2.7480482764558634
5148,75,375,380,1,2.7480482764558634
5246,77,385,390,1,2.7480482764558634
5374,80,400,405,1,2.7480482764558634
5821,92,460,465,1,2.7480482764558634
5953,96,480,485,1,2.7480482764558634
6063,99,495,500,1,2.7480482764558634
6287,105,525,530,1,2.7480482764558634
6813,120,600,605,1,2.7480482764558634
6814,120,600,605,1,2.7480482764558634
6815,120,600,605,1,2.7480482764558634
6919,123,615,620,1,2.7480482764558634
7099,128,640,645,1,2.7480482764558634
7595,140,700,705,1,2.7480482764558634
7704,143,715,720,1,2.7480482764558634
7772,145,725,730,1,2.7480482764558634
7916,149,745,750,1,2.7480482764558634
7949,150,750,755,1,2.7480482764558634
8102,154,770,775,1,2.7480482764558634
8134,155,775,780,1,2.7480482764558634
8135,155,775,780,1,2.7480482764558634
8761,174,870,875,1,2.7480482764558634
8790,175,875,880,1,2.7480482764558634
8866,177,885,890,1,2.7480482764558634
8979,180,900,905,1,2.7480482764558634
9119,184,920,925,1,2.7480482764558634
9148,185,925,930,1,2.7480482764558634
9271,189,945,950,1,2.7480482764558634
9601,198,990,995,1,2.7480482764558634
9640,199,995,1000,1,2.7480482764558634
9742,202,1010,1015,1,2.7480482764558634
9877,206,1030,1035,1,2.7480482764558634
9911,207,1035,1040,1,2.7480482764558634
10086,213,1065,1070,1,2.7480482764558634
10143,215,1075,1080,1,2.7480482764558634
10278,219,1095,1100,1,2.7480482764558634
10768,237,1185,1190,1,2.7480482764558634
10803,238,1190,1195,1,2.7480482764558634
10891,241,1205,1210,1,2.7480482764558634
11081,249,1245,1250,1,2.7480482764558634
11082,249,1245,1250,1,2.7480482764558634
11100,250,1250,1255,1,2.7480482764558634
11153,252,1260,1265,1,2.7480482764558634
11204,254,1270,1275,1,2.7480482764558634
11310,259,1295,1300,1,2.7480482764558634
11404,263,1315,1320,1,2.7480482764558634
11405,263,1315,1320,1,2.7480482764558634
11513,268,1340,1345,1,2.7480482764558634
11594,272,1360,1365,1,2.7480482764558634
11660,275,1375,1380,1,2.7480482764558634
11734,279,1395,1400,1,2.7480482764558634
11756,280,1400,1405,1,2.7480482764558634
11757,280,1400,1405,1,2.7480482764558634
11865,284,1420,1425,1,2.7480482764558634
12046,293,1465,1470,1,2.7480482764558634
12176,300,1500,1505,1,2.7480482764558634
12192,301,1505,1510,1,2.7480482764558634
12222,303,1515,1520,1,2.7480482764558634
12276,306,1530,1535,1,2.7480482764558634
12391,313,1565,1570,1,2.7480482764558634
12392,313,1565,1570,1,2.7480482764558634
12410,314,1570,1575,1,2.7480482764558634
13039,368,1840,1845,1,2.7480482764558634
13094,377,1885,1890,1,2.7480482764558634
837,6,30,35,1,2.7480482764511773
2227,21,105,110,1,2.7480482764511773
3143,35,175,180,1,2.7480482764511773
3261,37,185,190,1,2.7480482764511773
3435,40,200,205,1,2.7480482764511773
3695,45,225,230,1,2.7480482764511773
3852,48,240,245,1,2.7480482764511773
4011,51,255,260,1,2.7480482764511773
4218,55,275,280,1,2.7480482764511773
4664,64,320,325,1,2.7480482764511773
4762,66,330,335,1,2.7480482764511773
4853,68,340,345,1,2.7480482764511773
5244,77,385,390,1,2.7480482764511773
5245,77,385,390,1,2.7480482764511773
5291,78,390,395,1,2.7480482764511773
6062,99,495,500,1,2.7480482764511773
6096,100,500,505,1,2.7480482764511773
6363,107,535,540,1,2.7480482764511773
6462,110,550,555,1,2.7480482764511773
6496,111,555,560,1,2.7480482764511773
6562,113,565,570,1,2.7480482764511773
6918,123,615,620,1,2.7480482764511773
7301,133,665,670,1,2.7480482764511773
7594,140,700,705,1,2.7480482764511773
7705,143,715,720,1,2.7480482764511773
7811,146,730,735,1,2.7480482764511773
7812,146,730,735,1,2.7480482764511773
7848,147,735,740,1,2.7480482764511773
7950,150,750,755,1,2.7480482764511773
8205,157,785,790,1,2.7480482764511773
8206,157,785,790,1,2.7480482764511773
8407,163,815,820,1,2.7480482764511773
8476,165,825,830,1,2.7480482764511773
8579,168,840,845,1,2.7480482764511773
8669,171,855,860,1,2.7480482764511773
8837,176,880,885,1,2.7480482764511773
9208,187,935,940,1,2.7480482764511773
9345,191,955,960,1,2.7480482764511773
9346,191,955,960,1,2.7480482764511773
9427,193,965,970,1,2.7480482764511773
9428,193,965,970,1,2.7480482764511773
9818,204,1020,1025,1,2.7480482764511773
9980,209,1045,1050,1,2.7480482764511773
10332,221,1105,1110,1,2.7480482764511773
10900,242,1210,1215,1,2.7480482764511773
11080,249,1245,1250,1,2.7480482764511773
11182,253,1265,1270,1,2.7480482764511773
11252,256,1280,1285,1,2.7480482764511773
11295,258,1290,1295,1,2.7480482764511773
11333,260,1300,1305,1,2.7480482764511773
11334,260,1300,1305,1,2.7480482764511773
11427,264,1320,1325,1,2.7480482764511773
11470,266,1330,1335,1,2.7480482764511773
11579,271,1355,1360,1,2.7480482764511773
11733,279,1395,1400,1,2.7480482764511773
11839,283,1415,1420,1,2.7480482764511773
11840,283,1415,1420,1,2.7480482764511773
11912,287,1435,1440,1,2.7480482764511773
12021,292,1460,1465,1,2.7480482764511773
12045,293,1465,1470,1,2.7480482764511773
12234,304,1520,1525,1,2.7480482764511773
12296,307,1535,1540,1,2.7480482764511773
12444,317,1585,1590,1,2.7480482764511773
12546,324,1620,1625,1,2.7480482764511773
12613,329,1645,1650,1,2.7480482764511773
12687,335,1675,1680,1,2.7480482764511773
12904,353,1765,1770,1,2.7480482764511773
1598,13,65,70,1,2.747448881129532
3209,36,180,185,1,2.747448881129532
3210,36,180,185,1,2.747448881129532
3492,41,205,210,1,2.747448881129532
3746,46,230,235,1,2.747448881129532
3956,50,250,255,1,2.747448881129532
4158,54,270,275,1,2.747448881129532
4259,56,280,285,1,2.747448881129532
4852,68,340,345,1,2.747448881129532
4896,69,345,350,1,2.747448881129532
5340,79,395,400,1,2.747448881129532
5442,82,410,415,1,2.747448881129532
5852,93,465,470,1,2.747448881129532
6168,102,510,515,1,2.747448881129532
6203,103,515,520,1,2.747448881129532
6286,105,525,530,1,2.747448881129532
6602,114,570,575,1,2.747448881129532
6812,120,600,605,1,2.747448881129532
6882,122,610,615,1,2.747448881129532
7026,126,630,635,1,2.747448881129532
7185,130,650,655,1,2.747448881129532
7771,145,725,730,1,2.747448881129532
7984,151,755,760,1,2.747448881129532
7985,151,755,760,1,2.747448881129532
8204,157,785,790,1,2.747448881129532
8312,160,800,805,1,2.747448881129532
8314,160,800,805,1,2.747448881129532
8315,160,800,805,1,2.747448881129532
8578,168,840,845,1,2.747448881129532
8729,173,865,870,1,2.747448881129532
8760,174,870,875,1,2.747448881129532
8788,175,875,880,1,2.747448881129532
8943,179,895,900,1,2.747448881129532
9179,186,930,935,1,2.747448881129532
9207,187,935,940,1,2.747448881129532
9502,195,975,980,1,2.747448881129532
9503,195,975,980,1,2.747448881129532
9534,196,980,985,1,2.747448881129532
9535,196,980,985,1,2.747448881129532
9568,197,985,990,1,2.747448881129532
9676,200,1000,1005,1,2.747448881129532
9845,205,1025,1030,1,2.747448881129532
9946,208,1040,1045,1,2.747448881129532
10084,213,1065,1070,1,2.747448881129532
10142,215,1075,1080,1,2.747448881129532
10704,234,1170,1175,1,2.747448881129532
10722,235,1175,1180,1,2.747448881129532
10767,237,1185,1190,1,2.747448881129532
10868,240,1200,1205,1,2.747448881129532
11060,248,1240,1245,1,2.747448881129532
11403,263,1315,1320,1,2.747448881129532
11512,268,1340,1345,1,2.747448881129532
11610,273,1365,1370,1,2.747448881129532
11675,276,1380,1385,1,2.747448881129532
11676,276,1380,1385,1,2.747448881129532
11692,277,1385,1390,1,2.747448881129532
11718,278,1390,1395,1,2.747448881129532
11755,280,1400,1405,1,2.747448881129532
11787,281,1405,1410,1,2.747448881129532
11911,287,1435,1440,1,2.747448881129532
11976,290,1450,1455,1,2.747448881129532
12067,294,1470,1475,1,2.747448881129532
12253,305,1525,1530,1,2.747448881129532
12315,308,1540,1545,1,2.747448881129532
12348,310,1550,1555,1,2.747448881129532
12390,313,1565,1570,1,2.747448881129532
12467,318,1590,1595,1,2.747448881129532
12525,323,1615,1620,1,2.747448881129532
12526,323,1615,1620,1,2.747448881129532
12903,353,1765,1770,1,2.747448881129532
13014,366,1830,1835,1,2.747448881129532
13145,384,1920,1925,1,2.747448881129532
2517,25,125,130,1,2.747448881124847
3260,37,185,190,1,2.747448881124847
3589,43,215,220,1,2.747448881124847
3850,48,240,245,1,2.747448881124847
3957,50,250,255,1,2.747448881124847
4066,52,260,265,1,2.747448881124847
4313,57,285,290,1,2.747448881124847
4613,63,315,320,1,2.747448881124847
4711,65,325,330,1,2.747448881124847
4712,65,325,330,1,2.747448881124847
4897,69,345,350,1,2.747448881124847
5441,82,410,415,1,2.747448881124847
5485,83,415,420,1,2.747448881124847
5590,86,430,435,1,2.747448881124847
5915,95,475,480,1,2.747448881124847
6127,101,505,510,1,2.747448881124847
6461,110,550,555,1,2.747448881124847
6917,123,615,620,1,2.747448881124847
7025,126,630,635,1,2.747448881124847
7062,127,635,640,1,2.747448881124847
7255,132,660,665,1,2.747448881124847
7466,137,685,690,1,2.747448881124847
7636,141,705,710,1,2.747448881124847
7703,143,715,720,1,2.747448881124847
7847,147,735,740,1,2.747448881124847
8065,153,765,770,1,2.747448881124847
8239,158,790,795,1,2.747448881124847
8273,159,795,800,1,2.747448881124847
8313,160,800,805,1,2.747448881124847
8406,163,815,820,1,2.747448881124847
8504,166,830,835,1,2.747448881124847
8694,172,860,865,1,2.747448881124847
8789,175,875,880,1,2.747448881124847
8978,180,900,905,1,2.747448881124847
9019,181,905,910,1,2.747448881124847
9053,182,910,915,1,2.747448881124847
9383,192,960,965,1,2.747448881124847
9501,195,975,980,1,2.747448881124847
9675,200,1000,1005,1,2.747448881124847
10032,211,1055,1060,1,2.747448881124847
10085,213,1065,1070,1,2.747448881124847
10119,214,1070,1075,1,2.747448881124847
10277,219,1095,1100,1,2.747448881124847
10310,220,1100,1105,1,2.747448881124847
10421,224,1120,1125,1,2.747448881124847
10504,227,1135,1140,1,2.747448881124847
10644,232,1160,1165,1,2.747448881124847
10949,244,1220,1225,1,2.747448881124847
11002,246,1230,1235,1,2.747448881124847
11203,254,1270,1275,1,2.747448881124847
11225,255,1275,1280,1,2.747448881124847
11368,261,1305,1310,1,2.747448881124847
11578,271,1355,1360,1,2.747448881124847
11631,274,1370,1375,1,2.747448881124847
11838,283,1415,1420,1,2.747448881124847
12066,294,1470,1475,1,2.747448881124847
12175,300,1500,1505,1,2.747448881124847
12221,303,1515,1520,1,2.747448881124847
12429,316,1580,1585,1,2.747448881124847
12545,324,1620,1625,1,2.747448881124847
12602,328,1640,1645,1,2.747448881124847
12612,329,1645,1650,1,2.747448881124847
12708,337,1685,1690,1,2.747448881124847
12730,339,1695,1700,1,2.747448881124847
13005,365,1825,1830,1,2.747448881124847
13113,380,1900,1905,1,2.747448881124847
349,3,15,20,1,2.7468492533240823
3490,41,205,210,1,2.7468492533240823
3637,44,220,225,1,2.7468492533240823
3694,45,225,230,1,2.7468492533240823
3849,48,240,245,1,2.7468492533240823
3908,49,245,250,1,2.7468492533240823
3909,49,245,250,1,2.7468492533240823
4115,53,265,270,1,2.7468492533240823
4311,57,285,290,1,2.7468492533240823
4851,68,340,345,1,2.7468492533240823
5022,72,360,365,1,2.7468492533240823
5202,76,380,385,1,2.7468492533240823
5484,83,415,420,1,2.7468492533240823
5700,89,445,450,1,2.7468492533240823
6094,100,500,505,1,2.7468492533240823
6201,103,515,520,1,2.7468492533240823
6434,109,545,550,1,2.7468492533240823
6528,112,560,565,1,2.7468492533240823
6529,112,560,565,1,2.7468492533240823
6561,113,565,570,1,2.7468492533240823
6648,115,575,580,1,2.7468492533240823
6712,117,585,590,1,2.7468492533240823
6713,117,585,590,1,2.7468492533240823
6811,120,600,605,1,2.7468492533240823
7465,137,685,690,1,2.7468492533240823
7558,139,695,700,1,2.7468492533240823
7593,140,700,705,1,2.7468492533240823
7702,143,715,720,1,2.7468492533240823
7845,147,735,740,1,2.7468492533240823
7846,147,735,740,1,2.7468492533240823
7913,149,745,750,1,2.7468492533240823
8064,153,765,770,1,2.7468492533240823
8101,154,770,775,1,2.7468492533240823
8132,155,775,780,1,2.7468492533240823
8133,155,775,780,1,2.7468492533240823
8759,174,870,875,1,2.7468492533240823
8836,176,880,885,1,2.7468492533240823
9462,194,970,975,1,2.7468492533240823
9500,195,975,980,1,2.7468492533240823
9600,198,990,995,1,2.7468492533240823
9674,200,1000,1005,1,2.7468492533240823
9740,202,1010,1015,1,2.7468492533240823
9741,202,1010,1015,1,2.7468492533240823
9817,204,1020,1025,1,2.7468492533240823
9945,208,1040,1045,1,2.7468492533240823
9979,209,1045,1050,1,2.7468492533240823
10006,210,1050,1055,1,2.7468492533240823
10118,214,1070,1075,1,2.7468492533240823
10210,217,1085,1090,1,2.7468492533240823
10237,218,1090,1095,1,2.7468492533240823
10555,229,1145,1150,1,2.7468492533240823
11030,247,1235,1240,1,2.7468492533240823
11031,247,1235,1240,1,2.7468492533240823
11202,254,1270,1275,1,2.7468492533240823
11426,264,1320,1325,1,2.7468492533240823
11469,266,1330,1335,1,2.7468492533240823
11592,272,1360,1365,1,2.7468492533240823
11593,272,1360,1365,1,2.7468492533240823
11674,276,1380,1385,1,2.7468492533240823
11717,278,1390,1395,1,2.7468492533240823
11754,280,1400,1405,1,2.7468492533240823
11898,286,1430,1435,1,2.7468492533240823
12044,293,1465,1470,1,2.7468492533240823
12064,294,1470,1475,1,2.7468492533240823
12065,294,1470,1475,1,2.7468492533240823
12158,299,1495,1500,1,2.7468492533240823
12191,301,1505,1510,1,2.7468492533240823
12220,303,1515,1520,1,2.7468492533240823
12275,306,1530,1535,1,2.7468492533240823
12643,332,1660,1665,1,2.7468492533240823
12716,338,1690,1695,1,2.7468492533240823
12740,340,1700,1705,1,2.7468492533240823
12816,346,1730,1735,1,2.7468492533240823
13120,381,1905,1910,1,2.7468492533240823
13156,386,1930,1935,1,2.7468492533240823
13350,439,2195,2200,1,2.7468492533240823
3382,39,195,200,1,2.7468492533193984
3543,42,210,215,1,2.7468492533193984
3588,43,215,220,1,2.7468492533193984
3693,45,225,230,1,2.7468492533193984
4010,51,255,260,1,2.7468492533193984
4216,55,275,280,1,2.7468492533193984
4365,58,290,295,1,2.7468492533193984
4411,59,295,300,1,2.7468492533193984
4523,61,305,310,1,2.7468492533193984
4850,68,340,345,1,2.7468492533193984
4942,70,350,355,1,2.7468492533193984
4977,71,355,360,1,2.7468492533193984
5589,86,430,435,1,2.7468492533193984
5631,87,435,440,1,2.7468492533193984
5669,88,440,445,1,2.7468492533193984
5820,92,460,465,1,2.7468492533193984
6032,98,490,495,1,2.7468492533193984
6095,100,500,505,1,2.7468492533193984
6202,103,515,520,1,2.7468492533193984
6362,107,535,540,1,2.7468492533193984
6559,113,565,570,1,2.7468492533193984
6560,113,565,570,1,2.7468492533193984
6750,118,590,595,1,2.7468492533193984
6952,124,620,625,1,2.7468492533193984
7221,131,655,660,1,2.7468492533193984
7300,133,665,670,1,2.7468492533193984
7503,138,690,695,1,2.7468492533193984
7635,141,705,710,1,2.7468492533193984
7740,144,720,725,1,2.7468492533193984
7914,149,745,750,1,2.7468492533193984
7915,149,745,750,1,2.7468492533193984
7948,150,750,755,1,2.7468492533193984
8173,156,780,785,1,2.7468492533193984
8444,164,820,825,1,2.7468492533193984
8445,164,820,825,1,2.7468492533193984
8643,170,850,855,1,2.7468492533193984
8693,172,860,865,1,2.7468492533193984
9087,183,915,920,1,2.7468492533193984
9118,184,920,925,1,2.7468492533193984
9206,187,935,940,1,2.7468492533193984
9461,194,970,975,1,2.7468492533193984
9499,195,975,980,1,2.7468492533193984
10064,212,1060,1065,1,2.7468492533193984
10276,219,1095,1100,1,2.7468492533193984
10526,228,1140,1145,1,2.7468492533193984
10676,233,1165,1170,1,2.7468492533193984
10677,233,1165,1170,1,2.7468492533193984
10802,238,1190,1195,1,2.7468492533193984
10867,240,1200,1205,1,2.7468492533193984
10899,242,1210,1215,1,2.7468492533193984
11059,248,1240,1245,1,2.7468492533193984
11201,254,1270,1275,1,2.7468492533193984
11332,260,1300,1305,1,2.7468492533193984
11659,275,1375,1380,1,2.7468492533193984
11673,276,1380,1385,1,2.7468492533193984
11975,290,1450,1455,1,2.7468492533193984
12083,295,1475,1480,1,2.7468492533193984
12144,298,1490,1495,1,2.7468492533193984
12274,306,1530,1535,1,2.7468492533193984
12335,309,1545,1550,1,2.7468492533193984
12505,321,1605,1610,1,2.7468492533193984
12544,324,1620,1625,1,2.7468492533193984
12558,325,1625,1630,1,2.7468492533193984
12622,330,1650,1655,1,2.7468492533193984
12875,351,1755,1760,1,2.7468492533193984
12921,355,1775,1780,1,2.7468492533193984
12954,358,1790,1795,1,2.7468492533193984
13038,368,1840,1845,1,2.7468492533193984
13165,387,1935,1940,1,2.7468492533193984
13211,395,1975,1980,1,2.7468492533193984
3692,45,225,230,1,2.7462493930906375
3803,47,235,240,1,2.7462493930906375
3907,49,245,250,1,2.7462493930906375
3954,50,250,255,1,2.7462493930906375
4065,52,260,265,1,2.7462493930906375
4258,56,280,285,1,2.7462493930906375
4310,57,285,290,1,2.7462493930906375
4521,61,305,310,1,2.7462493930906375
4522,61,305,310,1,2.7462493930906375
4612,63,315,320,1,2.7462493930906375
5201,76,380,385,1,2.7462493930906375
5440,82,410,415,1,2.7462493930906375
5519,84,420,425,1,2.7462493930906375
5913,95,475,480,1,2.7462493930906375
6031,98,490,495,1,2.7462493930906375
6126,101,505,510,1,2.7462493930906375
6236,104,520,525,1,2.7462493930906375
6319,106,530,535,1,2.7462493930906375
6433,109,545,550,1,2.7462493930906375
6494,111,555,560,1,2.7462493930906375
6495,111,555,560,1,2.7462493930906375
6527,112,560,565,1,2.7462493930906375
6558,113,565,570,1,2.7462493930906375
6647,115,575,580,1,2.7462493930906375
6678,116,580,585,1,2.7462493930906375
6810,120,600,605,1,2.7462493930906375
6982,125,625,630,1,2.7462493930906375
6983,125,625,630,1,2.7462493930906375
7060,127,635,640,1,2.7462493930906375
7061,127,635,640,1,2.7462493930906375
7415,136,680,685,1,2.7462493930906375
7464,137,685,690,1,2.7462493930906375
7592,140,700,705,1,2.7462493930906375
7667,142,710,715,1,2.7462493930906375
7701,143,715,720,1,2.7462493930906375
7770,145,725,730,1,2.7462493930906375
7947,150,750,755,1,2.7462493930906375
7982,151,755,760,1,2.7462493930906375
8030,152,760,765,1,2.7462493930906375
8728,173,865,870,1,2.7462493930906375
8899,178,890,895,1,2.7462493930906375
8942,179,895,900,1,2.7462493930906375
9205,187,935,940,1,2.7462493930906375
9312,190,950,955,1,2.7462493930906375
9910,207,1035,1040,1,2.7462493930906375
10083,213,1065,1070,1,2.7462493930906375
10308,220,1100,1105,1,2.7462493930906375
10456,225,1125,1130,1,2.7462493930906375
10457,225,1125,1130,1,2.7462493930906375
10480,226,1130,1135,1,2.7462493930906375
10553,229,1145,1150,1,2.7462493930906375
10766,237,1185,1190,1,2.7462493930906375
10801,238,1190,1195,1,2.7462493930906375
10835,239,1195,1200,1,2.7462493930906375
10898,242,1210,1215,1,2.7462493930906375
10926,243,1215,1220,1,2.7462493930906375
10974,245,1225,1230,1,2.7462493930906375
10975,245,1225,1230,1,2.7462493930906375
11001,246,1230,1235,1,2.7462493930906375
11223,255,1275,1280,1,2.7462493930906375
11251,256,1280,1285,1,2.7462493930906375
11367,261,1305,1310,1,2.7462493930906375
11511,268,1340,1345,1,2.7462493930906375
11540,269,1345,1350,1,2.7462493930906375
11716,278,1390,1395,1,2.7462493930906375
12043,293,1465,1470,1,2.7462493930906375
12190,301,1505,1510,1,2.7462493930906375
12273,306,1530,1535,1,2.7462493930906375
12334,309,1545,1550,1,2.7462493930906375
12504,321,1605,1610,1,2.7462493930906375
12557,325,1625,1630,1,2.7462493930906375
12777,343,1715,1720,1,2.7462493930906375
12936,356,1780,1785,1,2.7462493930906375
13142,383,1915,1920,1,2.7462493930906375
13171,388,1940,1945,1,2.7462493930906375
13184,391,1955,1960,1,2.7462493930906375
13189,392,1960,1965,1,2.7462493930906375
13218,397,1985,1990,1,2.7462493930906375
3381,39,195,200,1,2.7462493930859546
3745,46,230,235,1,2.7462493930859546
3906,49,245,250,1,2.7462493930859546
4157,54,270,275,1,2.7462493930859546
4410,59,295,300,1,2.7462493930859546
4572,62,310,315,1,2.7462493930859546
4662,64,320,325,1,2.7462493930859546
4710,65,325,330,1,2.7462493930859546
5107,74,370,375,1,2.7462493930859546
5372,80,400,405,1,2.7462493930859546
5373,80,400,405,1,2.7462493930859546
5518,84,420,425,1,2.7462493930859546
5630,87,435,440,1,2.7462493930859546
5914,95,475,480,1,2.7462493930859546
5995,97,485,490,1,2.7462493930859546
5996,97,485,490,1,2.7462493930859546
6061,99,495,500,1,2.7462493930859546
6200,103,515,520,1,2.7462493930859546
6408,108,540,545,1,2.7462493930859546
6557,113,565,570,1,2.7462493930859546
6749,118,590,595,1,2.7462493930859546
6777,119,595,600,1,2.7462493930859546
6880,122,610,615,1,2.7462493930859546
7140,129,645,650,1,2.7462493930859546
7220,131,655,660,1,2.7462493930859546
7299,133,665,670,1,2.7462493930859546
7372,135,675,680,1,2.7462493930859546
7463,137,685,690,1,2.7462493930859546
7502,138,690,695,1,2.7462493930859546
7810,146,730,735,1,2.7462493930859546
7983,151,755,760,1,2.7462493930859546
8029,152,760,765,1,2.7462493930859546
8172,156,780,785,1,2.7462493930859546
8692,172,860,865,1,2.7462493930859546
8758,174,870,875,1,2.7462493930859546
8787,175,875,880,1,2.7462493930859546
8835,176,880,885,1,2.7462493930859546
9270,189,945,950,1,2.7462493930859546
9460,194,970,975,1,2.7462493930859546
9567,197,985,990,1,2.7462493930859546
9673,200,1000,1005,1,2.7462493930859546
10082,213,1065,1070,1,2.7462493930859546
10141,215,1075,1080,1,2.7462493930859546
10309,220,1100,1105,1,2.7462493930859546
10365,222,1110,1115,1,2.7462493930859546
10554,229,1145,1150,1,2.7462493930859546
10588,230,1150,1155,1,2.7462493930859546
10589,230,1150,1155,1,2.7462493930859546
10675,233,1165,1170,1,2.7462493930859546
10948,244,1220,1225,1,2.7462493930859546
10973,245,1225,1230,1,2.7462493930859546
11224,255,1275,1280,1,2.7462493930859546
11510,268,1340,1345,1,2.7462493930859546
11974,290,1450,1455,1,2.7462493930859546
12122,297,1485,1490,1,2.7462493930859546
12200,302,1510,1515,1,2.7462493930859546
12219,303,1515,1520,1,2.7462493930859546
12409,314,1570,1575,1,2.7462493930859546
12586,327,1635,1640,1,2.7462493930859546
12661,333,1665,1670,1,2.7462493930859546
12715,338,1690,1695,1,2.7462493930859546
12778,343,1715,1720,1,2.7462493930859546
12839,348,1740,1745,1,2.7462493930859546
12864,350,1750,1755,1,2.7462493930859546
13025,367,1835,1840,1,2.7462493930859546
13064,372,1860,1865,1,2.7462493930859546
13141,383,1915,1920,1,2.7462493930859546
13265,409,2045,2050,1,2.7462493930859546
191,2,10,15,1,2.7456493004829423
678,5,25,30,1,2.7456493004829423
3802,47,235,240,1,2.7456493004829423
3848,48,240,245,1,2.7456493004829423
3905,49,245,250,1,2.7456493004829423
4156,54,270,275,1,2.7456493004829423
4257,56,280,285,1,2.7456493004829423
4466,60,300,305,1,2.7456493004829423
4520,61,305,310,1,2.7456493004829423
4661,64,320,325,1,2.7456493004829423
4761,66,330,335,1,2.7456493004829423
4894,69,345,350,1,2.7456493004829423
4940,70,350,355,1,2.7456493004829423
5020,72,360,365,1,2.7456493004829423
5021,72,360,365,1,2.7456493004829423
5482,83,415,420,1,2.7456493004829423
5483,83,415,420,1,2.7456493004829423
5588,86,430,435,1,2.7456493004829423
5629,87,435,440,1,2.7456493004829423
5698,89,445,450,1,2.7456493004829423
5781,91,455,460,1,2.7456493004829423
5886,94,470,475,1,2.7456493004829423
5994,97,485,490,1,2.7456493004829423
6167,102,510,515,1,2.7456493004829423
6235,104,520,525,1,2.7456493004829423
6407,108,540,545,1,2.7456493004829423
6645,115,575,580,1,2.7456493004829423
6646,115,575,580,1,2.7456493004829423
6809,120,600,605,1,2.7456493004829423
7024,126,630,635,1,2.7456493004829423
7058,127,635,640,1,2.7456493004829423
7059,127,635,640,1,2.7456493004829423
7098,128,640,645,1,2.7456493004829423
7184,130,650,655,1,2.7456493004829423
7334,134,670,675,1,2.7456493004829423
7371,135,675,680,1,2.7456493004829423
7501,138,690,695,1,2.7456493004829423
7634,141,705,710,1,2.7456493004829423
7946,150,750,755,1,2.7456493004829423
7981,151,755,760,1,2.7456493004829423
8100,154,770,775,1,2.7456493004829423
8131,155,775,780,1,2.7456493004829423
8309,160,800,805,1,2.7456493004829423
8310,160,800,805,1,2.7456493004829423
8503,166,830,835,1,2.7456493004829423
8613,169,845,850,1,2.7456493004829423
8614,169,845,850,1,2.7456493004829423
8898,178,890,895,1,2.7456493004829423
9310,190,950,955,1,2.7456493004829423
9426,193,965,970,1,2.7456493004829423
9498,195,975,980,1,2.7456493004829423
9672,200,1000,1005,1,2.7456493004829423
9814,204,1020,1025,1,2.7456493004829423
9815,204,1020,1025,1,2.7456493004829423
9876,206,1030,1035,1,2.7456493004829423
10140,215,1075,1080,1,2.7456493004829423
10275,219,1095,1100,1,2.7456493004829423
10330,221,1105,1110,1,2.7456493004829423
10703,234,1170,1175,1,2.7456493004829423
10720,235,1175,1180,1,2.7456493004829423
10972,245,1225,1230,1,2.7456493004829423
11058,248,1240,1245,1,2.7456493004829423
11127,251,1255,1260,1,2.7456493004829423
11128,251,1255,1260,1,2.7456493004829423
11363,261,1305,1310,1,2.7456493004829423
11365,261,1305,1310,1,2.7456493004829423
11366,261,1305,1310,1,2.7456493004829423
11425,264,1320,1325,1,2.7456493004829423
11489,267,1335,1340,1,2.7456493004829423
11753,280,1400,1405,1,2.7456493004829423
11786,281,1405,1410,1,2.7456493004829423
11910,287,1435,1440,1,2.7456493004829423
11973,290,1450,1455,1,2.7456493004829423
12062,294,1470,1475,1,2.7456493004829423
12098,296,1480,1485,1,2.7456493004829423
12314,308,1540,1545,1,2.7456493004829423
12347,310,1550,1555,1,2.7456493004829423
12428,316,1580,1585,1,2.7456493004829423
12849,349,1745,1750,1,2.7456493004829423
12874,351,1755,1760,1,2.7456493004829423
12935,356,1780,1785,1,2.7456493004829423
13024,367,1835,1840,1,2.7456493004829423
13129,382,1910,1915,1,2.7456493004829423
13318,426,2130,2135,1,2.7456493004829423
835,6,30,35,1,2.7456493004782603
836,6,30,35,1,2.7456493004782603
2379,23,115,120,1,2.7456493004782603
3488,41,205,210,1,2.7456493004782603
3744,46,230,235,1,2.7456493004782603
4063,52,260,265,1,2.7456493004782603
4064,52,260,265,1,2.7456493004782603
4364,58,290,295,1,2.7456493004782603
4570,62,310,315,1,2.7456493004782603
4660,64,320,325,1,2.7456493004782603
4807,67,335,340,1,2.7456493004782603
4895,69,345,350,1,2.7456493004782603
5069,73,365,370,1,2.7456493004782603
5145,75,375,380,1,2.7456493004782603
5146,75,375,380,1,2.7456493004782603
5147,75,375,380,1,2.7456493004782603
5290,78,390,395,1,2.7456493004782603
5517,84,420,425,1,2.7456493004782603
5556,85,425,430,1,2.7456493004782603
5699,89,445,450,1,2.7456493004782603
5819,92,460,465,1,2.7456493004782603
6093,100,500,505,1,2.7456493004782603
6199,103,515,520,1,2.7456493004782603
6361,107,535,540,1,2.7456493004782603
6432,109,545,550,1,2.7456493004782603
6493,111,555,560,1,2.7456493004782603
6556,113,565,570,1,2.7456493004782603
6776,119,595,600,1,2.7456493004782603
6850,121,605,610,1,2.7456493004782603
6950,124,620,625,1,2.7456493004782603
6951,124,620,625,1,2.7456493004782603
7138,129,645,650,1,2.7456493004782603
7219,131,655,660,1,2.7456493004782603
7414,136,680,685,1,2.7456493004782603
7462,137,685,690,1,2.7456493004782603
7945,150,750,755,1,2.7456493004782603
8238,158,790,795,1,2.7456493004782603
8272,159,795,800,1,2.7456493004782603
8311,160,800,805,1,2.7456493004782603
8612,169,845,850,1,2.7456493004782603
8615,169,845,850,1,2.7456493004782603
8727,173,865,870,1,2.7456493004782603
9017,181,905,910,1,2.7456493004782603
9147,185,925,930,1,2.7456493004782603
9178,186,930,935,1,2.7456493004782603
9425,193,965,970,1,2.7456493004782603
9738,202,1010,1015,1,2.7456493004782603
9816,204,1020,1025,1,2.7456493004782603
10117,214,1070,1075,1,2.7456493004782603
10331,221,1105,1110,1,2.7456493004782603
10393,223,1115,1120,1,2.7456493004782603
10420,224,1120,1125,1,2.7456493004782603
10607,231,1155,1160,1,2.7456493004782603
10721,235,1175,1180,1,2.7456493004782603
10834,239,1195,1200,1,2.7456493004782603
10947,244,1220,1225,1,2.7456493004782603
11029,247,1235,1240,1,2.7456493004782603
11364,261,1305,1310,1,2.7456493004782603
11715,278,1390,1395,1,2.7456493004782603
11785,281,1405,1410,1,2.7456493004782603
11909,287,1435,1440,1,2.7456493004782603
12063,294,1470,1475,1,2.7456493004782603
12082,295,1475,1480,1,2.7456493004782603
12121,297,1485,1490,1,2.7456493004782603
12660,333,1665,1670,1,2.7456493004782603
12686,335,1675,1680,1,2.7456493004782603
12887,352,1760,1765,1,2.7456493004782603
13051,370,1850,1855,1,2.7456493004782603
13087,376,1880,1885,1,2.7456493004782603
13088,376,1880,1885,1,2.7456493004782603
13105,379,1895,1900,1,2.7456493004782603
13223,398,1990,1995,1,2.7456493004782603
981,7,35,40,1,2.7450489755481873
1512,12,60,65,1,2.7450489755481873
3743,46,230,235,1,2.7450489755481873
3801,47,235,240,1,2.7450489755481873
3847,48,240,245,1,2.7450489755481873
4009,51,255,260,1,2.7450489755481873
4155,54,270,275,1,2.7450489755481873
4363,58,290,295,1,2.7450489755481873
4465,60,300,305,1,2.7450489755481873
4519,61,305,310,1,2.7450489755481873
4569,62,310,315,1,2.7450489755481873
4611,63,315,320,1,2.7450489755481873
4659,64,320,325,1,2.7450489755481873
4806,67,335,340,1,2.7450489755481873
4849,68,340,345,1,2.7450489755481873
5068,73,365,370,1,2.7450489755481873
5106,74,370,375,1,2.7450489755481873
5240,77,385,390,1,2.7450489755481873
5242,77,385,390,1,2.7450489755481873
5516,84,420,425,1,2.7450489755481873
5668,88,440,445,1,2.7450489755481873
5780,91,455,460,1,2.7450489755481873
6030,98,490,495,1,2.7450489755481873
6165,102,510,515,1,2.7450489755481873
6166,102,510,515,1,2.7450489755481873
6285,105,525,530,1,2.7450489755481873
6555,113,565,570,1,2.7450489755481873
6748,118,590,595,1,2.7450489755481873
6879,122,610,615,1,2.7450489755481873
6916,123,615,620,1,2.7450489755481873
6981,125,625,630,1,2.7450489755481873
7022,126,630,635,1,2.7450489755481873
7023,126,630,635,1,2.7450489755481873
7183,130,650,655,1,2.7450489755481873
7412,136,680,685,1,2.7450489755481873
7460,137,685,690,1,2.7450489755481873
7461,137,685,690,1,2.7450489755481873
7739,144,720,725,1,2.7450489755481873
7808,146,730,735,1,2.7450489755481873
7809,146,730,735,1,2.7450489755481873
7879,148,740,745,1,2.7450489755481873
8099,154,770,775,1,2.7450489755481873
8130,155,775,780,1,2.7450489755481873
8203,157,785,790,1,2.7450489755481873
8237,158,790,795,1,2.7450489755481873
8271,159,795,800,1,2.7450489755481873
8370,162,810,815,1,2.7450489755481873
8405,163,815,820,1,2.7450489755481873
8542,167,835,840,1,2.7450489755481873
8543,167,835,840,1,2.7450489755481873
8577,168,840,845,1,2.7450489755481873
8667,171,855,860,1,2.7450489755481873
8786,175,875,880,1,2.7450489755481873
8941,179,895,900,1,2.7450489755481873
9117,184,920,925,1,2.7450489755481873
9381,192,960,965,1,2.7450489755481873
9598,198,990,995,1,2.7450489755481873
9704,201,1005,1010,1,2.7450489755481873
10274,219,1095,1100,1,2.7450489755481873
10364,222,1110,1115,1,2.7450489755481873
10392,223,1115,1120,1,2.7450489755481873
10419,224,1120,1125,1,2.7450489755481873
10643,232,1160,1165,1,2.7450489755481873
10719,235,1175,1180,1,2.7450489755481873
10833,239,1195,1200,1,2.7450489755481873
10925,243,1215,1220,1,2.7450489755481873
11028,247,1235,1240,1,2.7450489755481873
11388,262,1310,1315,1,2.7450489755481873
11658,275,1375,1380,1,2.7450489755481873
11837,283,1415,1420,1,2.7450489755481873
12020,292,1460,1465,1,2.7450489755481873
12097,296,1480,1485,1,2.7450489755481873
12189,301,1505,1510,1,2.7450489755481873
12272,306,1530,1535,1,2.7450489755481873
12294,307,1535,1540,1,2.7450489755481873
12556,325,1625,1630,1,2.7450489755481873
12659,333,1665,1670,1,2.7450489755481873
12714,338,1690,1695,1,2.7450489755481873
12775,343,1715,1720,1,2.7450489755481873
12776,343,1715,1720,1,2.7450489755481873
12826,347,1735,1740,1,2.7450489755481873
13013,366,1830,1835,1,2.7450489755481873
509,4,20,25,1,2.7450489755435066
2153,20,100,105,1,2.7450489755435066
3380,39,195,200,1,2.7450489755435066
3904,49,245,250,1,2.7450489755435066
3952,50,250,255,1,2.7450489755435066
4062,52,260,265,1,2.7450489755435066
4114,53,265,270,1,2.7450489755435066
4215,55,275,280,1,2.7450489755435066
4256,56,280,285,1,2.7450489755435066
4610,63,315,320,1,2.7450489755435066
4658,64,320,325,1,2.7450489755435066
4760,66,330,335,1,2.7450489755435066
4939,70,350,355,1,2.7450489755435066
5067,73,365,370,1,2.7450489755435066
5144,75,375,380,1,2.7450489755435066
5241,77,385,390,1,2.7450489755435066
5243,77,385,390,1,2.7450489755435066
5555,85,425,430,1,2.7450489755435066
5779,91,455,460,1,2.7450489755435066
5952,96,480,485,1,2.7450489755435066
6125,101,505,510,1,2.7450489755435066
6359,107,535,540,1,2.7450489755435066
6360,107,535,540,1,2.7450489755435066
6526,112,560,565,1,2.7450489755435066
6601,114,570,575,1,2.7450489755435066
6710,117,585,590,1,2.7450489755435066
6711,117,585,590,1,2.7450489755435066
6808,120,600,605,1,2.7450489755435066
7182,130,650,655,1,2.7450489755435066
7218,131,655,660,1,2.7450489755435066
7296,133,665,670,1,2.7450489755435066
7297,133,665,670,1,2.7450489755435066
7298,133,665,670,1,2.7450489755435066
7500,138,690,695,1,2.7450489755435066
7556,139,695,700,1,2.7450489755435066
7666,142,710,715,1,2.7450489755435066
7807,146,730,735,1,2.7450489755435066
7944,150,750,755,1,2.7450489755435066
8028,152,760,765,1,2.7450489755435066
8063,153,765,770,1,2.7450489755435066
8442,164,820,825,1,2.7450489755435066
8474,165,825,830,1,2.7450489755435066
8475,165,825,830,1,2.7450489755435066
8834,176,880,885,1,2.7450489755435066
9051,182,910,915,1,2.7450489755435066
9052,182,910,915,1,2.7450489755435066
9177,186,930,935,1,2.7450489755435066
9309,190,950,955,1,2.7450489755435066
9382,192,960,965,1,2.7450489755435066
9424,193,965,970,1,2.7450489755435066
9459,194,970,975,1,2.7450489755435066
9599,198,990,995,1,2.7450489755435066
9670,200,1000,1005,1,2.7450489755435066
9671,200,1000,1005,1,2.7450489755435066
9705,201,1005,1010,1,2.7450489755435066
10273,219,1095,1100,1,2.7450489755435066
10865,240,1200,1205,1,2.7450489755435066
11250,256,1280,1285,1,2.7450489755435066
11591,272,1360,1365,1,2.7450489755435066
11882,285,1425,1430,1,2.7450489755435066
11957,289,1445,1450,1,2.7450489755435066
12233,304,1520,1525,1,2.7450489755435066
12271,306,1530,1535,1,2.7450489755435066
12295,307,1535,1540,1,2.7450489755435066
12346,310,1550,1555,1,2.7450489755435066
12585,327,1635,1640,1,2.7450489755435066
12631,331,1655,1660,1,2.7450489755435066
12729,339,1695,1700,1,2.7450489755435066
12789,344,1720,1725,1,2.7450489755435066
12806,345,1725,1730,1,2.7450489755435066
12886,352,1760,1765,1,2.7450489755435066
13037,368,1840,1845,1,2.7450489755435066
834,6,30,35,1,2.744448418337496
980,7,35,40,1,2.744448418337496
1102,8,40,45,1,2.744448418337496
1597,13,65,70,1,2.744448418337496
2378,23,115,120,1,2.744448418337496
3541,42,210,215,1,2.744448418337496
3636,44,220,225,1,2.744448418337496
4113,53,265,270,1,2.744448418337496
4154,54,270,275,1,2.744448418337496
4214,55,275,280,1,2.744448418337496
4255,56,280,285,1,2.744448418337496
4362,58,290,295,1,2.744448418337496
4566,62,310,315,1,2.744448418337496
4567,62,310,315,1,2.744448418337496
4708,65,325,330,1,2.744448418337496
4709,65,325,330,1,2.744448418337496
4805,67,335,340,1,2.744448418337496
5019,72,360,365,1,2.744448418337496
5338,79,395,400,1,2.744448418337496
5404,81,405,410,1,2.744448418337496
5439,82,410,415,1,2.744448418337496
5481,83,415,420,1,2.744448418337496
5816,92,460,465,1,2.744448418337496
5817,92,460,465,1,2.744448418337496
5911,95,475,480,1,2.744448418337496
5992,97,485,490,1,2.744448418337496
6124,101,505,510,1,2.744448418337496
6198,103,515,520,1,2.744448418337496
6282,105,525,530,1,2.744448418337496
6642,115,575,580,1,2.744448418337496
6643,115,575,580,1,2.744448418337496
6644,115,575,580,1,2.744448418337496
6677,116,580,585,1,2.744448418337496
6747,118,590,595,1,2.744448418337496
7018,126,630,635,1,2.744448418337496
7020,126,630,635,1,2.744448418337496
7180,130,650,655,1,2.744448418337496
7217,131,655,660,1,2.744448418337496
7294,133,665,670,1,2.744448418337496
7295,133,665,670,1,2.744448418337496
7368,135,675,680,1,2.744448418337496
7408,136,680,685,1,2.744448418337496
7409,136,680,685,1,2.744448418337496
7410,136,680,685,1,2.744448418337496
7411,136,680,685,1,2.744448418337496
7555,139,695,700,1,2.744448418337496
7590,140,700,705,1,2.744448418337496
7737,144,720,725,1,2.744448418337496
8269,159,795,800,1,2.744448418337496
8270,159,795,800,1,2.744448418337496
8441,164,820,825,1,2.744448418337496
8472,165,825,830,1,2.744448418337496
8725,173,865,870,1,2.744448418337496
8833,176,880,885,1,2.744448418337496
9016,181,905,910,1,2.744448418337496
9116,184,920,925,1,2.744448418337496
9307,190,950,955,1,2.744448418337496
9308,190,950,955,1,2.744448418337496
9669,200,1000,1005,1,2.744448418337496
9944,208,1040,1045,1,2.744448418337496
10063,212,1060,1065,1,2.744448418337496
10272,219,1095,1100,1,2.744448418337496
10362,222,1110,1115,1,2.744448418337496
10363,222,1110,1115,1,2.744448418337496
10455,225,1125,1130,1,2.744448418337496
10701,234,1170,1175,1,2.744448418337496
10702,234,1170,1175,1,2.744448418337496
10832,239,1195,1200,1,2.744448418337496
11362,261,1305,1310,1,2.744448418337496
11387,262,1310,1315,1,2.744448418337496
11752,280,1400,1405,1,2.744448418337496
11955,289,1445,1450,1,2.744448418337496
12081,295,1475,1480,1,2.744448418337496
12173,300,1500,1505,1,2.744448418337496
12442,317,1585,1590,1,2.744448418337496
12601,328,1640,1645,1,2.744448418337496
12658,333,1665,1670,1,2.744448418337496
12910,354,1770,1775,1,2.744448418337496
12945,357,1785,1790,1,2.744448418337496
12946,357,1785,1790,1,2.744448418337496
13012,366,1830,1835,1,2.744448418337496
13270,411,2055,2060,1,2.744448418337496
189,2,10,15,1,2.744448418332816
508,4,20,25,1,2.744448418332816
1317,10,50,55,1,2.744448418332816
1318,10,50,55,1,2.744448418332816
2904,31,155,160,1,2.744448418332816
3542,42,210,215,1,2.744448418332816
3586,43,215,220,1,2.744448418332816
3950,50,250,255,1,2.744448418332816
3951,50,250,255,1,2.744448418332816
4254,56,280,285,1,2.744448418332816
4409,59,295,300,1,2.744448418332816
4464,60,300,305,1,2.744448418332816
4568,62,310,315,1,2.744448418332816
4848,68,340,345,1,2.744448418332816
5105,74,370,375,1,2.744448418332816
5200,76,380,385,1,2.744448418332816
5239,77,385,390,1,2.744448418332816
5403,81,405,410,1,2.744448418332816
5438,82,410,415,1,2.744448418332816
5480,83,415,420,1,2.744448418332816
5587,86,430,435,1,2.744448418332816
5744,90,450,455,1,2.744448418332816
5818,92,460,465,1,2.744448418332816
5912,95,475,480,1,2.744448418332816
6122,101,505,510,1,2.744448418332816
6123,101,505,510,1,2.744448418332816
6283,105,525,530,1,2.744448418332816
6284,105,525,530,1,2.744448418332816
6406,108,540,545,1,2.744448418332816
6460,110,550,555,1,2.744448418332816
6807,120,600,605,1,2.744448418332816
7019,126,630,635,1,2.744448418332816
7021,126,630,635,1,2.744448418332816
7137,129,645,650,1,2.744448418332816
7181,130,650,655,1,2.744448418332816
7293,133,665,670,1,2.744448418332816
7369,135,675,680,1,2.744448418332816
7370,135,675,680,1,2.744448418332816
7407,136,680,685,1,2.744448418332816
7459,137,685,690,1,2.744448418332816
7591,140,700,705,1,2.744448418332816
7738,144,720,725,1,2.744448418332816
7769,145,725,730,1,2.744448418332816
7878,148,740,745,1,2.744448418332816
8236,158,790,795,1,2.744448418332816
8473,165,825,830,1,2.744448418332816
8502,166,830,835,1,2.744448418332816
8691,172,860,865,1,2.744448418332816
8726,173,865,870,1,2.744448418332816
8940,179,895,900,1,2.744448418332816
9240,188,940,945,1,2.744448418332816
9269,189,945,950,1,2.744448418332816
9306,190,950,955,1,2.744448418332816
9380,192,960,965,1,2.744448418332816
9597,198,990,995,1,2.744448418332816
9813,204,1020,1025,1,2.744448418332816
10208,217,1085,1090,1,2.744448418332816
10209,217,1085,1090,1,2.744448418332816
10525,228,1140,1145,1,2.744448418332816
10606,231,1155,1160,1,2.744448418332816
10924,243,1215,1220,1,2.744448418332816
11274,257,1285,1290,1,2.744448418332816
11956,289,1445,1450,1,2.744448418332816
12019,292,1460,1465,1,2.744448418332816
12143,298,1490,1495,1,2.744448418332816
12443,317,1585,1590,1,2.744448418332816
12503,321,1605,1610,1,2.744448418332816
12699,336,1680,1685,1,2.744448418332816
12707,337,1685,1690,1,2.744448418332816
12804,345,1725,1730,1,2.744448418332816
12805,345,1725,1730,1,2.744448418332816
12934,356,1780,1785,1,2.744448418332816
12979,362,1810,1815,1,2.744448418332816
676,5,25,30,1,2.743847628903302
677,5,25,30,1,2.743847628903302
1418,11,55,60,1,2.743847628903302
1596,13,65,70,1,2.743847628903302
2076,19,95,100,1,2.743847628903302
3208,36,180,185,1,2.743847628903302
3949,50,250,255,1,2.743847628903302
4152,54,270,275,1,2.743847628903302
4213,55,275,280,1,2.743847628903302
4308,57,285,290,1,2.743847628903302
4309,57,285,290,1,2.743847628903302
4407,59,295,300,1,2.743847628903302
4565,62,310,315,1,2.743847628903302
4759,66,330,335,1,2.743847628903302
4803,67,335,340,1,2.743847628903302
4893,69,345,350,1,2.743847628903302
4938,70,350,355,1,2.743847628903302
5197,76,380,385,1,2.743847628903302
5199,76,380,385,1,2.743847628903302
5237,77,385,390,1,2.743847628903302
5238,77,385,390,1,2.743847628903302
5401,81,405,410,1,2.743847628903302
5402,81,405,410,1,2.743847628903302
5553,85,425,430,1,2.743847628903302
5554,85,425,430,1,2.743847628903302
5627,87,435,440,1,2.743847628903302
5697,89,445,450,1,2.743847628903302
5777,91,455,460,1,2.743847628903302
5815,92,460,465,1,2.743847628903302
5849,93,465,470,1,2.743847628903302
5885,94,470,475,1,2.743847628903302
5991,97,485,490,1,2.743847628903302
6234,104,520,525,1,2.743847628903302
6281,105,525,530,1,2.743847628903302
6431,109,545,550,1,2.743847628903302
6524,112,560,565,1,2.743847628903302
6553,113,565,570,1,2.743847628903302
6554,113,565,570,1,2.743847628903302
6745,118,590,595,1,2.743847628903302
6775,119,595,600,1,2.743847628903302
6806,120,600,605,1,2.743847628903302
6980,125,625,630,1,2.743847628903302
7097,128,640,645,1,2.743847628903302
7179,130,650,655,1,2.743847628903302
7216,131,655,660,1,2.743847628903302
7332,134,670,675,1,2.743847628903302
7700,143,715,720,1,2.743847628903302
7877,148,740,745,1,2.743847628903302
7943,150,750,755,1,2.743847628903302
8062,153,765,770,1,2.743847628903302
8576,168,840,845,1,2.743847628903302
8642,170,850,855,1,2.743847628903302
8756,174,870,875,1,2.743847628903302
8897,178,890,895,1,2.743847628903302
8939,179,895,900,1,2.743847628903302
9115,184,920,925,1,2.743847628903302
9267,189,945,950,1,2.743847628903302
9268,189,945,950,1,2.743847628903302
9304,190,950,955,1,2.743847628903302
9737,202,1010,1015,1,2.743847628903302
10005,210,1050,1055,1,2.743847628903302
10207,217,1085,1090,1,2.743847628903302
10391,223,1115,1120,1,2.743847628903302
11361,261,1305,1310,1,2.743847628903302
11385,262,1310,1315,1,2.743847628903302
11386,262,1310,1315,1,2.743847628903302
11402,263,1315,1320,1,2.743847628903302
11509,268,1340,1345,1,2.743847628903302
11589,272,1360,1365,1,2.743847628903302
11928,288,1440,1445,1,2.743847628903302
11929,288,1440,1445,1,2.743847628903302
11953,289,1445,1450,1,2.743847628903302
11954,289,1445,1450,1,2.743847628903302
12095,296,1480,1485,1,2.743847628903302
12096,296,1480,1485,1,2.743847628903302
12188,301,1505,1510,1,2.743847628903302
12600,328,1640,1645,1,2.743847628903302
12713,338,1690,1695,1,2.743847628903302
12803,345,1725,1730,1,2.743847628903302
12848,349,1745,1750,1,2.743847628903302
12902,353,1765,1770,1,2.743847628903302
80,1,5,10,1,2.743847628898623
833,6,30,35,1,2.743847628898623
979,7,35,40,1,2.743847628898623
1511,12,60,65,1,2.743847628898623
2848,30,150,155,1,2.743847628898623
3902,49,245,250,1,2.743847628898623
4361,58,290,295,1,2.743847628898623
4408,59,295,300,1,2.743847628898623
4518,61,305,310,1,2.743847628898623
4657,64,320,325,1,2.743847628898623
4707,65,325,330,1,2.743847628898623
4802,67,335,340,1,2.743847628898623
4804,67,335,340,1,2.743847628898623
4892,69,345,350,1,2.743847628898623
4976,71,355,360,1,2.743847628898623
5066,73,365,370,1,2.743847628898623
5198,76,380,385,1,2.743847628898623
5289,78,390,395,1,2.743847628898623
5337,79,395,400,1,2.743847628898623
5628,87,435,440,1,2.743847628898623
5667,88,440,445,1,2.743847628898623
5850,93,465,470,1,2.743847628898623
5851,93,465,470,1,2.743847628898623
5884,94,470,475,1,2.743847628898623
5951,96,480,485,1,2.743847628898623
5990,97,485,490,1,2.743847628898623
6121,101,505,510,1,2.743847628898623
6196,103,515,520,1,2.743847628898623
6197,103,515,520,1,2.743847628898623
6709,117,585,590,1,2.743847628898623
6743,118,590,595,1,2.743847628898623
6744,118,590,595,1,2.743847628898623
6746,118,590,595,1,2.743847628898623
6803,120,600,605,1,2.743847628898623
6804,120,600,605,1,2.743847628898623
7056,127,635,640,1,2.743847628898623
7096,128,640,645,1,2.743847628898623
7253,132,660,665,1,2.743847628898623
7292,133,665,670,1,2.743847628898623
7589,140,700,705,1,2.743847628898623
7876,148,740,745,1,2.743847628898623
7911,149,745,750,1,2.743847628898623
7912,149,745,750,1,2.743847628898623
8757,174,870,875,1,2.743847628898623
8832,176,880,885,1,2.743847628898623
8865,177,885,890,1,2.743847628898623
9114,184,920,925,1,2.743847628898623
9146,185,925,930,1,2.743847628898623
9305,190,950,955,1,2.743847628898623
9978,209,1045,1050,1,2.743847628898623
10081,213,1065,1070,1,2.743847628898623
10418,224,1120,1125,1,2.743847628898623
10831,239,1195,1200,1,2.743847628898623
11027,247,1235,1240,1,2.743847628898623
11152,252,1260,1265,1,2.743847628898623
11488,267,1335,1340,1,2.743847628898623
11561,270,1350,1355,1,2.743847628898623
11590,272,1360,1365,1,2.743847628898623
11952,289,1445,1450,1,2.743847628898623
12042,293,1465,1470,1,2.743847628898623
12156,299,1495,1500,1,2.743847628898623
12157,299,1495,1500,1,2.743847628898623
12218,303,1515,1520,1,2.743847628898623
12408,314,1570,1575,1,2.743847628898623
12524,323,1615,1620,1,2.743847628898623
12685,335,1675,1680,1,2.743847628898623
12698,336,1680,1685,1,2.743847628898623
12920,355,1775,1780,1,2.743847628898623
186,2,10,15,1,2.743246607296728
978,7,35,40,1,2.743246607296728
1216,9,45,50,1,2.743246607296728
1316,10,50,55,1,2.743246607296728
1595,13,65,70,1,2.743246607296728
2152,20,100,105,1,2.743246607296728
2447,24,120,125,1,2.743246607296728
3259,37,185,190,1,2.743246607296728
3487,41,205,210,1,2.743246607296728
3741,46,230,235,1,2.743246607296728
3799,47,235,240,1,2.743246607296728
4060,52,260,265,1,2.743246607296728
4360,58,290,295,1,2.743246607296728
4406,59,295,300,1,2.743246607296728
4608,63,315,320,1,2.743246607296728
4655,64,320,325,1,2.743246607296728
4706,65,325,330,1,2.743246607296728
4801,67,335,340,1,2.743246607296728
5065,73,365,370,1,2.743246607296728
5194,76,380,385,1,2.743246607296728
5195,76,380,385,1,2.743246607296728
5334,79,395,400,1,2.743246607296728
5335,79,395,400,1,2.743246607296728
5437,82,410,415,1,2.743246607296728
5479,83,415,420,1,2.743246607296728
5515,84,420,425,1,2.743246607296728
5551,85,425,430,1,2.743246607296728
5586,86,430,435,1,2.743246607296728
5626,87,435,440,1,2.743246607296728
5696,89,445,450,1,2.743246607296728
5742,90,450,455,1,2.743246607296728
5776,91,455,460,1,2.743246607296728
5814,92,460,465,1,2.743246607296728
5989,97,485,490,1,2.743246607296728
6029,98,490,495,1,2.743246607296728
6195,103,515,520,1,2.743246607296728
6278,105,525,530,1,2.743246607296728
6280,105,525,530,1,2.743246607296728
6358,107,535,540,1,2.743246607296728
6405,108,540,545,1,2.743246607296728
6430,109,545,550,1,2.743246607296728
6600,114,570,575,1,2.743246607296728
6640,115,575,580,1,2.743246607296728
6676,116,580,585,1,2.743246607296728
6742,118,590,595,1,2.743246607296728
6878,122,610,615,1,2.743246607296728
6915,123,615,620,1,2.743246607296728
6949,124,620,625,1,2.743246607296728
7136,129,645,650,1,2.743246607296728
7406,136,680,685,1,2.743246607296728
7910,149,745,750,1,2.743246607296728
8268,159,795,800,1,2.743246607296728
8403,163,815,820,1,2.743246607296728
8404,163,815,820,1,2.743246607296728
8440,164,820,825,1,2.743246607296728
8723,173,865,870,1,2.743246607296728
8864,177,885,890,1,2.743246607296728
8977,180,900,905,1,2.743246607296728
9113,184,920,925,1,2.743246607296728
9379,192,960,965,1,2.743246607296728
9909,207,1035,1040,1,2.743246607296728
10306,220,1100,1105,1,2.743246607296728
10307,220,1100,1105,1,2.743246607296728
10329,221,1105,1110,1,2.743246607296728
10674,233,1165,1170,1,2.743246607296728
10765,237,1185,1190,1,2.743246607296728
10923,243,1215,1220,1,2.743246607296728
10945,244,1220,1225,1,2.743246607296728
11026,247,1235,1240,1,2.743246607296728
11126,251,1255,1260,1,2.743246607296728
11222,255,1275,1280,1,2.743246607296728
11248,256,1280,1285,1,2.743246607296728
11836,283,1415,1420,1,2.743246607296728
11972,290,1450,1455,1,2.743246607296728
12094,296,1480,1485,1,2.743246607296728
12172,300,1500,1505,1,2.743246607296728
12199,302,1510,1515,1,2.743246607296728
12232,304,1520,1525,1,2.743246607296728
12252,305,1525,1530,1,2.743246607296728
12584,327,1635,1640,1,2.743246607296728
12962,359,1795,1800,1,2.743246607296728
187,2,10,15,1,2.7432466072920505
507,4,20,25,1,2.7432466072920505
977,7,35,40,1,2.7432466072920505
1671,14,70,75,1,2.7432466072920505
2775,29,145,150,1,2.7432466072920505
3317,38,190,195,1,2.7432466072920505
3901,49,245,250,1,2.7432466072920505
4061,52,260,265,1,2.7432466072920505
4211,55,275,280,1,2.7432466072920505
4212,55,275,280,1,2.7432466072920505
4252,56,280,285,1,2.7432466072920505
4405,59,295,300,1,2.7432466072920505
4463,60,300,305,1,2.7432466072920505
4517,61,305,310,1,2.7432466072920505
4564,62,310,315,1,2.7432466072920505
4609,63,315,320,1,2.7432466072920505
4891,69,345,350,1,2.7432466072920505
4937,70,350,355,1,2.7432466072920505
5193,76,380,385,1,2.7432466072920505
5196,76,380,385,1,2.7432466072920505
5235,77,385,390,1,2.7432466072920505
5236,77,385,390,1,2.7432466072920505
5288,78,390,395,1,2.7432466072920505
5336,79,395,400,1,2.7432466072920505
5550,85,425,430,1,2.7432466072920505
5552,85,425,430,1,2.7432466072920505
5743,90,450,455,1,2.7432466072920505
5848,93,465,470,1,2.7432466072920505
5883,94,470,475,1,2.7432466072920505
6027,98,490,495,1,2.7432466072920505
6028,98,490,495,1,2.7432466072920505
6059,99,495,500,1,2.7432466072920505
6060,99,495,500,1,2.7432466072920505
6163,102,510,515,1,2.7432466072920505
6164,102,510,515,1,2.7432466072920505
6277,105,525,530,1,2.7432466072920505
6279,105,525,530,1,2.7432466072920505
6491,111,555,560,1,2.7432466072920505
6492,111,555,560,1,2.7432466072920505
6641,115,575,580,1,2.7432466072920505
6849,121,605,610,1,2.7432466072920505
7055,127,635,640,1,2.7432466072920505
7095,128,640,645,1,2.7432466072920505
7252,132,660,665,1,2.7432466072920505
7458,137,685,690,1,2.7432466072920505
7664,142,710,715,1,2.7432466072920505
7806,146,730,735,1,2.7432466072920505
8061,153,765,770,1,2.7432466072920505
8171,156,780,785,1,2.7432466072920505
8369,162,810,815,1,2.7432466072920505
8611,169,845,850,1,2.7432466072920505
8724,173,865,870,1,2.7432466072920505
9049,182,910,915,1,2.7432466072920505
9145,185,925,930,1,2.7432466072920505
9204,187,935,940,1,2.7432466072920505
9266,189,945,950,1,2.7432466072920505
9668,200,1000,1005,1,2.7432466072920505
10524,228,1140,1145,1,2.7432466072920505
10864,240,1200,1205,1,2.7432466072920505
10946,244,1220,1225,1,2.7432466072920505
10971,245,1225,1230,1,2.7432466072920505
11099,250,1250,1255,1,2.7432466072920505
11294,258,1290,1295,1,2.7432466072920505
11360,261,1305,1310,1,2.7432466072920505
11468,266,1330,1335,1,2.7432466072920505
11487,267,1335,1340,1,2.7432466072920505
11630,274,1370,1375,1,2.7432466072920505
11732,279,1395,1400,1,2.7432466072920505
12120,297,1485,1490,1,2.7432466072920505
12142,298,1490,1495,1,2.7432466072920505
12333,309,1545,1550,1,2.7432466072920505
12407,314,1570,1575,1,2.7432466072920505
12620,330,1650,1655,1,2.7432466072920505
12621,330,1650,1655,1,2.7432466072920505
