id,layer,min_m,max_m,cells,area_km2
35,0,0,5,244,680.3278111992086
319,2,10,15,155,430.0452132185718
148,1,5,10,139,386.376967833457
37,0,0,5,113,314.40738586573787
542,3,15,20,87,241.19826153571213
57,0,0,5,78,217.97000645753022
817,4,20,25,70,194.42507689821883
785,4,20,25,51,141.3167824629645
161,1,5,10,42,116.8443459080243
210,1,5,10,41,114.37515181578004
550,3,15,20,38,105.39565501358283
1475,7,35,40,36,100.3417097760593
1015,5,25,30,35,96.9639449436237
1026,5,25,30,35,96.9627887467173
42,0,0,5,34,94.62664418931116
1023,5,25,30,31,85.87959465384394
339,2,10,15,30,83.37095289117224
232,1,5,10,29,81.12057892710018
332,2,10,15,28,77.76381948913547
1442,7,35,40,24,66.46671224711544
547,3,15,20,23,63.78044174851999
808,4,20,25,23,63.766897702611104
1011,5,25,30,23,63.647574906406874
1037,5,25,30,22,61.02394278967737
1230,6,30,35,22,60.854421096862865
357,2,10,15,21,58.42423628916907
1241,6,30,35,21,58.1766131655461
1642,8,40,45,20,55.800155945691586
1638,8,40,45,20,55.78265919484265
604,3,15,20,20,55.64123181015541
157,1,5,10,20,55.59608348872001
1238,6,30,35,19,52.60458516206264
1239,6,30,35,19,52.60221955220823
61,0,0,5,18,50.313775011602694
888,4,20,25,18,50.199738598232685
1082,5,25,30,17,47.3677104681783
873,4,20,25,17,47.35778017748272
65,0,0,5,16,44.781848051877105
1254,6,30,35,16,44.381152871665684
1433,7,35,40,16,44.2713223177876
869,4,20,25,15,41.787682444706455
342,2,10,15,15,41.68459794145424
821,4,20,25,15,41.621102085318185
1438,7,35,40,15,41.51132006193696
244,1,5,10,14,39.215651786844695
183,1,5,10,14,38.98831442346448
170,1,5,10,14,38.94382890059097
1227,6,30,35,14,38.67843491688944
227,1,5,10,13,36.327112508366554
580,3,15,20,13,36.10860102504485
599,3,15,20,12,33.36845026873661
798,4,20,25,12,33.25019132369357
2209,13,65,70,12,33.155489475450764
353,2,10,15,11,30.587208445421343
591,3,15,20,11,30.570781566069513
1031,5,25,30,11,30.481307547834774
543,3,15,20,11,30.458272904234533
1115,5,25,30,10,27.90765091336087
51,0,0,5,10,27.87325291798382
375,2,10,15,10,27.829992054586654
1047,5,25,30,10,27.743674154439145
804,4,20,25,10,27.714787273998894
1021,5,25,30,10,27.69884430644528
1005,5,25,30,10,27.63965935570685
70,0,0,5,9,25.21509901519532
4858,50,250,255,9,25.129284201973704
1103,5,25,30,9,25.09957945250938
484,2,10,15,8,22.485489548372993
2347,14,70,75,8,22.369481724958032
1302,6,30,35,8,22.30607111309501
584,3,15,20,8,22.224701033265912
1613,8,40,45,8,22.156359832655312
1745,9,45,50,8,22.149859149820895
1232,6,30,35,8,22.146900439439033
2314,14,70,75,8,22.142762788901496
2112,12,60,65,8,22.14039671064866
1732,9,45,50,8,22.12678116566784
1428,7,35,40,8,22.098317080301655
5680,66,330,335,8,22.032831826984957
106,0,0,5,7,19.73247762041874
88,0,0,5,7,19.658569644697884
450,2,10,15,7,19.597414718037953
1765,9,45,50,7,19.525975242895615
417,2,10,15,7,19.52481019315747
1300,6,30,35,7,19.5183936872906
1473,7,35,40,7,19.495620716248315
350,2,10,15,7,19.458135667428195
1452,7,35,40,7,19.39928864145013
1247,6,30,35,7,19.396338132855774
1995,11,55,60,7,19.37506592034046
1869,10,50,55,7,19.37388299828376
2613,17,85,90,7,19.37151551493631
1596,8,40,45,7,19.364413065244733
1859,10,50,55,7,19.353749442845686
2101,12,60,65,7,19.3454486253927
2300,14,70,75,7,19.337734359280155
4276,40,200,205,7,19.257889882867257
281,1,5,10,6,16.91134953358085
248,1,5,10,6,16.81257041173609
454,2,10,15,6,16.79869390011477
1497,7,35,40,6,16.756346402464175
1487,7,35,40,6,16.744125425490793
656,3,15,20,6,16.73421896221546
900,4,20,25,6,16.732469735402823
1891,10,50,55,6,16.730136567739088
1482,7,35,40,6,16.72896939411149
588,3,15,20,6,16.674544660452824
839,4,20,25,6,16.67160871051698
834,4,20,25,6,16.665147222680893
1057,5,25,30,6,16.66338433620275
331,2,10,15,6,16.652797383898665
147,1,5,10,6,16.648677325894273
1456,7,35,40,6,16.638662348306163
1604,8,40,45,6,16.604409873116325
1013,5,25,30,6,16.603226951012434
2420,15,75,80,6,16.599083679625316
1593,8,40,45,6,16.59197631397291
1733,9,45,50,6,16.591976079981073
2683,18,90,95,6,16.563490717593787
5907,71,355,360,6,16.543854187150995
5727,67,335,340,6,16.5331263174675
739,3,15,20,5,14.068486365512523
1651,8,40,45,5,13.973307675552627
223,1,5,10,5,13.962846089407769
1316,6,30,35,5,13.959937480447309
1771,9,45,50,5,13.958774084095152
909,4,20,25,5,13.957609978997082
1485,7,35,40,5,13.952369852985306
2021,11,55,60,5,13.944793961225574
1763,9,45,50,5,13.93545893156781
1890,10,50,55,5,13.931370640209618
1472,7,35,40,5,13.923188164095
1281,6,30,35,5,13.922018397301617
380,2,10,15,5,13.919093037898744
379,2,10,15,5,13.918508154482138
1274,6,30,35,5,13.900344742955792
1064,5,25,30,5,13.897410909430468
9014,151,755,760,5,13.8844881690263
2322,14,70,75,5,13.863882011654374
800,4,20,25,5,13.856212941153204
787,4,20,25,5,13.839079316941277
1016,5,25,30,5,13.838487855912927
12,0,0,5,5,13.83493721632372
1602,8,40,45,5,13.834345521100875
1231,6,30,35,5,13.832569733023456
2609,17,85,90,5,13.827831723295523
1731,9,45,50,5,13.823683770897906
1982,11,55,60,5,13.820719443767853
2102,12,60,65,5,13.818347046513928
2297,14,70,75,5,13.811225646013137
2404,15,75,80,5,13.808850443269108
128,1,5,10,5,13.802314429725666
5773,68,340,345,5,13.782076629177832
3638,30,150,155,5,13.779095952622374
5472,62,310,315,5,13.736644080451292
3,0,0,5,5,13.731846825677266
100,0,0,5,4,11.251350748408301
3889,33,165,170,4,11.213962049299752
72,0,0,5,4,11.207609883902899
1801,9,45,50,4,11.206454298016379
246,1,5,10,4,11.20645406095453
2897,20,100,105,4,11.205876268016048
1350,6,30,35,4,11.201828872961226
1796,9,45,50,4,11.200093361071161
1348,6,30,35,4,11.198357612210637
242,1,5,10,4,11.196621152660445
1789,9,45,50,4,11.192567361072788
2265,13,65,70,4,11.190249555689332
2149,12,60,65,4,11.186191029234152
439,2,10,15,4,11.184450308600248
2634,17,85,90,4,11.177484114873213
1488,7,35,40,4,11.165273062431439
1310,6,30,35,4,11.164108721171932
1117,5,25,30,4,11.163526668620516
906,4,20,25,4,11.162944143773073
1484,7,35,40,4,11.158866469907764
2439,15,75,80,4,11.15770094804856
663,3,15,20,4,11.157700712014421
2137,12,60,65,4,11.155951721184312
660,3,15,20,4,11.155368724215812
2335,14,70,75,4,11.15420249432006
657,3,15,20,4,11.153036028432266
897,4,20,25,4,11.151285621806451
2721,18,90,95,4,11.151285385923057
887,4,20,25,4,11.15011844818836
1762,9,45,50,4,11.147783393335411
1297,6,30,35,4,11.147199452744204
1086,5,25,30,4,11.141356982001632
628,3,15,20,4,11.140187922099624
186,1,5,10,4,11.138433743099
390,2,10,15,4,11.13726397626105
1283,6,30,35,4,11.136678857257305
3462,27,135,140,4,11.133753026718335
1278,6,30,35,4,11.12906901304952
603,3,15,20,4,11.12320816938032
1625,8,40,45,4,11.120275747322633
840,4,20,25,4,11.113231724807916
2325,14,70,75,4,11.104414942722505
828,4,20,25,4,11.09911853031463
565,3,15,20,4,11.095584771095673
1458,7,35,40,4,11.09440630367577
1255,6,30,35,4,11.091459313802767
9665,170,850,855,4,11.080838327946859
796,4,20,25,4,11.077885005966126
790,4,20,25,4,11.074338582412663
1236,6,30,35,4,11.069015199082571
1598,8,40,45,4,11.064871459519868
1734,9,45,50,4,11.06190994013981
3047,22,110,115,4,11.061317542653322
1229,6,30,35,4,11.058353917344633
1981,11,55,60,4,11.05657555501617
2099,12,60,65,4,11.05420315775753
2210,13,65,70,4,11.051829825154968
2492,16,80,85,4,11.044109949100193
3426,27,135,140,4,11.028640533770094
3490,28,140,145,4,11.01014472196905
4216,39,195,200,4,10.991593710492436
985,4,20,25,3,8.478731641053013
285,1,5,10,3,8.471345318770439
749,3,15,20,3,8.46906984665639
108,0,0,5,3,8.465654249889663
283,1,5,10,3,8.46280573039947
3328,25,125,130,3,8.458243803059101
2474,15,75,80,3,8.456532066236308
974,4,20,25,3,8.45653182772641
741,3,15,20,3,8.444527972817665
3077,22,110,115,3,8.421566827197536
4809,49,245,250,3,8.421566827197536
4808,49,245,250,3,8.41983961811187
1812,9,45,50,3,8.418111696572613
1942,10,50,55,3,8.418111696572613
3158,23,115,120,3,8.417535564425567
1811,9,45,50,3,8.415806693171689
724,3,15,20,3,8.414077109807659
1174,5,25,30,3,8.4106158073391
720,3,15,20,3,8.410038725872392
6673,89,445,450,3,8.408306532682646
1530,7,35,40,3,8.40715165817652
249,1,5,10,3,8.406574102344454
2899,20,100,105,3,8.405418516457933
712,3,15,20,3,8.404840723514672
2816,19,95,100,3,8.404840486457603
1154,5,25,30,3,8.401371595487852
2642,17,85,90,3,8.3990575796041
1510,7,35,40,3,8.397321120049135
1141,5,25,30,3,8.393846069456343
2037,11,55,60,3,8.392687166769385
1139,5,25,30,3,8.391527790643469
2152,12,60,65,3,8.390948102580513
2550,16,80,85,3,8.387467844318305
687,3,15,20,3,8.385726650553378
2726,18,90,95,3,8.385726650553378
7391,108,540,545,3,8.383984510747222
231,1,5,10,3,8.383403876294826
4745,48,240,245,3,8.381079919769999
2978,21,105,110,3,8.380498576047215
2026,11,55,60,3,8.378754781276328
3532,28,140,145,3,8.378754781271567
226,1,5,10,3,8.377591621187847
1120,5,25,30,3,8.373518434551322
668,3,15,20,3,8.371189043527252
1897,10,50,55,3,8.370023993827605
2138,12,60,65,3,8.370023993827605
1306,6,30,35,3,8.367692714075055
215,1,5,10,3,8.367109717111312
2886,20,100,105,3,8.367109717111312
216,1,5,10,3,8.366526720147569
1768,9,45,50,3,8.365360254259775
2540,16,80,85,3,8.364776785397183
2438,15,75,80,3,8.364776785382919
2247,13,65,70,3,8.362442909955961
3384,26,130,135,3,8.361275500440215
7005,98,490,495,3,8.361275500435461
401,2,10,15,3,8.361275264614006
1095,5,25,30,3,8.3601076192673
2437,15,75,80,3,8.359523442901827
1636,8,40,45,3,8.358939502305867
394,2,10,15,3,8.356602325364424
1089,5,25,30,3,8.356602325364424
1632,8,40,45,3,8.356602325364424
1288,6,30,35,3,8.355433265471913
392,2,10,15,3,8.355433265467163
189,1,5,10,3,8.353094203054685
624,3,15,20,3,8.353094203049938
3804,32,160,165,3,8.353094203049938
48,0,0,5,3,8.352509319628588
621,3,15,20,3,8.35192420061535
862,4,20,25,3,8.349583253516718
857,4,20,25,3,8.34606947794896
175,1,5,10,3,8.344311530780523
364,2,10,15,3,8.34313917373768
367,2,10,15,3,8.34313917373768
609,3,15,20,3,8.34313917373768
607,3,15,20,3,8.341966346074539
1066,5,25,30,3,8.341966346074539
168,1,5,10,3,8.341380049880646
10470,193,965,970,3,8.338446451589034
590,3,15,20,3,8.336098444013409
842,4,20,25,3,8.33551120696875
29,0,0,5,3,8.33551120696401
2326,14,70,75,3,8.33492396991935
586,3,15,20,3,8.332573846349357
1463,7,35,40,3,8.33139819702628
1461,7,35,40,3,8.326693250225258
2006,11,55,60,3,8.326693250225258
1049,5,25,30,3,8.324927544571242
822,4,20,25,3,8.32257201813359
820,4,20,25,3,8.320804903775116
2432,15,75,80,3,8.320804669091945
1043,5,25,30,3,8.320215552721212
1620,8,40,45,3,8.320215552721212
2530,16,80,85,3,8.318447264916177
321,2,10,15,3,8.318447264911448
1038,5,25,30,3,8.317267858923982
1040,5,25,30,3,8.317267858923982
2320,14,70,75,3,8.31431852300414
1029,5,25,30,3,8.309004512625696
1240,6,30,35,3,8.307231769477838
1871,10,50,55,3,8.307231769477838
8610,140,700,705,3,8.306640776987132
14,0,0,5,3,8.30664077698241
3992,35,175,180,3,8.306049550203616
2228,13,65,70,3,8.305458323415378
1444,7,35,40,3,8.304866862382308
1443,7,35,40,3,8.304275635603512
8339,134,670,675,3,8.304275635603512
788,4,20,25,3,8.303684174579882
1437,7,35,40,3,8.300725698531725
2794,19,95,100,3,8.300133769180448
2310,14,70,75,3,8.299541839815017
2797,19,95,100,3,8.2995418398103
1990,11,55,60,3,8.297765349462425
535,3,15,20,3,8.295395525505771
1987,11,55,60,3,8.294802894027445
134,1,5,10,3,8.29480289402273
1863,10,50,55,3,8.294210262539687
1862,10,50,55,3,8.294210262534973
6662,89,445,450,3,8.293617397114618
3719,31,155,160,3,8.292431666264484
3040,22,110,115,3,8.29243166625977
3202,24,120,125,3,8.291245467635164
1979,11,55,60,3,8.29124546763045
2211,13,65,70,3,8.29124546763045
4566,45,225,230,3,8.289465702016868
3578,29,145,150,3,8.28827880191331
2783,19,95,100,3,8.28768523497099
2299,14,70,75,3,8.28709166802396
2604,17,85,90,3,8.287091434274386
2403,15,75,80,3,8.285310265962407
4959,52,260,265,3,8.285310032280705
8,0,0,5,3,8.284122197215218
305,2,10,15,3,8.282339626813373
3278,25,125,130,3,8.281150857194405
524,3,15,20,3,8.28055635558956
2775,19,95,100,3,8.279961853984714
2681,18,90,95,3,8.279961853980009
2863,20,100,105,3,8.279961853980009
1422,7,35,40,3,8.278772383698458
5911,71,355,360,3,8.277582679921647
3192,24,120,125,3,8.27639274266369
3188,24,120,125,3,8.274607136453678
5869,70,350,355,3,8.274011700995882
3110,23,115,120,3,8.271629492484543
3502,28,140,145,3,8.271629492484543
3778,32,160,165,3,8.271033823693722
5821,69,345,350,3,8.27043792161291
3915,34,170,175,3,8.269246117451287
4783,49,245,250,3,8.26805384680614
4953,52,260,265,3,8.267457478310961
3775,32,160,165,3,8.26626497448146
4444,43,215,220,3,8.265072004330442
3907,34,170,175,3,8.259102492100308
4096,37,185,190,3,8.257310123992848
4832,50,250,255,3,8.257310123988153
519,3,15,20,3,8.254919057786466
3180,24,120,125,3,8.253125059653671
4220,39,195,200,3,8.252527060266665
4221,39,195,200,3,8.251928828084974
11104,212,1060,1065,3,8.24773887579508
13926,349,1745,1750,3,8.239947899738802
1416,7,35,40,3,8.239348039505357
298,2,10,15,3,8.236947901444145
1720,9,45,50,3,8.235747251574637
5032,54,270,275,3,8.231542886700549
5562,64,320,325,3,8.229739821885506
988,4,20,25,2,5.671155887057051
984,4,20,25,2,5.65192012765857
112,0,0,5,2,5.650216272045685
2195,12,60,65,2,5.650216272045685
2289,13,65,70,2,5.650216272045685
1207,5,25,30,2,5.649648001422628
3176,23,115,120,2,5.6473739629923205
4765,48,240,245,2,5.6473739629923205
6223,77,385,390,2,5.646805214413959
4081,36,180,185,2,5.646236226928075
1964,10,50,55,2,5.645098013121784
3413,26,130,135,2,5.645098013121784
979,4,20,25,2,5.644528786782121
2673,17,85,90,2,5.644528786782121
6268,78,390,395,2,5.644528786782121
1838,9,45,50,2,5.6439593216415656
5357,59,295,300,2,5.643959321631941
2479,15,75,80,2,5.643389856496197
1398,6,30,35,2,5.643389856491385
1566,7,35,40,2,5.643389856491385
2082,11,55,60,2,5.643389856491385
2388,14,70,75,2,5.643389856491385
2079,11,55,60,2,5.642250448679231
107,0,0,5,2,5.64168050606707
2386,14,70,75,2,5.641110563445288
4322,40,200,205,2,5.641110563445288
504,2,10,15,2,5.639399780981934
4210,38,190,195,2,5.638829361086929
1200,5,25,30,2,5.638258702627843
5139,55,275,280,2,5.637688044159141
8160,129,645,650,2,5.637688044159141
3627,29,145,150,2,5.6371171471805415
502,2,10,15,2,5.635975114731798
10847,203,1015,1020,2,5.635975114731798
5848,69,345,350,2,5.63368961928221
1956,10,50,55,2,5.631402217021024
4477,43,215,220,2,5.631402217011421
278,1,5,10,2,5.630830128160158
4015,35,175,180,2,5.630830128160158
2575,16,80,85,2,5.6302578010830135
3009,21,105,110,2,5.6296854739962665
5894,70,350,355,2,5.629112908725587
1192,5,25,30,2,5.628540343464507
6373,81,405,410,2,5.628540343464507
276,1,5,10,2,5.627394736677165
1698,8,40,45,2,5.627394736672367
6372,81,405,410,2,5.627394736672367
7822,120,600,605,2,5.627394736672367
490,2,10,15,2,5.626821695198096
4136,37,185,190,2,5.6262486537142316
1191,5,25,30,2,5.6256753742041505
272,1,5,10,2,5.625102094684477
965,4,20,25,2,5.625102094684477
4647,46,230,235,2,5.625102094684477
7426,109,545,550,2,5.6245285771761875
487,2,10,15,2,5.623955059682284
2378,14,70,75,2,5.623955059677488
5936,71,355,360,2,5.623381304243916
3166,23,115,120,2,5.622807548800754
485,2,10,15,2,5.622233555475566
4077,36,180,185,2,5.622233555475566
3002,21,105,110,2,5.622233555465979
2835,19,95,100,2,5.62165956214079
3088,22,110,115,2,5.62165956214079
7050,99,495,500,2,5.621085330964212
4135,37,185,190,2,5.62051109979722
4262,39,195,200,2,5.62051109979722
5797,68,340,345,2,5.62051109979722
6903,95,475,480,2,5.62051109979722
9206,156,780,785,2,5.619936630829964
482,2,10,15,2,5.619362161872291
735,3,15,20,2,5.619362161872291
3546,28,140,145,2,5.619362161872291
4200,38,190,195,2,5.619362161872291
2375,14,70,75,2,5.618787455169818
2464,15,75,80,2,5.618787455160237
1188,5,25,30,2,5.618212748457763
1375,6,30,35,2,5.618212748457763
1550,7,35,40,2,5.618212748457763
1819,9,45,50,2,5.618212748457763
2372,14,70,75,2,5.617637804061613
731,3,15,20,2,5.617062859655883
1547,7,35,40,2,5.617062859655883
2180,12,60,65,2,5.617062859655883
2909,20,100,105,2,5.617062859655883
3679,30,150,155,2,5.617062859655883
3403,26,130,135,2,5.6159124955557855
4642,46,230,235,2,5.6159124955557855
957,4,20,25,2,5.6153370759138515
2999,21,105,110,2,5.615337075904276
4315,40,200,205,2,5.614761656267129
1543,7,35,40,2,5.614185999073545
9273,158,790,795,2,5.614185999073545
2370,14,70,75,2,5.613610341875173
2830,19,95,100,2,5.613610341875173
2997,21,105,110,2,5.613610341875173
4068,36,180,185,2,5.613610341875173
3822,32,160,165,2,5.6130344471814615
4806,49,245,250,2,5.6130344471814615
9062,152,760,765,2,5.612458552478179
1180,5,25,30,2,5.611882420335917
11370,220,1100,1105,2,5.611882420335917
471,2,10,15,2,5.611306288184085
3890,33,165,170,2,5.610153549082037
6162,76,380,385,2,5.609000335269032
12927,283,1415,1420,2,5.609000335269032
1939,10,50,55,2,5.608423491064268
467,2,10,15,2,5.608423491054705
1366,6,30,35,2,5.608423491054705
258,1,5,10,2,5.60784664684994
5400,60,300,305,2,5.60784664684994
12274,254,1270,1275,2,5.607269565388011
13691,329,1645,1650,2,5.60726956537845
2057,11,55,60,2,5.606692483916521
7048,99,495,500,2,5.606692483916521
11547,226,1130,1135,2,5.606692483916521
464,2,10,15,2,5.606115165247239
717,3,15,20,2,5.60611516523768
1934,10,50,55,2,5.605537846573178
2056,11,55,60,2,5.605537846573178
465,2,10,15,2,5.6055378465683985
719,3,15,20,2,5.6055378465683985
1170,5,25,30,2,5.6055378465683985
8027,126,630,635,2,5.6055378465683985
2361,14,70,75,2,5.604960290736333
3152,23,115,120,2,5.604960290736333
1529,7,35,40,2,5.604960290726775
2820,19,95,100,2,5.604960290726775
7817,120,600,605,2,5.604960290726775
1359,6,30,35,2,5.60438273489471
6408,82,410,415,2,5.603804941956227
6793,92,460,465,2,5.603804941956227
2898,20,100,105,2,5.603804941946672
4589,45,225,230,2,5.603804941946672
460,2,10,15,2,5.603227149008189
2164,12,60,65,2,5.603227149008189
2558,16,80,85,2,5.603227149008189
71,0,0,5,2,5.602649119007859
457,2,10,15,2,5.602649118998305
710,3,15,20,2,5.602071088997974
1355,6,30,35,2,5.602071088997974
2450,15,75,80,2,5.602071088997974
4750,48,240,245,2,5.6014928219747455
6406,82,410,415,2,5.6009145549658435
705,3,15,20,2,5.600914554961069
1354,6,30,35,2,5.600914554961069
9059,152,760,765,2,5.600914554961069
455,2,10,15,2,5.600336050986478
703,3,15,20,2,5.600336050986478
1668,8,40,45,2,5.600336050976928
1349,6,30,35,2,5.599757547002339
1351,6,30,35,2,5.599757547002339
1152,5,25,30,2,5.599178806110093
1665,8,40,45,2,5.599178806110093
12129,248,1240,1245,2,5.599178806110093
1151,5,25,30,2,5.5986000652130725
8538,138,690,695,2,5.5986000652082994
1149,5,25,30,2,5.598021087442598
10733,200,1000,1005,2,5.598021087442598
1664,8,40,45,2,5.597442109686443
8386,135,675,680,2,5.597442109686443
66,0,0,5,2,5.596862895116191
925,4,20,25,2,5.596862895116191
6160,76,380,385,2,5.596862895116191
447,2,10,15,2,5.596283680536394
2039,11,55,60,2,5.596283680536394
2154,12,60,65,2,5.596283680536394
12252,253,1265,1270,2,5.596283680536394
2153,12,60,65,2,5.5957042291953005
2350,14,70,75,2,5.59570422918576
2894,20,100,105,2,5.59570422918576
10163,184,920,925,2,5.59570422918576
239,1,5,10,2,5.595124777844666
1788,9,45,50,2,5.595124777844666
2982,21,105,110,2,5.595124777844666
11432,222,1110,1115,2,5.595124777844666
62,0,0,5,2,5.594545089786479
446,2,10,15,2,5.594545089776939
2447,15,75,80,2,5.593965401723521
237,1,5,10,2,5.5939654017187515
1338,6,30,35,2,5.5939654017187515
2264,13,65,70,2,5.5939654017187515
1784,9,45,50,2,5.59338547699066
2552,16,80,85,2,5.592805552257798
441,2,10,15,2,5.592805552253029
9022,151,755,760,2,5.592805552253029
1332,6,30,35,2,5.59222539089531
14183,378,1890,1895,2,5.59222539089531
918,4,20,25,2,5.591645229547126
1334,6,30,35,2,5.591645229547126
2259,13,65,70,2,5.591064831628662
8944,149,745,750,2,5.591064831628662
685,3,15,20,2,5.591064831619128
9986,179,895,900,2,5.59048443370543
2031,11,55,60,2,5.590484433700663
10191,185,925,930,2,5.590484433700663
5838,69,345,350,2,5.589903799257799
4366,41,205,210,2,5.589323164805403
5237,57,285,290,2,5.589323164805403
7392,108,540,545,2,5.589323164805403
1909,10,50,55,2,5.588742293894507
2812,19,95,100,2,5.588742293894507
1130,5,25,30,2,5.588742293884977
1781,9,45,50,2,5.588742293884977
9501,165,825,830,2,5.588742293884977
683,3,15,20,2,5.588161422974079
1327,6,30,35,2,5.588161422974079
2029,11,55,60,2,5.588161422974079
2892,20,100,105,2,5.588161422974079
5551,63,315,320,2,5.588161422974079
1325,6,30,35,2,5.587580315634474
9201,156,780,785,2,5.587580315634474
1780,9,45,50,2,5.586999208285341
3305,25,125,130,2,5.586999208285341
1128,5,25,30,2,5.586417864572082
2725,18,90,95,2,5.586417864572082
915,4,20,25,2,5.586417864562557
1498,7,35,40,2,5.586417864562557
1901,10,50,55,2,5.585836520854061
678,3,15,20,2,5.585836520849298
3225,24,120,125,2,5.585836520849298
4801,49,245,250,2,5.585836520849298
1772,9,45,50,2,5.5852549408122005
6600,87,435,440,2,5.5852549408122005
429,2,10,15,2,5.585254940802676
1899,10,50,55,2,5.585254940802676
677,3,15,20,2,5.584673360765578
1773,9,45,50,2,5.584673360765578
1900,10,50,55,2,5.584673360765578
3604,29,145,150,2,5.584673360765578
4743,48,240,245,2,5.584673360765578
4744,48,240,245,2,5.584673360765578
5591,64,320,325,2,5.584091544450519
673,3,15,20,2,5.584091544440997
5653,65,325,330,2,5.584091544440997
910,4,20,25,2,5.5835097281259385
1320,6,30,35,2,5.5835097281259385
1647,8,40,45,2,5.5835097281259385
4924,51,255,260,2,5.5835097281259385
4923,51,255,260,2,5.582927675584044
4973,52,260,265,2,5.582927675574523
12071,246,1230,1235,2,5.582927675574523
5977,72,360,365,2,5.582345623032628
8483,137,685,690,2,5.582345623032628
671,3,15,20,2,5.581763334315017
1118,5,25,30,2,5.581763334315017
2543,16,80,85,2,5.581763334315017
908,4,20,25,2,5.581763334305499
7038,99,495,500,2,5.581763334305499
1116,5,25,30,2,5.581181045587889
2977,21,105,110,2,5.581181045587889
5014,53,265,270,2,5.581181045587889
5177,56,280,285,2,5.581181045587889
7269,105,525,530,2,5.581181045587889
3303,25,125,130,2,5.580598520740445
5589,64,320,325,2,5.580598520730929
1309,6,30,35,2,5.580015995888242
424,2,10,15,2,5.580015995883484
669,3,15,20,2,5.580015995883484
1308,6,30,35,2,5.580015995883484
1486,7,35,40,2,5.580015995883484
1769,9,45,50,2,5.580015995883484
5176,56,280,285,2,5.580015995883484
9165,155,775,780,2,5.580015995883484
4970,52,260,265,2,5.579433234958639
422,2,10,15,2,5.579433234949125
14279,393,1965,1970,2,5.579433234949125
1111,5,25,30,2,5.57885047402428
13507,316,1580,1585,2,5.57885047402428
419,2,10,15,2,5.578267477065293
7114,101,505,510,2,5.578267477055781
218,1,5,10,2,5.577684480096794
1109,5,25,30,2,5.577684480096794
2631,17,85,90,2,5.577684480096794
2809,19,95,100,2,5.577684480096794
6293,79,395,400,2,5.577684480096794
214,1,5,10,2,5.57710124716003
658,3,15,20,2,5.57710124716003
901,4,20,25,2,5.57710124716003
56,0,0,5,2,5.5771012471505195
899,4,20,25,2,5.5771012471505195
2248,13,65,70,2,5.5771012471505195
13528,317,1585,1590,2,5.5771012471505195
659,3,15,20,2,5.5765180142137565
1104,5,25,30,2,5.5765180142137565
2885,20,100,105,2,5.5765180142137565
6327,80,400,405,2,5.5765180142137565
11451,223,1115,1120,2,5.5765180142137565
412,2,10,15,2,5.575934545346408
415,2,10,15,2,5.575934545346408
893,4,20,25,2,5.575934545346408
653,3,15,20,2,5.575934545336899
1101,5,25,30,2,5.575934545336899
1304,6,30,35,2,5.575934545336899
1641,8,40,45,2,5.575351076474305
410,2,10,15,2,5.575351076469551
8190,130,650,655,2,5.575351076469551
9762,173,865,870,2,5.575351076469551
1099,5,25,30,2,5.574767371718808
5885,70,350,355,2,5.574767371718808
204,1,5,10,2,5.574183666958558
650,3,15,20,2,5.574183666958558
1098,5,25,30,2,5.574183666958558
1100,5,25,30,2,5.574183666958558
882,4,20,25,2,5.57359972636735
1096,5,25,30,2,5.57359972636735
1481,7,35,40,2,5.57359972636735
648,3,15,20,2,5.573015785790397
643,3,15,20,2,5.573015785785645
1296,6,30,35,2,5.573015785785645
1479,7,35,40,2,5.573015785785645
3805,32,160,165,2,5.573015785785645
8532,138,690,695,2,5.573015785785645
880,4,20,25,2,5.572431609420171
1478,7,35,40,2,5.572431609420171
637,3,15,20,2,5.5724316094106685
1293,6,30,35,2,5.5724316094106685
2630,17,85,90,2,5.5724316094106685
7113,101,505,510,2,5.571847433045194
877,4,20,25,2,5.571263020947072
1476,7,35,40,2,5.571263020947072
3728,31,155,160,2,5.571263020947072
3996,35,175,180,2,5.571263020947072
193,1,5,10,2,5.571263020937572
876,4,20,25,2,5.571263020937572
1631,8,40,45,2,5.571263020937572
3299,25,125,130,2,5.571263020937572
8063,127,635,640,2,5.570678608839451
50,0,0,5,2,5.569509313260173
8436,136,680,685,2,5.569509313260173
10018,180,900,905,2,5.569509313260173
190,1,5,10,2,5.568924429843573
13467,313,1565,1570,2,5.568924429843573
389,2,10,15,2,5.568924429834077
188,1,5,10,2,5.5683395464174765
2537,16,80,85,2,5.5683395464174765
2629,17,85,90,2,5.5683395464174765
9016,151,755,760,2,5.5683395464174765
12980,287,1435,1440,2,5.567754427413732
387,2,10,15,2,5.567754427404238
10934,206,1030,1035,2,5.567754427404238
185,1,5,10,2,5.567169308400494
1075,5,25,30,2,5.567169308400494
1628,8,40,45,2,5.567169308400494
2014,11,55,60,2,5.567169308400494
10092,182,910,915,2,5.567169308400494
863,4,20,25,2,5.56658395385255
2330,14,70,75,2,5.56658395385255
381,2,10,15,2,5.5659985993140975
1279,6,30,35,2,5.5659985993140975
14201,381,1905,1910,2,5.565413009289438
1759,9,45,50,2,5.565413009279947
13934,349,1745,1750,2,5.565413009279947
45,0,0,5,2,5.564827419255288
615,3,15,20,2,5.564827419255288
178,1,5,10,2,5.564241593794232
6824,93,465,470,2,5.564241593784744
11237,216,1080,1085,2,5.564241593784744
14233,385,1925,1930,2,5.564241593784744
13197,297,1485,1490,2,5.563655768328433
2536,16,80,85,2,5.563069707474741
1468,7,35,40,2,5.563069707465254
612,3,15,20,2,5.562483646616306
43,0,0,5,2,5.561897350422413
855,4,20,25,2,5.561897350422413
1467,7,35,40,2,5.561311054238004
12747,276,1380,1385,2,5.561311054238004
39,0,0,5,2,5.560724522764015
8218,131,655,660,2,5.560724522764015
361,2,10,15,2,5.5607245227545326
4584,45,225,230,2,5.5607245227545326
12611,269,1345,1350,2,5.5607245227545326
362,2,10,15,2,5.560137991280543
606,3,15,20,2,5.560137991280543
853,4,20,25,2,5.560137991280543
851,4,20,25,2,5.559551224568098
852,4,20,25,2,5.559551224558618
355,2,10,15,2,5.558964457846171
356,2,10,15,2,5.558964457846171
12266,254,1270,1275,2,5.558964457846171
598,3,15,20,2,5.558377455946392
12886,282,1410,1415,2,5.558377455946392
596,3,15,20,2,5.558377455936913
7731,118,590,595,2,5.558377455936913
349,2,10,15,2,5.557790454037134
1272,6,30,35,2,5.557790454037134
4521,44,220,225,2,5.557203216997212
593,3,15,20,2,5.557203216987736
841,4,20,25,2,5.557203216987736
10090,182,910,915,2,5.557203216987736
160,1,5,10,2,5.556028507810707
1269,6,30,35,2,5.556028507810707
26,0,0,5,2,5.555441035683074
1883,10,50,55,2,5.555441035683074
4795,49,245,250,2,5.555441035683074
6398,82,410,415,2,5.555441035683074
9048,152,760,765,2,5.555441035683074
583,3,15,20,2,5.554853328514923
343,2,10,15,2,5.554853328505451
1462,7,35,40,2,5.553677679182375
579,3,15,20,2,5.553677679172905
1623,8,40,45,2,5.553677679172905
8345,134,670,675,2,5.553677679172905
10388,191,955,960,2,5.553089737022715
581,3,15,20,2,5.553089737017981
1264,6,30,35,2,5.553089737017981
2805,19,95,100,2,5.553089737017981
1882,10,50,55,2,5.552501559918229
153,1,5,10,2,5.552501559908761
338,2,10,15,2,5.55191338280901
576,3,15,20,2,5.55191338280901
13076,291,1455,1460,2,5.55191338280901
151,1,5,10,2,5.551324970820797
1881,10,50,55,2,5.551324970820797
336,2,10,15,2,5.551324970811331
10866,204,1020,1025,2,5.551324970811331
20,0,0,5,2,5.55073655882312
2533,16,80,85,2,5.55073655882312
3663,30,150,155,2,5.55073655882312
6556,86,430,435,2,5.55073655882312
2127,12,60,65,2,5.55014791199495
10424,192,960,965,2,5.55014791199495
3052,22,110,115,2,5.549559265157315
7806,120,600,605,2,5.549559265157315
9783,174,870,875,2,5.549559265157315
6290,79,395,400,2,5.548381501918571
2126,12,60,65,2,5.54838150191384
2235,13,65,70,2,5.54838150191384
6887,95,475,480,2,5.54838150191384
12092,247,1235,1240,2,5.54838150191384
10831,203,1015,1020,2,5.547792385552567
12009,244,1220,1225,2,5.547792385552567
13053,290,1450,1455,2,5.547792385552567
17,0,0,5,2,5.547203269181834
328,2,10,15,2,5.547203269181834
327,2,10,15,2,5.54661391813266
1257,6,30,35,2,5.54661391813266
16,0,0,5,2,5.54602456707403
562,3,15,20,2,5.54602456707403
7003,98,490,495,2,5.54602456707403
143,1,5,10,2,5.54543498137207
4518,44,220,225,2,5.54543498137207
10157,184,920,925,2,5.54543498137207
558,3,15,20,2,5.544845395679565
4361,41,205,210,2,5.544845395679565
7002,98,490,495,2,5.544845395679565
7347,107,535,540,2,5.544845395679565
553,3,15,20,2,5.544255575398784
9297,159,795,800,2,5.544255575398784
554,3,15,20,2,5.543665755108549
2232,13,65,70,2,5.543665755108549
2801,19,95,100,2,5.543665755108549
3294,25,125,130,2,5.543665755108549
6397,82,410,415,2,5.543665755108549
811,4,20,25,2,5.542485645447503
812,4,20,25,2,5.542485645447503
10011,180,900,905,2,5.542485645447503
10929,206,1030,1035,2,5.542485645447503
1035,5,25,30,2,5.541895356133053
1248,6,30,35,2,5.541895356133053
2879,20,100,105,2,5.541895356133053
1033,5,25,30,2,5.541895356123603
2000,11,55,60,2,5.541895356123603
2617,17,85,90,2,5.541305066809153
5220,57,285,290,2,5.541305066809153
1246,6,30,35,2,5.540714543042485
1451,7,35,40,2,5.540714543042485
3796,32,160,165,2,5.540124019285264
3994,35,175,180,2,5.540124019285264
1448,7,35,40,2,5.539533261137706
10180,185,925,930,2,5.53953326112826
2318,14,70,75,2,5.538942502980702
2876,20,100,105,2,5.538942502980702
3593,29,145,150,2,5.538942502980702
793,4,20,25,2,5.538351510489997
794,4,20,25,2,5.538351510489997
1024,5,25,30,2,5.538351510489997
1025,5,25,30,2,5.5383515104805525
1996,11,55,60,2,5.537760517989848
1022,5,25,30,2,5.53716929120161
792,4,20,25,2,5.536578064427535
8098,128,640,645,2,5.536578064427535
140,1,5,10,2,5.536578064422814
317,2,10,15,2,5.536578064422814
544,3,15,20,2,5.536578064422814
791,4,20,25,2,5.536578064422814
1612,8,40,45,2,5.536578064422814
1746,9,45,50,2,5.536578064422814
4513,44,220,225,2,5.536578064422814
8862,147,735,740,2,5.536578064422814
9293,159,795,800,2,5.536578064422814
8140,129,645,650,2,5.535986603399184
541,3,15,20,2,5.535986603389745
1017,5,25,30,2,5.535395142366115
1018,5,25,30,2,5.535395142366115
1237,6,30,35,2,5.535395142366115
4113,37,185,190,2,5.535395142366115
1743,9,45,50,2,5.534803447152708
10246,187,935,940,2,5.53480344714327
1233,6,30,35,2,5.534211751929863
1234,6,30,35,2,5.534211751929863
1440,7,35,40,2,5.534211751929863
1441,7,35,40,2,5.534211751929863
1994,11,55,60,2,5.534211751929863
2113,12,60,65,2,5.534211751929863
2114,12,60,65,2,5.534211751929863
2224,13,65,70,2,5.534211751929863
2422,15,75,80,2,5.534211751929863
3872,33,165,170,2,5.534211751929863
7478,111,555,560,2,5.534211751929863
315,2,10,15,2,5.533619822564433
2702,18,90,95,2,5.533619822564433
1435,7,35,40,2,5.533027893208439
1436,7,35,40,2,5.533027893208439
1600,8,40,45,2,5.533027893208439
1739,9,45,50,2,5.533027893208439
1741,9,45,50,2,5.533027893208439
1742,9,45,50,2,5.533027893208439
2311,14,70,75,2,5.533027893208439
2419,15,75,80,2,5.533027893208439
2519,16,80,85,2,5.533027893208439
7543,113,565,570,2,5.532435729762292
2219,13,65,70,2,5.532435729752859
3372,26,130,135,2,5.532435729752859
1866,10,50,55,2,5.531843566311427
11858,238,1190,1195,2,5.531843566311427
11,0,0,5,2,5.531843566306711
136,1,5,10,2,5.531843566306711
538,3,15,20,2,5.531843566306711
1865,10,50,55,2,5.531843566306711
2109,12,60,65,2,5.531843566306711
2111,12,60,65,2,5.531843566306711
2418,15,75,80,2,5.531843566306711
2610,17,85,90,2,5.531843566306711
2698,18,90,95,2,5.531843566306711
2790,19,95,100,2,5.531843566306711
2792,19,95,100,2,5.531843566306711
3048,22,110,115,2,5.531843566306711
7696,117,585,590,2,5.531843566306711
2104,12,60,65,2,5.531251168820223
3521,28,140,145,2,5.531251168820223
7034,99,495,500,2,5.531251168820223
2217,13,65,70,2,5.530658771324304
2307,14,70,75,2,5.530658771324304
2415,15,75,80,2,5.530658771324304
2872,20,100,105,2,5.530658771324304
2873,20,100,105,2,5.530658771324304
2963,21,105,110,2,5.530658771324304
8894,148,740,745,2,5.530658771324304
779,4,20,25,2,5.52947350835822
1592,8,40,45,2,5.52947350835822
1986,11,55,60,2,5.52947350835822
2608,17,85,90,2,5.52947350835822
2785,19,95,100,2,5.52947350835822
3367,26,130,135,2,5.52947350835822
2691,18,90,95,2,5.528880642937866
1983,11,55,60,2,5.528287777512798
3515,28,140,145,2,5.528287777508084
6552,86,430,435,2,5.528287777508084
4050,36,180,185,2,5.527694678188712
13955,351,1755,1760,2,5.527101578883477
2952,21,105,110,2,5.527101578878765
3124,23,115,120,2,5.527101578878765
4237,39,195,200,2,5.527101578878765
9,0,0,5,2,5.526508245731659
131,1,5,10,2,5.526508245731659
4351,41,205,210,2,5.526508245731659
8095,128,640,645,2,5.526508245731659
4728,48,240,245,2,5.526508245722235
2301,14,70,75,2,5.525914912575129
3362,26,130,135,2,5.525914912575129
4963,52,260,265,2,5.525914912575129
3201,24,120,125,2,5.525321345632809
4172,38,190,195,2,5.525321345632809
776,4,20,25,2,5.5253213456233885
3715,31,155,160,2,5.5253213456233885
5534,63,315,320,2,5.5253213456233885
2407,15,75,80,2,5.52472777868578
2408,15,75,80,2,5.52472777868107
775,4,20,25,2,5.524133977998596
2501,16,80,85,2,5.524133977989177
2405,15,75,80,2,5.523540177306701
2498,16,80,85,2,5.523540177306701
3360,26,130,135,2,5.523540177306701
5879,70,350,355,2,5.523540177306701
6967,97,485,490,2,5.523540177306701
11531,226,1130,1135,2,5.523540177306701
3359,26,130,135,2,5.5229461429378155
3443,27,135,140,2,5.5229461429378155
3200,24,120,125,2,5.522946142928398
3713,31,155,160,2,5.522946142928398
774,4,20,25,2,5.522352108559512
2494,16,80,85,2,5.522352108559512
2495,16,80,85,2,5.522352108559512
2597,17,85,90,2,5.522352108559512
2781,19,95,100,2,5.522352108559512
6781,92,460,465,2,5.522352108559512
6926,96,480,485,2,5.522352108559512
8335,134,670,675,2,5.522352108559512
10607,197,985,990,2,5.522352108559512
10746,201,1005,1010,2,5.522352108559512
2949,21,105,110,2,5.521757840550095
4234,39,195,200,2,5.52116357253597
2594,17,85,90,2,5.521163572531263
2595,17,85,90,2,5.521163572531263
2684,18,90,95,2,5.521163572531263
2866,20,100,105,2,5.521163572531263
3358,26,130,135,2,5.521163572531263
4564,45,225,230,2,5.521163572531263
10299,189,945,950,2,5.521163572531263
5002,53,265,270,2,5.520569070931126
11290,218,1090,1095,2,5.520569070931126
6011,73,365,370,2,5.520569070921711
12031,245,1225,1230,2,5.520569070921711
4504,44,220,225,2,5.519974569326281
525,3,15,20,2,5.519974569321574
2777,19,95,100,2,5.519974569321574
3357,26,130,135,2,5.519974569321574
6816,93,465,470,2,5.519974569321574
7658,116,580,585,2,5.519974569321574
9558,167,835,840,2,5.519974569321574
5960,72,360,365,2,5.519379834183152
523,3,15,20,2,5.519379834173741
3195,24,120,125,2,5.519379834173741
3117,23,115,120,2,5.518785099040024
2774,19,95,100,2,5.518785099035318
2860,20,100,105,2,5.518785099035318
2861,20,100,105,2,5.518785099035318
2941,21,105,110,2,5.518785099035318
3031,22,110,115,2,5.518785099035318
3118,23,115,120,2,5.518785099035318
3442,27,135,140,2,5.518785099035318
5168,56,280,285,2,5.518785099035318
9154,155,775,780,2,5.518785099035318
9187,156,780,785,2,5.518785099035318
10744,201,1005,1010,2,5.518785099035318
14238,386,1930,1935,2,5.518190130411044
1726,9,45,50,2,5.518190130401635
3193,24,120,125,2,5.517595161782065
7343,107,535,540,2,5.517595161782065
2859,20,100,105,2,5.517595161777361
2937,21,105,110,2,5.517595161777361
3028,22,110,115,2,5.517595161777361
3115,23,115,120,2,5.517595161777361
8421,136,680,685,2,5.517595161777361
3352,26,130,135,2,5.516404757638922
2295,14,70,75,2,5.516404757634218
2485,16,80,85,2,5.516404757634218
2486,16,80,85,2,5.516404757634218
2678,18,90,95,2,5.516404757634218
3351,26,130,135,2,5.516404757634218
3507,28,140,145,2,5.516404757634218
5910,71,355,360,2,5.516404757634218
7970,125,625,630,2,5.515809322181124
2482,16,80,85,2,5.515809322171719
4901,51,255,260,2,5.515809322171719
5776,68,340,345,2,5.515809322171719
5822,69,345,350,2,5.515809322171719
6091,75,375,380,2,5.515809322171719
2590,17,85,90,2,5.515213886718625
3349,26,130,135,2,5.515213886718625
3505,28,140,145,2,5.515213886718625
3568,29,145,150,2,5.515213886718625
3708,31,155,160,2,5.515213886718625
7169,103,515,520,2,5.515213886718625
1579,8,40,45,2,5.514618217918401
3182,24,120,125,2,5.514618217918401
3428,27,135,140,2,5.514022549127581
4614,46,230,235,2,5.514022549127581
7258,105,525,530,2,5.514022549127581
8091,128,640,645,2,5.514022549127581
9818,175,875,880,2,5.514022549127581
13387,308,1540,1545,2,5.514022549127581
3342,26,130,135,2,5.51342664705147
6466,84,420,425,2,5.51342664705147
4394,42,210,215,2,5.513426647042069
5868,70,350,355,2,5.513426647042069
2398,15,75,80,2,5.5128307449659575
3267,25,125,130,2,5.5128307449659575
3561,29,145,150,2,5.5128307449659575
3857,33,165,170,2,5.5128307449659575
7295,106,530,535,2,5.5128307449659575
7471,111,555,560,2,5.5128307449659575
3855,33,165,170,2,5.512234609650434
6542,86,430,435,2,5.512234609650434
14284,394,1970,1975,2,5.512234609650434
4343,41,205,210,2,5.512234609641034
11190,215,1075,1080,2,5.512234609641034
14300,397,1985,1990,2,5.512234609641034
3341,26,130,135,2,5.511638474325511
3776,32,160,165,2,5.511638474325511
4163,38,190,195,2,5.511638474325511
4613,46,230,235,2,5.511638474325511
2931,21,105,110,2,5.5110421058256325
6088,75,375,380,2,5.5110421058256325
5820,69,345,350,2,5.511042105816234
7691,117,585,590,2,5.511042105816234
3423,27,135,140,2,5.510445737316355
6541,86,430,435,2,5.510445737316355
5269,58,290,295,2,5.5098491356793105
2585,17,85,90,2,5.509849135669915
3107,23,115,120,2,5.509849135669915
3913,34,170,175,2,5.509849135669915
5163,56,280,285,2,5.509849135669915
5954,72,360,365,2,5.509849135669915
3773,32,160,165,2,5.5092525340328695
3974,35,175,180,2,5.5092525340328695
6087,75,375,380,2,5.5092525340328695
11694,232,1160,1165,2,5.5092525340328695
521,3,15,20,2,5.5086556993124045
1974,11,55,60,2,5.5086556993124045
4554,45,225,230,2,5.5086556993124045
3699,31,155,160,2,5.508058864587242
5265,58,290,295,2,5.508058864582546
5481,62,310,315,2,5.508058864582546
5581,64,320,325,2,5.508058864582546
3909,34,170,175,2,5.506864729061835
6142,76,380,385,2,5.50686472905714
3968,35,175,180,2,5.506267428317959
5480,62,310,315,2,5.506267428317959
5723,67,335,340,2,5.506267428317959
6993,98,490,495,2,5.506267428317959
8594,140,700,705,2,5.506267428317959
5157,56,280,285,2,5.50626742830857
6189,77,385,390,2,5.50626742830857
5579,64,320,325,2,5.505670127569389
13447,312,1560,1565,2,5.505670127569389
4947,52,260,265,2,5.505072593892291
4996,53,265,270,2,5.505072593892291
3263,25,125,130,2,5.505072593882904
6084,75,375,380,2,5.505072593882904
7534,113,565,570,2,5.505072593882904
3966,35,175,180,2,5.504475060205806
4442,43,215,220,2,5.504475060205806
7059,100,500,505,2,5.504475060205806
10409,192,960,965,2,5.504475060205806
1222,6,30,35,2,5.50387729365109
4156,38,190,195,2,5.503877293641706
12694,274,1370,1375,2,5.503877293641706
7287,106,530,535,2,5.503279527091682
4154,38,190,195,2,5.5026815276952945
5207,57,285,290,2,5.50268152768591
6083,75,375,380,2,5.50268152768591
3552,29,145,150,2,5.502083528294214
4493,44,220,225,2,5.502083528294214
4831,50,250,255,2,5.502083528294214
5675,66,330,335,2,5.502083528294214
10492,194,970,975,2,5.502083528294214
4888,51,255,260,2,5.501485296121904
13244,300,1500,1505,2,5.501485296121904
124,1,5,10,2,5.500887063940212
4090,37,185,190,2,5.500887063940212
4275,40,200,205,2,5.500887063940212
5903,71,355,360,2,5.500887063940212
12853,281,1405,1410,2,5.500887063940212
3842,33,165,170,2,5.500288599037098
5206,57,285,290,2,5.500288599037098
3550,29,145,150,2,5.499690134124606
8852,147,735,740,2,5.499091436539192
4030,36,180,185,2,5.499091436529815
8708,143,715,720,2,5.499091436529815
9916,178,890,895,2,5.499091436529815
4,0,0,5,2,5.498492738944401
5623,65,325,330,2,5.498492738944401
8364,135,675,680,2,5.498492738944401
3904,34,170,175,2,5.497893808730431
4489,44,220,225,2,5.497893808721056
4605,46,230,235,2,5.497893808721056
6913,96,480,485,2,5.497893808721056
5899,71,355,360,2,5.497294878507086
1417,7,35,40,2,5.49669571571175
4994,53,265,270,2,5.496695715702376
8921,149,745,750,2,5.496695715702376
12182,251,1255,1260,2,5.496695715702376
4333,41,205,210,2,5.496096552907041
5569,64,320,325,2,5.496096552907041
6536,86,430,435,2,5.496096552907041
13865,344,1720,1725,2,5.496096552907041
4993,53,265,270,2,5.495497157585396
13065,291,1455,1460,2,5.495497157585396
10813,203,1015,1020,2,5.4954971575760245
1971,11,55,60,2,5.494897762254379
4331,41,205,210,2,5.494897762254379
5204,57,285,290,2,5.494897762254379
6276,79,395,400,2,5.494897762254379
6692,90,450,455,2,5.494897762254379
8884,148,740,745,2,5.494897762254379
5857,70,350,355,2,5.494298134453614
6731,91,455,460,2,5.494298134453614
7859,122,610,615,2,5.494298134453614
10368,191,955,960,2,5.494298134453614
5365,60,300,305,2,5.494298134444246
4434,43,215,220,2,5.493698506643481
8552,139,695,700,2,5.493698506643481
122,1,5,10,2,5.493098646405353
2766,19,95,100,2,5.493098646405353
10773,202,1010,1015,2,5.493098646405353
4329,41,205,210,2,5.492498786176592
4824,50,250,255,2,5.492498786176592
8120,129,645,650,2,5.492498786176592
8324,134,670,675,2,5.492498786176592
13939,350,1750,1755,2,5.492498786176592
6950,97,485,490,2,5.491898693564215
4432,43,215,220,2,5.491298600961203
4822,50,250,255,2,5.491298600961203
11915,240,1200,1205,2,5.491298600961203
13827,341,1705,1710,2,5.491298600961203
2,0,0,5,2,5.490097951091694
1574,8,40,45,2,5.490097951091694
8405,136,680,685,2,5.490097951091694
9451,164,820,825,2,5.490097951091694
13240,300,1500,1505,2,5.490097951091694
8237,132,660,665,2,5.489497393885683
13127,294,1470,1475,2,5.489497393885683
516,3,15,20,2,5.488896836670312
4659,47,235,240,2,5.488896836670312
7493,112,560,565,2,5.488896836670312
8037,127,635,640,2,5.488896836670312
7781,120,600,605,2,5.488296047240798
2089,12,60,65,2,5.487695257801925
4600,46,230,235,2,5.487695257801925
5853,70,350,355,2,5.487695257801925
7682,117,585,590,2,5.487695257801925
5758,68,340,345,2,5.48709423620003
8549,139,695,700,2,5.48709423620003
11100,212,1060,1065,2,5.48709423620003
2928,21,105,110,2,5.487094236190673
4025,36,180,185,2,5.487094236190673
8116,129,645,650,2,5.487094236190673
13458,313,1565,1570,2,5.487094236190673
1216,6,30,35,2,5.486493214588778
12303,256,1280,1285,2,5.486493214588778
13702,331,1655,1660,2,5.486493214588778
2088,11,55,60,1,2.845406299471376
3019,21,105,110,1,2.845406299471376
4657,46,230,235,1,2.845406299471376
4145,37,185,190,1,2.8454062994665237
4326,40,200,205,1,2.844846664756972
5850,69,345,350,1,2.844846664756972
6613,87,435,440,1,2.844846664756972
120,0,0,5,1,2.8448466647521213
2087,11,55,60,1,2.8448466647521213
7458,110,550,555,1,2.8448466647521213
3762,31,155,160,1,2.8442867893247628
6456,83,415,420,1,2.8442867893247628
6493,84,420,425,1,2.8442867893247628
2847,19,95,100,1,2.8442867893199124
7322,106,530,535,1,2.8442867893199124
1572,7,35,40,1,2.843726673219316
4270,39,195,200,1,2.843726673219316
4483,43,215,220,1,2.843726673219316
1718,8,40,45,1,2.843726673214467
5092,54,270,275,1,2.843726673214467
515,2,10,15,1,2.843166316491756
758,3,15,20,1,2.843166316491756
1410,6,30,35,1,2.843166316486908
2582,16,80,85,1,2.8409224842766596
1215,5,25,30,1,2.8409224842718155
1571,7,35,40,1,2.8403609251372126
3333,25,125,130,1,2.8403609251372126
514,2,10,15,1,2.840360925132369
4656,46,230,235,1,2.840360925132369
1717,8,40,45,1,2.8397991256535513
4024,35,175,180,1,2.8397991256535513
119,0,0,5,1,2.839799125648709
6074,74,370,375,1,2.839799125648709
1570,7,35,40,1,2.8392370858820426
1214,5,25,30,1,2.839237085877201
1409,6,30,35,1,2.836423284298162
118,0,0,5,1,2.8364232842933252
3688,30,150,155,1,2.835859803770909
2764,18,90,95,1,2.8358598037660734
3332,25,125,130,1,2.835296083286142
1716,8,40,45,1,2.8352960832813072
1845,9,45,50,1,2.8347321228871203
987,4,20,25,1,2.834732122882287
3331,25,125,130,1,2.8341679226262775
4544,44,220,225,1,2.8341679226214445
513,2,10,15,1,2.8336034825508034
1213,5,25,30,1,2.8336034825508034
4082,36,180,185,1,2.8336034825459713
757,3,15,20,1,2.8330388027052678
1408,6,30,35,1,2.829645691184698
3903,33,165,170,1,2.829645691179873
117,0,0,5,1,2.8273788275305383
116,0,0,5,1,2.8268115133992633
1212,5,25,30,1,2.8268115133992633
1407,6,30,35,1,2.8268115133992633
291,1,5,10,1,2.826811513394443
1715,8,40,45,1,2.826811513394443
290,1,5,10,1,2.8262439600711895
512,2,10,15,1,2.8262439600711895
756,3,15,20,1,2.8262439600711895
3101,22,110,115,1,2.8262439600711895
3102,22,110,115,1,2.8262439600711895
1406,6,30,35,1,2.8262439600663702
1969,10,50,55,1,2.8262439600663702
3954,34,170,175,1,2.8262439600663702
511,2,10,15,1,2.8256761675970186
1211,5,25,30,1,2.8256761675970186
1843,9,45,50,1,2.8256761675970186
1844,9,45,50,1,2.8256761675970186
2846,19,95,100,1,2.8256761675970186
3018,21,105,110,1,2.8256761675970186
3330,25,125,130,1,2.8256761675970186
115,0,0,5,1,2.8256761675922
755,3,15,20,1,2.8256761675922
986,4,20,25,1,2.8256761675922
1968,10,50,55,1,2.8256761675922
2086,11,55,60,1,2.8256761675922
3100,22,110,115,1,2.8256761675922
3902,33,165,170,1,2.8256761675922
288,1,5,10,1,2.8251081360252512
289,1,5,10,1,2.8251081360252512
754,3,15,20,1,2.8251081360252512
983,4,20,25,1,2.8251081360252512
1405,6,30,35,1,2.8251081360252512
1714,8,40,45,1,2.8251081360252512
1967,10,50,55,1,2.8251081360252512
2481,15,75,80,1,2.8251081360252512
2763,18,90,95,1,2.8251081360252512
113,0,0,5,1,2.8251081360204338
114,0,0,5,1,2.8251081360204338
982,4,20,25,1,2.8251081360204338
1209,5,25,30,1,2.8251081360204338
1210,5,25,30,1,2.8251081360204338
1569,7,35,40,1,2.8251081360204338
2676,17,85,90,1,2.8251081360204338
3017,21,105,110,1,2.8251081360204338
3415,26,130,135,1,2.8251081360204338
111,0,0,5,1,2.8245398654070106
752,3,15,20,1,2.8245398654070106
1205,5,25,30,1,2.8245398654070106
1206,5,25,30,1,2.8245398654070106
2085,11,55,60,1,2.8245398654070106
2194,12,60,65,1,2.8245398654070106
2581,16,80,85,1,2.8245398654070106
2762,18,90,95,1,2.8245398654070106
2927,20,100,105,1,2.8245398654070106
3016,21,105,110,1,2.8245398654070106
3259,24,120,125,1,2.8245398654070106
3414,26,130,135,1,2.8245398654070106
287,1,5,10,1,2.8245398654021945
753,3,15,20,1,2.8245398654021945
1208,5,25,30,1,2.8245398654021945
1404,6,30,35,1,2.8245398654021945
1713,8,40,45,1,2.8245398654021945
1842,9,45,50,1,2.8245398654021945
1966,10,50,55,1,2.8245398654021945
2393,14,70,75,1,2.8245398654021945
2394,14,70,75,1,2.8245398654021945
3099,22,110,115,1,2.8245398654021945
3260,24,120,125,1,2.8245398654021945
4430,42,210,215,1,2.8245398654021945
286,1,5,10,1,2.8239713557829336
750,3,15,20,1,2.8239713557829336
981,4,20,25,1,2.8239713557829336
1403,6,30,35,1,2.8239713557829336
1568,7,35,40,1,2.8239713557829336
2392,14,70,75,1,2.8239713557829336
2844,19,95,100,1,2.8239713557829336
3178,23,115,120,1,2.8239713557829336
3257,24,120,125,1,2.8239713557829336
3258,24,120,125,1,2.8239713557829336
3488,27,135,140,1,2.8239713557829336
4382,41,205,210,1,2.8239713557829336
4482,43,215,220,1,2.8239713557829336
5613,64,320,325,1,2.8239713557829336
509,2,10,15,1,2.8239713557781183
510,2,10,15,1,2.8239713557781183
751,3,15,20,1,2.8239713557781183
2084,11,55,60,1,2.8239713557781183
2287,13,65,70,1,2.8239713557781183
2288,13,65,70,1,2.8239713557781183
2845,19,95,100,1,2.8239713557781183
3015,21,105,110,1,2.8239713557781183
3177,23,115,120,1,2.8239713557781183
3953,34,170,175,1,2.8239713557781183
4383,41,205,210,1,2.8239713557781183
4655,46,230,235,1,2.8239713557781183
4708,47,235,240,1,2.8239713557781183
4817,49,245,250,1,2.8239713557781183
1401,6,30,35,1,2.8234026072093865
1567,7,35,40,1,2.8234026072093865
1711,8,40,45,1,2.8234026072093865
1712,8,40,45,1,2.8234026072093865
2286,13,65,70,1,2.8234026072093865
2925,20,100,105,1,2.8234026072093865
3687,30,150,155,1,2.8234026072093865
4211,38,190,195,1,2.8234026072093865
4212,38,190,195,1,2.8234026072093865
5360,59,295,300,1,2.8234026072093865
5416,60,300,305,1,2.8234026072093865
5896,70,350,355,1,2.8234026072093865
6126,75,375,380,1,2.8234026072093865
6270,78,390,395,1,2.8234026072093865
980,4,20,25,1,2.823402607204572
1402,6,30,35,1,2.823402607204572
1841,9,45,50,1,2.823402607204572
2580,16,80,85,1,2.823402607204572
2761,18,90,95,1,2.823402607204572
2843,19,95,100,1,2.823402607204572
2926,20,100,105,1,2.823402607204572
3761,31,155,160,1,2.823402607204572
4325,40,200,205,1,2.823402607204572
5359,59,295,300,1,2.823402607204572
5464,61,305,310,1,2.823402607204572
6073,74,370,375,1,2.823402607204572
6418,82,410,415,1,2.823402607204572
110,0,0,5,1,2.822833619728316
1709,8,40,45,1,2.822833619728316
1710,8,40,45,1,2.822833619728316
1840,9,45,50,1,2.822833619728316
2083,11,55,60,1,2.822833619728316
2391,14,70,75,1,2.822833619728316
3014,21,105,110,1,2.822833619728316
3548,28,140,145,1,2.822833619728316
3901,33,165,170,1,2.822833619728316
4022,35,175,180,1,2.822833619728316
4023,35,175,180,1,2.822833619728316
4481,43,215,220,1,2.822833619728316
5197,56,280,285,1,2.822833619728316
5358,59,295,300,1,2.822833619728316
6417,82,410,415,1,2.822833619728316
7824,120,600,605,1,2.822833619728316
109,0,0,5,1,2.8228336197235024
1204,5,25,30,1,2.8228336197235024
2193,12,60,65,1,2.8228336197235024
2390,14,70,75,1,2.8228336197235024
2674,17,85,90,1,2.8228336197235024
2675,17,85,90,1,2.8228336197235024
3256,24,120,125,1,2.8228336197235024
3686,30,150,155,1,2.8228336197235024
3759,31,155,160,1,2.8228336197235024
3760,31,155,160,1,2.8228336197235024
4381,41,205,210,1,2.8228336197235024
4764,48,240,245,1,2.8228336197235024
5757,67,335,340,1,2.8228336197235024
6125,75,375,380,1,2.8228336197235024
7714,117,585,590,1,2.8228336197235024
1203,5,25,30,1,2.8222643933934672
1839,9,45,50,1,2.8222643933934672
1965,10,50,55,1,2.8222643933934672
2579,16,80,85,1,2.8222643933934672
3098,22,110,115,1,2.8222643933934672
3685,30,150,155,1,2.8222643933934672
3837,32,160,165,1,2.8222643933934672
5463,61,305,310,1,2.8222643933934672
5668,65,325,330,1,2.8222643933934672
5990,72,360,365,1,2.8222643933934672
6269,78,390,395,1,2.8222643933934672
7321,106,530,535,1,2.8222643933934672
508,2,10,15,1,2.8222643933886546
1400,6,30,35,1,2.8222643933886546
2389,14,70,75,1,2.8222643933886546
2480,15,75,80,1,2.8222643933886546
2760,18,90,95,1,2.8222643933886546
2924,20,100,105,1,2.8222643933886546
3838,32,160,165,1,2.8222643933886546
4021,35,175,180,1,2.8222643933886546
4324,40,200,205,1,2.8222643933886546
4543,44,220,225,1,2.8222643933886546
4654,46,230,235,1,2.8222643933886546
5710,66,330,335,1,2.8222643933886546
6907,95,475,480,1,2.8222643933886546
2192,12,60,65,1,2.8216949282480983
2285,13,65,70,1,2.8216949282480983
2759,18,90,95,1,2.8216949282480983
3097,22,110,115,1,2.8216949282480983
3758,31,155,160,1,2.8216949282480983
4935,51,255,260,1,2.8216949282480983
5196,56,280,285,1,2.8216949282480983
5299,58,290,295,1,2.8216949282480983
5300,58,290,295,1,2.8216949282480983
6308,79,395,400,1,2.8216949282480983
7156,102,510,515,1,2.8216949282480983
747,3,15,20,1,2.8216949282432866
748,3,15,20,1,2.8216949282432866
1399,6,30,35,1,2.8216949282432866
1963,10,50,55,1,2.8216949282432866
3096,22,110,115,1,2.8216949282432866
3329,25,125,130,1,2.8216949282432866
3412,26,130,135,1,2.8216949282432866
4269,39,195,200,1,2.8216949282432866
4480,43,215,220,1,2.8216949282432866
4597,45,225,230,1,2.8216949282432866
6030,73,365,370,1,2.8216949282432866
6124,75,375,380,1,2.8216949282432866
507,2,10,15,1,2.8211252243420213
746,3,15,20,1,2.8211252243420213
1202,5,25,30,1,2.8211252243420213
1565,7,35,40,1,2.8211252243420213
1835,9,45,50,1,2.8211252243420213
1836,9,45,50,1,2.8211252243420213
1837,9,45,50,1,2.8211252243420213
2080,11,55,60,1,2.8211252243420213
2081,11,55,60,1,2.8211252243420213
2923,20,100,105,1,2.8211252243420213
3757,31,155,160,1,2.8211252243420213
3836,32,160,165,1,2.8211252243420213
4144,37,185,190,1,2.8211252243420213
4542,44,220,225,1,2.8211252243420213
5355,59,295,300,1,2.8211252243420213
5356,59,295,300,1,2.8211252243420213
5709,66,330,335,1,2.8211252243420213
7610,114,570,575,1,2.8211252243420213
7893,122,610,615,1,2.8211252243420213
978,4,20,25,1,2.8211252243372105
1397,6,30,35,1,2.8211252243372105
1564,7,35,40,1,2.8211252243372105
1961,10,50,55,1,2.8211252243372105
1962,10,50,55,1,2.8211252243372105
2578,16,80,85,1,2.8211252243372105
3175,23,115,120,1,2.8211252243372105
3255,24,120,125,1,2.8211252243372105
3629,29,145,150,1,2.8211252243372105
4323,40,200,205,1,2.8211252243372105
4380,41,205,210,1,2.8211252243372105
4707,47,235,240,1,2.8211252243372105
4816,49,245,250,1,2.8211252243372105
6642,88,440,445,1,2.8211252243372105
7427,109,545,550,1,2.8211252243372105
8807,145,725,730,1,2.8211252243372105
505,2,10,15,1,2.820555281725049
506,2,10,15,1,2.820555281725049
745,3,15,20,1,2.820555281725049
1708,8,40,45,1,2.820555281725049
2191,12,60,65,1,2.820555281725049
2387,14,70,75,1,2.820555281725049
2577,16,80,85,1,2.820555281725049
2758,18,90,95,1,2.820555281725049
3684,30,150,155,1,2.820555281725049
5462,61,305,310,1,2.820555281725049
5803,68,340,345,1,2.820555281725049
6029,73,365,370,1,2.820555281725049
6267,78,390,395,1,2.820555281725049
6455,83,415,420,1,2.820555281725049
7370,107,535,540,1,2.820555281725049
8034,126,630,635,1,2.820555281725049
8358,134,670,675,1,2.820555281725049
284,1,5,10,1,2.8205552817202393
1396,6,30,35,1,2.8205552817202393
1834,9,45,50,1,2.8205552817202393
2478,15,75,80,1,2.8205552817202393
2757,18,90,95,1,2.8205552817202393
2842,19,95,100,1,2.8205552817202393
3013,21,105,110,1,2.8205552817202393
3095,22,110,115,1,2.8205552817202393
4080,36,180,185,1,2.8205552817202393
5253,57,285,290,1,2.8205552817202393
5804,68,340,345,1,2.8205552817202393
6454,83,415,420,1,2.8205552817202393
6723,90,450,455,1,2.8205552817202393
7155,102,510,515,1,2.8205552817202393
9447,163,815,820,1,2.8205552817202393
744,3,15,20,1,2.819985100445682
976,4,20,25,1,2.819985100445682
977,4,20,25,1,2.819985100445682
1832,9,45,50,1,2.819985100445682
1833,9,45,50,1,2.819985100445682
2671,17,85,90,1,2.819985100445682
2841,19,95,100,1,2.819985100445682
2922,20,100,105,1,2.819985100445682
3756,31,155,160,1,2.819985100445682
3952,34,170,175,1,2.819985100445682
4020,35,175,180,1,2.819985100445682
4653,46,230,235,1,2.819985100445682
6721,90,450,455,1,2.819985100445682
6722,90,450,455,1,2.819985100445682
6834,93,465,470,1,2.819985100445682
6945,96,480,485,1,2.819985100445682
7609,114,570,575,1,2.819985100445682
7927,123,615,620,1,2.819985100445682
8198,130,650,655,1,2.819985100445682
1201,5,25,30,1,2.8199851004408734
2078,11,55,60,1,2.8199851004408734
2477,15,75,80,1,2.8199851004408734
2672,17,85,90,1,2.8199851004408734
3411,26,130,135,1,2.8199851004408734
3487,27,135,140,1,2.8199851004408734
3834,32,160,165,1,2.8199851004408734
3835,32,160,165,1,2.8199851004408734
5667,65,325,330,1,2.8199851004408734
5708,66,330,335,1,2.8199851004408734
6336,80,400,405,1,2.8199851004408734
6688,89,445,450,1,2.8199851004408734
7281,105,525,530,1,2.8199851004408734
7996,125,625,630,1,2.8199851004408734
8033,126,630,635,1,2.8199851004408734
1563,7,35,40,1,2.819414680545868
1707,8,40,45,1,2.819414680545868
1960,10,50,55,1,2.819414680545868
2385,14,70,75,1,2.819414680545868
2476,15,75,80,1,2.819414680545868
2921,20,100,105,1,2.819414680545868
3174,23,115,120,1,2.819414680545868
3628,29,145,150,1,2.819414680545868
5941,71,355,360,1,2.819414680545868
6687,89,445,450,1,2.819414680545868
6833,93,465,470,1,2.819414680545868
7154,102,510,515,1,2.819414680545868
7195,103,515,520,1,2.819414680545868
7608,114,570,575,1,2.819414680545868
8847,146,730,735,1,2.819414680545868
9032,151,755,760,1,2.819414680545868
10106,182,910,915,1,2.819414680545868
1395,6,30,35,1,2.8194146805410605
1831,9,45,50,1,2.8194146805410605
2284,13,65,70,1,2.8194146805410605
2670,17,85,90,1,2.8194146805410605
3094,22,110,115,1,2.8194146805410605
4209,38,190,195,1,2.8194146805410605
4321,40,200,205,1,2.8194146805410605
5989,72,360,365,1,2.8194146805410605
6222,77,385,390,1,2.8194146805410605
6266,78,390,395,1,2.8194146805410605
8738,143,715,720,1,2.8194146805410605
8879,147,735,740,1,2.8194146805410605
9314,159,795,800,1,2.8194146805410605
9315,159,795,800,1,2.8194146805410605
1959,10,50,55,1,2.818844022081974
2283,13,65,70,1,2.818844022081974
2756,18,90,95,1,2.818844022081974
4018,35,175,180,1,2.818844022081974
4019,35,175,180,1,2.818844022081974
4541,44,220,225,1,2.818844022081974
6864,94,470,475,1,2.818844022081974
8234,131,655,660,1,2.818844022081974
8846,146,730,735,1,2.818844022081974
8878,147,735,740,1,2.818844022081974
9585,167,835,840,1,2.818844022081974
9847,175,875,880,1,2.818844022081974
11404,221,1105,1110,1,2.818844022081974
743,3,15,20,1,2.818844022077167
1562,7,35,40,1,2.818844022077167
2475,15,75,80,1,2.818844022077167
4268,39,195,200,1,2.818844022077167
4320,40,200,205,1,2.818844022077167
4379,41,205,210,1,2.818844022077167
5707,66,330,335,1,2.818844022077167
7778,119,595,600,1,2.818844022077167
8701,142,710,715,1,2.818844022077167
9209,156,780,785,1,2.818844022077167
9801,174,870,875,1,2.818844022077167
10561,195,975,980,1,2.818844022077167
1394,6,30,35,1,2.8182731250985675
2840,19,95,100,1,2.8182731250985675
3173,23,115,120,1,2.8182731250985675
3410,26,130,135,1,2.8182731250985675
4479,43,215,220,1,2.8182731250985675
4878,50,250,255,1,2.8182731250985675
5091,54,270,275,1,2.8182731250985675
5414,60,300,305,1,2.8182731250985675
5415,60,300,305,1,2.8182731250985675
6612,87,435,440,1,2.8182731250985675
7521,112,560,565,1,2.8182731250985675
7748,118,590,595,1,2.8182731250985675
8806,145,725,730,1,2.8182731250985675
10132,183,915,920,1,2.8182731250985675
10979,207,1035,1040,1,2.8182731250985675
11179,214,1070,1075,1,2.8182731250985675
11719,232,1160,1165,1,2.8182731250985675
975,4,20,25,1,2.818273125093762
2473,15,75,80,1,2.818273125093762
2669,17,85,90,1,2.818273125093762
2920,20,100,105,1,2.818273125093762
3254,24,120,125,1,2.818273125093762
3755,31,155,160,1,2.818273125093762
4267,39,195,200,1,2.818273125093762
4540,44,220,225,1,2.818273125093762
4989,52,260,265,1,2.818273125093762
5802,68,340,345,1,2.818273125093762
6492,84,420,425,1,2.818273125093762
7995,125,625,630,1,2.818273125093762
9208,156,780,785,1,2.818273125093762
9410,162,810,815,1,2.818273125093762
9509,165,825,830,1,2.818273125093762
11277,217,1085,1090,1,2.818273125093762
282,1,5,10,1,2.8177019896428406
1199,5,25,30,1,2.8177019896428406
1829,9,45,50,1,2.8177019896428406
1830,9,45,50,1,2.8177019896428406
1958,10,50,55,1,2.8177019896428406
3253,24,120,125,1,2.8177019896428406
3409,26,130,135,1,2.8177019896428406
3900,33,165,170,1,2.8177019896428406
3951,34,170,175,1,2.8177019896428406
5666,65,325,330,1,2.8177019896428406
6072,74,370,375,1,2.8177019896428406
6306,79,395,400,1,2.8177019896428406
6375,81,405,410,1,2.8177019896428406
6491,84,420,425,1,2.8177019896428406
6572,86,430,435,1,2.8177019896428406
7153,102,510,515,1,2.8177019896428406
7777,119,595,600,1,2.8177019896428406
8396,135,675,680,1,2.8177019896428406
8770,144,720,725,1,2.8177019896428406
10065,181,905,910,1,2.8177019896428406
10225,186,930,935,1,2.8177019896428406
10402,191,955,960,1,2.8177019896428406
503,2,10,15,1,2.817701989638036
2282,13,65,70,1,2.817701989638036
4143,37,185,190,1,2.817701989638036
4265,39,195,200,1,2.817701989638036
4266,39,195,200,1,2.817701989638036
4429,42,210,215,1,2.817701989638036
5138,55,275,280,1,2.817701989638036
5195,56,280,285,1,2.817701989638036
5801,68,340,345,1,2.817701989638036
5895,70,350,355,1,2.817701989638036
6307,79,395,400,1,2.817701989638036
7053,99,495,500,1,2.817701989638036
7238,104,520,525,1,2.817701989638036
8397,135,675,680,1,2.817701989638036
8583,139,695,700,1,2.817701989638036
9031,151,755,760,1,2.817701989638036
9879,176,880,885,1,2.817701989638036
1560,7,35,40,1,2.8171306157659157
1827,9,45,50,1,2.8171306157659157
2384,14,70,75,1,2.8171306157659157
3172,23,115,120,1,2.8171306157659157
3754,31,155,160,1,2.8171306157659157
4142,37,185,190,1,2.8171306157659157
4815,49,245,250,1,2.8171306157659157
4876,50,250,255,1,2.8171306157659157
5252,57,285,290,1,2.8171306157659157
5354,59,295,300,1,2.8171306157659157
5988,72,360,365,1,2.8171306157659157
6028,73,365,370,1,2.8171306157659157
6123,75,375,380,1,2.8171306157659157
6489,84,420,425,1,2.8171306157659157
7237,104,520,525,1,2.8171306157659157
7395,108,540,545,1,2.8171306157659157
7747,118,590,595,1,2.8171306157659157
7823,120,600,605,1,2.8171306157659157
8491,137,685,690,1,2.8171306157659157
9409,162,810,815,1,2.8171306157659157
1198,5,25,30,1,2.817130615761112
1561,7,35,40,1,2.817130615761112
1828,9,45,50,1,2.817130615761112
2281,13,65,70,1,2.817130615761112
2839,19,95,100,1,2.817130615761112
2919,20,100,105,1,2.817130615761112
4596,45,225,230,1,2.817130615761112
4875,50,250,255,1,2.817130615761112
4877,50,250,255,1,2.817130615761112
5194,56,280,285,1,2.817130615761112
5611,64,320,325,1,2.817130615761112
5612,64,320,325,1,2.817130615761112
5665,65,325,330,1,2.817130615761112
5849,69,345,350,1,2.817130615761112
6490,84,420,425,1,2.817130615761112
6763,91,455,460,1,2.817130615761112
6798,92,460,465,1,2.817130615761112
7925,123,615,620,1,2.817130615761112
7926,123,615,620,1,2.817130615761112
8548,138,690,695,1,2.817130615761112
9242,157,785,790,1,2.817130615761112
280,1,5,10,1,2.816559003516294
501,2,10,15,1,2.816559003516294
972,4,20,25,1,2.816559003516294
1196,5,25,30,1,2.816559003516294
1393,6,30,35,1,2.816559003516294
1957,10,50,55,1,2.816559003516294
2077,11,55,60,1,2.816559003516294
2190,12,60,65,1,2.816559003516294
2383,14,70,75,1,2.816559003516294
4208,38,190,195,1,2.816559003516294
4428,42,210,215,1,2.816559003516294
4652,46,230,235,1,2.816559003516294
4934,51,255,260,1,2.816559003516294
4988,52,260,265,1,2.816559003516294
5251,57,285,290,1,2.816559003516294
5560,63,315,320,1,2.816559003516294
5609,64,320,325,1,2.816559003516294
5610,64,320,325,1,2.816559003516294
5800,68,340,345,1,2.816559003516294
6122,75,375,380,1,2.816559003516294
6335,80,400,405,1,2.816559003516294
6719,90,450,455,1,2.816559003516294
6720,90,450,455,1,2.816559003516294
7457,110,550,555,1,2.816559003516294
7491,111,555,560,1,2.816559003516294
7679,116,580,585,1,2.816559003516294
973,4,20,25,1,2.8165590035114914
1197,5,25,30,1,2.8165590035114914
1392,6,30,35,1,2.8165590035114914
1559,7,35,40,1,2.8165590035114914
3486,27,135,140,1,2.8165590035114914
3683,30,150,155,1,2.8165590035114914
3833,32,160,165,1,2.8165590035114914
4017,35,175,180,1,2.8165590035114914
4141,37,185,190,1,2.8165590035114914
4478,43,215,220,1,2.8165590035114914
4539,44,220,225,1,2.8165590035114914
4814,49,245,250,1,2.8165590035114914
5090,54,270,275,1,2.8165590035114914
5664,65,325,330,1,2.8165590035114914
5756,67,335,340,1,2.8165590035114914
6027,73,365,370,1,2.8165590035114914
6071,74,370,375,1,2.8165590035114914
6571,86,430,435,1,2.8165590035114914
6685,89,445,450,1,2.8165590035114914
6686,89,445,450,1,2.8165590035114914
7456,110,550,555,1,2.8165590035114914
7607,114,570,575,1,2.8165590035114914
7994,125,625,630,1,2.8165590035114914
279,1,5,10,1,2.8159871529385443
1194,5,25,30,1,2.8159871529385443
1706,8,40,45,1,2.8159871529385443
2382,14,70,75,1,2.8159871529385443
3011,21,105,110,1,2.8159871529385443
3012,21,105,110,1,2.8159871529385443
3171,23,115,120,1,2.8159871529385443
3327,25,125,130,1,2.8159871529385443
3408,26,130,135,1,2.8159871529385443
4016,35,175,180,1,2.8159871529385443
4140,37,185,190,1,2.8159871529385443
4706,47,235,240,1,2.8159871529385443
4874,50,250,255,1,2.8159871529385443
4987,52,260,265,1,2.8159871529385443
5352,59,295,300,1,2.8159871529385443
5353,59,295,300,1,2.8159871529385443
5413,60,300,305,1,2.8159871529385443
5510,62,310,315,1,2.8159871529385443
5559,63,315,320,1,2.8159871529385443
6170,76,380,385,1,2.8159871529385443
6374,81,405,410,1,2.8159871529385443
6453,83,415,420,1,2.8159871529385443
6570,86,430,435,1,2.8159871529385443
6797,92,460,465,1,2.8159871529385443
7194,103,515,520,1,2.8159871529385443
7455,110,550,555,1,2.8159871529385443
7713,117,585,590,1,2.8159871529385443
105,0,0,5,1,2.8159871529337424
1195,5,25,30,1,2.8159871529337424
1391,6,30,35,1,2.8159871529337424
2076,11,55,60,1,2.8159871529337424
2576,16,80,85,1,2.8159871529337424
2838,19,95,100,1,2.8159871529337424
3326,25,125,130,1,2.8159871529337424
3950,34,170,175,1,2.8159871529337424
4207,38,190,195,1,2.8159871529337424
4427,42,210,215,1,2.8159871529337424
4538,44,220,225,1,2.8159871529337424
4763,48,240,245,1,2.8159871529337424
4813,49,245,250,1,2.8159871529337424
5089,54,270,275,1,2.8159871529337424
5137,55,275,280,1,2.8159871529337424
5298,58,290,295,1,2.8159871529337424
5558,63,315,320,1,2.8159871529337424
5940,71,355,360,1,2.8159871529337424
6169,76,380,385,1,2.8159871529337424
6416,82,410,415,1,2.8159871529337424
6488,84,420,425,1,2.8159871529337424
6530,85,425,430,1,2.8159871529337424
7520,112,560,565,1,2.8159871529337424
7776,119,595,600,1,2.8159871529337424
500,2,10,15,1,2.8154150640824795
971,4,20,25,1,2.8154150640824795
2918,20,100,105,1,2.8154150640824795
3091,22,110,115,1,2.8154150640824795
3170,23,115,120,1,2.8154150640824795
3325,25,125,130,1,2.8154150640824795
3949,34,170,175,1,2.8154150640824795
4014,35,175,180,1,2.8154150640824795
4138,37,185,190,1,2.8154150640824795
4206,38,190,195,1,2.8154150640824795
4426,42,210,215,1,2.8154150640824795
4536,44,220,225,1,2.8154150640824795
4537,44,220,225,1,2.8154150640824795
5088,54,270,275,1,2.8154150640824795
5663,65,325,330,1,2.8154150640824795
5753,67,335,340,1,2.8154150640824795
5755,67,335,340,1,2.8154150640824795
5799,68,340,345,1,2.8154150640824795
6069,74,370,375,1,2.8154150640824795
6070,74,370,375,1,2.8154150640824795
6265,78,390,395,1,2.8154150640824795
6529,85,425,430,1,2.8154150640824795
8115,128,640,645,1,2.8154150640824795
8197,130,650,655,1,2.8154150640824795
8357,134,670,675,1,2.8154150640824795
104,0,0,5,1,2.8154150640776785
1705,8,40,45,1,2.8154150640776785
2472,15,75,80,1,2.8154150640776785
2668,17,85,90,1,2.8154150640776785
3092,22,110,115,1,2.8154150640776785
3093,22,110,115,1,2.8154150640776785
3169,23,115,120,1,2.8154150640776785
3626,29,145,150,1,2.8154150640776785
3832,32,160,165,1,2.8154150640776785
3948,34,170,175,1,2.8154150640776785
4139,37,185,190,1,2.8154150640776785
4812,49,245,250,1,2.8154150640776785
4873,50,250,255,1,2.8154150640776785
4933,51,255,260,1,2.8154150640776785
5030,53,265,270,1,2.8154150640776785
5250,57,285,290,1,2.8154150640776785
5754,67,335,340,1,2.8154150640776785
5939,71,355,360,1,2.8154150640776785
6487,84,420,425,1,2.8154150640776785
6611,87,435,440,1,2.8154150640776785
6762,91,455,460,1,2.8154150640776785
6863,94,470,475,1,2.8154150640776785
7647,115,575,580,1,2.8154150640776785
9479,164,820,825,1,2.8154150640776785
497,2,10,15,1,2.8148427370005336
498,2,10,15,1,2.8148427370005336
1390,6,30,35,1,2.8148427370005336
1704,8,40,45,1,2.8148427370005336
1952,10,50,55,1,2.8148427370005336
2075,11,55,60,1,2.8148427370005336
2381,14,70,75,1,2.8148427370005336
2667,17,85,90,1,2.8148427370005336
3252,24,120,125,1,2.8148427370005336
3831,32,160,165,1,2.8148427370005336
4013,35,175,180,1,2.8148427370005336
4078,36,180,185,1,2.8148427370005336
4205,38,190,195,1,2.8148427370005336
4651,46,230,235,1,2.8148427370005336
4705,47,235,240,1,2.8148427370005336
4872,50,250,255,1,2.8148427370005336
4986,52,260,265,1,2.8148427370005336
5297,58,290,295,1,2.8148427370005336
5412,60,300,305,1,2.8148427370005336
5509,62,310,315,1,2.8148427370005336
5608,64,320,325,1,2.8148427370005336
5752,67,335,340,1,2.8148427370005336
5938,71,355,360,1,2.8148427370005336
6486,84,420,425,1,2.8148427370005336
6760,91,455,460,1,2.8148427370005336
6761,91,455,460,1,2.8148427370005336
7124,101,505,510,1,2.8148427370005336
7490,111,555,560,1,2.8148427370005336
7892,122,610,615,1,2.8148427370005336
277,1,5,10,1,2.8148427369957334
499,2,10,15,1,2.8148427369957334
742,3,15,20,1,2.8148427369957334
1953,10,50,55,1,2.8148427369957334
1954,10,50,55,1,2.8148427369957334
1955,10,50,55,1,2.8148427369957334
2188,12,60,65,1,2.8148427369957334
2189,12,60,65,1,2.8148427369957334
2380,14,70,75,1,2.8148427369957334
2471,15,75,80,1,2.8148427369957334
2917,20,100,105,1,2.8148427369957334
3010,21,105,110,1,2.8148427369957334
3753,31,155,160,1,2.8148427369957334
4079,36,180,185,1,2.8148427369957334
4595,45,225,230,1,2.8148427369957334
4650,46,230,235,1,2.8148427369957334
4762,48,240,245,1,2.8148427369957334
4871,50,250,255,1,2.8148427369957334
5193,56,280,285,1,2.8148427369957334
5249,57,285,290,1,2.8148427369957334
5557,63,315,320,1,2.8148427369957334
6168,76,380,385,1,2.8148427369957334
6305,79,395,400,1,2.8148427369957334
6568,86,430,435,1,2.8148427369957334
6569,86,430,435,1,2.8148427369957334
6684,89,445,450,1,2.8148427369957334
6796,92,460,465,1,2.8148427369957334
7152,102,510,515,1,2.8148427369957334
9241,157,785,790,1,2.8148427369957334
103,0,0,5,1,2.8142701717346528
496,2,10,15,1,2.8142701717346528
968,4,20,25,1,2.8142701717346528
1193,5,25,30,1,2.8142701717346528
1388,6,30,35,1,2.8142701717346528
1389,6,30,35,1,2.8142701717346528
1703,8,40,45,1,2.8142701717346528
2074,11,55,60,1,2.8142701717346528
2755,18,90,95,1,2.8142701717346528
3007,21,105,110,1,2.8142701717346528
3485,27,135,140,1,2.8142701717346528
3752,31,155,160,1,2.8142701717346528
4012,35,175,180,1,2.8142701717346528
4137,37,185,190,1,2.8142701717346528
4378,41,205,210,1,2.8142701717346528
4424,42,210,215,1,2.8142701717346528
4476,43,215,220,1,2.8142701717346528
4985,52,260,265,1,2.8142701717346528
5296,58,290,295,1,2.8142701717346528
5411,60,300,305,1,2.8142701717346528
5607,64,320,325,1,2.8142701717346528
5846,69,345,350,1,2.8142701717346528
5847,69,345,350,1,2.8142701717346528
6683,89,445,450,1,2.8142701717346528
7082,100,500,505,1,2.8142701717346528
7193,103,515,520,1,2.8142701717346528
7369,107,535,540,1,2.8142701717346528
7891,122,610,615,1,2.8142701717346528
9103,153,765,770,1,2.8142701717346528
740,3,15,20,1,2.814270171729854
969,4,20,25,1,2.814270171729854
970,4,20,25,1,2.814270171729854
1701,8,40,45,1,2.814270171729854
1702,8,40,45,1,2.814270171729854
1825,9,45,50,1,2.814270171729854
1826,9,45,50,1,2.814270171729854
2280,13,65,70,1,2.814270171729854
2470,15,75,80,1,2.814270171729854
3008,21,105,110,1,2.814270171729854
3090,22,110,115,1,2.814270171729854
3251,24,120,125,1,2.814270171729854
3407,26,130,135,1,2.814270171729854
3899,33,165,170,1,2.814270171729854
4425,42,210,215,1,2.814270171729854
4931,51,255,260,1,2.814270171729854
4932,51,255,260,1,2.814270171729854
5351,59,295,300,1,2.814270171729854
6167,76,380,385,1,2.814270171729854
6832,93,465,470,1,2.814270171729854
6906,95,475,480,1,2.814270171729854
7192,103,515,520,1,2.814270171729854
7320,106,530,535,1,2.814270171729854
7394,108,540,545,1,2.814270171729854
7775,119,595,600,1,2.814270171729854
8356,134,670,675,1,2.814270171729854
102,0,0,5,1,2.8136973683385826
494,2,10,15,1,2.8136973683385826
1386,6,30,35,1,2.8136973683385826
1387,6,30,35,1,2.8136973683385826
1824,9,45,50,1,2.8136973683385826
2836,19,95,100,1,2.8136973683385826
2837,19,95,100,1,2.8136973683385826
2916,20,100,105,1,2.8136973683385826
3006,21,105,110,1,2.8136973683385826
3324,25,125,130,1,2.8136973683385826
4422,42,210,215,1,2.8136973683385826
4423,42,210,215,1,2.8136973683385826
4760,48,240,245,1,2.8136973683385826
4761,48,240,245,1,2.8136973683385826
4984,52,260,265,1,2.8136973683385826
5029,53,265,270,1,2.8136973683385826
5410,60,300,305,1,2.8136973683385826
5508,62,310,315,1,2.8136973683385826
5705,66,330,335,1,2.8136973683385826
6640,88,440,445,1,2.8136973683385826
6905,95,475,480,1,2.8136973683385826
7280,105,525,530,1,2.8136973683385826
7454,110,550,555,1,2.8136973683385826
7774,119,595,600,1,2.8136973683385826
8663,141,705,710,1,2.8136973683385826
495,2,10,15,1,2.8136973683337847
1558,7,35,40,1,2.8136973683337847
1699,8,40,45,1,2.8136973683337847
1700,8,40,45,1,2.8136973683337847
2071,11,55,60,1,2.8136973683337847
2072,11,55,60,1,2.8136973683337847
2073,11,55,60,1,2.8136973683337847
2574,16,80,85,1,2.8136973683337847
2915,20,100,105,1,2.8136973683337847
3168,23,115,120,1,2.8136973683337847
3682,30,150,155,1,2.8136973683337847
4204,38,190,195,1,2.8136973683337847
5408,60,300,305,1,2.8136973683337847
5409,60,300,305,1,2.8136973683337847
5706,66,330,335,1,2.8136973683337847
5987,72,360,365,1,2.8136973683337847
6452,83,415,420,1,2.8136973683337847
6528,85,425,430,1,2.8136973683337847
6567,86,430,435,1,2.8136973683337847
6641,88,440,445,1,2.8136973683337847
7453,110,550,555,1,2.8136973683337847
7646,115,575,580,1,2.8136973683337847
9313,159,795,800,1,2.8136973683337847
493,2,10,15,1,2.813124326859514
1384,6,30,35,1,2.813124326859514
1385,6,30,35,1,2.813124326859514
1951,10,50,55,1,2.813124326859514
2469,15,75,80,1,2.813124326859514
3089,22,110,115,1,2.813124326859514
3484,27,135,140,1,2.813124326859514
3751,31,155,160,1,2.813124326859514
4203,38,190,195,1,2.813124326859514
4473,43,215,220,1,2.813124326859514
4474,43,215,220,1,2.813124326859514
4759,48,240,245,1,2.813124326859514
4870,50,250,255,1,2.813124326859514
5248,57,285,290,1,2.813124326859514
5606,64,320,325,1,2.813124326859514
5704,66,330,335,1,2.813124326859514
6068,74,370,375,1,2.813124326859514
6121,75,375,380,1,2.813124326859514
6682,89,445,450,1,2.813124326859514
7489,111,555,560,1,2.813124326859514
7519,112,560,565,1,2.813124326859514
7678,116,580,585,1,2.813124326859514
7855,121,605,610,1,2.813124326859514
7958,124,620,625,1,2.813124326859514
274,1,5,10,1,2.8131243268547172
275,1,5,10,1,2.8131243268547172
491,2,10,15,1,2.8131243268547172
492,2,10,15,1,2.8131243268547172
967,4,20,25,1,2.8131243268547172
1557,7,35,40,1,2.8131243268547172
1823,9,45,50,1,2.8131243268547172
2187,12,60,65,1,2.8131243268547172
2279,13,65,70,1,2.8131243268547172
3323,25,125,130,1,2.8131243268547172
3681,30,150,155,1,2.8131243268547172
3750,31,155,160,1,2.8131243268547172
4011,35,175,180,1,2.8131243268547172
4475,43,215,220,1,2.8131243268547172
4648,46,230,235,1,2.8131243268547172
4649,46,230,235,1,2.8131243268547172
4704,47,235,240,1,2.8131243268547172
5192,56,280,285,1,2.8131243268547172
6026,73,365,370,1,2.8131243268547172
6904,95,475,480,1,2.8131243268547172
6984,97,485,490,1,2.8131243268547172
7052,99,495,500,1,2.8131243268547172
7773,119,595,600,1,2.8131243268547172
8114,128,640,645,1,2.8131243268547172
8233,131,655,660,1,2.8131243268547172
101,0,0,5,1,2.8125510473446367
488,2,10,15,1,2.8125510473446367
489,2,10,15,1,2.8125510473446367
1190,5,25,30,1,2.8125510473446367
1383,6,30,35,1,2.8125510473446367
1555,7,35,40,1,2.8125510473446367
1822,9,45,50,1,2.8125510473446367
2379,14,70,75,1,2.8125510473446367
2573,16,80,85,1,2.8125510473446367
2665,17,85,90,1,2.8125510473446367
2666,17,85,90,1,2.8125510473446367
4472,43,215,220,1,2.8125510473446367
4703,47,235,240,1,2.8125510473446367
5028,53,265,270,1,2.8125510473446367
5247,57,285,290,1,2.8125510473446367
5407,60,300,305,1,2.8125510473446367
5798,68,340,345,1,2.8125510473446367
6119,75,375,380,1,2.8125510473446367
6451,83,415,420,1,2.8125510473446367
6485,84,420,425,1,2.8125510473446367
6759,91,455,460,1,2.8125510473446367
6862,94,470,475,1,2.8125510473446367
7017,98,490,495,1,2.8125510473446367
7569,113,565,570,1,2.8125510473446367
7772,119,595,600,1,2.8125510473446367
273,1,5,10,1,2.8125510473398405
964,4,20,25,1,2.8125510473398405
966,4,20,25,1,2.8125510473398405
1556,7,35,40,1,2.8125510473398405
1949,10,50,55,1,2.8125510473398405
1950,10,50,55,1,2.8125510473398405
2186,12,60,65,1,2.8125510473398405
2468,15,75,80,1,2.8125510473398405
3167,23,115,120,1,2.8125510473398405
3250,24,120,125,1,2.8125510473398405
4202,38,190,195,1,2.8125510473398405
4811,49,245,250,1,2.8125510473398405
5087,54,270,275,1,2.8125510473398405
5246,57,285,290,1,2.8125510473398405
6120,75,375,380,1,2.8125510473398405
6166,76,380,385,1,2.8125510473398405
6527,85,425,430,1,2.8125510473398405
6718,90,450,455,1,2.8125510473398405
7924,123,615,620,1,2.8125510473398405
8158,129,645,650,1,2.8125510473398405
8159,129,645,650,1,2.8125510473398405
271,1,5,10,1,2.811977529841142
1552,7,35,40,1,2.811977529841142
1553,7,35,40,1,2.811977529841142
1554,7,35,40,1,2.811977529841142
1696,8,40,45,1,2.811977529841142
1697,8,40,45,1,2.811977529841142
1821,9,45,50,1,2.811977529841142
2070,11,55,60,1,2.811977529841142
2185,12,60,65,1,2.811977529841142
2754,18,90,95,1,2.811977529841142
2914,20,100,105,1,2.811977529841142
3322,25,125,130,1,2.811977529841142
3406,26,130,135,1,2.811977529841142
4983,52,260,265,1,2.811977529841142
5136,55,275,280,1,2.811977529841142
5507,62,310,315,1,2.811977529841142
5605,64,320,325,1,2.811977529841142
5937,71,355,360,1,2.811977529841142
6118,75,375,380,1,2.811977529841142
6681,89,445,450,1,2.811977529841142
6717,90,450,455,1,2.811977529841142
6861,94,470,475,1,2.811977529841142
7016,98,490,495,1,2.811977529841142
7319,106,530,535,1,2.811977529841142
8395,135,675,680,1,2.811977529841142
8582,139,695,700,1,2.811977529841142
98,0,0,5,1,2.8119775298363465
99,0,0,5,1,2.8119775298363465
737,3,15,20,1,2.8119775298363465
738,3,15,20,1,2.8119775298363465
963,4,20,25,1,2.8119775298363465
2069,11,55,60,1,2.8119775298363465
2278,13,65,70,1,2.8119775298363465
2572,16,80,85,1,2.8119775298363465
2664,17,85,90,1,2.8119775298363465
2753,18,90,95,1,2.8119775298363465
3004,21,105,110,1,2.8119775298363465
3005,21,105,110,1,2.8119775298363465
3830,32,160,165,1,2.8119775298363465
4471,43,215,220,1,2.8119775298363465
4535,44,220,225,1,2.8119775298363465
4594,45,225,230,1,2.8119775298363465
5406,60,300,305,1,2.8119775298363465
5845,69,345,350,1,2.8119775298363465
6117,75,375,380,1,2.8119775298363465
6484,84,420,425,1,2.8119775298363465
7015,98,490,495,1,2.8119775298363465
7051,99,495,500,1,2.8119775298363465
7236,104,520,525,1,2.8119775298363465
7488,111,555,560,1,2.8119775298363465
7890,122,610,615,1,2.8119775298363465
97,0,0,5,1,2.811403774402774
270,1,5,10,1,2.811403774402774
1189,5,25,30,1,2.811403774402774
1695,8,40,45,1,2.811403774402774
1948,10,50,55,1,2.811403774402774
2184,12,60,65,1,2.811403774402774
2376,14,70,75,1,2.811403774402774
2751,18,90,95,1,2.811403774402774
2752,18,90,95,1,2.811403774402774
3003,21,105,110,1,2.811403774402774
3249,24,120,125,1,2.811403774402774
3547,28,140,145,1,2.811403774402774
3947,34,170,175,1,2.811403774402774
4757,48,240,245,1,2.811403774402774
4758,48,240,245,1,2.811403774402774
5245,57,285,290,1,2.811403774402774
6116,75,375,380,1,2.811403774402774
6264,78,390,395,1,2.811403774402774
6526,85,425,430,1,2.811403774402774
6610,87,435,440,1,2.811403774402774
6860,94,470,475,1,2.811403774402774
6982,97,485,490,1,2.811403774402774
7123,101,505,510,1,2.811403774402774
7191,103,515,520,1,2.811403774402774
7993,125,625,630,1,2.811403774402774
8113,128,640,645,1,2.811403774402774
9030,151,755,760,1,2.811403774402774
9274,158,790,795,1,2.811403774402774
9653,169,845,850,1,2.811403774402774
486,2,10,15,1,2.81140377439798
736,3,15,20,1,2.81140377439798
2068,11,55,60,1,2.81140377439798
2183,12,60,65,1,2.81140377439798
2377,14,70,75,1,2.81140377439798
3247,24,120,125,1,2.81140377439798
3248,24,120,125,1,2.81140377439798
3321,25,125,130,1,2.81140377439798
3749,31,155,160,1,2.81140377439798
4376,41,205,210,1,2.81140377439798
4377,41,205,210,1,2.81140377439798
4534,44,220,225,1,2.81140377439798
5135,55,275,280,1,2.81140377439798
5405,60,300,305,1,2.81140377439798
5506,62,310,315,1,2.81140377439798
6221,77,385,390,1,2.81140377439798
6983,97,485,490,1,2.81140377439798
7013,98,490,495,1,2.81140377439798
7014,98,490,495,1,2.81140377439798
7712,117,585,590,1,2.81140377439798
7746,118,590,595,1,2.81140377439798
7889,122,610,615,1,2.81140377439798
8449,136,680,685,1,2.81140377439798
9408,162,810,815,1,2.81140377439798
2467,15,75,80,1,2.8108297810727914
2571,16,80,85,1,2.8108297810727914
2750,18,90,95,1,2.8108297810727914
3087,22,110,115,1,2.8108297810727914
3165,23,115,120,1,2.8108297810727914
3483,27,135,140,1,2.8108297810727914
3625,29,145,150,1,2.8108297810727914
3829,32,160,165,1,2.8108297810727914
3946,34,170,175,1,2.8108297810727914
4010,35,175,180,1,2.8108297810727914
4470,43,215,220,1,2.8108297810727914
4702,47,235,240,1,2.8108297810727914
5190,56,280,285,1,2.8108297810727914
5461,61,305,310,1,2.8108297810727914
5703,66,330,335,1,2.8108297810727914
6025,73,365,370,1,2.8108297810727914
6758,91,455,460,1,2.8108297810727914
7012,98,490,495,1,2.8108297810727914
7279,105,525,530,1,2.8108297810727914
7318,106,530,535,1,2.8108297810727914
7676,116,580,585,1,2.8108297810727914
7677,116,580,585,1,2.8108297810727914
7854,121,605,610,1,2.8108297810727914
7992,125,625,630,1,2.8108297810727914
8031,126,630,635,1,2.8108297810727914
9846,175,875,880,1,2.8108297810727914
9954,178,890,895,1,2.8108297810727914
11041,209,1045,1050,1,2.8108297810727914
269,1,5,10,1,2.8108297810679983
1382,6,30,35,1,2.8108297810679983
2067,11,55,60,1,2.8108297810679983
2277,13,65,70,1,2.8108297810679983
2834,19,95,100,1,2.8108297810679983
3624,29,145,150,1,2.8108297810679983
3748,31,155,160,1,2.8108297810679983
4009,35,175,180,1,2.8108297810679983
4264,39,195,200,1,2.8108297810679983
4421,42,210,215,1,2.8108297810679983
5191,56,280,285,1,2.8108297810679983
5751,67,335,340,1,2.8108297810679983
6067,74,370,375,1,2.8108297810679983
6715,90,450,455,1,2.8108297810679983
6716,90,450,455,1,2.8108297810679983
7235,104,520,525,1,2.8108297810679983
7452,110,550,555,1,2.8108297810679983
8030,126,630,635,1,2.8108297810679983
8032,126,630,635,1,2.8108297810679983
8394,135,675,680,1,2.8108297810679983
9065,152,760,765,1,2.8108297810679983
9207,156,780,785,1,2.8108297810679983
9446,163,815,820,1,2.8108297810679983
95,0,0,5,1,2.8102555499010062
1379,6,30,35,1,2.8102555499010062
1380,6,30,35,1,2.8102555499010062
1381,6,30,35,1,2.8102555499010062
1820,9,45,50,1,2.8102555499010062
2570,16,80,85,1,2.8102555499010062
3086,22,110,115,1,2.8102555499010062
3405,26,130,135,1,2.8102555499010062
3622,29,145,150,1,2.8102555499010062
3623,29,145,150,1,2.8102555499010062
3747,31,155,160,1,2.8102555499010062
4930,51,255,260,1,2.8102555499010062
4981,52,260,265,1,2.8102555499010062
5026,53,265,270,1,2.8102555499010062
5027,53,265,270,1,2.8102555499010062
5189,56,280,285,1,2.8102555499010062
5662,65,325,330,1,2.8102555499010062
5986,72,360,365,1,2.8102555499010062
6609,87,435,440,1,2.8102555499010062
7122,101,505,510,1,2.8102555499010062
7190,103,515,520,1,2.8102555499010062
7821,120,600,605,1,2.8102555499010062
8111,128,640,645,1,2.8102555499010062
8112,128,640,645,1,2.8102555499010062
8630,140,700,705,1,2.8102555499010062
9177,155,775,780,1,2.8102555499010062
9508,165,825,830,1,2.8102555499010062
9770,173,865,870,1,2.8102555499010062
11718,232,1160,1165,1,2.8102555499010062
96,0,0,5,1,2.810255549896214
1551,7,35,40,1,2.810255549896214
1694,8,40,45,1,2.810255549896214
2466,15,75,80,1,2.810255549896214
2569,16,80,85,1,2.810255549896214
2913,20,100,105,1,2.810255549896214
3164,23,115,120,1,2.810255549896214
3680,30,150,155,1,2.810255549896214
3828,32,160,165,1,2.810255549896214
4076,36,180,185,1,2.810255549896214
4263,39,195,200,1,2.810255549896214
4982,52,260,265,1,2.810255549896214
6525,85,425,430,1,2.810255549896214
6680,89,445,450,1,2.810255549896214
7425,109,545,550,1,2.810255549896214
8393,135,675,680,1,2.810255549896214
8877,147,735,740,1,2.810255549896214
9029,151,755,760,1,2.810255549896214
9351,160,800,805,1,2.810255549896214
9551,166,830,835,1,2.810255549896214
10224,186,930,935,1,2.810255549896214
93,0,0,5,1,2.809681080938541
94,0,0,5,1,2.809681080938541
268,1,5,10,1,2.809681080938541
1947,10,50,55,1,2.809681080938541
2465,15,75,80,1,2.809681080938541
2833,19,95,100,1,2.809681080938541
3746,31,155,160,1,2.809681080938541
3945,34,170,175,1,2.809681080938541
4134,37,185,190,1,2.809681080938541
4201,38,190,195,1,2.809681080938541
4420,42,210,215,1,2.809681080938541
4469,43,215,220,1,2.809681080938541
4644,46,230,235,1,2.809681080938541
4645,46,230,235,1,2.809681080938541
4646,46,230,235,1,2.809681080938541
5086,54,270,275,1,2.809681080938541
5350,59,295,300,1,2.809681080938541
5460,61,305,310,1,2.809681080938541
6066,74,370,375,1,2.809681080938541
7011,98,490,495,1,2.809681080938541
7232,104,520,525,1,2.809681080938541
7233,104,520,525,1,2.809681080938541
7234,104,520,525,1,2.809681080938541
7991,125,625,630,1,2.809681080938541
8157,129,645,650,1,2.809681080938541
8278,132,660,665,1,2.809681080938541
8448,136,680,685,1,2.809681080938541
8490,137,685,690,1,2.809681080938541
8946,149,745,750,1,2.809681080938541
10197,185,925,930,1,2.809681080938541
12108,247,1235,1240,1,2.809681080938541
92,0,0,5,1,2.8096810809337502
483,2,10,15,1,2.8096810809337502
962,4,20,25,1,2.8096810809337502
1378,6,30,35,1,2.8096810809337502
1693,8,40,45,1,2.8096810809337502
3163,23,115,120,1,2.8096810809337502
3621,29,145,150,1,2.8096810809337502
4261,39,195,200,1,2.8096810809337502
4375,41,205,210,1,2.8096810809337502
4869,50,250,255,1,2.8096810809337502
5025,53,265,270,1,2.8096810809337502
5295,58,290,295,1,2.8096810809337502
5556,63,315,320,1,2.8096810809337502
5603,64,320,325,1,2.8096810809337502
5604,64,320,325,1,2.8096810809337502
6165,76,380,385,1,2.8096810809337502
6220,77,385,390,1,2.8096810809337502
6415,82,410,415,1,2.8096810809337502
6714,90,450,455,1,2.8096810809337502
7277,105,525,530,1,2.8096810809337502
7278,105,525,530,1,2.8096810809337502
7568,113,565,570,1,2.8096810809337502
9507,165,825,830,1,2.8096810809337502
10448,192,960,965,1,2.8096810809337502
11217,215,1075,1080,1,2.8096810809337502
91,0,0,5,1,2.809106374231277
481,2,10,15,1,2.809106374231277
734,3,15,20,1,2.809106374231277
961,4,20,25,1,2.809106374231277
1187,5,25,30,1,2.809106374231277
1376,6,30,35,1,2.809106374231277
1377,6,30,35,1,2.809106374231277
2182,12,60,65,1,2.809106374231277
2663,17,85,90,1,2.809106374231277
2749,18,90,95,1,2.809106374231277
3545,28,140,145,1,2.809106374231277
3620,29,145,150,1,2.809106374231277
3827,32,160,165,1,2.809106374231277
4073,36,180,185,1,2.809106374231277
4075,36,180,185,1,2.809106374231277
4319,40,200,205,1,2.809106374231277
4929,51,255,260,1,2.809106374231277
4980,52,260,265,1,2.809106374231277
5024,53,265,270,1,2.809106374231277
5459,61,305,310,1,2.809106374231277
5505,62,310,315,1,2.809106374231277
5984,72,360,365,1,2.809106374231277
5985,72,360,365,1,2.809106374231277
6304,79,395,400,1,2.809106374231277
6413,82,410,415,1,2.809106374231277
6414,82,410,415,1,2.809106374231277
6608,87,435,440,1,2.809106374231277
7888,122,610,615,1,2.809106374231277
8110,128,640,645,1,2.809106374231277
8355,134,670,675,1,2.809106374231277
8447,136,680,685,1,2.809106374231277
9064,152,760,765,1,2.809106374231277
9176,155,775,780,1,2.809106374231277
9550,166,830,835,1,2.809106374231277
10523,194,970,975,1,2.809106374231277
12275,254,1270,1275,1,2.809106374231277
12792,278,1390,1395,1,2.809106374231277
266,1,5,10,1,2.8091063742264866
267,1,5,10,1,2.8091063742264866
733,3,15,20,1,2.8091063742264866
960,4,20,25,1,2.8091063742264866
1548,7,35,40,1,2.8091063742264866
1549,7,35,40,1,2.8091063742264866
1692,8,40,45,1,2.8091063742264866
1818,9,45,50,1,2.8091063742264866
2374,14,70,75,1,2.8091063742264866
3001,21,105,110,1,2.8091063742264866
3085,22,110,115,1,2.8091063742264866
3320,25,125,130,1,2.8091063742264866
3619,29,145,150,1,2.8091063742264866
4007,35,175,180,1,2.8091063742264866
4008,35,175,180,1,2.8091063742264866
4074,36,180,185,1,2.8091063742264866
4318,40,200,205,1,2.8091063742264866
4468,43,215,220,1,2.8091063742264866
4756,48,240,245,1,2.8091063742264866
6263,78,390,395,1,2.8091063742264866
6450,83,415,420,1,2.8091063742264866
6679,89,445,450,1,2.8091063742264866
6981,97,485,490,1,2.8091063742264866
7231,104,520,525,1,2.8091063742264866
7567,113,565,570,1,2.8091063742264866
7606,114,570,575,1,2.8091063742264866
7957,124,620,625,1,2.8091063742264866
7990,125,625,630,1,2.8091063742264866
8156,129,645,650,1,2.8091063742264866
8913,148,740,745,1,2.8091063742264866
9878,176,880,885,1,2.8091063742264866
10401,191,955,960,1,2.8091063742264866
10736,200,1000,1005,1,2.8091063742264866
12439,261,1305,1310,1,2.8091063742264866
89,0,0,5,1,2.808531429830336
90,0,0,5,1,2.808531429830336
477,2,10,15,1,2.808531429830336
478,2,10,15,1,2.808531429830336
480,2,10,15,1,2.808531429830336
732,3,15,20,1,2.808531429830336
1546,7,35,40,1,2.808531429830336
2179,12,60,65,1,2.808531429830336
2181,12,60,65,1,2.808531429830336
2462,15,75,80,1,2.808531429830336
2463,15,75,80,1,2.808531429830336
2568,16,80,85,1,2.808531429830336
2831,19,95,100,1,2.808531429830336
2832,19,95,100,1,2.808531429830336
2912,20,100,105,1,2.808531429830336
3082,22,110,115,1,2.808531429830336
3083,22,110,115,1,2.808531429830336
3084,22,110,115,1,2.808531429830336
3162,23,115,120,1,2.808531429830336
3618,29,145,150,1,2.808531429830336
4317,40,200,205,1,2.808531429830336
4374,41,205,210,1,2.808531429830336
4419,42,210,215,1,2.808531429830336
5601,64,320,325,1,2.808531429830336
5602,64,320,325,1,2.808531429830336
5796,68,340,345,1,2.808531429830336
6024,73,365,370,1,2.808531429830336
6065,74,370,375,1,2.808531429830336
6164,76,380,385,1,2.808531429830336
6302,79,395,400,1,2.808531429830336
6303,79,395,400,1,2.808531429830336
6411,82,410,415,1,2.808531429830336
6524,85,425,430,1,2.808531429830336
6902,95,475,480,1,2.808531429830336
7081,100,500,505,1,2.808531429830336
7956,124,620,625,1,2.808531429830336
9063,152,760,765,1,2.808531429830336
9175,155,775,780,1,2.808531429830336
9621,168,840,845,1,2.808531429830336
10447,192,960,965,1,2.808531429830336
10624,197,985,990,1,2.808531429830336
11040,209,1045,1050,1,2.808531429830336
11178,214,1070,1075,1,2.808531429830336
11717,232,1160,1165,1,2.808531429830336
13159,295,1475,1480,1,2.808531429830336
264,1,5,10,1,2.8085314298255466
265,1,5,10,1,2.8085314298255466
479,2,10,15,1,2.8085314298255466
730,3,15,20,1,2.8085314298255466
959,4,20,25,1,2.8085314298255466
1374,6,30,35,1,2.8085314298255466
2373,14,70,75,1,2.8085314298255466
2567,16,80,85,1,2.8085314298255466
2662,17,85,90,1,2.8085314298255466
2748,18,90,95,1,2.8085314298255466
2910,20,100,105,1,2.8085314298255466
2911,20,100,105,1,2.8085314298255466
3000,21,105,110,1,2.8085314298255466
3246,24,120,125,1,2.8085314298255466
3404,26,130,135,1,2.8085314298255466
3481,27,135,140,1,2.8085314298255466
3482,27,135,140,1,2.8085314298255466
3826,32,160,165,1,2.8085314298255466
4199,38,190,195,1,2.8085314298255466
4701,47,235,240,1,2.8085314298255466
5293,58,290,295,1,2.8085314298255466
5294,58,290,295,1,2.8085314298255466
5349,59,295,300,1,2.8085314298255466
5661,65,325,330,1,2.8085314298255466
6023,73,365,370,1,2.8085314298255466
6412,82,410,415,1,2.8085314298255466
6757,91,455,460,1,2.8085314298255466
7230,104,520,525,1,2.8085314298255466
7566,113,565,570,1,2.8085314298255466
7853,121,605,610,1,2.8085314298255466
7887,122,610,615,1,2.8085314298255466
8195,130,650,655,1,2.8085314298255466
8196,130,650,655,1,2.8085314298255466
8319,133,665,670,1,2.8085314298255466
9549,166,830,835,1,2.8085314298255466
11276,217,1085,1090,1,2.8085314298255466
11524,225,1125,1130,1,2.8085314298255466
12233,252,1260,1265,1,2.8085314298255466
12234,252,1260,1265,1,2.8085314298255466
261,1,5,10,1,2.807956247780287
263,1,5,10,1,2.807956247780287
476,2,10,15,1,2.807956247780287
729,3,15,20,1,2.807956247780287
1373,6,30,35,1,2.807956247780287
1816,9,45,50,1,2.807956247780287
1817,9,45,50,1,2.807956247780287
1946,10,50,55,1,2.807956247780287
2747,18,90,95,1,2.807956247780287
2908,20,100,105,1,2.807956247780287
3081,22,110,115,1,2.807956247780287
3161,23,115,120,1,2.807956247780287
3242,24,120,125,1,2.807956247780287
3243,24,120,125,1,2.807956247780287
3245,24,120,125,1,2.807956247780287
3319,25,125,130,1,2.807956247780287
3677,30,150,155,1,2.807956247780287
3825,32,160,165,1,2.807956247780287
3898,33,165,170,1,2.807956247780287
4006,35,175,180,1,2.807956247780287
4070,36,180,185,1,2.807956247780287
4071,36,180,185,1,2.807956247780287
4072,36,180,185,1,2.807956247780287
4198,38,190,195,1,2.807956247780287
4373,41,205,210,1,2.807956247780287
4418,42,210,215,1,2.807956247780287
4810,49,245,250,1,2.807956247780287
4868,50,250,255,1,2.807956247780287
5085,54,270,275,1,2.807956247780287
5457,61,305,310,1,2.807956247780287
5750,67,335,340,1,2.807956247780287
5794,68,340,345,1,2.807956247780287
6219,77,385,390,1,2.807956247780287
6334,80,400,405,1,2.807956247780287
6410,82,410,415,1,2.807956247780287
6483,84,420,425,1,2.807956247780287
6901,95,475,480,1,2.807956247780287
7049,99,495,500,1,2.807956247780287
7317,106,530,535,1,2.807956247780287
7645,115,575,580,1,2.807956247780287
7711,117,585,590,1,2.807956247780287
7820,120,600,605,1,2.807956247780287
8155,129,645,650,1,2.807956247780287
8629,140,700,705,1,2.807956247780287
9584,167,835,840,1,2.807956247780287
10223,186,930,935,1,2.807956247780287
10521,194,970,975,1,2.807956247780287
10522,194,970,975,1,2.807956247780287
11403,221,1105,1110,1,2.807956247780287
11651,230,1150,1155,1,2.807956247780287
11878,238,1190,1195,1,2.807956247780287
12899,282,1410,1415,1,2.807956247780287
262,1,5,10,1,2.8079562477754987
475,2,10,15,1,2.8079562477754987
958,4,20,25,1,2.8079562477754987
1185,5,25,30,1,2.8079562477754987
1186,5,25,30,1,2.8079562477754987
2276,13,65,70,1,2.8079562477754987
2661,17,85,90,1,2.8079562477754987
2746,18,90,95,1,2.8079562477754987
2907,20,100,105,1,2.8079562477754987
3244,24,120,125,1,2.8079562477754987
3402,26,130,135,1,2.8079562477754987
3617,29,145,150,1,2.8079562477754987
3678,30,150,155,1,2.8079562477754987
3744,31,155,160,1,2.8079562477754987
3745,31,155,160,1,2.8079562477754987
3944,34,170,175,1,2.8079562477754987
4132,37,185,190,1,2.8079562477754987
4133,37,185,190,1,2.8079562477754987
4260,39,195,200,1,2.8079562477754987
4416,42,210,215,1,2.8079562477754987
4417,42,210,215,1,2.8079562477754987
4467,43,215,220,1,2.8079562477754987
4643,46,230,235,1,2.8079562477754987
4700,47,235,240,1,2.8079562477754987
5458,61,305,310,1,2.8079562477754987
5795,68,340,345,1,2.8079562477754987
6114,75,375,380,1,2.8079562477754987
6115,75,375,380,1,2.8079562477754987
6449,83,415,420,1,2.8079562477754987
6566,86,430,435,1,2.8079562477754987
7276,105,525,530,1,2.8079562477754987
7368,107,535,540,1,2.8079562477754987
8277,132,660,665,1,2.8079562477754987
8392,135,675,680,1,2.8079562477754987
8546,138,690,695,1,2.8079562477754987
8547,138,690,695,1,2.8079562477754987
8700,142,710,715,1,2.8079562477754987
9312,159,795,800,1,2.8079562477754987
10105,182,910,915,1,2.8079562477754987
10196,185,925,930,1,2.8079562477754987
10520,194,970,975,1,2.8079562477754987
10594,196,980,985,1,2.8079562477754987
11792,235,1175,1180,1,2.8079562477754987
12232,252,1260,1265,1,2.8079562477754987
1183,5,25,30,1,2.8073808281335646
1544,7,35,40,1,2.8073808281335646
1691,8,40,45,1,2.8073808281335646
1945,10,50,55,1,2.8073808281335646
2660,17,85,90,1,2.8073808281335646
3078,22,110,115,1,2.8073808281335646
3079,22,110,115,1,2.8073808281335646
3080,22,110,115,1,2.8073808281335646
3159,23,115,120,1,2.8073808281335646
3160,23,115,120,1,2.8073808281335646
3240,24,120,125,1,2.8073808281335646
3241,24,120,125,1,2.8073808281335646
3544,28,140,145,1,2.8073808281335646
3676,30,150,155,1,2.8073808281335646
3897,33,165,170,1,2.8073808281335646
4005,35,175,180,1,2.8073808281335646
4069,36,180,185,1,2.8073808281335646
4259,39,195,200,1,2.8073808281335646
4372,41,205,210,1,2.8073808281335646
4641,46,230,235,1,2.8073808281335646
4754,48,240,245,1,2.8073808281335646
4979,52,260,265,1,2.8073808281335646
5187,56,280,285,1,2.8073808281335646
5292,58,290,295,1,2.8073808281335646
5844,69,345,350,1,2.8073808281335646
6113,75,375,380,1,2.8073808281335646
6218,77,385,390,1,2.8073808281335646
6333,80,400,405,1,2.8073808281335646
6371,81,405,410,1,2.8073808281335646
6678,89,445,450,1,2.8073808281335646
7518,112,560,565,1,2.8073808281335646
7564,113,565,570,1,2.8073808281335646
7565,113,565,570,1,2.8073808281335646
7675,116,580,585,1,2.8073808281335646
7710,117,585,590,1,2.8073808281335646
7745,118,590,595,1,2.8073808281335646
8109,128,640,645,1,2.8073808281335646
8489,137,685,690,1,2.8073808281335646
9102,153,765,770,1,2.8073808281335646
9205,156,780,785,1,2.8073808281335646
9445,163,815,820,1,2.8073808281335646
10483,193,965,970,1,2.8073808281335646
10519,194,970,975,1,2.8073808281335646
10911,205,1025,1030,1,2.8073808281335646
11847,237,1185,1190,1,2.8073808281335646
12543,266,1330,1335,1,2.8073808281335646
13337,305,1525,1530,1,2.8073808281335646
13778,336,1680,1685,1,2.8073808281335646
87,0,0,5,1,2.8073808281287773
474,2,10,15,1,2.8073808281287773
956,4,20,25,1,2.8073808281287773
1184,5,25,30,1,2.8073808281287773
1545,7,35,40,1,2.8073808281287773
1815,9,45,50,1,2.8073808281287773
2371,14,70,75,1,2.8073808281287773
2461,15,75,80,1,2.8073808281287773
2566,16,80,85,1,2.8073808281287773
3239,24,120,125,1,2.8073808281287773
3318,25,125,130,1,2.8073808281287773
3616,29,145,150,1,2.8073808281287773
3741,31,155,160,1,2.8073808281287773
3742,31,155,160,1,2.8073808281287773
3743,31,155,160,1,2.8073808281287773
3824,32,160,165,1,2.8073808281287773
4258,39,195,200,1,2.8073808281287773
4316,40,200,205,1,2.8073808281287773
4415,42,210,215,1,2.8073808281287773
4533,44,220,225,1,2.8073808281287773
4699,47,235,240,1,2.8073808281287773
4755,48,240,245,1,2.8073808281287773
5023,53,265,270,1,2.8073808281287773
5084,54,270,275,1,2.8073808281287773
5188,56,280,285,1,2.8073808281287773
5348,59,295,300,1,2.8073808281287773
5404,60,300,305,1,2.8073808281287773
5893,70,350,355,1,2.8073808281287773
6565,86,430,435,1,2.8073808281287773
6639,88,440,445,1,2.8073808281287773
7121,101,505,510,1,2.8073808281287773
7151,102,510,515,1,2.8073808281287773
7229,104,520,525,1,2.8073808281287773
7744,118,590,595,1,2.8073808281287773
8154,129,645,650,1,2.8073808281287773
8232,131,655,660,1,2.8073808281287773
8446,136,680,685,1,2.8073808281287773
8769,144,720,725,1,2.8073808281287773
9204,156,780,785,1,2.8073808281287773
9311,159,795,800,1,2.8073808281287773
9548,166,830,835,1,2.8073808281287773
9800,174,870,875,1,2.8073808281287773
9912,177,885,890,1,2.8073808281287773
10559,195,975,980,1,2.8073808281287773
10560,195,975,980,1,2.8073808281287773
12150,249,1245,1250,1,2.8073808281287773
12647,271,1355,1360,1,2.8073808281287773
85,0,0,5,1,2.8068051709399797
86,0,0,5,1,2.8068051709399797
728,3,15,20,1,2.8068051709399797
955,4,20,25,1,2.8068051709399797
2178,12,60,65,1,2.8068051709399797
2460,15,75,80,1,2.8068051709399797
2565,16,80,85,1,2.8068051709399797
2745,18,90,95,1,2.8068051709399797
2827,19,95,100,1,2.8068051709399797
2998,21,105,110,1,2.8068051709399797
3076,22,110,115,1,2.8068051709399797
3479,27,135,140,1,2.8068051709399797
3740,31,155,160,1,2.8068051709399797
3896,33,165,170,1,2.8068051709399797
4067,36,180,185,1,2.8068051709399797
4196,38,190,195,1,2.8068051709399797
4256,39,195,200,1,2.8068051709399797
4313,40,200,205,1,2.8068051709399797
4314,40,200,205,1,2.8068051709399797
4593,45,225,230,1,2.8068051709399797
4640,46,230,235,1,2.8068051709399797
4698,47,235,240,1,2.8068051709399797
5599,64,320,325,1,2.8068051709399797
6217,77,385,390,1,2.8068051709399797
6523,85,425,430,1,2.8068051709399797
6564,86,430,435,1,2.8068051709399797
6607,87,435,440,1,2.8068051709399797
6795,92,460,465,1,2.8068051709399797
7228,104,520,525,1,2.8068051709399797
7367,107,535,540,1,2.8068051709399797
8075,127,635,640,1,2.8068051709399797
8153,129,645,650,1,2.8068051709399797
8488,137,685,690,1,2.8068051709399797
8699,142,710,715,1,2.8068051709399797
8737,143,715,720,1,2.8068051709399797
8767,144,720,725,1,2.8068051709399797
9173,155,775,780,1,2.8068051709399797
9174,155,775,780,1,2.8068051709399797
9547,166,830,835,1,2.8068051709399797
9652,169,845,850,1,2.8068051709399797
9992,179,895,900,1,2.8068051709399797
10558,195,975,980,1,2.8068051709399797
10623,197,985,990,1,2.8068051709399797
11039,209,1045,1050,1,2.8068051709399797
11633,229,1145,1150,1,2.8068051709399797
13237,299,1495,1500,1,2.8068051709399797
13336,305,1525,1530,1,2.8068051709399797
13535,317,1585,1590,1,2.8068051709399797
473,2,10,15,1,2.8068051709351938
727,3,15,20,1,2.8068051709351938
2065,11,55,60,1,2.8068051709351938
2066,11,55,60,1,2.8068051709351938
2275,13,65,70,1,2.8068051709351938
2459,15,75,80,1,2.8068051709351938
2828,19,95,100,1,2.8068051709351938
2829,19,95,100,1,2.8068051709351938
3238,24,120,125,1,2.8068051709351938
3317,25,125,130,1,2.8068051709351938
3480,27,135,140,1,2.8068051709351938
3615,29,145,150,1,2.8068051709351938
3823,32,160,165,1,2.8068051709351938
3895,33,165,170,1,2.8068051709351938
4197,38,190,195,1,2.8068051709351938
4257,39,195,200,1,2.8068051709351938
4466,43,215,220,1,2.8068051709351938
4532,44,220,225,1,2.8068051709351938
4867,50,250,255,1,2.8068051709351938
4978,52,260,265,1,2.8068051709351938
5456,61,305,310,1,2.8068051709351938
5600,64,320,325,1,2.8068051709351938
6944,96,480,485,1,2.8068051709351938
7451,110,550,555,1,2.8068051709351938
7954,124,620,625,1,2.8068051709351938
7955,124,620,625,1,2.8068051709351938
8074,127,635,640,1,2.8068051709351938
8275,132,660,665,1,2.8068051709351938
8276,132,660,665,1,2.8068051709351938
8391,135,675,680,1,2.8068051709351938
8768,144,720,725,1,2.8068051709351938
9028,151,755,760,1,2.8068051709351938
9478,164,820,825,1,2.8068051709351938
9506,165,825,830,1,2.8068051709351938
9546,166,830,835,1,2.8068051709351938
9620,168,840,845,1,2.8068051709351938
9769,173,865,870,1,2.8068051709351938
10400,191,955,960,1,2.8068051709351938
10879,204,1020,1025,1,2.8068051709351938
10910,205,1025,1030,1,2.8068051709351938
11216,215,1075,1080,1,2.8068051709351938
13158,295,1475,1480,1,2.8068051709351938
13901,346,1730,1735,1,2.8068051709351938
260,1,5,10,1,2.8062292762414818
1181,5,25,30,1,2.8062292762414818
1182,5,25,30,1,2.8062292762414818
1542,7,35,40,1,2.8062292762414818
1690,8,40,45,1,2.8062292762414818
1944,10,50,55,1,2.8062292762414818
2564,16,80,85,1,2.8062292762414818
2744,18,90,95,1,2.8062292762414818
2826,19,95,100,1,2.8062292762414818
3237,24,120,125,1,2.8062292762414818
3476,27,135,140,1,2.8062292762414818
3542,28,140,145,1,2.8062292762414818
3543,28,140,145,1,2.8062292762414818
3739,31,155,160,1,2.8062292762414818
3821,32,160,165,1,2.8062292762414818
4066,36,180,185,1,2.8062292762414818
4131,37,185,190,1,2.8062292762414818
4195,38,190,195,1,2.8062292762414818
4312,40,200,205,1,2.8062292762414818
4465,43,215,220,1,2.8062292762414818
4530,44,220,225,1,2.8062292762414818
4531,44,220,225,1,2.8062292762414818
4753,48,240,245,1,2.8062292762414818
4807,49,245,250,1,2.8062292762414818
5186,56,280,285,1,2.8062292762414818
5403,60,300,305,1,2.8062292762414818
5455,61,305,310,1,2.8062292762414818
6448,83,415,420,1,2.8062292762414818
7188,103,515,520,1,2.8062292762414818
7189,103,515,520,1,2.8062292762414818
7366,107,535,540,1,2.8062292762414818
7644,115,575,580,1,2.8062292762414818
7886,122,610,615,1,2.8062292762414818
8152,129,645,650,1,2.8062292762414818
8912,148,740,745,1,2.8062292762414818
8983,150,750,755,1,2.8062292762414818
9407,162,810,815,1,2.8062292762414818
9476,164,820,825,1,2.8062292762414818
9678,170,850,855,1,2.8062292762414818
9799,174,870,875,1,2.8062292762414818
9911,177,885,890,1,2.8062292762414818
10165,184,920,925,1,2.8062292762414818
10367,190,950,955,1,2.8062292762414818
10769,201,1005,1010,1,2.8062292762414818
10770,201,1005,1010,1,2.8062292762414818
10811,202,1010,1015,1,2.8062292762414818
10944,206,1030,1035,1,2.8062292762414818
12075,246,1230,1235,1,2.8062292762414818
12178,250,1250,1255,1,2.8062292762414818
13826,340,1700,1705,1,2.8062292762414818
84,0,0,5,1,2.8062292762366967
472,2,10,15,1,2.8062292762366967
954,4,20,25,1,2.8062292762366967
1813,9,45,50,1,2.8062292762366967
1814,9,45,50,1,2.8062292762366967
1943,10,50,55,1,2.8062292762366967
2064,11,55,60,1,2.8062292762366967
2563,16,80,85,1,2.8062292762366967
2996,21,105,110,1,2.8062292762366967
3075,22,110,115,1,2.8062292762366967
3316,25,125,130,1,2.8062292762366967
3475,27,135,140,1,2.8062292762366967
3477,27,135,140,1,2.8062292762366967
3478,27,135,140,1,2.8062292762366967
3738,31,155,160,1,2.8062292762366967
3893,33,165,170,1,2.8062292762366967
3894,33,165,170,1,2.8062292762366967
4371,41,205,210,1,2.8062292762366967
4414,42,210,215,1,2.8062292762366967
4464,43,215,220,1,2.8062292762366967
4529,44,220,225,1,2.8062292762366967
4639,46,230,235,1,2.8062292762366967
4752,48,240,245,1,2.8062292762366967
5185,56,280,285,1,2.8062292762366967
5598,64,320,325,1,2.8062292762366967
6022,73,365,370,1,2.8062292762366967
6163,76,380,385,1,2.8062292762366967
6216,77,385,390,1,2.8062292762366967
6677,89,445,450,1,2.8062292762366967
7819,120,600,605,1,2.8062292762366967
8231,131,655,660,1,2.8062292762366967
8628,140,700,705,1,2.8062292762366967
8876,147,735,740,1,2.8062292762366967
8984,150,750,755,1,2.8062292762366967
9027,151,755,760,1,2.8062292762366967
9172,155,775,780,1,2.8062292762366967
9350,160,800,805,1,2.8062292762366967
9477,164,820,825,1,2.8062292762366967
9797,174,870,875,1,2.8062292762366967
9798,174,870,875,1,2.8062292762366967
10593,196,980,985,1,2.8062292762366967
10812,202,1010,1015,1,2.8062292762366967
11275,217,1085,1090,1,2.8062292762366967
11939,240,1200,1205,1,2.8062292762366967
12254,253,1265,1270,1,2.8062292762366967
12928,283,1415,1420,1,2.8062292762366967
13510,316,1580,1585,1,2.8062292762366967
83,0,0,5,1,2.805653144094435
726,3,15,20,1,2.805653144094435
1179,5,25,30,1,2.805653144094435
1371,6,30,35,1,2.805653144094435
1541,7,35,40,1,2.805653144094435
2176,12,60,65,1,2.805653144094435
2562,16,80,85,1,2.805653144094435
2742,18,90,95,1,2.805653144094435
2743,18,90,95,1,2.805653144094435
2825,19,95,100,1,2.805653144094435
2995,21,105,110,1,2.805653144094435
3236,24,120,125,1,2.805653144094435
3313,25,125,130,1,2.805653144094435
3315,25,125,130,1,2.805653144094435
3541,28,140,145,1,2.805653144094435
3820,32,160,165,1,2.805653144094435
3892,33,165,170,1,2.805653144094435
3942,34,170,175,1,2.805653144094435
3943,34,170,175,1,2.805653144094435
4004,35,175,180,1,2.805653144094435
4064,36,180,185,1,2.805653144094435
4311,40,200,205,1,2.805653144094435
4413,42,210,215,1,2.805653144094435
5242,57,285,290,1,2.805653144094435
5243,57,285,290,1,2.805653144094435
5347,59,295,300,1,2.805653144094435
5504,62,310,315,1,2.805653144094435
5597,64,320,325,1,2.805653144094435
6332,80,400,405,1,2.805653144094435
6447,83,415,420,1,2.805653144094435
6638,88,440,445,1,2.805653144094435
7486,111,555,560,1,2.805653144094435
7487,111,555,560,1,2.805653144094435
7885,122,610,615,1,2.805653144094435
8073,127,635,640,1,2.805653144094435
8230,131,655,660,1,2.805653144094435
8911,148,740,745,1,2.805653144094435
9135,154,770,775,1,2.805653144094435
9240,157,785,790,1,2.805653144094435
9504,165,825,830,1,2.805653144094435
9910,177,885,890,1,2.805653144094435
10104,182,910,915,1,2.805653144094435
10366,190,950,955,1,2.805653144094435
10697,199,995,1000,1,2.805653144094435
10846,203,1015,1020,1,2.805653144094435
11274,217,1085,1090,1,2.805653144094435
11498,224,1120,1125,1,2.805653144094435
11499,224,1120,1125,1,2.805653144094435
11598,228,1140,1145,1,2.805653144094435
12050,245,1225,1230,1,2.805653144094435
12131,248,1240,1245,1,2.805653144094435
12348,257,1285,1290,1,2.805653144094435
13977,352,1760,1765,1,2.805653144094435
82,0,0,5,1,2.805653144089651
953,4,20,25,1,2.805653144089651
1372,6,30,35,1,2.805653144089651
1689,8,40,45,1,2.805653144089651
1941,10,50,55,1,2.805653144089651
2177,12,60,65,1,2.805653144089651
2659,17,85,90,1,2.805653144089651
2824,19,95,100,1,2.805653144089651
3157,23,115,120,1,2.805653144089651
3312,25,125,130,1,2.805653144089651
3314,25,125,130,1,2.805653144089651
3401,26,130,135,1,2.805653144089651
3474,27,135,140,1,2.805653144089651
3540,28,140,145,1,2.805653144089651
3613,29,145,150,1,2.805653144089651
3614,29,145,150,1,2.805653144089651
4065,36,180,185,1,2.805653144089651
4370,41,205,210,1,2.805653144089651
4462,43,215,220,1,2.805653144089651
4463,43,215,220,1,2.805653144089651
4528,44,220,225,1,2.805653144089651
4638,46,230,235,1,2.805653144089651
4928,51,255,260,1,2.805653144089651
5244,57,285,290,1,2.805653144089651
5402,60,300,305,1,2.805653144089651
5843,69,345,350,1,2.805653144089651
6262,78,390,395,1,2.805653144089651
6370,81,405,410,1,2.805653144089651
6859,94,470,475,1,2.805653144089651
7771,119,595,600,1,2.805653144089651
7852,121,605,610,1,2.805653144089651
8581,139,695,700,1,2.805653144089651
8845,146,730,735,1,2.805653144089651
9443,163,815,820,1,2.805653144089651
9444,163,815,820,1,2.805653144089651
9505,165,825,830,1,2.805653144089651
10031,180,900,905,1,2.805653144089651
10064,181,905,910,1,2.805653144089651
10261,187,935,940,1,2.805653144089651
10482,193,965,970,1,2.805653144089651
10622,197,985,990,1,2.805653144089651
11688,231,1155,1160,1,2.805653144089651
11765,234,1170,1175,1,2.805653144089651
12074,246,1230,1235,1,2.805653144089651
12991,287,1435,1440,1,2.805653144089651
13063,290,1450,1455,1,2.805653144089651
13207,297,1485,1490,1,2.805653144089651
13571,320,1600,1605,1,2.805653144089651
470,2,10,15,1,2.80507677454341
1178,5,25,30,1,2.80507677454341
1369,6,30,35,1,2.80507677454341
1810,9,45,50,1,2.80507677454341
2063,11,55,60,1,2.80507677454341
2174,12,60,65,1,2.80507677454341
2175,12,60,65,1,2.80507677454341
2368,14,70,75,1,2.80507677454341
2369,14,70,75,1,2.80507677454341
2458,15,75,80,1,2.80507677454341
2656,17,85,90,1,2.80507677454341
2657,17,85,90,1,2.80507677454341
2823,19,95,100,1,2.80507677454341
2906,20,100,105,1,2.80507677454341
2994,21,105,110,1,2.80507677454341
3235,24,120,125,1,2.80507677454341
3675,30,150,155,1,2.80507677454341
3736,31,155,160,1,2.80507677454341
3818,32,160,165,1,2.80507677454341
3819,32,160,165,1,2.80507677454341
3891,33,165,170,1,2.80507677454341
4255,39,195,200,1,2.80507677454341
4310,40,200,205,1,2.80507677454341
4751,48,240,245,1,2.80507677454341
4866,50,250,255,1,2.80507677454341
5184,56,280,285,1,2.80507677454341
5291,58,290,295,1,2.80507677454341
5702,66,330,335,1,2.80507677454341
5842,69,345,350,1,2.80507677454341
6112,75,375,380,1,2.80507677454341
6331,80,400,405,1,2.80507677454341
6482,84,420,425,1,2.80507677454341
7227,104,520,525,1,2.80507677454341
7364,107,535,540,1,2.80507677454341
8194,130,650,655,1,2.80507677454341
8390,135,675,680,1,2.80507677454341
8487,137,685,690,1,2.80507677454341
8805,145,725,730,1,2.80507677454341
8844,146,730,735,1,2.80507677454341
8982,150,750,755,1,2.80507677454341
9101,153,765,770,1,2.80507677454341
9475,164,820,825,1,2.80507677454341
9703,171,855,860,1,2.80507677454341
9796,174,870,875,1,2.80507677454341
10195,185,925,930,1,2.80507677454341
10978,207,1035,1040,1,2.80507677454341
11098,211,1055,1060,1,2.80507677454341
11877,238,1190,1195,1,2.80507677454341
12149,249,1245,1250,1,2.80507677454341
12386,259,1295,1300,1,2.80507677454341
12438,261,1305,1310,1,2.80507677454341
12668,272,1360,1365,1,2.80507677454341
13035,289,1445,1450,1,2.80507677454341
13318,304,1520,1525,1,2.80507677454341
13570,320,1600,1605,1,2.80507677454341
14075,363,1815,1820,1,2.80507677454341
80,0,0,5,1,2.8050767745386267
81,0,0,5,1,2.8050767745386267
725,3,15,20,1,2.8050767745386267
1370,6,30,35,1,2.8050767745386267
1540,7,35,40,1,2.8050767745386267
2062,11,55,60,1,2.8050767745386267
2658,17,85,90,1,2.8050767745386267
2739,18,90,95,1,2.8050767745386267
2740,18,90,95,1,2.8050767745386267
2741,18,90,95,1,2.8050767745386267
3074,22,110,115,1,2.8050767745386267
3234,24,120,125,1,2.8050767745386267
3311,25,125,130,1,2.8050767745386267
3400,26,130,135,1,2.8050767745386267
3473,27,135,140,1,2.8050767745386267
3539,28,140,145,1,2.8050767745386267
3674,30,150,155,1,2.8050767745386267
3737,31,155,160,1,2.8050767745386267
3941,34,170,175,1,2.8050767745386267
4003,35,175,180,1,2.8050767745386267
4194,38,190,195,1,2.8050767745386267
4309,40,200,205,1,2.8050767745386267
4592,45,225,230,1,2.8050767745386267
5401,60,300,305,1,2.8050767745386267
5596,64,320,325,1,2.8050767745386267
5793,68,340,345,1,2.8050767745386267
6446,83,415,420,1,2.8050767745386267
6563,86,430,435,1,2.8050767745386267
6830,93,465,470,1,2.8050767745386267
6831,93,465,470,1,2.8050767745386267
7226,104,520,525,1,2.8050767745386267
7365,107,535,540,1,2.8050767745386267
7851,121,605,610,1,2.8050767745386267
8072,127,635,640,1,2.8050767745386267
8354,134,670,675,1,2.8050767745386267
9877,176,880,885,1,2.8050767745386267
10102,182,910,915,1,2.8050767745386267
10103,182,910,915,1,2.8050767745386267
10399,191,955,960,1,2.8050767745386267
10768,201,1005,1010,1,2.8050767745386267
11013,208,1040,1045,1,2.8050767745386267
11099,211,1055,1060,1,2.8050767745386267
11846,237,1185,1190,1,2.8050767745386267
11946,241,1205,1210,1,2.8050767745386267
12414,260,1300,1305,1,2.8050767745386267
12596,268,1340,1345,1,2.8050767745386267
12847,280,1400,1405,1,2.8050767745386267
13361,306,1530,1535,1,2.8050767745386267
13729,332,1660,1665,1,2.8050767745386267
13742,333,1665,1670,1,2.8050767745386267
79,0,0,5,1,2.804500167636907
259,1,5,10,1,2.804500167636907
950,4,20,25,1,2.804500167636907
1368,6,30,35,1,2.804500167636907
1539,7,35,40,1,2.804500167636907
1688,8,40,45,1,2.804500167636907
1940,10,50,55,1,2.804500167636907
2060,11,55,60,1,2.804500167636907
2173,12,60,65,1,2.804500167636907
2274,13,65,70,1,2.804500167636907
2737,18,90,95,1,2.804500167636907
2738,18,90,95,1,2.804500167636907
2905,20,100,105,1,2.804500167636907
2991,21,105,110,1,2.804500167636907
2993,21,105,110,1,2.804500167636907
3155,23,115,120,1,2.804500167636907
3156,23,115,120,1,2.804500167636907
3611,29,145,150,1,2.804500167636907
3612,29,145,150,1,2.804500167636907
3817,32,160,165,1,2.804500167636907
4063,36,180,185,1,2.804500167636907
4591,45,225,230,1,2.804500167636907
4977,52,260,265,1,2.804500167636907
5082,54,270,275,1,2.804500167636907
5241,57,285,290,1,2.804500167636907
5503,62,310,315,1,2.804500167636907
5659,65,325,330,1,2.804500167636907
5660,65,325,330,1,2.804500167636907
5701,66,330,335,1,2.804500167636907
6562,86,430,435,1,2.804500167636907
6637,88,440,445,1,2.804500167636907
7225,104,520,525,1,2.804500167636907
7563,113,565,570,1,2.804500167636907
7818,120,600,605,1,2.804500167636907
8274,132,660,665,1,2.804500167636907
8486,137,685,690,1,2.804500167636907
8545,138,690,695,1,2.804500167636907
8627,140,700,705,1,2.804500167636907
8804,145,725,730,1,2.804500167636907
9061,152,760,765,1,2.804500167636907
9134,154,770,775,1,2.804500167636907
9375,161,805,810,1,2.804500167636907
9474,164,820,825,1,2.804500167636907
9845,175,875,880,1,2.804500167636907
9909,177,885,890,1,2.804500167636907
10101,182,910,915,1,2.804500167636907
10326,189,945,950,1,2.804500167636907
10767,201,1005,1010,1,2.804500167636907
11215,215,1075,1080,1,2.804500167636907
11791,235,1175,1180,1,2.804500167636907
12364,258,1290,1295,1,2.804500167636907
12846,280,1400,1405,1,2.804500167636907
13062,290,1450,1455,1,2.804500167636907
13938,349,1745,1750,1,2.804500167636907
13976,352,1760,1765,1,2.804500167636907
14136,370,1850,1855,1,2.804500167636907
951,4,20,25,1,2.804500167632125
952,4,20,25,1,2.804500167632125
1177,5,25,30,1,2.804500167632125
1687,8,40,45,1,2.804500167632125
2059,11,55,60,1,2.804500167632125
2061,11,55,60,1,2.804500167632125
2366,14,70,75,1,2.804500167632125
2367,14,70,75,1,2.804500167632125
2822,19,95,100,1,2.804500167632125
2992,21,105,110,1,2.804500167632125
3073,22,110,115,1,2.804500167632125
3233,24,120,125,1,2.804500167632125
3399,26,130,135,1,2.804500167632125
3538,28,140,145,1,2.804500167632125
3610,29,145,150,1,2.804500167632125
4002,35,175,180,1,2.804500167632125
4253,39,195,200,1,2.804500167632125
4254,39,195,200,1,2.804500167632125
4369,41,205,210,1,2.804500167632125
4461,43,215,220,1,2.804500167632125
4527,44,220,225,1,2.804500167632125
4865,50,250,255,1,2.804500167632125
5083,54,270,275,1,2.804500167632125
6301,79,395,400,1,2.804500167632125
6445,83,415,420,1,2.804500167632125
6794,92,460,465,1,2.804500167632125
7010,98,490,495,1,2.804500167632125
7224,104,520,525,1,2.804500167632125
7363,107,535,540,1,2.804500167632125
7884,122,610,615,1,2.804500167632125
8193,130,650,655,1,2.804500167632125
8229,131,655,660,1,2.804500167632125
8698,142,710,715,1,2.804500167632125
8736,143,715,720,1,2.804500167632125
9026,151,755,760,1,2.804500167632125
9473,164,820,825,1,2.804500167632125
9795,174,870,875,1,2.804500167632125
9991,179,895,900,1,2.804500167632125
10063,181,905,910,1,2.804500167632125
10557,195,975,980,1,2.804500167632125
11458,223,1115,1120,1,2.804500167632125
11459,223,1115,1120,1,2.804500167632125
11764,234,1170,1175,1,2.804500167632125
12718,274,1370,1375,1,2.804500167632125
12775,277,1385,1390,1,2.804500167632125
12961,285,1425,1430,1,2.804500167632125
13360,306,1530,1535,1,2.804500167632125
14318,401,2005,2010,1,2.804500167632125
468,2,10,15,1,2.8039233234273606
469,2,10,15,1,2.8039233234273606
1175,5,25,30,1,2.8039233234273606
1176,5,25,30,1,2.8039233234273606
1367,6,30,35,1,2.8039233234273606
1537,7,35,40,1,2.8039233234273606
1684,8,40,45,1,2.8039233234273606
1685,8,40,45,1,2.8039233234273606
1808,9,45,50,1,2.8039233234273606
1809,9,45,50,1,2.8039233234273606
2058,11,55,60,1,2.8039233234273606
2273,13,65,70,1,2.8039233234273606
2365,14,70,75,1,2.8039233234273606
2654,17,85,90,1,2.8039233234273606
2736,18,90,95,1,2.8039233234273606
3310,25,125,130,1,2.8039233234273606
3396,26,130,135,1,2.8039233234273606
3398,26,130,135,1,2.8039233234273606
3471,27,135,140,1,2.8039233234273606
3472,27,135,140,1,2.8039233234273606
3537,28,140,145,1,2.8039233234273606
3816,32,160,165,1,2.8039233234273606
3940,34,170,175,1,2.8039233234273606
4590,45,225,230,1,2.8039233234273606
5502,62,310,315,1,2.8039233234273606
6409,82,410,415,1,2.8039233234273606
6521,85,425,430,1,2.8039233234273606
6675,89,445,450,1,2.8039233234273606
6676,89,445,450,1,2.8039233234273606
6829,93,465,470,1,2.8039233234273606
6943,96,480,485,1,2.8039233234273606
7517,112,560,565,1,2.8039233234273606
8029,126,630,635,1,2.8039233234273606
8108,128,640,645,1,2.8039233234273606
8151,129,645,650,1,2.8039233234273606
8389,135,675,680,1,2.8039233234273606
8626,140,700,705,1,2.8039233234273606
8697,142,710,715,1,2.8039233234273606
9310,159,795,800,1,2.8039233234273606
9583,167,835,840,1,2.8039233234273606
9651,169,845,850,1,2.8039233234273606
9768,173,865,870,1,2.8039233234273606
10062,181,905,910,1,2.8039233234273606
10445,192,960,965,1,2.8039233234273606
10669,198,990,995,1,2.8039233234273606
10845,203,1015,1020,1,2.8039233234273606
11097,211,1055,1060,1,2.8039233234273606
11686,231,1155,1160,1,2.8039233234273606
11687,231,1155,1160,1,2.8039233234273606
12204,251,1255,1260,1,2.8039233234273606
12542,266,1330,1335,1,2.8039233234273606
12945,284,1420,1425,1,2.8039233234273606
13741,333,1665,1670,1,2.8039233234273606
13784,337,1685,1690,1,2.8039233234273606
14088,365,1825,1830,1,2.8039233234273606
14127,368,1840,1845,1,2.8039233234273606
1536,7,35,40,1,2.8039233234225795
1538,7,35,40,1,2.8039233234225795
1686,8,40,45,1,2.8039233234225795
1938,10,50,55,1,2.8039233234225795
2171,12,60,65,1,2.8039233234225795
2172,12,60,65,1,2.8039233234225795
2364,14,70,75,1,2.8039233234225795
2655,17,85,90,1,2.8039233234225795
2904,20,100,105,1,2.8039233234225795
2990,21,105,110,1,2.8039233234225795
3071,22,110,115,1,2.8039233234225795
3072,22,110,115,1,2.8039233234225795
3154,23,115,120,1,2.8039233234225795
3397,26,130,135,1,2.8039233234225795
3735,31,155,160,1,2.8039233234225795
4368,41,205,210,1,2.8039233234225795
5399,60,300,305,1,2.8039233234225795
5555,63,315,320,1,2.8039233234225795
5595,64,320,325,1,2.8039233234225795
6021,73,365,370,1,2.8039233234225795
6064,74,370,375,1,2.8039233234225795
6300,79,395,400,1,2.8039233234225795
6522,85,425,430,1,2.8039233234225795
6674,89,445,450,1,2.8039233234225795
7187,103,515,520,1,2.8039233234225795
7275,105,525,530,1,2.8039233234225795
7424,109,545,550,1,2.8039233234225795
8843,146,730,735,1,2.8039233234225795
9100,153,765,770,1,2.8039233234225795
9406,162,810,815,1,2.8039233234225795
9619,168,840,845,1,2.8039233234225795
9650,169,845,850,1,2.8039233234225795
9990,179,895,900,1,2.8039233234225795
10194,185,925,930,1,2.8039233234225795
10260,187,935,940,1,2.8039233234225795
10446,192,960,965,1,2.8039233234225795
11038,209,1045,1050,1,2.8039233234225795
11650,230,1150,1155,1,2.8039233234225795
11845,237,1185,1190,1,2.8039233234225795
12130,248,1240,1245,1,2.8039233234225795
12990,287,1435,1440,1,2.8039233234225795
13283,302,1510,1515,1,2.8039233234225795
13317,304,1520,1525,1,2.8039233234225795
13652,326,1630,1635,1,2.8039233234225795
13985,353,1765,1770,1,2.8039233234225795
77,0,0,5,1,2.8033462419606505
257,1,5,10,1,2.8033462419606505
721,3,15,20,1,2.8033462419606505
947,4,20,25,1,2.8033462419606505
948,4,20,25,1,2.8033462419606505
949,4,20,25,1,2.8033462419606505
1173,5,25,30,1,2.8033462419606505
1533,7,35,40,1,2.8033462419606505
1534,7,35,40,1,2.8033462419606505
1535,7,35,40,1,2.8033462419606505
1683,8,40,45,1,2.8033462419606505
1807,9,45,50,1,2.8033462419606505
2272,13,65,70,1,2.8033462419606505
2363,14,70,75,1,2.8033462419606505
2653,17,85,90,1,2.8033462419606505
2902,20,100,105,1,2.8033462419606505
2989,21,105,110,1,2.8033462419606505
3609,29,145,150,1,2.8033462419606505
3734,31,155,160,1,2.8033462419606505
4062,36,180,185,1,2.8033462419606505
4130,37,185,190,1,2.8033462419606505
5290,58,290,295,1,2.8033462419606505
6261,78,390,395,1,2.8033462419606505
6330,80,400,405,1,2.8033462419606505
6713,90,450,455,1,2.8033462419606505
6756,91,455,460,1,2.8033462419606505
6900,95,475,480,1,2.8033462419606505
7186,103,515,520,1,2.8033462419606505
7274,105,525,530,1,2.8033462419606505
7674,116,580,585,1,2.8033462419606505
8388,135,675,680,1,2.8033462419606505
9239,157,785,790,1,2.8033462419606505
9348,160,800,805,1,2.8033462419606505
9349,160,800,805,1,2.8033462419606505
9702,171,855,860,1,2.8033462419606505
9875,176,880,885,1,2.8033462419606505
9876,176,880,885,1,2.8033462419606505
10735,200,1000,1005,1,2.8033462419606505
11457,223,1115,1120,1,2.8033462419606505
11548,226,1130,1135,1,2.8033462419606505
11993,243,1215,1220,1,2.8033462419606505
12019,244,1220,1225,1,2.8033462419606505
12177,250,1250,1255,1,2.8033462419606505
12456,262,1310,1315,1,2.8033462419606505
12500,264,1320,1325,1,2.8033462419606505
12774,277,1385,1390,1,2.8033462419606505
12926,283,1415,1420,1,2.8033462419606505
13298,303,1515,1520,1,2.8033462419606505
13400,308,1540,1545,1,2.8033462419606505
13975,352,1760,1765,1,2.8033462419606505
14074,363,1815,1820,1,2.8033462419606505
14198,380,1900,1905,1,2.8033462419606505
78,0,0,5,1,2.8033462419558703
255,1,5,10,1,2.8033462419558703
256,1,5,10,1,2.8033462419558703
722,3,15,20,1,2.8033462419558703
723,3,15,20,1,2.8033462419558703
1365,6,30,35,1,2.8033462419558703
1682,8,40,45,1,2.8033462419558703
1804,9,45,50,1,2.8033462419558703
1805,9,45,50,1,2.8033462419558703
1806,9,45,50,1,2.8033462419558703
1936,10,50,55,1,2.8033462419558703
1937,10,50,55,1,2.8033462419558703
2561,16,80,85,1,2.8033462419558703
2821,19,95,100,1,2.8033462419558703
2903,20,100,105,1,2.8033462419558703
3231,24,120,125,1,2.8033462419558703
3232,24,120,125,1,2.8033462419558703
3888,33,165,170,1,2.8033462419558703
4526,44,220,225,1,2.8033462419558703
5792,68,340,345,1,2.8033462419558703
6215,77,385,390,1,2.8033462419558703
6299,79,395,400,1,2.8033462419558703
6828,93,465,470,1,2.8033462419558703
6899,95,475,480,1,2.8033462419558703
7362,107,535,540,1,2.8033462419558703
7709,117,585,590,1,2.8033462419558703
7743,118,590,595,1,2.8033462419558703
8028,126,630,635,1,2.8033462419558703
8318,133,665,670,1,2.8033462419558703
8580,139,695,700,1,2.8033462419558703
8766,144,720,725,1,2.8033462419558703
9099,153,765,770,1,2.8033462419558703
10061,181,905,910,1,2.8033462419558703
10222,186,930,935,1,2.8033462419558703
10444,192,960,965,1,2.8033462419558703
10810,202,1010,1015,1,2.8033462419558703
11747,233,1165,1170,1,2.8033462419558703
12049,245,1225,1230,1,2.8033462419558703
12253,253,1265,1270,1,2.8033462419558703
12667,272,1360,1365,1,2.8033462419558703
12845,280,1400,1405,1,2.8033462419558703
13509,316,1580,1585,1,2.8033462419558703
13961,351,1755,1760,1,2.8033462419558703
14037,358,1790,1795,1,2.8033462419558703
14262,390,1950,1955,1,2.8033462419558703
76,0,0,5,1,2.802768923286589
250,1,5,10,1,2.802768923286589
251,1,5,10,1,2.802768923286589
252,1,5,10,1,2.802768923286589
718,3,15,20,1,2.802768923286589
945,4,20,25,1,2.802768923286589
1169,5,25,30,1,2.802768923286589
1363,6,30,35,1,2.802768923286589
1364,6,30,35,1,2.802768923286589
1531,7,35,40,1,2.802768923286589
1532,7,35,40,1,2.802768923286589
2055,11,55,60,1,2.802768923286589
2169,12,60,65,1,2.802768923286589
2271,13,65,70,1,2.802768923286589
2362,14,70,75,1,2.802768923286589
2457,15,75,80,1,2.802768923286589
2734,18,90,95,1,2.802768923286589
3229,24,120,125,1,2.802768923286589
3394,26,130,135,1,2.802768923286589
3535,28,140,145,1,2.802768923286589
3536,28,140,145,1,2.802768923286589
5240,57,285,290,1,2.802768923286589
5554,63,315,320,1,2.802768923286589
6520,85,425,430,1,2.802768923286589
6898,95,475,480,1,2.802768923286589
7009,98,490,495,1,2.802768923286589
7047,99,495,500,1,2.802768923286589
7273,105,525,530,1,2.802768923286589
7361,107,535,540,1,2.802768923286589
7561,113,565,570,1,2.802768923286589
7604,114,570,575,1,2.802768923286589
7605,114,570,575,1,2.802768923286589
8544,138,690,695,1,2.802768923286589
8661,141,705,710,1,2.802768923286589
8662,141,705,710,1,2.802768923286589
8875,147,735,740,1,2.802768923286589
9544,166,830,835,1,2.802768923286589
10398,191,955,960,1,2.802768923286589
10668,198,990,995,1,2.802768923286589
10696,199,995,1000,1,2.802768923286589
12203,251,1255,1260,1,2.802768923286589
12301,255,1275,1280,1,2.802768923286589
12480,263,1315,1320,1,2.802768923286589
12717,274,1370,1375,1,2.802768923286589
12733,275,1375,1380,1,2.802768923286589
13297,303,1515,1520,1,2.802768923286589
13333,305,1525,1530,1,2.802768923286589
13334,305,1525,1530,1,2.802768923286589
13335,305,1525,1530,1,2.802768923286589
13624,324,1620,1625,1,2.802768923286589
13802,338,1690,1695,1,2.802768923286589
13825,340,1700,1705,1,2.802768923286589
13849,342,1710,1715,1,2.802768923286589
13914,347,1735,1740,1,2.802768923286589
14150,372,1860,1865,1,2.802768923286589
75,0,0,5,1,2.8027689232818096
253,1,5,10,1,2.8027689232818096
254,1,5,10,1,2.8027689232818096
466,2,10,15,1,2.8027689232818096
943,4,20,25,1,2.8027689232818096
944,4,20,25,1,2.8027689232818096
946,4,20,25,1,2.8027689232818096
1171,5,25,30,1,2.8027689232818096
1172,5,25,30,1,2.8027689232818096
1360,6,30,35,1,2.8027689232818096
1361,6,30,35,1,2.8027689232818096
1362,6,30,35,1,2.8027689232818096
1681,8,40,45,1,2.8027689232818096
1935,10,50,55,1,2.8027689232818096
2170,12,60,65,1,2.8027689232818096
2735,18,90,95,1,2.8027689232818096
3153,23,115,120,1,2.8027689232818096
3230,24,120,125,1,2.8027689232818096
3309,25,125,130,1,2.8027689232818096
3395,26,130,135,1,2.8027689232818096
3673,30,150,155,1,2.8027689232818096
4129,37,185,190,1,2.8027689232818096
4805,49,245,250,1,2.8027689232818096
6755,91,455,460,1,2.8027689232818096
6858,94,470,475,1,2.8027689232818096
6980,97,485,490,1,2.8027689232818096
7223,104,520,525,1,2.8027689232818096
7562,113,565,570,1,2.8027689232818096
7883,122,610,615,1,2.8027689232818096
7989,125,625,630,1,2.8027689232818096
8317,133,665,670,1,2.8027689232818096
8803,145,725,730,1,2.8027689232818096
9374,161,805,810,1,2.8027689232818096
9545,166,830,835,1,2.8027689232818096
10909,205,1025,1030,1,2.8027689232818096
11119,212,1060,1065,1,2.8027689232818096
11347,219,1095,1100,1,2.8027689232818096
11597,228,1140,1145,1,2.8027689232818096
11876,238,1190,1195,1,2.8027689232818096
12413,260,1300,1305,1,2.8027689232818096
12960,285,1425,1430,1,2.8027689232818096
13107,292,1460,1465,1,2.8027689232818096
13221,298,1490,1495,1,2.8027689232818096
13457,312,1560,1565,1,2.8027689232818096
13475,313,1565,1570,1,2.8027689232818096
13560,319,1595,1600,1,2.8027689232818096
13756,334,1670,1675,1,2.8027689232818096
14207,381,1905,1910,1,2.8027689232818096
14293,395,1975,1980,1,2.8027689232818096
73,0,0,5,1,2.802191367449744
463,2,10,15,1,2.802191367449744
715,3,15,20,1,2.802191367449744
939,4,20,25,1,2.802191367449744
940,4,20,25,1,2.802191367449744
941,4,20,25,1,2.802191367449744
942,4,20,25,1,2.802191367449744
1168,5,25,30,1,2.802191367449744
1528,7,35,40,1,2.802191367449744
1803,9,45,50,1,2.802191367449744
1932,10,50,55,1,2.802191367449744
1933,10,50,55,1,2.802191367449744
2167,12,60,65,1,2.802191367449744
2168,12,60,65,1,2.802191367449744
2560,16,80,85,1,2.802191367449744
2650,17,85,90,1,2.802191367449744
2733,18,90,95,1,2.802191367449744
2901,20,100,105,1,2.802191367449744
2987,21,105,110,1,2.802191367449744
2988,21,105,110,1,2.802191367449744
3069,22,110,115,1,2.802191367449744
3151,23,115,120,1,2.802191367449744
3470,27,135,140,1,2.802191367449744
3534,28,140,145,1,2.802191367449744
4308,40,200,205,1,2.802191367449744
5397,60,300,305,1,2.802191367449744
6636,88,440,445,1,2.802191367449744
6897,95,475,480,1,2.802191367449744
7046,99,495,500,1,2.802191367449744
7485,111,555,560,1,2.802191367449744
7673,116,580,585,1,2.802191367449744
7882,122,610,615,1,2.802191367449744
8026,126,630,635,1,2.802191367449744
8107,128,640,645,1,2.802191367449744
8150,129,645,650,1,2.802191367449744
8272,132,660,665,1,2.802191367449744
9025,151,755,760,1,2.802191367449744
9347,160,800,805,1,2.802191367449744
10481,193,965,970,1,2.802191367449744
10809,202,1010,1015,1,2.802191367449744
10943,206,1030,1035,1,2.802191367449744
11313,218,1090,1095,1,2.802191367449744
11874,238,1190,1195,1,2.802191367449744
12773,277,1385,1390,1,2.802191367449744
12898,282,1410,1415,1,2.802191367449744
12925,283,1415,1420,1,2.802191367449744
13061,290,1450,1455,1,2.802191367449744
13474,313,1565,1570,1,2.802191367449744
13641,325,1625,1630,1,2.802191367449744
13728,332,1660,1665,1,2.802191367449744
13801,338,1690,1695,1,2.802191367449744
13960,351,1755,1760,1,2.802191367449744
14043,359,1795,1800,1,2.802191367449744
14157,373,1865,1870,1,2.802191367449744
14219,382,1910,1915,1,2.802191367449744
14267,391,1955,1960,1,2.802191367449744
14375,416,2080,2085,1,2.802191367449744
74,0,0,5,1,2.8021913674449657
462,2,10,15,1,2.8021913674449657
716,3,15,20,1,2.8021913674449657
1358,6,30,35,1,2.8021913674449657
1679,8,40,45,1,2.8021913674449657
1680,8,40,45,1,2.8021913674449657
1802,9,45,50,1,2.8021913674449657
2053,11,55,60,1,2.8021913674449657
2054,11,55,60,1,2.8021913674449657
2360,14,70,75,1,2.8021913674449657
2455,15,75,80,1,2.8021913674449657
2456,15,75,80,1,2.8021913674449657
2651,17,85,90,1,2.8021913674449657
2652,17,85,90,1,2.8021913674449657
2732,18,90,95,1,2.8021913674449657
2819,19,95,100,1,2.8021913674449657
2900,20,100,105,1,2.8021913674449657
3070,22,110,115,1,2.8021913674449657
3608,29,145,150,1,2.8021913674449657
4637,46,230,235,1,2.8021913674449657
5398,60,300,305,1,2.8021913674449657
6214,77,385,390,1,2.8021913674449657
7422,109,545,550,1,2.8021913674449657
7423,109,545,550,1,2.8021913674449657
8071,127,635,640,1,2.8021913674449657
8273,132,660,665,1,2.8021913674449657
8387,135,675,680,1,2.8021913674449657
8445,136,680,685,1,2.8021913674449657
8579,139,695,700,1,2.8021913674449657
9701,171,855,860,1,2.8021913674449657
9736,172,860,865,1,2.8021913674449657
9908,177,885,890,1,2.8021913674449657
10592,196,980,985,1,2.8021913674449657
11811,236,1180,1185,1,2.8021913674449657
11875,238,1190,1195,1,2.8021913674449657
11912,239,1195,1200,1,2.8021913674449657
12455,262,1310,1315,1,2.8021913674449657
12646,271,1355,1360,1,2.8021913674449657
12732,275,1375,1380,1,2.8021913674449657
12812,279,1395,1400,1,2.8021913674449657
13548,318,1590,1595,1,2.8021913674449657
13682,328,1640,1645,1,2.8021913674449657
13683,328,1640,1645,1,2.8021913674449657
13800,338,1690,1695,1,2.8021913674449657
14100,366,1830,1835,1,2.8021913674449657
14126,368,1840,1845,1,2.8021913674449657
14385,419,2095,2100,1,2.8021913674449657
459,2,10,15,1,2.8016135745064834
713,3,15,20,1,2.8016135745064834
714,3,15,20,1,2.8016135745064834
1166,5,25,30,1,2.8016135745064834
1527,7,35,40,1,2.8016135745064834
1677,8,40,45,1,2.8016135745064834
1678,8,40,45,1,2.8016135745064834
2050,11,55,60,1,2.8016135745064834
2051,11,55,60,1,2.8016135745064834
2163,12,60,65,1,2.8016135745064834
2357,14,70,75,1,2.8016135745064834
2358,14,70,75,1,2.8016135745064834
2359,14,70,75,1,2.8016135745064834
2451,15,75,80,1,2.8016135745064834
2559,16,80,85,1,2.8016135745064834
2647,17,85,90,1,2.8016135745064834
2648,17,85,90,1,2.8016135745064834
2649,17,85,90,1,2.8016135745064834
3815,32,160,165,1,2.8016135745064834
4193,38,190,195,1,2.8016135745064834
5749,67,335,340,1,2.8016135745064834
6407,82,410,415,1,2.8016135745064834
7008,98,490,495,1,2.8016135745064834
7120,101,505,510,1,2.8016135745064834
7850,121,605,610,1,2.8016135745064834
7988,125,625,630,1,2.8016135745064834
8025,126,630,635,1,2.8016135745064834
8149,129,645,650,1,2.8016135745064834
8271,132,660,665,1,2.8016135745064834
9133,154,770,775,1,2.8016135745064834
9442,163,815,820,1,2.8016135745064834
9844,175,875,880,1,2.8016135745064834
10131,183,915,920,1,2.8016135745064834
10695,199,995,1000,1,2.8016135745064834
10766,201,1005,1010,1,2.8016135745064834
11155,213,1065,1070,1,2.8016135745064834
11369,220,1100,1105,1,2.8016135745064834
11568,227,1135,1140,1,2.8016135745064834
12595,268,1340,1345,1,2.8016135745064834
12645,271,1355,1360,1,2.8016135745064834
13282,302,1510,1515,1,2.8016135745064834
13473,313,1565,1570,1,2.8016135745064834
13777,336,1680,1685,1,2.8016135745064834
13824,340,1700,1705,1,2.8016135745064834
14073,363,1815,1820,1,2.8016135745064834
14113,367,1835,1840,1,2.8016135745064834
14243,386,1930,1935,1,2.8016135745064834
14283,393,1965,1970,1,2.8016135745064834
14408,428,2140,2145,1,2.8016135745064834
14418,432,2160,2165,1,2.8016135745064834
14490,467,2335,2340,1,2.8016135745064834
14540,512,2560,2565,1,2.8016135745064834
461,2,10,15,1,2.801613574501706
711,3,15,20,1,2.801613574501706
1167,5,25,30,1,2.801613574501706
1357,6,30,35,1,2.801613574501706
1930,10,50,55,1,2.801613574501706
1931,10,50,55,1,2.801613574501706
2052,11,55,60,1,2.801613574501706
2165,12,60,65,1,2.801613574501706
2166,12,60,65,1,2.801613574501706
2356,14,70,75,1,2.801613574501706
2452,15,75,80,1,2.801613574501706
2453,15,75,80,1,2.801613574501706
2454,15,75,80,1,2.801613574501706
2818,19,95,100,1,2.801613574501706
2986,21,105,110,1,2.801613574501706
3228,24,120,125,1,2.801613574501706
3533,28,140,145,1,2.801613574501706
5841,69,345,350,1,2.801613574501706
6161,76,380,385,1,2.801613574501706
6712,90,450,455,1,2.801613574501706
6792,92,460,465,1,2.801613574501706
7316,106,530,535,1,2.801613574501706
7603,114,570,575,1,2.801613574501706
7881,122,610,615,1,2.801613574501706
8578,139,695,700,1,2.801613574501706
8765,144,720,725,1,2.801613574501706
9060,152,760,765,1,2.801613574501706
9543,166,830,835,1,2.801613574501706
10164,184,920,925,1,2.801613574501706
10942,206,1030,1035,1,2.801613574501706
11273,217,1085,1090,1,2.801613574501706
11456,223,1115,1120,1,2.801613574501706
12202,251,1255,1260,1,2.801613574501706
12231,252,1260,1265,1,2.801613574501706
12437,261,1305,1310,1,2.801613574501706
12566,267,1335,1340,1,2.801613574501706
12989,287,1435,1440,1,2.801613574501706
13015,288,1440,1445,1,2.801613574501706
13671,327,1635,1640,1,2.801613574501706
13813,339,1695,1700,1,2.801613574501706
13863,343,1715,1720,1,2.801613574501706
13959,351,1755,1760,1,2.801613574501706
14142,371,1855,1860,1,2.801613574501706
14429,434,2170,2175,1,2.801613574501706
14476,462,2310,2315,1,2.801613574501706
14536,508,2540,2545,1,2.801613574501706
709,3,15,20,1,2.8010355445013753
937,4,20,25,1,2.8010355445013753
938,4,20,25,1,2.8010355445013753
1164,5,25,30,1,2.8010355445013753
1526,7,35,40,1,2.8010355445013753
1674,8,40,45,1,2.8010355445013753
1675,8,40,45,1,2.8010355445013753
1676,8,40,45,1,2.8010355445013753
1926,10,50,55,1,2.8010355445013753
1928,10,50,55,1,2.8010355445013753
2048,11,55,60,1,2.8010355445013753
2049,11,55,60,1,2.8010355445013753
2160,12,60,65,1,2.8010355445013753
2161,12,60,65,1,2.8010355445013753
2269,13,65,70,1,2.8010355445013753
2270,13,65,70,1,2.8010355445013753
2646,17,85,90,1,2.8010355445013753
2985,21,105,110,1,2.8010355445013753
3606,29,145,150,1,2.8010355445013753
3607,29,145,150,1,2.8010355445013753
3733,31,155,160,1,2.8010355445013753
4636,46,230,235,1,2.8010355445013753
5289,58,290,295,1,2.8010355445013753
5396,60,300,305,1,2.8010355445013753
5594,64,320,325,1,2.8010355445013753
5699,66,330,335,1,2.8010355445013753
5700,66,330,335,1,2.8010355445013753
5791,68,340,345,1,2.8010355445013753
6561,86,430,435,1,2.8010355445013753
7315,106,530,535,1,2.8010355445013753
8542,138,690,695,1,2.8010355445013753
8543,138,690,695,1,2.8010355445013753
8802,145,725,730,1,2.8010355445013753
9542,166,830,835,1,2.8010355445013753
9581,167,835,840,1,2.8010355445013753
9874,176,880,885,1,2.8010355445013753
10287,188,940,945,1,2.8010355445013753
10667,198,990,995,1,2.8010355445013753
10808,202,1010,1015,1,2.8010355445013753
11177,214,1070,1075,1,2.8010355445013753
11402,221,1105,1110,1,2.8010355445013753
11746,233,1165,1170,1,2.8010355445013753
12565,267,1335,1340,1,2.8010355445013753
12594,268,1340,1345,1,2.8010355445013753
13126,293,1465,1470,1,2.8010355445013753
13253,300,1500,1505,1,2.8010355445013753
13612,323,1615,1620,1,2.8010355445013753
13670,327,1635,1640,1,2.8010355445013753
13913,347,1735,1740,1,2.8010355445013753
13923,348,1740,1745,1,2.8010355445013753
13937,349,1745,1750,1,2.8010355445013753
13995,354,1770,1775,1,2.8010355445013753
14282,393,1965,1970,1,2.8010355445013753
14388,420,2100,2105,1,2.8010355445013753
14535,508,2540,2545,1,2.8010355445013753
14546,516,2580,2585,1,2.8010355445013753
14562,645,3225,3230,1,2.8010355445013753
247,1,5,10,1,2.801035544496599
458,2,10,15,1,2.801035544496599
708,3,15,20,1,2.801035544496599
936,4,20,25,1,2.801035544496599
1165,5,25,30,1,2.801035544496599
1356,6,30,35,1,2.801035544496599
1523,7,35,40,1,2.801035544496599
1524,7,35,40,1,2.801035544496599
1525,7,35,40,1,2.801035544496599
1673,8,40,45,1,2.801035544496599
1799,9,45,50,1,2.801035544496599
1800,9,45,50,1,2.801035544496599
1927,10,50,55,1,2.801035544496599
1929,10,50,55,1,2.801035544496599
2047,11,55,60,1,2.801035544496599
2162,12,60,65,1,2.801035544496599
2645,17,85,90,1,2.801035544496599
2817,19,95,100,1,2.801035544496599
3150,23,115,120,1,2.801035544496599
3308,25,125,130,1,2.801035544496599
3393,26,130,135,1,2.801035544496599
4128,37,185,190,1,2.801035544496599
4307,40,200,205,1,2.801035544496599
4697,47,235,240,1,2.801035544496599
5022,53,265,270,1,2.801035544496599
5593,64,320,325,1,2.801035544496599
5935,71,355,360,1,2.801035544496599
6857,94,470,475,1,2.801035544496599
7602,114,570,575,1,2.801035544496599
7770,119,595,600,1,2.801035544496599
8192,130,650,655,1,2.801035544496599
8444,136,680,685,1,2.801035544496599
8735,143,715,720,1,2.801035544496599
9098,153,765,770,1,2.801035544496599
9582,167,835,840,1,2.801035544496599
9843,175,875,880,1,2.801035544496599
10365,190,950,955,1,2.801035544496599
11455,223,1115,1120,1,2.801035544496599
11523,225,1125,1130,1,2.801035544496599
11844,237,1185,1190,1,2.801035544496599
11992,243,1215,1220,1,2.801035544496599
12048,245,1225,1230,1,2.801035544496599
12479,263,1315,1320,1,2.801035544496599
13534,317,1585,1590,1,2.801035544496599
13584,321,1605,1610,1,2.801035544496599
13640,325,1625,1630,1,2.801035544496599
13812,339,1695,1700,1,2.801035544496599
14020,356,1780,1785,1,2.801035544496599
14063,362,1810,1815,1,2.801035544496599
14156,373,1865,1870,1,2.801035544496599
14317,401,2005,2010,1,2.801035544496599
14455,448,2240,2245,1,2.801035544496599
14563,675,3375,3380,1,2.801035544496599
69,0,0,5,1,2.8004572774829217
456,2,10,15,1,2.8004572774829217
935,4,20,25,1,2.8004572774829217
1158,5,25,30,1,2.8004572774829217
1160,5,25,30,1,2.8004572774829217
1353,6,30,35,1,2.8004572774829217
1522,7,35,40,1,2.8004572774829217
1670,8,40,45,1,2.8004572774829217
1671,8,40,45,1,2.8004572774829217
1672,8,40,45,1,2.8004572774829217
1798,9,45,50,1,2.8004572774829217
2045,11,55,60,1,2.8004572774829217
2158,12,60,65,1,2.8004572774829217
2159,12,60,65,1,2.8004572774829217
2643,17,85,90,1,2.8004572774829217
2644,17,85,90,1,2.8004572774829217
3148,23,115,120,1,2.8004572774829217
3149,23,115,120,1,2.8004572774829217
3392,26,130,135,1,2.8004572774829217
4061,36,180,185,1,2.8004572774829217
5134,55,275,280,1,2.8004572774829217
5239,57,285,290,1,2.8004572774829217
5346,59,295,300,1,2.8004572774829217
5892,70,350,355,1,2.8004572774829217
5934,71,355,360,1,2.8004572774829217
5983,72,360,365,1,2.8004572774829217
7045,99,495,500,1,2.8004572774829217
8070,127,635,640,1,2.8004572774829217
9097,153,765,770,1,2.8004572774829217
9472,164,820,825,1,2.8004572774829217
9735,172,860,865,1,2.8004572774829217
9767,173,865,870,1,2.8004572774829217
9842,175,875,880,1,2.8004572774829217
10130,183,915,920,1,2.8004572774829217
10221,186,930,935,1,2.8004572774829217
10443,192,960,965,1,2.8004572774829217
10765,201,1005,1010,1,2.8004572774829217
11346,219,1095,1100,1,2.8004572774829217
11522,225,1125,1130,1,2.8004572774829217
12148,249,1245,1250,1,2.8004572774829217
12384,259,1295,1300,1,2.8004572774829217
12385,259,1295,1300,1,2.8004572774829217
12436,261,1305,1310,1,2.8004572774829217
12844,280,1400,1405,1,2.8004572774829217
13472,313,1565,1570,1,2.8004572774829217
13690,329,1645,1650,1,2.8004572774829217
13755,334,1670,1675,1,2.8004572774829217
13900,346,1730,1735,1,2.8004572774829217
14257,389,1945,1950,1,2.8004572774829217
14288,394,1970,1975,1,2.8004572774829217
14497,472,2360,2365,1,2.8004572774829217
14506,483,2415,2420,1,2.8004572774829217
14539,512,2560,2565,1,2.8004572774829217
14560,592,2960,2965,1,2.8004572774829217
706,3,15,20,1,2.8004572774781464
707,3,15,20,1,2.8004572774781464
934,4,20,25,1,2.8004572774781464
1157,5,25,30,1,2.8004572774781464
1159,5,25,30,1,2.8004572774781464
1161,5,25,30,1,2.8004572774781464
1162,5,25,30,1,2.8004572774781464
1163,5,25,30,1,2.8004572774781464
1352,6,30,35,1,2.8004572774781464
1521,7,35,40,1,2.8004572774781464
1925,10,50,55,1,2.8004572774781464
2046,11,55,60,1,2.8004572774781464
2730,18,90,95,1,2.8004572774781464
2731,18,90,95,1,2.8004572774781464
2896,20,100,105,1,2.8004572774781464
2984,21,105,110,1,2.8004572774781464
3814,32,160,165,1,2.8004572774781464
4306,40,200,205,1,2.8004572774781464
4864,50,250,255,1,2.8004572774781464
5395,60,300,305,1,2.8004572774781464
5982,72,360,365,1,2.8004572774781464
6213,77,385,390,1,2.8004572774781464
6481,84,420,425,1,2.8004572774781464
7272,105,525,530,1,2.8004572774781464
7450,110,550,555,1,2.8004572774781464
8660,141,705,710,1,2.8004572774781464
8842,146,730,735,1,2.8004572774781464
8945,149,745,750,1,2.8004572774781464
9238,157,785,790,1,2.8004572774781464
10100,182,910,915,1,2.8004572774781464
10324,189,945,950,1,2.8004572774781464
10325,189,945,950,1,2.8004572774781464
11175,214,1070,1075,1,2.8004572774781464
11176,214,1070,1075,1,2.8004572774781464
11497,224,1120,1125,1,2.8004572774781464
11567,227,1135,1140,1,2.8004572774781464
12363,258,1290,1295,1,2.8004572774781464
12412,260,1300,1305,1,2.8004572774781464
12871,281,1405,1410,1,2.8004572774781464
12897,282,1410,1415,1,2.8004572774781464
12924,283,1415,1420,1,2.8004572774781464
13084,291,1455,1460,1,2.8004572774781464
14277,392,1960,1965,1,2.8004572774781464
14289,394,1970,1975,1,2.8004572774781464
14295,396,1980,1985,1,2.8004572774781464
14296,396,1980,1985,1,2.8004572774781464
14316,401,2005,2010,1,2.8004572774781464
14561,617,3085,3090,1,2.8004572774781464
701,3,15,20,1,2.7998787735035564
1153,5,25,30,1,2.7998787735035564
1155,5,25,30,1,2.7998787735035564
1156,5,25,30,1,2.7998787735035564
1669,8,40,45,1,2.7998787735035564
1924,10,50,55,1,2.7998787735035564
2268,13,65,70,1,2.7998787735035564
2355,14,70,75,1,2.7998787735035564
2557,16,80,85,1,2.7998787735035564
3887,33,165,170,1,2.7998787735035564
4127,37,185,190,1,2.7998787735035564
4525,44,220,225,1,2.7998787735035564
4635,46,230,235,1,2.7998787735035564
5454,61,305,310,1,2.7998787735035564
5698,66,330,335,1,2.7998787735035564
5981,72,360,365,1,2.7998787735035564
6212,77,385,390,1,2.7998787735035564
7560,113,565,570,1,2.7998787735035564
7742,118,590,595,1,2.7998787735035564
7816,120,600,605,1,2.7998787735035564
8270,132,660,665,1,2.7998787735035564
8540,138,690,695,1,2.7998787735035564
8659,141,705,710,1,2.7998787735035564
9503,165,825,830,1,2.7998787735035564
9677,170,850,855,1,2.7998787735035564
9873,176,880,885,1,2.7998787735035564
9989,179,895,900,1,2.7998787735035564
10030,180,900,905,1,2.7998787735035564
10764,201,1005,1010,1,2.7998787735035564
11096,211,1055,1060,1,2.7998787735035564
11433,222,1110,1115,1,2.7998787735035564
11649,230,1150,1155,1,2.7998787735035564
11945,241,1205,1210,1,2.7998787735035564
12017,244,1220,1225,1,2.7998787735035564
12018,244,1220,1225,1,2.7998787735035564
12273,254,1270,1275,1,2.7998787735035564
12454,262,1310,1315,1,2.7998787735035564
12617,269,1345,1350,1,2.7998787735035564
12618,269,1345,1350,1,2.7998787735035564
12896,282,1410,1415,1,2.7998787735035564
13332,305,1525,1530,1,2.7998787735035564
13533,317,1585,1590,1,2.7998787735035564
13949,350,1750,1755,1,2.7998787735035564
14256,389,1945,1950,1,2.7998787735035564
14281,393,1965,1970,1,2.7998787735035564
14372,415,2075,2080,1,2.7998787735035564
14425,433,2165,2170,1,2.7998787735035564
14447,445,2225,2230,1,2.7998787735035564
14449,446,2230,2235,1,2.7998787735035564
68,0,0,5,1,2.799878773498782
245,1,5,10,1,2.799878773498782
702,3,15,20,1,2.799878773498782
704,3,15,20,1,2.799878773498782
1519,7,35,40,1,2.799878773498782
1520,7,35,40,1,2.799878773498782
1667,8,40,45,1,2.799878773498782
1797,9,45,50,1,2.799878773498782
2044,11,55,60,1,2.799878773498782
2448,15,75,80,1,2.799878773498782
2449,15,75,80,1,2.799878773498782
2556,16,80,85,1,2.799878773498782
3732,31,155,160,1,2.799878773498782
4126,37,185,190,1,2.799878773498782
5288,58,290,295,1,2.799878773498782
5394,60,300,305,1,2.799878773498782
6111,75,375,380,1,2.799878773498782
7222,104,520,525,1,2.799878773498782
7360,107,535,540,1,2.799878773498782
7421,109,545,550,1,2.799878773498782
7643,115,575,580,1,2.799878773498782
8148,129,645,650,1,2.799878773498782
8541,138,690,695,1,2.799878773498782
8764,144,720,725,1,2.799878773498782
9346,160,800,805,1,2.799878773498782
9766,173,865,870,1,2.799878773498782
10259,187,935,940,1,2.799878773498782
10442,192,960,965,1,2.799878773498782
10666,198,990,995,1,2.799878773498782
10734,200,1000,1005,1,2.799878773498782
11154,213,1065,1070,1,2.799878773498782
11174,214,1070,1075,1,2.799878773498782
11246,216,1080,1085,1,2.799878773498782
11744,233,1165,1170,1,2.799878773498782
11745,233,1165,1170,1,2.799878773498782
11843,237,1185,1190,1,2.799878773498782
12619,269,1345,1350,1,2.799878773498782
12689,273,1365,1370,1,2.799878773498782
12944,284,1420,1425,1,2.799878773498782
13532,317,1585,1590,1,2.799878773498782
13651,326,1630,1635,1,2.799878773498782
13838,341,1705,1710,1,2.799878773498782
13862,343,1715,1720,1,2.799878773498782
14129,369,1845,1850,1,2.799878773498782
14232,384,1920,1925,1,2.799878773498782
14479,463,2315,2320,1,2.799878773498782
14516,490,2450,2455,1,2.799878773498782
67,0,0,5,1,2.7993000326065363
699,3,15,20,1,2.7993000326065363
929,4,20,25,1,2.7993000326065363
931,4,20,25,1,2.7993000326065363
1513,7,35,40,1,2.7993000326065363
1516,7,35,40,1,2.7993000326065363
1517,7,35,40,1,2.7993000326065363
1666,8,40,45,1,2.7993000326065363
1923,10,50,55,1,2.7993000326065363
2042,11,55,60,1,2.7993000326065363
2156,12,60,65,1,2.7993000326065363
2157,12,60,65,1,2.7993000326065363
2267,13,65,70,1,2.7993000326065363
5021,53,265,270,1,2.7993000326065363
5748,67,335,340,1,2.7993000326065363
5789,68,340,345,1,2.7993000326065363
5790,68,340,345,1,2.7993000326065363
5933,71,355,360,1,2.7993000326065363
6260,78,390,395,1,2.7993000326065363
6606,87,435,440,1,2.7993000326065363
7359,107,535,540,1,2.7993000326065363
7393,108,540,545,1,2.7993000326065363
7707,117,585,590,1,2.7993000326065363
7708,117,585,590,1,2.7993000326065363
7741,118,590,595,1,2.7993000326065363
7952,124,620,625,1,2.7993000326065363
7953,124,620,625,1,2.7993000326065363
8539,138,690,695,1,2.7993000326065363
9203,156,780,785,1,2.7993000326065363
10060,181,905,910,1,2.7993000326065363
10323,189,945,950,1,2.7993000326065363
10397,191,955,960,1,2.7993000326065363
10807,202,1010,1015,1,2.7993000326065363
10908,205,1025,1030,1,2.7993000326065363
11214,215,1075,1080,1,2.7993000326065363
11272,217,1085,1090,1,2.7993000326065363
11632,229,1145,1150,1,2.7993000326065363
11648,230,1150,1155,1,2.7993000326065363
11716,232,1160,1165,1,2.7993000326065363
12666,272,1360,1365,1,2.7993000326065363
12716,274,1370,1375,1,2.7993000326065363
13296,303,1515,1520,1,2.7993000326065363
13359,306,1530,1535,1,2.7993000326065363
13381,307,1535,1540,1,2.7993000326065363
13681,328,1640,1645,1,2.7993000326065363
13689,329,1645,1650,1,2.7993000326065363
13878,344,1720,1725,1,2.7993000326065363
13984,353,1765,1770,1,2.7993000326065363
14206,381,1905,1910,1,2.7993000326065363
14364,413,2065,2070,1,2.7993000326065363
14465,456,2280,2285,1,2.7993000326065363
14485,465,2325,2330,1,2.7993000326065363
243,1,5,10,1,2.799300032601763
698,3,15,20,1,2.799300032601763
700,3,15,20,1,2.799300032601763
930,4,20,25,1,2.799300032601763
932,4,20,25,1,2.799300032601763
933,4,20,25,1,2.799300032601763
1512,7,35,40,1,2.799300032601763
1514,7,35,40,1,2.799300032601763
1515,7,35,40,1,2.799300032601763
1518,7,35,40,1,2.799300032601763
1922,10,50,55,1,2.799300032601763
2043,11,55,60,1,2.799300032601763
2555,16,80,85,1,2.799300032601763
3672,30,150,155,1,2.799300032601763
4749,48,240,245,1,2.799300032601763
5183,56,280,285,1,2.799300032601763
5501,62,310,315,1,2.799300032601763
6298,79,395,400,1,2.799300032601763
6519,85,425,430,1,2.799300032601763
6979,97,485,490,1,2.799300032601763
7221,104,520,525,1,2.799300032601763
7314,106,530,535,1,2.799300032601763
7449,110,550,555,1,2.799300032601763
7740,118,590,595,1,2.799300032601763
8227,131,655,660,1,2.799300032601763
8228,131,655,660,1,2.799300032601763
9541,166,830,835,1,2.799300032601763
9580,167,835,840,1,2.799300032601763
9953,178,890,895,1,2.799300032601763
10941,206,1030,1035,1,2.799300032601763
11095,211,1055,1060,1,2.799300032601763
11454,223,1115,1120,1,2.799300032601763
11715,232,1160,1165,1,2.799300032601763
12107,247,1235,1240,1,2.799300032601763
12230,252,1260,1265,1,2.799300032601763
12524,265,1325,1330,1,2.799300032601763
12644,271,1355,1360,1,2.799300032601763
12988,287,1435,1440,1,2.799300032601763
13125,293,1465,1470,1,2.799300032601763
13220,298,1490,1495,1,2.799300032601763
13776,336,1680,1685,1,2.799300032601763
13799,338,1690,1695,1,2.799300032601763
13823,340,1700,1705,1,2.799300032601763
13837,341,1705,1710,1,2.799300032601763
13891,345,1725,1730,1,2.799300032601763
14292,395,1975,1980,1,2.799300032601763
14456,449,2245,2250,1,2.799300032601763
451,2,10,15,1,2.7987210548456076
694,3,15,20,1,2.7987210548456076
697,3,15,20,1,2.7987210548456076
928,4,20,25,1,2.7987210548456076
1147,5,25,30,1,2.7987210548456076
1148,5,25,30,1,2.7987210548456076
1345,6,30,35,1,2.7987210548456076
1346,6,30,35,1,2.7987210548456076
1347,6,30,35,1,2.7987210548456076
1661,8,40,45,1,2.7987210548456076
1662,8,40,45,1,2.7987210548456076
1663,8,40,45,1,2.7987210548456076
1793,9,45,50,1,2.7987210548456076
1794,9,45,50,1,2.7987210548456076
1921,10,50,55,1,2.7987210548456076
2041,11,55,60,1,2.7987210548456076
2353,14,70,75,1,2.7987210548456076
2354,14,70,75,1,2.7987210548456076
2641,17,85,90,1,2.7987210548456076
2729,18,90,95,1,2.7987210548456076
5182,56,280,285,1,2.7987210548456076
6110,75,375,380,1,2.7987210548456076
6444,83,415,420,1,2.7987210548456076
6754,91,455,460,1,2.7987210548456076
6827,93,465,470,1,2.7987210548456076
7044,99,495,500,1,2.7987210548456076
7420,109,545,550,1,2.7987210548456076
7601,114,570,575,1,2.7987210548456076
7849,121,605,610,1,2.7987210548456076
8226,131,655,660,1,2.7987210548456076
8537,138,690,695,1,2.7987210548456076
8658,141,705,710,1,2.7987210548456076
9024,151,755,760,1,2.7987210548456076
9540,166,830,835,1,2.7987210548456076
10364,190,950,955,1,2.7987210548456076
10665,198,990,995,1,2.7987210548456076
10693,199,995,1000,1,2.7987210548456076
10806,202,1010,1015,1,2.7987210548456076
11012,208,1040,1045,1,2.7987210548456076
11153,213,1065,1070,1,2.7987210548456076
11312,218,1090,1095,1,2.7987210548456076
11631,229,1145,1150,1,2.7987210548456076
11910,239,1195,1200,1,2.7987210548456076
11911,239,1195,1200,1,2.7987210548456076
12016,244,1220,1225,1,2.7987210548456076
12299,255,1275,1280,1,2.7987210548456076
12300,255,1275,1280,1,2.7987210548456076
12499,264,1320,1325,1,2.7987210548456076
12943,284,1420,1425,1,2.7987210548456076
13185,296,1480,1485,1,2.7987210548456076
13316,304,1520,1525,1,2.7987210548456076
13623,324,1620,1625,1,2.7987210548456076
13669,327,1635,1640,1,2.7987210548456076
14141,371,1855,1860,1,2.7987210548456076
14242,386,1930,1935,1,2.7987210548456076
14345,408,2040,2045,1,2.7987210548456076
14475,461,2305,2310,1,2.7987210548456076
14478,463,2315,2320,1,2.7987210548456076
14551,535,2675,2680,1,2.7987210548456076
452,2,10,15,1,2.7987210548408354
453,2,10,15,1,2.7987210548408354
695,3,15,20,1,2.7987210548408354
696,3,15,20,1,2.7987210548408354
1146,5,25,30,1,2.7987210548408354
1150,5,25,30,1,2.7987210548408354
1341,6,30,35,1,2.7987210548408354
1342,6,30,35,1,2.7987210548408354
1343,6,30,35,1,2.7987210548408354
1344,6,30,35,1,2.7987210548408354
1511,7,35,40,1,2.7987210548408354
1795,9,45,50,1,2.7987210548408354
2266,13,65,70,1,2.7987210548408354
2352,14,70,75,1,2.7987210548408354
2554,16,80,85,1,2.7987210548408354
2895,20,100,105,1,2.7987210548408354
4634,46,230,235,1,2.7987210548408354
4748,48,240,245,1,2.7987210548408354
5840,69,345,350,1,2.7987210548408354
6405,82,410,415,1,2.7987210548408354
7313,106,530,535,1,2.7987210548408354
7672,116,580,585,1,2.7987210548408354
7815,120,600,605,1,2.7987210548408354
7951,124,620,625,1,2.7987210548408354
8024,126,630,635,1,2.7987210548408354
8353,134,670,675,1,2.7987210548408354
8443,136,680,685,1,2.7987210548408354
8536,138,690,695,1,2.7987210548408354
8734,143,715,720,1,2.7987210548408354
10059,181,905,910,1,2.7987210548408354
10258,187,935,940,1,2.7987210548408354
10694,199,995,1000,1,2.7987210548408354
10844,203,1015,1020,1,2.7987210548408354
11094,211,1055,1060,1,2.7987210548408354
11596,228,1140,1145,1,2.7987210548408354
12147,249,1245,1250,1,2.7987210548408354
12362,258,1290,1295,1,2.7987210548408354
12523,265,1325,1330,1,2.7987210548408354
12843,280,1400,1405,1,2.7987210548408354
12895,282,1410,1415,1,2.7987210548408354
13264,301,1505,1510,1,2.7987210548408354
13295,303,1515,1520,1,2.7987210548408354
13471,313,1565,1570,1,2.7987210548408354
13559,319,1595,1600,1,2.7987210548408354
13569,320,1600,1605,1,2.7987210548408354
13836,341,1705,1710,1,2.7987210548408354
14231,384,1920,1925,1,2.7987210548408354
14392,421,2105,2110,1,2.7987210548408354
14514,489,2445,2450,1,2.7987210548408354
14518,492,2460,2465,1,2.7987210548408354
449,2,10,15,1,2.7981418402705827
924,4,20,25,1,2.7981418402705827
926,4,20,25,1,2.7981418402705827
927,4,20,25,1,2.7981418402705827
1145,5,25,30,1,2.7981418402705827
1340,6,30,35,1,2.7981418402705827
1509,7,35,40,1,2.7981418402705827
1790,9,45,50,1,2.7981418402705827
1791,9,45,50,1,2.7981418402705827
1792,9,45,50,1,2.7981418402705827
1919,10,50,55,1,2.7981418402705827
2155,12,60,65,1,2.7981418402705827
2640,17,85,90,1,2.7981418402705827
2983,21,105,110,1,2.7981418402705827
3068,22,110,115,1,2.7981418402705827
6020,73,365,370,1,2.7981418402705827
6896,95,475,480,1,2.7981418402705827
7080,100,500,505,1,2.7981418402705827
7150,102,510,515,1,2.7981418402705827
7987,125,625,630,1,2.7981418402705827
8106,128,640,645,1,2.7981418402705827
8535,138,690,695,1,2.7981418402705827
8874,147,735,740,1,2.7981418402705827
9023,151,755,760,1,2.7981418402705827
9202,156,780,785,1,2.7981418402705827
9237,157,785,790,1,2.7981418402705827
9405,162,810,815,1,2.7981418402705827
9441,163,815,820,1,2.7981418402705827
9579,167,835,840,1,2.7981418402705827
9700,171,855,860,1,2.7981418402705827
10029,180,900,905,1,2.7981418402705827
10396,191,955,960,1,2.7981418402705827
10664,198,990,995,1,2.7981418402705827
10692,199,995,1000,1,2.7981418402705827
10732,200,1000,1005,1,2.7981418402705827
10763,201,1005,1010,1,2.7981418402705827
11068,210,1050,1055,1,2.7981418402705827
11151,213,1065,1070,1,2.7981418402705827
11496,224,1120,1125,1,2.7981418402705827
11594,228,1140,1145,1,2.7981418402705827
11595,228,1140,1145,1,2.7981418402705827
11685,231,1155,1160,1,2.7981418402705827
11810,236,1180,1185,1,2.7981418402705827
12272,254,1270,1275,1,2.7981418402705827
12327,256,1280,1285,1,2.7981418402705827
12522,265,1325,1330,1,2.7981418402705827
12842,280,1400,1405,1,2.7981418402705827
13184,296,1480,1485,1,2.7981418402705827
13399,308,1540,1545,1,2.7981418402705827
14149,372,1860,1865,1,2.7981418402705827
14401,424,2120,2125,1,2.7981418402705827
14412,429,2145,2150,1,2.7981418402705827
14443,443,2215,2220,1,2.7981418402705827
14464,456,2280,2285,1,2.7981418402705827
241,1,5,10,1,2.7981418402658114
448,2,10,15,1,2.7981418402658114
691,3,15,20,1,2.7981418402658114
692,3,15,20,1,2.7981418402658114
693,3,15,20,1,2.7981418402658114
1508,7,35,40,1,2.7981418402658114
1659,8,40,45,1,2.7981418402658114
1660,8,40,45,1,2.7981418402658114
1920,10,50,55,1,2.7981418402658114
2040,11,55,60,1,2.7981418402658114
2351,14,70,75,1,2.7981418402658114
2553,16,80,85,1,2.7981418402658114
4747,48,240,245,1,2.7981418402658114
5133,55,275,280,1,2.7981418402658114
5697,66,330,335,1,2.7981418402658114
5839,69,345,350,1,2.7981418402658114
7271,105,525,530,1,2.7981418402658114
7706,117,585,590,1,2.7981418402658114
8316,133,665,670,1,2.7981418402658114
8763,144,720,725,1,2.7981418402658114
9345,160,800,805,1,2.7981418402658114
9872,176,880,885,1,2.7981418402658114
10322,189,945,950,1,2.7981418402658114
10517,194,970,975,1,2.7981418402658114
10518,194,970,975,1,2.7981418402658114
10805,202,1010,1015,1,2.7981418402658114
10906,205,1025,1030,1,2.7981418402658114
10907,205,1025,1030,1,2.7981418402658114
11118,212,1060,1065,1,2.7981418402658114
11152,213,1065,1070,1,2.7981418402658114
11213,215,1075,1080,1,2.7981418402658114
11271,217,1085,1090,1,2.7981418402658114
11401,221,1105,1110,1,2.7981418402658114
11453,223,1115,1120,1,2.7981418402658114
11546,226,1130,1135,1,2.7981418402658114
12105,247,1235,1240,1,2.7981418402658114
12106,247,1235,1240,1,2.7981418402658114
12383,259,1295,1300,1,2.7981418402658114
12435,261,1305,1310,1,2.7981418402658114
13331,305,1525,1530,1,2.7981418402658114
13680,328,1640,1645,1,2.7981418402658114
13948,350,1750,1755,1,2.7981418402658114
13958,351,1755,1760,1,2.7981418402658114
14029,357,1785,1790,1,2.7981418402658114
14428,434,2170,2175,1,2.7981418402658114
14528,503,2515,2520,1,2.7981418402658114
240,1,5,10,1,2.7975623889247183
690,3,15,20,1,2.7975623889247183
1140,5,25,30,1,2.7975623889247183
1143,5,25,30,1,2.7975623889247183
1339,6,30,35,1,2.7975623889247183
1507,7,35,40,1,2.7975623889247183
1657,8,40,45,1,2.7975623889247183
1658,8,40,45,1,2.7975623889247183
1918,10,50,55,1,2.7975623889247183
2038,11,55,60,1,2.7975623889247183
2815,19,95,100,1,2.7975623889247183
3605,29,145,150,1,2.7975623889247183
5553,63,315,320,1,2.7975623889247183
5980,72,360,365,1,2.7975623889247183
6369,81,405,410,1,2.7975623889247183
6791,92,460,465,1,2.7975623889247183
7119,101,505,510,1,2.7975623889247183
7923,123,615,620,1,2.7975623889247183
8910,148,740,745,1,2.7975623889247183
8981,150,750,755,1,2.7975623889247183
9132,154,770,775,1,2.7975623889247183
9272,158,790,795,1,2.7975623889247183
9309,159,795,800,1,2.7975623889247183
9440,163,815,820,1,2.7975623889247183
9649,169,845,850,1,2.7975623889247183
10256,187,935,940,1,2.7975623889247183
10285,188,940,945,1,2.7975623889247183
10286,188,940,945,1,2.7975623889247183
10362,190,950,955,1,2.7975623889247183
10363,190,950,955,1,2.7975623889247183
10395,191,955,960,1,2.7975623889247183
10441,192,960,965,1,2.7975623889247183
10804,202,1010,1015,1,2.7975623889247183
11067,210,1050,1055,1,2.7975623889247183
11093,211,1055,1060,1,2.7975623889247183
11150,213,1065,1070,1,2.7975623889247183
11311,218,1090,1095,1,2.7975623889247183
11368,220,1100,1105,1,2.7975623889247183
11495,224,1120,1125,1,2.7975623889247183
11545,226,1130,1135,1,2.7975623889247183
11684,231,1155,1160,1,2.7975623889247183
11937,240,1200,1205,1,2.7975623889247183
12201,251,1255,1260,1,2.7975623889247183
13083,291,1455,1460,1,2.7975623889247183
13437,310,1550,1555,1,2.7975623889247183
13639,325,1625,1630,1,2.7975623889247183
14307,398,1990,1995,1,2.7975623889247183
14315,401,2005,2010,1,2.7975623889247183
14369,414,2070,2075,1,2.7975623889247183
14398,423,2115,2120,1,2.7975623889247183
14501,476,2380,2385,1,2.7975623889247183
14543,513,2565,2570,1,2.7975623889247183
64,0,0,5,1,2.797562388919948
923,4,20,25,1,2.797562388919948
1142,5,25,30,1,2.797562388919948
1144,5,25,30,1,2.797562388919948
1506,7,35,40,1,2.797562388919948
1786,9,45,50,1,2.797562388919948
1787,9,45,50,1,2.797562388919948
1917,10,50,55,1,2.797562388919948
2814,19,95,100,1,2.797562388919948
5132,55,275,280,1,2.797562388919948
5453,61,305,310,1,2.797562388919948
5747,67,335,340,1,2.797562388919948
6895,95,475,480,1,2.797562388919948
7600,114,570,575,1,2.797562388919948
7739,118,590,595,1,2.797562388919948
8225,131,655,660,1,2.797562388919948
9096,153,765,770,1,2.797562388919948
9952,178,890,895,1,2.797562388919948
10028,180,900,905,1,2.797562388919948
10129,183,915,920,1,2.797562388919948
10257,187,935,940,1,2.797562388919948
10321,189,945,950,1,2.797562388919948
10556,195,975,980,1,2.797562388919948
10663,198,990,995,1,2.797562388919948
10731,200,1000,1005,1,2.797562388919948
10905,205,1025,1030,1,2.797562388919948
10940,206,1030,1035,1,2.797562388919948
11245,216,1080,1085,1,2.797562388919948
11310,218,1090,1095,1,2.797562388919948
11345,219,1095,1100,1,2.797562388919948
11521,225,1125,1130,1,2.797562388919948
11790,235,1175,1180,1,2.797562388919948
11938,240,1200,1205,1,2.797562388919948
12015,244,1220,1225,1,2.797562388919948
12841,280,1400,1405,1,2.797562388919948
12972,286,1430,1435,1,2.797562388919948
13701,330,1650,1655,1,2.797562388919948
13877,344,1720,1725,1,2.797562388919948
13957,351,1755,1760,1,2.797562388919948
13974,352,1760,1765,1,2.797562388919948
14374,416,2080,2085,1,2.797562388919948
14499,475,2375,2380,1,2.797562388919948
14558,558,2790,2795,1,2.797562388919948
63,0,0,5,1,2.7969827008617605
238,1,5,10,1,2.7969827008617605
689,3,15,20,1,2.7969827008617605
1336,6,30,35,1,2.7969827008617605
1337,6,30,35,1,2.7969827008617605
1505,7,35,40,1,2.7969827008617605
1916,10,50,55,1,2.7969827008617605
2262,13,65,70,1,2.7969827008617605
2263,13,65,70,1,2.7969827008617605
2349,14,70,75,1,2.7969827008617605
2639,17,85,90,1,2.7969827008617605
3813,32,160,165,1,2.7969827008617605
5592,64,320,325,1,2.7969827008617605
6019,73,365,370,1,2.7969827008617605
6211,77,385,390,1,2.7969827008617605
6480,84,420,425,1,2.7969827008617605
6711,90,450,455,1,2.7969827008617605
7419,109,545,550,1,2.7969827008617605
7950,124,620,625,1,2.7969827008617605
8023,126,630,635,1,2.7969827008617605
9236,157,785,790,1,2.7969827008617605
9403,162,810,815,1,2.7969827008617605
9676,170,850,855,1,2.7969827008617605
10162,184,920,925,1,2.7969827008617605
10193,185,925,930,1,2.7969827008617605
10284,188,940,945,1,2.7969827008617605
10360,190,950,955,1,2.7969827008617605
10440,192,960,965,1,2.7969827008617605
10480,193,965,970,1,2.7969827008617605
10515,194,970,975,1,2.7969827008617605
10620,197,985,990,1,2.7969827008617605
10662,198,990,995,1,2.7969827008617605
10691,199,995,1000,1,2.7969827008617605
10878,204,1020,1025,1,2.7969827008617605
11011,208,1040,1045,1,2.7969827008617605
11092,211,1055,1060,1,2.7969827008617605
11344,219,1095,1100,1,2.7969827008617605
11400,221,1105,1110,1,2.7969827008617605
11630,229,1145,1150,1,2.7969827008617605
11714,232,1160,1165,1,2.7969827008617605
12128,248,1240,1245,1,2.7969827008617605
12347,257,1285,1290,1,2.7969827008617605
12433,261,1305,1310,1,2.7969827008617605
12434,261,1305,1310,1,2.7969827008617605
12730,275,1375,1380,1,2.7969827008617605
13754,334,1670,1675,1,2.7969827008617605
13912,347,1735,1740,1,2.7969827008617605
14191,379,1895,1900,1,2.7969827008617605
14255,389,1945,1950,1,2.7969827008617605
14302,397,1985,1990,1,2.7969827008617605
14335,405,2025,2030,1,2.7969827008617605
14397,423,2115,2120,1,2.7969827008617605
14462,455,2275,2280,1,2.7969827008617605
443,2,10,15,1,2.796982700856991
444,2,10,15,1,2.796982700856991
445,2,10,15,1,2.796982700856991
1656,8,40,45,1,2.796982700856991
1785,9,45,50,1,2.796982700856991
1915,10,50,55,1,2.796982700856991
2035,11,55,60,1,2.796982700856991
2036,11,55,60,1,2.796982700856991
2728,18,90,95,1,2.796982700856991
2813,19,95,100,1,2.796982700856991
2981,21,105,110,1,2.796982700856991
4367,41,205,210,1,2.796982700856991
5081,54,270,275,1,2.796982700856991
5345,59,295,300,1,2.796982700856991
6710,90,450,455,1,2.796982700856991
7043,99,495,500,1,2.796982700856991
7769,119,595,600,1,2.796982700856991
7986,125,625,630,1,2.796982700856991
8841,146,730,735,1,2.796982700856991
8909,148,740,745,1,2.796982700856991
9404,162,810,815,1,2.796982700856991
9471,164,820,825,1,2.796982700856991
9951,178,890,895,1,2.796982700856991
10361,190,950,955,1,2.796982700856991
10516,194,970,975,1,2.796982700856991
10621,197,985,990,1,2.796982700856991
10661,198,990,995,1,2.796982700856991
10730,200,1000,1005,1,2.796982700856991
10762,201,1005,1010,1,2.796982700856991
10843,203,1015,1020,1,2.796982700856991
11010,208,1040,1045,1,2.796982700856991
11117,212,1060,1065,1,2.796982700856991
11149,213,1065,1070,1,2.796982700856991
11244,216,1080,1085,1,2.796982700856991
11871,238,1190,1195,1,2.796982700856991
11872,238,1190,1195,1,2.796982700856991
11873,238,1190,1195,1,2.796982700856991
12688,273,1365,1370,1,2.796982700856991
12731,275,1375,1380,1,2.796982700856991
13445,311,1555,1560,1,2.796982700856991
13668,327,1635,1640,1,2.796982700856991
13679,328,1640,1645,1,2.796982700856991
13811,339,1695,1700,1,2.796982700856991
14241,386,1930,1935,1,2.796982700856991
14323,402,2010,2015,1,2.796982700856991
14371,415,2075,2080,1,2.796982700856991
14552,536,2680,2685,1,2.796982700856991
442,2,10,15,1,2.796402776128899
922,4,20,25,1,2.796402776128899
1137,5,25,30,1,2.796402776128899
1654,8,40,45,1,2.796402776128899
1913,10,50,55,1,2.796402776128899
1914,10,50,55,1,2.796402776128899
2034,11,55,60,1,2.796402776128899
2261,13,65,70,1,2.796402776128899
2348,14,70,75,1,2.796402776128899
2727,18,90,95,1,2.796402776128899
4696,47,235,240,1,2.796402776128899
5080,54,270,275,1,2.796402776128899
6210,77,385,390,1,2.796402776128899
6368,81,405,410,1,2.796402776128899
6518,85,425,430,1,2.796402776128899
7118,101,505,510,1,2.796402776128899
7516,112,560,565,1,2.796402776128899
7670,116,580,585,1,2.796402776128899
7671,116,580,585,1,2.796402776128899
9058,152,760,765,1,2.796402776128899
9131,154,770,775,1,2.796402776128899
9308,159,795,800,1,2.796402776128899
9618,168,840,845,1,2.796402776128899
9794,174,870,875,1,2.796402776128899
9988,179,895,900,1,2.796402776128899
10192,185,925,930,1,2.796402776128899
10320,189,945,950,1,2.796402776128899
10439,192,960,965,1,2.796402776128899
10555,195,975,980,1,2.796402776128899
10590,196,980,985,1,2.796402776128899
10660,198,990,995,1,2.796402776128899
10729,200,1000,1005,1,2.796402776128899
10803,202,1010,1015,1,2.796402776128899
11008,208,1040,1045,1,2.796402776128899
11066,210,1050,1055,1,2.796402776128899
11399,221,1105,1110,1,2.796402776128899
11593,228,1140,1145,1,2.796402776128899
11647,230,1150,1155,1,2.796402776128899
11683,231,1155,1160,1,2.796402776128899
12146,249,1245,1250,1,2.796402776128899
12361,258,1290,1295,1,2.796402776128899
12564,267,1335,1340,1,2.796402776128899
12665,272,1360,1365,1,2.796402776128899
12894,282,1410,1415,1,2.796402776128899
13330,305,1525,1530,1,2.796402776128899
13890,345,1725,1730,1,2.796402776128899
14218,382,1910,1915,1,2.796402776128899
14311,399,1995,2000,1,2.796402776128899
14391,421,2105,2110,1,2.796402776128899
14496,472,2360,2365,1,2.796402776128899
14548,532,2660,2665,1,2.796402776128899
236,1,5,10,1,2.7964027761241304
921,4,20,25,1,2.7964027761241304
1138,5,25,30,1,2.7964027761241304
1504,7,35,40,1,2.7964027761241304
1655,8,40,45,1,2.7964027761241304
2148,12,60,65,1,2.7964027761241304
2150,12,60,65,1,2.7964027761241304
2151,12,60,65,1,2.7964027761241304
2260,13,65,70,1,2.7964027761241304
2446,15,75,80,1,2.7964027761241304
3147,23,115,120,1,2.7964027761241304
5238,57,285,290,1,2.7964027761241304
5393,60,300,305,1,2.7964027761241304
5891,70,350,355,1,2.7964027761241304
6635,88,440,445,1,2.7964027761241304
7042,99,495,500,1,2.7964027761241304
8442,136,680,685,1,2.7964027761241304
8980,150,750,755,1,2.7964027761241304
9502,165,825,830,1,2.7964027761241304
9648,169,845,850,1,2.7964027761241304
9699,171,855,860,1,2.7964027761241304
9841,175,875,880,1,2.7964027761241304
9871,176,880,885,1,2.7964027761241304
10058,181,905,910,1,2.7964027761241304
10283,188,940,945,1,2.7964027761241304
10437,192,960,965,1,2.7964027761241304
10438,192,960,965,1,2.7964027761241304
10591,196,980,985,1,2.7964027761241304
10904,205,1025,1030,1,2.7964027761241304
11007,208,1040,1045,1,2.7964027761241304
11009,208,1040,1045,1,2.7964027761241304
11242,216,1080,1085,1,2.7964027761241304
11243,216,1080,1085,1,2.7964027761241304
11270,217,1085,1090,1,2.7964027761241304
11309,218,1090,1095,1,2.7964027761241304
11936,240,1200,1205,1,2.7964027761241304
12478,263,1315,1320,1,2.7964027761241304
12498,264,1320,1325,1,2.7964027761241304
12840,280,1400,1405,1,2.7964027761241304
13531,317,1585,1590,1,2.7964027761241304
14009,355,1775,1780,1,2.7964027761241304
14112,367,1835,1840,1,2.7964027761241304
14334,405,2025,2030,1,2.7964027761241304
14533,506,2530,2535,1,2.7964027761241304
14549,533,2665,2670,1,2.7964027761241304
235,1,5,10,1,2.795822614775947
440,2,10,15,1,2.795822614775947
919,4,20,25,1,2.795822614775947
1333,6,30,35,1,2.795822614775947
1335,6,30,35,1,2.795822614775947
1653,8,40,45,1,2.795822614775947
1912,10,50,55,1,2.795822614775947
2146,12,60,65,1,2.795822614775947
2345,14,70,75,1,2.795822614775947
2346,14,70,75,1,2.795822614775947
2445,15,75,80,1,2.795822614775947
3307,25,125,130,1,2.795822614775947
4460,43,215,220,1,2.795822614775947
5452,61,305,310,1,2.795822614775947
5979,72,360,365,1,2.795822614775947
6329,80,400,405,1,2.795822614775947
6479,84,420,425,1,2.795822614775947
6856,94,470,475,1,2.795822614775947
7185,103,515,520,1,2.795822614775947
7448,110,550,555,1,2.795822614775947
8801,145,725,730,1,2.795822614775947
8908,148,740,745,1,2.795822614775947
9057,152,760,765,1,2.795822614775947
9171,155,775,780,1,2.795822614775947
9402,162,810,815,1,2.795822614775947
9439,163,815,820,1,2.795822614775947
9539,166,830,835,1,2.795822614775947
9578,167,835,840,1,2.795822614775947
9647,169,845,850,1,2.795822614775947
9793,174,870,875,1,2.795822614775947
9949,178,890,895,1,2.795822614775947
10027,180,900,905,1,2.795822614775947
10619,197,985,990,1,2.795822614775947
10659,198,990,995,1,2.795822614775947
10690,199,995,1000,1,2.795822614775947
10802,202,1010,1015,1,2.795822614775947
11115,212,1060,1065,1,2.795822614775947
11343,219,1095,1100,1,2.795822614775947
11629,229,1145,1150,1,2.795822614775947
11909,239,1195,1200,1,2.795822614775947
12176,250,1250,1255,1,2.795822614775947
12200,251,1255,1260,1,2.795822614775947
12411,260,1300,1305,1,2.795822614775947
12715,274,1370,1375,1,2.795822614775947
13106,292,1460,1465,1,2.795822614775947
13568,320,1600,1605,1,2.795822614775947
13740,333,1665,1670,1,2.795822614775947
13911,347,1735,1740,1,2.795822614775947
14087,365,1825,1830,1,2.795822614775947
14099,366,1830,1835,1,2.795822614775947
14441,442,2210,2215,1,2.795822614775947
14469,458,2290,2295,1,2.795822614775947
14534,508,2540,2545,1,2.795822614775947
688,3,15,20,1,2.795822614771179
920,4,20,25,1,2.795822614771179
1136,5,25,30,1,2.795822614771179
1503,7,35,40,1,2.795822614771179
1911,10,50,55,1,2.795822614771179
2147,12,60,65,1,2.795822614771179
2549,16,80,85,1,2.795822614771179
2551,16,80,85,1,2.795822614771179
3469,27,135,140,1,2.795822614771179
5658,65,325,330,1,2.795822614771179
6063,74,370,375,1,2.795822614771179
6443,83,415,420,1,2.795822614771179
6517,85,425,430,1,2.795822614771179
7358,107,535,540,1,2.795822614771179
8315,133,665,670,1,2.795822614771179
8979,150,750,755,1,2.795822614771179
9235,157,785,790,1,2.795822614771179
9271,158,790,795,1,2.795822614771179
9373,161,805,810,1,2.795822614771179
9438,163,815,820,1,2.795822614771179
9734,172,860,865,1,2.795822614771179
9765,173,865,870,1,2.795822614771179
9950,178,890,895,1,2.795822614771179
9987,179,895,900,1,2.795822614771179
10160,184,920,925,1,2.795822614771179
10161,184,920,925,1,2.795822614771179
10728,200,1000,1005,1,2.795822614771179
10976,207,1035,1040,1,2.795822614771179
10977,207,1035,1040,1,2.795822614771179
11065,210,1050,1055,1,2.795822614771179
11091,211,1055,1060,1,2.795822614771179
11116,212,1060,1065,1,2.795822614771179
11544,226,1130,1135,1,2.795822614771179
11566,227,1135,1140,1,2.795822614771179
11592,228,1140,1145,1,2.795822614771179
11713,232,1160,1165,1,2.795822614771179
12047,245,1225,1230,1,2.795822614771179
12175,250,1250,1255,1,2.795822614771179
12326,256,1280,1285,1,2.795822614771179
14155,373,1865,1870,1,2.795822614771179
14266,391,1955,1960,1,2.795822614771179
14280,393,1965,1970,1,2.795822614771179
14487,466,2330,2335,1,2.795822614771179
14553,537,2685,2690,1,2.795822614771179
917,4,20,25,1,2.795242216852715
1134,5,25,30,1,2.795242216852715
1502,7,35,40,1,2.795242216852715
1783,9,45,50,1,2.795242216852715
2032,11,55,60,1,2.795242216852715
2033,11,55,60,1,2.795242216852715
2444,15,75,80,1,2.795242216852715
2980,21,105,110,1,2.795242216852715
3227,24,120,125,1,2.795242216852715
5696,66,330,335,1,2.795242216852715
6259,78,390,395,1,2.795242216852715
6709,90,450,455,1,2.795242216852715
7041,99,495,500,1,2.795242216852715
7418,109,545,550,1,2.795242216852715
7814,120,600,605,1,2.795242216852715
8269,132,660,665,1,2.795242216852715
8696,142,710,715,1,2.795242216852715
8799,145,725,730,1,2.795242216852715
8800,145,725,730,1,2.795242216852715
8840,146,730,735,1,2.795242216852715
9170,155,775,780,1,2.795242216852715
9234,157,785,790,1,2.795242216852715
9538,166,830,835,1,2.795242216852715
10513,194,970,975,1,2.795242216852715
10514,194,970,975,1,2.795242216852715
11006,208,1040,1045,1,2.795242216852715
11308,218,1090,1095,1,2.795242216852715
11342,219,1095,1100,1,2.795242216852715
11431,222,1110,1115,1,2.795242216852715
11627,229,1145,1150,1,2.795242216852715
11628,229,1145,1150,1,2.795242216852715
11870,238,1190,1195,1,2.795242216852715
12014,244,1220,1225,1,2.795242216852715
12453,262,1310,1315,1,2.795242216852715
13081,291,1455,1460,1,2.795242216852715
13082,291,1455,1460,1,2.795242216852715
13490,314,1570,1575,1,2.795242216852715
13508,316,1580,1585,1,2.795242216852715
13983,353,1765,1770,1,2.795242216852715
14111,367,1835,1840,1,2.795242216852715
14135,370,1850,1855,1,2.795242216852715
14249,387,1935,1940,1,2.795242216852715
14427,434,2170,2175,1,2.795242216852715
14503,478,2390,2395,1,2.795242216852715
234,1,5,10,1,2.7952422168479485
686,3,15,20,1,2.7952422168479485
1133,5,25,30,1,2.7952422168479485
1135,5,25,30,1,2.7952422168479485
1331,6,30,35,1,2.7952422168479485
1910,10,50,55,1,2.7952422168479485
2258,13,65,70,1,2.7952422168479485
2637,17,85,90,1,2.7952422168479485
2638,17,85,90,1,2.7952422168479485
3306,25,125,130,1,2.7952422168479485
4863,50,250,255,1,2.7952422168479485
5451,61,305,310,1,2.7952422168479485
6258,78,390,395,1,2.7952422168479485
6604,87,435,440,1,2.7952422168479485
6605,87,435,440,1,2.7952422168479485
7738,118,590,595,1,2.7952422168479485
8022,126,630,635,1,2.7952422168479485
8224,131,655,660,1,2.7952422168479485
8485,137,685,690,1,2.7952422168479485
8577,139,695,700,1,2.7952422168479485
8657,141,705,710,1,2.7952422168479485
8907,148,740,745,1,2.7952422168479485
9056,152,760,765,1,2.7952422168479485
9130,154,770,775,1,2.7952422168479485
9344,160,800,805,1,2.7952422168479485
9840,175,875,880,1,2.7952422168479485
9907,177,885,890,1,2.7952422168479485
10319,189,945,950,1,2.7952422168479485
10359,190,950,955,1,2.7952422168479485
10436,192,960,965,1,2.7952422168479485
10512,194,970,975,1,2.7952422168479485
10618,197,985,990,1,2.7952422168479485
11494,224,1120,1125,1,2.7952422168479485
11646,230,1150,1155,1,2.7952422168479485
11841,237,1185,1190,1,2.7952422168479485
11842,237,1185,1190,1,2.7952422168479485
12325,256,1280,1285,1,2.7952422168479485
12987,287,1435,1440,1,2.7952422168479485
13060,290,1450,1455,1,2.7952422168479485
13206,297,1485,1490,1,2.7952422168479485
13889,345,1725,1730,1,2.7952422168479485
14314,401,2005,2010,1,2.7952422168479485
14395,422,2110,2115,1,2.7952422168479485
14459,452,2260,2265,1,2.7952422168479485
14474,461,2305,2310,1,2.7952422168479485
438,2,10,15,1,2.7946615824050847
684,3,15,20,1,2.7946615824050847
1131,5,25,30,1,2.7946615824050847
1132,5,25,30,1,2.7946615824050847
1501,7,35,40,1,2.7946615824050847
2256,13,65,70,1,2.7946615824050847
2257,13,65,70,1,2.7946615824050847
2343,14,70,75,1,2.7946615824050847
2344,14,70,75,1,2.7946615824050847
2548,16,80,85,1,2.7946615824050847
2635,17,85,90,1,2.7946615824050847
2979,21,105,110,1,2.7946615824050847
4746,48,240,245,1,2.7946615824050847
6159,76,380,385,1,2.7946615824050847
6634,88,440,445,1,2.7946615824050847
7312,106,530,535,1,2.7946615824050847
7447,110,550,555,1,2.7946615824050847
7598,114,570,575,1,2.7946615824050847
7599,114,570,575,1,2.7946615824050847
7948,124,620,625,1,2.7946615824050847
7949,124,620,625,1,2.7946615824050847
8314,133,665,670,1,2.7946615824050847
8733,143,715,720,1,2.7946615824050847
8873,147,735,740,1,2.7946615824050847
8978,150,750,755,1,2.7946615824050847
9307,159,795,800,1,2.7946615824050847
9372,161,805,810,1,2.7946615824050847
9948,178,890,895,1,2.7946615824050847
10318,189,945,950,1,2.7946615824050847
10877,204,1020,1025,1,2.7946615824050847
10975,207,1035,1040,1,2.7946615824050847
11307,218,1090,1095,1,2.7946615824050847
11398,221,1105,1110,1,2.7946615824050847
12174,250,1250,1255,1,2.7946615824050847
12323,256,1280,1285,1,2.7946615824050847
12324,256,1280,1285,1,2.7946615824050847
12346,257,1285,1290,1,2.7946615824050847
12381,259,1295,1300,1,2.7946615824050847
12382,259,1295,1300,1,2.7946615824050847
12497,264,1320,1325,1,2.7946615824050847
13034,289,1445,1450,1,2.7946615824050847
13205,297,1485,1490,1,2.7946615824050847
13413,309,1545,1550,1,2.7946615824050847
13650,326,1630,1635,1,2.7946615824050847
14098,366,1830,1835,1,2.7946615824050847
14287,394,1970,1975,1,2.7946615824050847
14351,410,2050,2055,1,2.7946615824050847
14414,430,2150,2155,1,2.7946615824050847
14446,444,2220,2225,1,2.7946615824050847
1330,6,30,35,1,2.794661582400319
1782,9,45,50,1,2.794661582400319
2030,11,55,60,1,2.794661582400319
2145,12,60,65,1,2.794661582400319
2342,14,70,75,1,2.794661582400319
2443,15,75,80,1,2.794661582400319
2636,17,85,90,1,2.794661582400319
2893,20,100,105,1,2.794661582400319
4001,35,175,180,1,2.794661582400319
5695,66,330,335,1,2.794661582400319
6603,87,435,440,1,2.794661582400319
6633,88,440,445,1,2.794661582400319
6790,92,460,465,1,2.794661582400319
7559,113,565,570,1,2.794661582400319
8351,134,670,675,1,2.794661582400319
8352,134,670,675,1,2.794661582400319
8385,135,675,680,1,2.794661582400319
8441,136,680,685,1,2.794661582400319
8762,144,720,725,1,2.794661582400319
8906,148,740,745,1,2.794661582400319
9470,164,820,825,1,2.794661582400319
9537,166,830,835,1,2.794661582400319
9985,179,895,900,1,2.794661582400319
10026,180,900,905,1,2.794661582400319
10190,185,925,930,1,2.794661582400319
10317,189,945,950,1,2.794661582400319
10658,198,990,995,1,2.794661582400319
10801,202,1010,1015,1,2.794661582400319
10903,205,1025,1030,1,2.794661582400319
11037,209,1045,1050,1,2.794661582400319
12046,245,1225,1230,1,2.794661582400319
12298,255,1275,1280,1,2.794661582400319
12752,276,1380,1385,1,2.794661582400319
12772,277,1385,1390,1,2.794661582400319
13014,288,1440,1445,1,2.794661582400319
13252,300,1500,1505,1,2.794661582400319
13456,312,1560,1565,1,2.794661582400319
13753,334,1670,1675,1,2.794661582400319
14261,390,1950,1955,1,2.794661582400319
14484,465,2325,2330,1,2.794661582400319
14537,509,2545,2550,1,2.794661582400319
681,3,15,20,1,2.7940807114894217
916,4,20,25,1,2.7940807114894217
1329,6,30,35,1,2.7940807114894217
1652,8,40,45,1,2.7940807114894217
1908,10,50,55,1,2.7940807114894217
2255,13,65,70,1,2.7940807114894217
2341,14,70,75,1,2.7940807114894217
2442,15,75,80,1,2.7940807114894217
2547,16,80,85,1,2.7940807114894217
3067,22,110,115,1,2.7940807114894217
4695,47,235,240,1,2.7940807114894217
4804,49,245,250,1,2.7940807114894217
5019,53,265,270,1,2.7940807114894217
5020,53,265,270,1,2.7940807114894217
5392,60,300,305,1,2.7940807114894217
5552,63,315,320,1,2.7940807114894217
5746,67,335,340,1,2.7940807114894217
6297,79,395,400,1,2.7940807114894217
6560,86,430,435,1,2.7940807114894217
7116,101,505,510,1,2.7940807114894217
7117,101,505,510,1,2.7940807114894217
7184,103,515,520,1,2.7940807114894217
7390,108,540,545,1,2.7940807114894217
7848,121,605,610,1,2.7940807114894217
7879,122,610,615,1,2.7940807114894217
7880,122,610,615,1,2.7940807114894217
8021,126,630,635,1,2.7940807114894217
9169,155,775,780,1,2.7940807114894217
9270,158,790,795,1,2.7940807114894217
9437,163,815,820,1,2.7940807114894217
10478,193,965,970,1,2.7940807114894217
10479,193,965,970,1,2.7940807114894217
11241,216,1080,1085,1,2.7940807114894217
11682,231,1155,1160,1,2.7940807114894217
11809,236,1180,1185,1,2.7940807114894217
12104,247,1235,1240,1,2.7940807114894217
12593,268,1340,1345,1,2.7940807114894217
12664,272,1360,1365,1,2.7940807114894217
12686,273,1365,1370,1,2.7940807114894217
12838,280,1400,1405,1,2.7940807114894217
12986,287,1435,1440,1,2.7940807114894217
13611,323,1615,1620,1,2.7940807114894217
13667,327,1635,1640,1,2.7940807114894217
13956,351,1755,1760,1,2.7940807114894217
14322,402,2010,2015,1,2.7940807114894217
14411,429,2145,2150,1,2.7940807114894217
14477,463,2315,2320,1,2.7940807114894217
14482,464,2320,2325,1,2.7940807114894217
14547,519,2595,2600,1,2.7940807114894217
233,1,5,10,1,2.7940807114846575
682,3,15,20,1,2.7940807114846575
1326,6,30,35,1,2.7940807114846575
1328,6,30,35,1,2.7940807114846575
2143,12,60,65,1,2.7940807114846575
2144,12,60,65,1,2.7940807114846575
2254,13,65,70,1,2.7940807114846575
3146,23,115,120,1,2.7940807114846575
3812,32,160,165,1,2.7940807114846575
5079,54,270,275,1,2.7940807114846575
5890,70,350,355,1,2.7940807114846575
6062,74,370,375,1,2.7940807114846575
6209,77,385,390,1,2.7940807114846575
6478,84,420,425,1,2.7940807114846575
6602,87,435,440,1,2.7940807114846575
6941,96,480,485,1,2.7940807114846575
6942,96,480,485,1,2.7940807114846575
7149,102,510,515,1,2.7940807114846575
7446,110,550,555,1,2.7940807114846575
7737,118,590,595,1,2.7940807114846575
7922,123,615,620,1,2.7940807114846575
7947,124,620,625,1,2.7940807114846575
8313,133,665,670,1,2.7940807114846575
9577,167,835,840,1,2.7940807114846575
9839,175,875,880,1,2.7940807114846575
10435,192,960,965,1,2.7940807114846575
10842,203,1015,1020,1,2.7940807114846575
10939,206,1030,1035,1,2.7940807114846575
11269,217,1085,1090,1,2.7940807114846575
11493,224,1120,1125,1,2.7940807114846575
12073,246,1230,1235,1,2.7940807114846575
12477,263,1315,1320,1,2.7940807114846575
12616,269,1345,1350,1,2.7940807114846575
12687,273,1365,1370,1,2.7940807114846575
12839,280,1400,1405,1,2.7940807114846575
13183,296,1480,1485,1,2.7940807114846575
13489,314,1570,1575,1,2.7940807114846575
14062,362,1810,1815,1,2.7940807114846575
14310,399,1995,2000,1,2.7940807114846575
14384,419,2095,2100,1,2.7940807114846575
14494,469,2345,2350,1,2.7940807114846575
14512,486,2430,2435,1,2.7940807114846575
229,1,5,10,1,2.793499604145052
230,1,5,10,1,2.793499604145052
436,2,10,15,1,2.793499604145052
1500,7,35,40,1,2.793499604145052
1650,8,40,45,1,2.793499604145052
1775,9,45,50,1,2.793499604145052
1778,9,45,50,1,2.793499604145052
1779,9,45,50,1,2.793499604145052
1903,10,50,55,1,2.793499604145052
1904,10,50,55,1,2.793499604145052
1906,10,50,55,1,2.793499604145052
2142,12,60,65,1,2.793499604145052
2340,14,70,75,1,2.793499604145052
3144,23,115,120,1,2.793499604145052
3145,23,115,120,1,2.793499604145052
3939,34,170,175,1,2.793499604145052
4802,49,245,250,1,2.793499604145052
4803,49,245,250,1,2.793499604145052
4926,51,255,260,1,2.793499604145052
5131,55,275,280,1,2.793499604145052
5236,57,285,290,1,2.793499604145052
5450,61,305,310,1,2.793499604145052
5932,71,355,360,1,2.793499604145052
6109,75,375,380,1,2.793499604145052
6208,77,385,390,1,2.793499604145052
6404,82,410,415,1,2.793499604145052
6672,89,445,450,1,2.793499604145052
6978,97,485,490,1,2.793499604145052
7183,103,515,520,1,2.793499604145052
7921,123,615,620,1,2.793499604145052
7985,125,625,630,1,2.793499604145052
8105,128,640,645,1,2.793499604145052
8484,137,685,690,1,2.793499604145052
8732,143,715,720,1,2.793499604145052
8761,144,720,725,1,2.793499604145052
8905,148,740,745,1,2.793499604145052
9536,166,830,835,1,2.793499604145052
9576,167,835,840,1,2.793499604145052
11114,212,1060,1065,1,2.793499604145052
11212,215,1075,1080,1,2.793499604145052
11240,216,1080,1085,1,2.793499604145052
11452,223,1115,1120,1,2.793499604145052
11520,225,1125,1130,1,2.793499604145052
11543,226,1130,1135,1,2.793499604145052
11591,228,1140,1145,1,2.793499604145052
12476,263,1315,1320,1,2.793499604145052
12563,267,1335,1340,1,2.793499604145052
12985,287,1435,1440,1,2.793499604145052
13329,305,1525,1530,1,2.793499604145052
13727,332,1660,1665,1,2.793499604145052
14350,410,2050,2055,1,2.793499604145052
14426,434,2170,2175,1,2.793499604145052
14509,484,2420,2425,1,2.793499604145052
14527,501,2505,2510,1,2.793499604145052
14545,516,2580,2585,1,2.793499604145052
435,2,10,15,1,2.7934996041402886
437,2,10,15,1,2.7934996041402886
680,3,15,20,1,2.7934996041402886
1649,8,40,45,1,2.7934996041402886
1776,9,45,50,1,2.7934996041402886
1777,9,45,50,1,2.7934996041402886
1905,10,50,55,1,2.7934996041402886
1907,10,50,55,1,2.7934996041402886
2027,11,55,60,1,2.7934996041402886
2028,11,55,60,1,2.7934996041402886
3066,22,110,115,1,2.7934996041402886
3226,24,120,125,1,2.7934996041402886
4192,38,190,195,1,2.7934996041402886
4862,50,250,255,1,2.7934996041402886
4927,51,255,260,1,2.7934996041402886
5287,58,290,295,1,2.7934996041402886
5745,67,335,340,1,2.7934996041402886
5788,68,340,345,1,2.7934996041402886
5931,71,355,360,1,2.7934996041402886
6158,76,380,385,1,2.7934996041402886
6257,78,390,395,1,2.7934996041402886
6601,87,435,440,1,2.7934996041402886
7417,109,545,550,1,2.7934996041402886
7597,114,570,575,1,2.7934996041402886
7705,117,585,590,1,2.7934996041402886
7878,122,610,615,1,2.7934996041402886
8069,127,635,640,1,2.7934996041402886
8223,131,655,660,1,2.7934996041402886
8350,134,670,675,1,2.7934996041402886
9095,153,765,770,1,2.7934996041402886
10025,180,900,905,1,2.7934996041402886
10282,188,940,945,1,2.7934996041402886
10434,192,960,965,1,2.7934996041402886
10761,201,1005,1010,1,2.7934996041402886
11430,222,1110,1115,1,2.7934996041402886
11519,225,1125,1130,1,2.7934996041402886
11681,231,1155,1160,1,2.7934996041402886
12072,246,1230,1235,1,2.7934996041402886
12643,271,1355,1360,1,2.7934996041402886
13358,306,1530,1535,1,2.7934996041402886
13380,307,1535,1540,1,2.7934996041402886
13435,310,1550,1555,1,2.7934996041402886
13436,310,1550,1555,1,2.7934996041402886
14140,371,1855,1860,1,2.7934996041402886
14368,414,2070,2075,1,2.7934996041402886
14498,474,2370,2375,1,2.7934996041402886
14555,541,2705,2710,1,2.7934996041402886
434,2,10,15,1,2.7929182604270304
679,3,15,20,1,2.7929182604270304
914,4,20,25,1,2.7929182604270304
1129,5,25,30,1,2.7929182604270304
1499,7,35,40,1,2.7929182604270304
1774,9,45,50,1,2.7929182604270304
2252,13,65,70,1,2.7929182604270304
2253,13,65,70,1,2.7929182604270304
3391,26,130,135,1,2.7929182604270304
3671,30,150,155,1,2.7929182604270304
4000,35,175,180,1,2.7929182604270304
4191,38,190,195,1,2.7929182604270304
4800,49,245,250,1,2.7929182604270304
4861,50,250,255,1,2.7929182604270304
5078,54,270,275,1,2.7929182604270304
5129,55,275,280,1,2.7929182604270304
5130,55,275,280,1,2.7929182604270304
5181,56,280,285,1,2.7929182604270304
5744,67,335,340,1,2.7929182604270304
5930,71,355,360,1,2.7929182604270304
6256,78,390,395,1,2.7929182604270304
7007,98,490,495,1,2.7929182604270304
7079,100,500,505,1,2.7929182604270304
7270,105,525,530,1,2.7929182604270304
7356,107,535,540,1,2.7929182604270304
7515,112,560,565,1,2.7929182604270304
7596,114,570,575,1,2.7929182604270304
7813,120,600,605,1,2.7929182604270304
7984,125,625,630,1,2.7929182604270304
8576,139,695,700,1,2.7929182604270304
9021,151,755,760,1,2.7929182604270304
9055,152,760,765,1,2.7929182604270304
9500,165,825,830,1,2.7929182604270304
10128,183,915,920,1,2.7929182604270304
10358,190,950,955,1,2.7929182604270304
10554,195,975,980,1,2.7929182604270304
10902,205,1025,1030,1,2.7929182604270304
11090,211,1055,1060,1,2.7929182604270304
11743,233,1165,1170,1,2.7929182604270304
12127,248,1240,1245,1,2.7929182604270304
12870,281,1405,1410,1,2.7929182604270304
13059,290,1450,1455,1,2.7929182604270304
13848,342,1710,1715,1,2.7929182604270304
13994,354,1770,1775,1,2.7929182604270304
14125,368,1840,1845,1,2.7929182604270304
14363,413,2065,2070,1,2.7929182604270304
14379,417,2085,2090,1,2.7929182604270304
14438,439,2195,2200,1,2.7929182604270304
14544,516,2580,2585,1,2.7929182604270304
60,0,0,5,1,2.792918260422268
228,1,5,10,1,2.792918260422268
432,2,10,15,1,2.792918260422268
433,2,10,15,1,2.792918260422268
1902,10,50,55,1,2.792918260422268
2140,12,60,65,1,2.792918260422268
2141,12,60,65,1,2.792918260422268
2339,14,70,75,1,2.792918260422268
2546,16,80,85,1,2.792918260422268
3886,33,165,170,1,2.792918260422268
3938,34,170,175,1,2.792918260422268
4860,50,250,255,1,2.792918260422268
5235,57,285,290,1,2.792918260422268
5286,58,290,295,1,2.792918260422268
5550,63,315,320,1,2.792918260422268
6207,77,385,390,1,2.792918260422268
6255,78,390,395,1,2.792918260422268
6753,91,455,460,1,2.792918260422268
6977,97,485,490,1,2.792918260422268
7220,104,520,525,1,2.792918260422268
7311,106,530,535,1,2.792918260422268
7355,107,535,540,1,2.792918260422268
7357,107,535,540,1,2.792918260422268
7484,111,555,560,1,2.792918260422268
7812,120,600,605,1,2.792918260422268
8068,127,635,640,1,2.792918260422268
9343,160,800,805,1,2.792918260422268
10057,181,905,910,1,2.792918260422268
10099,182,910,915,1,2.792918260422268
10189,185,925,930,1,2.792918260422268
10433,192,960,965,1,2.792918260422268
10553,195,975,980,1,2.792918260422268
10901,205,1025,1030,1,2.792918260422268
11089,211,1055,1060,1,2.792918260422268
11971,242,1210,1215,1,2.792918260422268
12685,273,1365,1370,1,2.792918260422268
13013,288,1440,1445,1,2.792918260422268
13379,307,1535,1540,1,2.792918260422268
14148,372,1860,1865,1,2.792918260422268
14333,405,2025,2030,1,2.792918260422268
14359,412,2060,2065,1,2.792918260422268
14481,464,2320,2325,1,2.792918260422268
14519,493,2465,2470,1,2.792918260422268
430,2,10,15,1,2.7923366803851697
431,2,10,15,1,2.7923366803851697
675,3,15,20,1,2.7923366803851697
913,4,20,25,1,2.7923366803851697
1125,5,25,30,1,2.7923366803851697
1126,5,25,30,1,2.7923366803851697
1324,6,30,35,1,2.7923366803851697
1496,7,35,40,1,2.7923366803851697
2139,12,60,65,1,2.7923366803851697
2338,14,70,75,1,2.7923366803851697
2441,15,75,80,1,2.7923366803851697
2891,20,100,105,1,2.7923366803851697
3224,24,120,125,1,2.7923366803851697
3468,27,135,140,1,2.7923366803851697
3811,32,160,165,1,2.7923366803851697
4305,40,200,205,1,2.7923366803851697
4588,45,225,230,1,2.7923366803851697
4925,51,255,260,1,2.7923366803851697
4976,52,260,265,1,2.7923366803851697
5018,53,265,270,1,2.7923366803851697
5448,61,305,310,1,2.7923366803851697
5449,61,305,310,1,2.7923366803851697
5656,65,325,330,1,2.7923366803851697
5694,66,330,335,1,2.7923366803851697
5787,68,340,345,1,2.7923366803851697
5836,69,345,350,1,2.7923366803851697
5837,69,345,350,1,2.7923366803851697
5978,72,360,365,1,2.7923366803851697
6708,90,450,455,1,2.7923366803851697
6894,95,475,480,1,2.7923366803851697
7847,121,605,610,1,2.7923366803851697
7983,125,625,630,1,2.7923366803851697
8104,128,640,645,1,2.7923366803851697
8440,136,680,685,1,2.7923366803851697
9469,164,820,825,1,2.7923366803851697
10024,180,900,905,1,2.7923366803851697
10727,200,1000,1005,1,2.7923366803851697
11680,231,1155,1160,1,2.7923366803851697
11808,236,1180,1185,1,2.7923366803851697
12199,251,1255,1260,1,2.7923366803851697
12496,264,1320,1325,1,2.7923366803851697
12893,282,1410,1415,1,2.7923366803851697
13203,297,1485,1490,1,2.7923366803851697
13204,297,1485,1490,1,2.7923366803851697
13357,306,1530,1535,1,2.7923366803851697
13835,341,1705,1710,1,2.7923366803851697
14055,361,1805,1810,1,2.7923366803851697
14154,373,1865,1870,1,2.7923366803851697
14276,392,1960,1965,1,2.7923366803851697
14505,482,2410,2415,1,2.7923366803851697
14538,510,2550,2555,1,2.7923366803851697
225,1,5,10,1,2.792336680380408
676,3,15,20,1,2.792336680380408
1124,5,25,30,1,2.792336680380408
1127,5,25,30,1,2.792336680380408
1322,6,30,35,1,2.792336680380408
1323,6,30,35,1,2.792336680380408
2025,11,55,60,1,2.792336680380408
2544,16,80,85,1,2.792336680380408
2545,16,80,85,1,2.792336680380408
3065,22,110,115,1,2.792336680380408
3304,25,125,130,1,2.792336680380408
3731,31,155,160,1,2.792336680380408
3999,35,175,180,1,2.792336680380408
4412,42,210,215,1,2.792336680380408
4694,47,235,240,1,2.792336680380408
5077,54,270,275,1,2.792336680380408
5128,55,275,280,1,2.792336680380408
5234,57,285,290,1,2.792336680380408
5657,65,325,330,1,2.792336680380408
6061,74,370,375,1,2.792336680380408
6157,76,380,385,1,2.792336680380408
6254,78,390,395,1,2.792336680380408
6296,79,395,400,1,2.792336680380408
6477,84,420,425,1,2.792336680380408
7040,99,495,500,1,2.792336680380408
7736,118,590,595,1,2.792336680380408
8067,127,635,640,1,2.792336680380408
8695,142,710,715,1,2.792336680380408
9499,165,825,830,1,2.792336680380408
9906,177,885,890,1,2.792336680380408
10255,187,935,940,1,2.792336680380408
11005,208,1040,1045,1,2.792336680380408
11518,225,1125,1130,1,2.792336680380408
11645,230,1150,1155,1,2.792336680380408
11679,231,1155,1160,1,2.792336680380408
12521,265,1325,1330,1,2.792336680380408
13434,310,1550,1555,1,2.792336680380408
13610,323,1615,1620,1,2.792336680380408
13739,333,1665,1670,1,2.792336680380408
13899,346,1730,1735,1,2.792336680380408
13982,353,1765,1770,1,2.792336680380408
14383,419,2095,2100,1,2.792336680380408
14513,488,2440,2445,1,2.792336680380408
674,3,15,20,1,2.7917548640653496
911,4,20,25,1,2.7917548640653496
912,4,20,25,1,2.7917548640653496
1492,7,35,40,1,2.7917548640653496
1493,7,35,40,1,2.7917548640653496
1494,7,35,40,1,2.7917548640653496
1495,7,35,40,1,2.7917548640653496
2633,17,85,90,1,2.7917548640653496
2888,20,100,105,1,2.7917548640653496
2889,20,100,105,1,2.7917548640653496
2890,20,100,105,1,2.7917548640653496
3064,22,110,115,1,2.7917548640653496
3603,29,145,150,1,2.7917548640653496
3670,30,150,155,1,2.7917548640653496
4252,39,195,200,1,2.7917548640653496
4587,45,225,230,1,2.7917548640653496
5017,53,265,270,1,2.7917548640653496
5127,55,275,280,1,2.7917548640653496
5178,56,280,285,1,2.7917548640653496
5179,56,280,285,1,2.7917548640653496
5285,58,290,295,1,2.7917548640653496
5590,64,320,325,1,2.7917548640653496
5654,65,325,330,1,2.7917548640653496
5655,65,325,330,1,2.7917548640653496
6059,74,370,375,1,2.7917548640653496
6060,74,370,375,1,2.7917548640653496
6598,87,435,440,1,2.7917548640653496
6599,87,435,440,1,2.7917548640653496
6789,92,460,465,1,2.7917548640653496
7039,99,495,500,1,2.7917548640653496
7595,114,570,575,1,2.7917548640653496
7946,124,620,625,1,2.7917548640653496
8222,131,655,660,1,2.7917548640653496
8731,143,715,720,1,2.7917548640653496
10316,189,945,950,1,2.7917548640653496
10617,197,985,990,1,2.7917548640653496
10876,204,1020,1025,1,2.7917548640653496
11064,210,1050,1055,1,2.7917548640653496
11428,222,1110,1115,1,2.7917548640653496
11429,222,1110,1115,1,2.7917548640653496
11626,229,1145,1150,1,2.7917548640653496
11742,233,1165,1170,1,2.7917548640653496
12562,267,1335,1340,1,2.7917548640653496
12635,270,1350,1355,1,2.7917548640653496
13033,289,1445,1450,1,2.7917548640653496
13726,332,1660,1665,1,2.7917548640653496
14205,381,1905,1910,1,2.7917548640653496
14230,384,1920,1925,1,2.7917548640653496
14354,411,2055,2060,1,2.7917548640653496
14435,438,2190,2195,1,2.7917548640653496
14520,494,2470,2475,1,2.7917548640653496
14542,513,2565,2570,1,2.7917548640653496
224,1,5,10,1,2.791754864060589
427,2,10,15,1,2.791754864060589
428,2,10,15,1,2.791754864060589
672,3,15,20,1,2.791754864060589
1122,5,25,30,1,2.791754864060589
1123,5,25,30,1,2.791754864060589
1319,6,30,35,1,2.791754864060589
1321,6,30,35,1,2.791754864060589
1648,8,40,45,1,2.791754864060589
2337,14,70,75,1,2.791754864060589
2810,19,95,100,1,2.791754864060589
2811,19,95,100,1,2.791754864060589
3063,22,110,115,1,2.791754864060589
3223,24,120,125,1,2.791754864060589
3809,32,160,165,1,2.791754864060589
3810,32,160,165,1,2.791754864060589
4859,50,250,255,1,2.791754864060589
4974,52,260,265,1,2.791754864060589
4975,52,260,265,1,2.791754864060589
5180,56,280,285,1,2.791754864060589
5391,60,300,305,1,2.791754864060589
5548,63,315,320,1,2.791754864060589
5549,63,315,320,1,2.791754864060589
5889,70,350,355,1,2.791754864060589
6253,78,390,395,1,2.791754864060589
6516,85,425,430,1,2.791754864060589
6671,89,445,450,1,2.791754864060589
6893,95,475,480,1,2.791754864060589
6976,97,485,490,1,2.791754864060589
7642,115,575,580,1,2.791754864060589
7920,123,615,620,1,2.791754864060589
9168,155,775,780,1,2.791754864060589
9870,176,880,885,1,2.791754864060589
9984,179,895,900,1,2.791754864060589
10023,180,900,905,1,2.791754864060589
10875,204,1020,1025,1,2.791754864060589
11517,225,1125,1130,1,2.791754864060589
11869,238,1190,1195,1,2.791754864060589
12198,251,1255,1260,1,2.791754864060589
12452,262,1310,1315,1,2.791754864060589
12636,270,1350,1355,1,2.791754864060589
12923,283,1415,1420,1,2.791754864060589
13714,331,1655,1660,1,2.791754864060589
14072,363,1815,1820,1,2.791754864060589
14396,423,2115,2120,1,2.791754864060589
14445,444,2220,2225,1,2.791754864060589
14554,540,2700,2705,1,2.791754864060589
222,1,5,10,1,2.7911728115186936
425,2,10,15,1,2.7911728115186936
1314,6,30,35,1,2.7911728115186936
1315,6,30,35,1,2.7911728115186936
1317,6,30,35,1,2.7911728115186936
1318,6,30,35,1,2.7911728115186936
2251,13,65,70,1,2.7911728115186936
2632,17,85,90,1,2.7911728115186936
3061,22,110,115,1,2.7911728115186936
3389,26,130,135,1,2.7911728115186936
3390,26,130,135,1,2.7911728115186936
3885,33,165,170,1,2.7911728115186936
4922,51,255,260,1,2.7911728115186936
5016,53,265,270,1,2.7911728115186936
5076,54,270,275,1,2.7911728115186936
5126,55,275,280,1,2.7911728115186936
5233,57,285,290,1,2.7911728115186936
5342,59,295,300,1,2.7911728115186936
5652,65,325,330,1,2.7911728115186936
5693,66,330,335,1,2.7911728115186936
5928,71,355,360,1,2.7911728115186936
5929,71,355,360,1,2.7911728115186936
5976,72,360,365,1,2.7911728115186936
6476,84,420,425,1,2.7911728115186936
6751,91,455,460,1,2.7911728115186936
6788,92,460,465,1,2.7911728115186936
7483,111,555,560,1,2.7911728115186936
7558,113,565,570,1,2.7911728115186936
8103,128,640,645,1,2.7911728115186936
8268,132,660,665,1,2.7911728115186936
8482,137,685,690,1,2.7911728115186936
8760,144,720,725,1,2.7911728115186936
9233,157,785,790,1,2.7911728115186936
9436,163,815,820,1,2.7911728115186936
9675,170,850,855,1,2.7911728115186936
9792,174,870,875,1,2.7911728115186936
10589,196,980,985,1,2.7911728115186936
11341,219,1095,1100,1,2.7911728115186936
11789,235,1175,1180,1,2.7911728115186936
12495,264,1320,1325,1,2.7911728115186936
12942,284,1420,1425,1,2.7911728115186936
13157,295,1475,1480,1,2.7911728115186936
13356,306,1530,1535,1,2.7911728115186936
13455,312,1560,1565,1,2.7911728115186936
13638,325,1625,1630,1,2.7911728115186936
14260,390,1950,1955,1,2.7911728115186936
14286,394,1970,1975,1,2.7911728115186936
14306,398,1990,1995,1,2.7911728115186936
14523,496,2480,2485,1,2.7911728115186936
14526,501,2505,2510,1,2.7911728115186936
426,2,10,15,1,2.7911728115139343
1121,5,25,30,1,2.7911728115139343
1312,6,30,35,1,2.7911728115139343
1313,6,30,35,1,2.7911728115139343
1491,7,35,40,1,2.7911728115139343
1645,8,40,45,1,2.7911728115139343
1646,8,40,45,1,2.7911728115139343
2440,15,75,80,1,2.7911728115139343
3062,22,110,115,1,2.7911728115139343
3141,23,115,120,1,2.7911728115139343
3142,23,115,120,1,2.7911728115139343
3143,23,115,120,1,2.7911728115139343
3730,31,155,160,1,2.7911728115139343
4411,42,210,215,1,2.7911728115139343
4972,52,260,265,1,2.7911728115139343
5075,54,270,275,1,2.7911728115139343
5343,59,295,300,1,2.7911728115139343
5344,59,295,300,1,2.7911728115139343
5651,65,325,330,1,2.7911728115139343
5975,72,360,365,1,2.7911728115139343
6367,81,405,410,1,2.7911728115139343
6752,91,455,460,1,2.7911728115139343
6975,97,485,490,1,2.7911728115139343
7078,100,500,505,1,2.7911728115139343
7219,104,520,525,1,2.7911728115139343
7557,113,565,570,1,2.7911728115139343
8575,139,695,700,1,2.7911728115139343
8871,147,735,740,1,2.7911728115139343
8872,147,735,740,1,2.7911728115139343
9020,151,755,760,1,2.7911728115139343
9733,172,860,865,1,2.7911728115139343
10281,188,940,945,1,2.7911728115139343
10841,203,1015,1020,1,2.7911728115139343
11340,219,1095,1100,1,2.7911728115139343
12432,261,1305,1310,1,2.7911728115139343
12837,280,1400,1405,1,2.7911728115139343
12892,282,1410,1415,1,2.7911728115139343
13470,313,1565,1570,1,2.7911728115139343
13530,317,1585,1590,1,2.7911728115139343
13775,336,1680,1685,1,2.7911728115139343
14071,363,1815,1820,1,2.7911728115139343
14473,461,2305,2310,1,2.7911728115139343
14559,571,2855,2860,1,2.7911728115139343
220,1,5,10,1,2.790590522796324
670,3,15,20,1,2.790590522796324
1119,5,25,30,1,2.790590522796324
1644,8,40,45,1,2.790590522796324
1898,10,50,55,1,2.790590522796324
2542,16,80,85,1,2.790590522796324
3808,32,160,165,1,2.790590522796324
5015,53,265,270,1,2.790590522796324
5074,54,270,275,1,2.790590522796324
5231,57,285,290,1,2.790590522796324
5232,57,285,290,1,2.790590522796324
5389,60,300,305,1,2.790590522796324
5390,60,300,305,1,2.790590522796324
5692,66,330,335,1,2.790590522796324
5888,70,350,355,1,2.790590522796324
6058,74,370,375,1,2.790590522796324
6295,79,395,400,1,2.790590522796324
6940,96,480,485,1,2.790590522796324
7115,101,505,510,1,2.790590522796324
7182,103,515,520,1,2.790590522796324
7416,109,545,550,1,2.790590522796324
7594,114,570,575,1,2.790590522796324
7877,122,610,615,1,2.790590522796324
8267,132,660,665,1,2.790590522796324
8730,143,715,720,1,2.790590522796324
9371,161,805,810,1,2.790590522796324
9764,173,865,870,1,2.790590522796324
10022,180,900,905,1,2.790590522796324
10588,196,980,985,1,2.790590522796324
10900,205,1025,1030,1,2.790590522796324
11004,208,1040,1045,1,2.790590522796324
11590,228,1140,1145,1,2.790590522796324
11741,233,1165,1170,1,2.790590522796324
12541,266,1330,1335,1,2.790590522796324
13032,289,1445,1450,1,2.790590522796324
13182,296,1480,1485,1,2.790590522796324
13315,304,1520,1525,1,2.790590522796324
13355,306,1530,1535,1,2.790590522796324
13592,322,1610,1615,1,2.790590522796324
13622,324,1620,1625,1,2.790590522796324
14028,357,1785,1790,1,2.790590522796324
14204,381,1905,1910,1,2.790590522796324
14382,419,2095,2100,1,2.790590522796324
14491,468,2340,2345,1,2.790590522796324
14530,504,2520,2525,1,2.790590522796324
221,1,5,10,1,2.790590522791565
1311,6,30,35,1,2.790590522791565
1489,7,35,40,1,2.790590522791565
1490,7,35,40,1,2.790590522791565
1770,9,45,50,1,2.790590522791565
2024,11,55,60,1,2.790590522791565
2724,18,90,95,1,2.790590522791565
2887,20,100,105,1,2.790590522791565
3467,27,135,140,1,2.790590522791565
4251,39,195,200,1,2.790590522791565
4971,52,260,265,1,2.790590522791565
5125,55,275,280,1,2.790590522791565
5500,62,310,315,1,2.790590522791565
5743,67,335,340,1,2.790590522791565
6251,78,390,395,1,2.790590522791565
6252,78,390,395,1,2.790590522791565
6366,81,405,410,1,2.790590522791565
6403,82,410,415,1,2.790590522791565
7445,110,550,555,1,2.790590522791565
7846,121,605,610,1,2.790590522791565
8312,133,665,670,1,2.790590522791565
8693,142,710,715,1,2.790590522791565
8694,142,710,715,1,2.790590522791565
9869,176,880,885,1,2.790590522791565
9947,178,890,895,1,2.790590522791565
10552,195,975,980,1,2.790590522791565
11173,214,1070,1075,1,2.790590522791565
11840,237,1185,1190,1,2.790590522791565
11991,243,1215,1220,1,2.790590522791565
12345,257,1285,1290,1,2.790590522791565
12519,265,1325,1330,1,2.790590522791565
12520,265,1325,1330,1,2.790590522791565
12984,287,1435,1440,1,2.790590522791565
13469,313,1565,1570,1,2.790590522791565
14086,365,1825,1830,1,2.790590522791565
14180,377,1885,1890,1,2.790590522791565
14229,384,1920,1925,1,2.790590522791565
14240,386,1930,1935,1,2.790590522791565
14301,397,1985,1990,1,2.790590522791565
14556,546,2730,2735,1,2.790590522791565
905,4,20,25,1,2.790007997944121
907,4,20,25,1,2.790007997944121
1896,10,50,55,1,2.790007997944121
2723,18,90,95,1,2.790007997944121
3060,22,110,115,1,2.790007997944121
3602,29,145,150,1,2.790007997944121
4250,39,195,200,1,2.790007997944121
5446,61,305,310,1,2.790007997944121
5447,61,305,310,1,2.790007997944121
5499,62,310,315,1,2.790007997944121
5547,63,315,320,1,2.790007997944121
5742,67,335,340,1,2.790007997944121
5973,72,360,365,1,2.790007997944121
5974,72,360,365,1,2.790007997944121
6402,82,410,415,1,2.790007997944121
6938,96,480,485,1,2.790007997944121
6939,96,480,485,1,2.790007997944121
7354,107,535,540,1,2.790007997944121
7415,109,545,550,1,2.790007997944121
7556,113,565,570,1,2.790007997944121
8798,145,725,730,1,2.790007997944121
9166,155,775,780,1,2.790007997944121
9232,157,785,790,1,2.790007997944121
9370,161,805,810,1,2.790007997944121
10220,186,930,935,1,2.790007997944121
10394,191,955,960,1,2.790007997944121
10760,201,1005,1010,1,2.790007997944121
11740,233,1165,1170,1,2.790007997944121
12103,247,1235,1240,1,2.790007997944121
12271,254,1270,1275,1,2.790007997944121
12714,274,1370,1375,1,2.790007997944121
12751,276,1380,1385,1,2.790007997944121
13156,295,1475,1480,1,2.790007997944121
13294,303,1515,1520,1,2.790007997944121
13314,304,1520,1525,1,2.790007997944121
13397,308,1540,1545,1,2.790007997944121
13412,309,1545,1550,1,2.790007997944121
13752,334,1670,1675,1,2.790007997944121
14147,372,1860,1865,1,2.790007997944121
14228,384,1920,1925,1,2.790007997944121
14437,439,2195,2200,1,2.790007997944121
14483,465,2325,2330,1,2.790007997944121
14525,501,2505,2510,1,2.790007997944121
14557,557,2785,2790,1,2.790007997944121
219,1,5,10,1,2.7900079979393633
2023,11,55,60,1,2.7900079979393633
2250,13,65,70,1,2.7900079979393633
2976,21,105,110,1,2.7900079979393633
3387,26,130,135,1,2.7900079979393633
3388,26,130,135,1,2.7900079979393633
3998,35,175,180,1,2.7900079979393633
5230,57,285,290,1,2.7900079979393633
5340,59,295,300,1,2.7900079979393633
5341,59,295,300,1,2.7900079979393633
5650,65,325,330,1,2.7900079979393633
6108,75,375,380,1,2.7900079979393633
6250,78,390,395,1,2.7900079979393633
6365,81,405,410,1,2.7900079979393633
6514,85,425,430,1,2.7900079979393633
6515,85,425,430,1,2.7900079979393633
7845,121,605,610,1,2.7900079979393633
8102,128,640,645,1,2.7900079979393633
8311,133,665,670,1,2.7900079979393633
8439,136,680,685,1,2.7900079979393633
9167,155,775,780,1,2.7900079979393633
10098,182,910,915,1,2.7900079979393633
10254,187,935,940,1,2.7900079979393633
11306,218,1090,1095,1,2.7900079979393633
11367,220,1100,1105,1,2.7900079979393633
12045,245,1225,1230,1,2.7900079979393633
12344,257,1285,1290,1,2.7900079979393633
12592,268,1340,1345,1,2.7900079979393633
12771,277,1385,1390,1,2.7900079979393633
12983,287,1435,1440,1,2.7900079979393633
13202,297,1485,1490,1,2.7900079979393633
13398,308,1540,1545,1,2.7900079979393633
13547,318,1590,1595,1,2.7900079979393633
14197,380,1900,1905,1,2.7900079979393633
14344,408,2040,2045,1,2.7900079979393633
14378,417,2085,2090,1,2.7900079979393633
14457,451,2255,2260,1,2.7900079979393633
14532,506,2530,2535,1,2.7900079979393633
58,0,0,5,1,2.7894252370145187
59,0,0,5,1,2.7894252370145187
423,2,10,15,1,2.7894252370145187
667,3,15,20,1,2.7894252370145187
1114,5,25,30,1,2.7894252370145187
1895,10,50,55,1,2.7894252370145187
2022,11,55,60,1,2.7894252370145187
2336,14,70,75,1,2.7894252370145187
3601,29,145,150,1,2.7894252370145187
3884,33,165,170,1,2.7894252370145187
4633,46,230,235,1,2.7894252370145187
5833,69,345,350,1,2.7894252370145187
5834,69,345,350,1,2.7894252370145187
5887,70,350,355,1,2.7894252370145187
5927,71,355,360,1,2.7894252370145187
5972,72,360,365,1,2.7894252370145187
6018,73,365,370,1,2.7894252370145187
6249,78,390,395,1,2.7894252370145187
6670,89,445,450,1,2.7894252370145187
6892,95,475,480,1,2.7894252370145187
7555,113,565,570,1,2.7894252370145187
7810,120,600,605,1,2.7894252370145187
7811,120,600,605,1,2.7894252370145187
7843,121,605,610,1,2.7894252370145187
8020,126,630,635,1,2.7894252370145187
8481,137,685,690,1,2.7894252370145187
8534,138,690,695,1,2.7894252370145187
8692,142,710,715,1,2.7894252370145187
9200,156,780,785,1,2.7894252370145187
9468,164,820,825,1,2.7894252370145187
9674,170,850,855,1,2.7894252370145187
10586,196,980,985,1,2.7894252370145187
10587,196,980,985,1,2.7894252370145187
11678,231,1155,1160,1,2.7894252370145187
11839,237,1185,1190,1,2.7894252370145187
11969,242,1210,1215,1,2.7894252370145187
11970,242,1210,1215,1,2.7894252370145187
12971,286,1430,1435,1,2.7894252370145187
13181,296,1480,1485,1,2.7894252370145187
13506,316,1580,1585,1,2.7894252370145187
13529,317,1585,1590,1,2.7894252370145187
13993,354,1770,1775,1,2.7894252370145187
14061,362,1810,1815,1,2.7894252370145187
14239,386,1930,1935,1,2.7894252370145187
14321,402,2010,2015,1,2.7894252370145187
14330,404,2020,2025,1,2.7894252370145187
14362,413,2065,2070,1,2.7894252370145187
14400,424,2120,2125,1,2.7894252370145187
14531,505,2525,2530,1,2.7894252370145187
666,3,15,20,1,2.789425237009762
904,4,20,25,1,2.789425237009762
1112,5,25,30,1,2.789425237009762
1113,5,25,30,1,2.789425237009762
2249,13,65,70,1,2.789425237009762
2541,16,80,85,1,2.789425237009762
3140,23,115,120,1,2.789425237009762
3807,32,160,165,1,2.789425237009762
4125,37,185,190,1,2.789425237009762
5691,66,330,335,1,2.789425237009762
5741,67,335,340,1,2.789425237009762
5835,69,345,350,1,2.789425237009762
6057,74,370,375,1,2.789425237009762
6106,75,375,380,1,2.789425237009762
6107,75,375,380,1,2.789425237009762
6294,79,395,400,1,2.789425237009762
6559,86,430,435,1,2.789425237009762
7414,109,545,550,1,2.789425237009762
7669,116,580,585,1,2.789425237009762
7844,121,605,610,1,2.789425237009762
8066,127,635,640,1,2.789425237009762
8656,141,705,710,1,2.789425237009762
9054,152,760,765,1,2.789425237009762
9306,159,795,800,1,2.789425237009762
9467,164,820,825,1,2.789425237009762
9646,169,845,850,1,2.789425237009762
10511,194,970,975,1,2.789425237009762
11003,208,1040,1045,1,2.789425237009762
11838,237,1185,1190,1,2.789425237009762
12229,252,1260,1265,1,2.789425237009762
12518,265,1325,1330,1,2.789425237009762
12561,267,1335,1340,1,2.789425237009762
12713,274,1370,1375,1,2.789425237009762
13012,288,1440,1445,1,2.789425237009762
13433,310,1550,1555,1,2.789425237009762
13488,314,1570,1575,1,2.789425237009762
13609,323,1615,1620,1,2.789425237009762
13861,343,1715,1720,1,2.789425237009762
14448,446,2230,2235,1,2.789425237009762
14489,467,2335,2340,1,2.789425237009762
14522,496,2480,2485,1,2.789425237009762
217,1,5,10,1,2.7888422400507746
664,3,15,20,1,2.7888422400507746
902,4,20,25,1,2.7888422400507746
903,4,20,25,1,2.7888422400507746
1307,6,30,35,1,2.7888422400507746
1483,7,35,40,1,2.7888422400507746
1643,8,40,45,1,2.7888422400507746
3302,25,125,130,1,2.7888422400507746
3997,35,175,180,1,2.7888422400507746
4524,44,220,225,1,2.7888422400507746
4921,51,255,260,1,2.7888422400507746
5971,72,360,365,1,2.7888422400507746
6441,83,415,420,1,2.7888422400507746
6475,84,420,425,1,2.7888422400507746
6513,85,425,430,1,2.7888422400507746
6596,87,435,440,1,2.7888422400507746
6632,88,440,445,1,2.7888422400507746
6855,94,470,475,1,2.7888422400507746
6974,97,485,490,1,2.7888422400507746
7037,99,495,500,1,2.7888422400507746
7593,114,570,575,1,2.7888422400507746
7668,116,580,585,1,2.7888422400507746
8624,140,700,705,1,2.7888422400507746
8625,140,700,705,1,2.7888422400507746
8655,141,705,710,1,2.7888422400507746
8690,142,710,715,1,2.7888422400507746
8691,142,710,715,1,2.7888422400507746
9498,165,825,830,1,2.7888422400507746
9645,169,845,850,1,2.7888422400507746
9732,172,860,865,1,2.7888422400507746
9763,173,865,870,1,2.7888422400507746
10096,182,910,915,1,2.7888422400507746
10357,190,950,955,1,2.7888422400507746
10899,205,1025,1030,1,2.7888422400507746
10974,207,1035,1040,1,2.7888422400507746
12013,244,1220,1225,1,2.7888422400507746
12197,251,1255,1260,1,2.7888422400507746
12297,255,1275,1280,1,2.7888422400507746
12615,269,1345,1350,1,2.7888422400507746
12712,274,1370,1375,1,2.7888422400507746
13124,293,1465,1470,1,2.7888422400507746
13637,325,1625,1630,1,2.7888422400507746
14049,360,1800,1805,1,2.7888422400507746
14054,361,1805,1810,1,2.7888422400507746
14223,383,1915,1920,1,2.7888422400507746
14348,409,2045,2050,1,2.7888422400507746
14424,433,2165,2170,1,2.7888422400507746
14517,492,2460,2465,1,2.7888422400507746
14521,496,2480,2485,1,2.7888422400507746
420,2,10,15,1,2.788842240046019
421,2,10,15,1,2.788842240046019
665,3,15,20,1,2.788842240046019
1107,5,25,30,1,2.788842240046019
1108,5,25,30,1,2.788842240046019
1110,5,25,30,1,2.788842240046019
2722,18,90,95,1,2.788842240046019
3729,31,155,160,1,2.788842240046019
4410,42,210,215,1,2.788842240046019
5546,63,315,320,1,2.788842240046019
6056,74,370,375,1,2.788842240046019
6328,80,400,405,1,2.788842240046019
6442,83,415,420,1,2.788842240046019
6597,87,435,440,1,2.788842240046019
6826,93,465,470,1,2.788842240046019
7353,107,535,540,1,2.788842240046019
7554,113,565,570,1,2.788842240046019
7768,119,595,600,1,2.788842240046019
7842,121,605,610,1,2.788842240046019
8943,149,745,750,1,2.788842240046019
8977,150,750,755,1,2.788842240046019
9019,151,755,760,1,2.788842240046019
9164,155,775,780,1,2.788842240046019
9946,178,890,895,1,2.788842240046019
10097,182,910,915,1,2.788842240046019
10551,195,975,980,1,2.788842240046019
11002,208,1040,1045,1,2.788842240046019
11088,211,1055,1060,1,2.788842240046019
11305,218,1090,1095,1,2.788842240046019
12173,250,1250,1255,1,2.788842240046019
12228,252,1260,1265,1,2.788842240046019
12560,267,1335,1340,1,2.788842240046019
12663,272,1360,1365,1,2.788842240046019
12869,281,1405,1410,1,2.788842240046019
12890,282,1410,1415,1,2.788842240046019
12891,282,1410,1415,1,2.788842240046019
14358,412,2060,2065,1,2.788842240046019
14361,413,2065,2070,1,2.788842240046019
14410,429,2145,2150,1,2.788842240046019
14510,485,2425,2430,1,2.788842240046019
14524,498,2490,2495,1,2.788842240046019
661,3,15,20,1,2.7882590071092554
1105,5,25,30,1,2.7882590071092554
1305,6,30,35,1,2.7882590071092554
1766,9,45,50,1,2.7882590071092554
1767,9,45,50,1,2.7882590071092554
1894,10,50,55,1,2.7882590071092554
3058,22,110,115,1,2.7882590071092554
3139,23,115,120,1,2.7882590071092554
3531,28,140,145,1,2.7882590071092554
3883,33,165,170,1,2.7882590071092554
4365,41,205,210,1,2.7882590071092554
4799,49,245,250,1,2.7882590071092554
5886,70,350,355,1,2.7882590071092554
6401,82,410,415,1,2.7882590071092554
6669,89,445,450,1,2.7882590071092554
6825,93,465,470,1,2.7882590071092554
7308,106,530,535,1,2.7882590071092554
7310,106,530,535,1,2.7882590071092554
7389,108,540,545,1,2.7882590071092554
7735,118,590,595,1,2.7882590071092554
7841,121,605,610,1,2.7882590071092554
7945,124,620,625,1,2.7882590071092554
8191,130,650,655,1,2.7882590071092554
9018,151,755,760,1,2.7882590071092554
9053,152,760,765,1,2.7882590071092554
9401,162,810,815,1,2.7882590071092554
9575,167,835,840,1,2.7882590071092554
9698,171,855,860,1,2.7882590071092554
9731,172,860,865,1,2.7882590071092554
9837,175,875,880,1,2.7882590071092554
9838,175,875,880,1,2.7882590071092554
9945,178,890,895,1,2.7882590071092554
10874,204,1020,1025,1,2.7882590071092554
11001,208,1040,1045,1,2.7882590071092554
11268,217,1085,1090,1,2.7882590071092554
11366,220,1100,1105,1,2.7882590071092554
11450,223,1115,1120,1,2.7882590071092554
11516,225,1125,1130,1,2.7882590071092554
12836,280,1400,1405,1,2.7882590071092554
13031,289,1445,1450,1,2.7882590071092554
13725,332,1660,1665,1,2.7882590071092554
14027,357,1785,1790,1,2.7882590071092554
14275,392,1960,1965,1,2.7882590071092554
14320,402,2010,2015,1,2.7882590071092554
14454,448,2240,2245,1,2.7882590071092554
14461,455,2275,2280,1,2.7882590071092554
14472,461,2305,2310,1,2.7882590071092554
14508,484,2420,2425,1,2.7882590071092554
213,1,5,10,1,2.788259007104501
416,2,10,15,1,2.788259007104501
418,2,10,15,1,2.788259007104501
662,3,15,20,1,2.788259007104501
898,4,20,25,1,2.788259007104501
1106,5,25,30,1,2.788259007104501
1893,10,50,55,1,2.788259007104501
3059,22,110,115,1,2.788259007104501
3222,24,120,125,1,2.788259007104501
3386,26,130,135,1,2.788259007104501
3669,30,150,155,1,2.788259007104501
4304,40,200,205,1,2.788259007104501
5229,57,285,290,1,2.788259007104501
6248,78,390,395,1,2.788259007104501
6854,94,470,475,1,2.788259007104501
6973,97,485,490,1,2.788259007104501
7309,106,530,535,1,2.788259007104501
7413,109,545,550,1,2.788259007104501
7444,110,550,555,1,2.788259007104501
7876,122,610,615,1,2.788259007104501
8147,129,645,650,1,2.788259007104501
8221,131,655,660,1,2.788259007104501
8533,138,690,695,1,2.788259007104501
8574,139,695,700,1,2.788259007104501
9129,154,770,775,1,2.788259007104501
10219,186,930,935,1,2.788259007104501
10315,189,945,950,1,2.788259007104501
10585,196,980,985,1,2.788259007104501
10657,198,990,995,1,2.788259007104501
10759,201,1005,1010,1,2.788259007104501
10898,205,1025,1030,1,2.788259007104501
11036,209,1045,1050,1,2.788259007104501
11304,218,1090,1095,1,2.788259007104501
11339,219,1095,1100,1,2.788259007104501
12270,254,1270,1275,1,2.788259007104501
12590,268,1340,1345,1,2.788259007104501
12591,268,1340,1345,1,2.788259007104501
13724,332,1660,1665,1,2.788259007104501
14248,387,1935,1940,1,2.788259007104501
14312,400,2000,2005,1,2.788259007104501
14347,409,2045,2050,1,2.788259007104501
14423,433,2165,2170,1,2.788259007104501
14550,535,2675,2680,1,2.788259007104501
55,0,0,5,1,2.7876755382371523
206,1,5,10,1,2.7876755382371523
207,1,5,10,1,2.7876755382371523
208,1,5,10,1,2.7876755382371523
209,1,5,10,1,2.7876755382371523
212,1,5,10,1,2.7876755382371523
654,3,15,20,1,2.7876755382371523
894,4,20,25,1,2.7876755382371523
895,4,20,25,1,2.7876755382371523
896,4,20,25,1,2.7876755382371523
1303,6,30,35,1,2.7876755382371523
1892,10,50,55,1,2.7876755382371523
2020,11,55,60,1,2.7876755382371523
2808,19,95,100,1,2.7876755382371523
3057,22,110,115,1,2.7876755382371523
3300,25,125,130,1,2.7876755382371523
3301,25,125,130,1,2.7876755382371523
3882,33,165,170,1,2.7876755382371523
4190,38,190,195,1,2.7876755382371523
4586,45,225,230,1,2.7876755382371523
6891,95,475,480,1,2.7876755382371523
6937,96,480,485,1,2.7876755382371523
7006,98,490,495,1,2.7876755382371523
7388,108,540,545,1,2.7876755382371523
7412,109,545,550,1,2.7876755382371523
7919,123,615,620,1,2.7876755382371523
8266,132,660,665,1,2.7876755382371523
8622,140,700,705,1,2.7876755382371523
8623,140,700,705,1,2.7876755382371523
8759,144,720,725,1,2.7876755382371523
8797,145,725,730,1,2.7876755382371523
8976,150,750,755,1,2.7876755382371523
9305,159,795,800,1,2.7876755382371523
9617,168,840,845,1,2.7876755382371523
9905,177,885,890,1,2.7876755382371523
10476,193,965,970,1,2.7876755382371523
10477,193,965,970,1,2.7876755382371523
10616,197,985,990,1,2.7876755382371523
10725,200,1000,1005,1,2.7876755382371523
11113,212,1060,1065,1,2.7876755382371523
11303,218,1090,1095,1,2.7876755382371523
11788,235,1175,1180,1,2.7876755382371523
11867,238,1190,1195,1,2.7876755382371523
11868,238,1190,1195,1,2.7876755382371523
11990,243,1215,1220,1,2.7876755382371523
12269,254,1270,1275,1,2.7876755382371523
12343,257,1285,1290,1,2.7876755382371523
12494,264,1320,1325,1,2.7876755382371523
12614,269,1345,1350,1,2.7876755382371523
13396,308,1540,1545,1,2.7876755382371523
13834,341,1705,1710,1,2.7876755382371523
13947,350,1750,1755,1,2.7876755382371523
14036,358,1790,1795,1,2.7876755382371523
14274,392,1960,1965,1,2.7876755382371523
14319,402,2010,2015,1,2.7876755382371523
14440,441,2205,2210,1,2.7876755382371523
54,0,0,5,1,2.7876755382323988
211,1,5,10,1,2.7876755382323988
409,2,10,15,1,2.7876755382323988
411,2,10,15,1,2.7876755382323988
413,2,10,15,1,2.7876755382323988
414,2,10,15,1,2.7876755382323988
651,3,15,20,1,2.7876755382323988
652,3,15,20,1,2.7876755382323988
655,3,15,20,1,2.7876755382323988
1102,5,25,30,1,2.7876755382323988
1764,9,45,50,1,2.7876755382323988
2136,12,60,65,1,2.7876755382323988
2975,21,105,110,1,2.7876755382323988
3138,23,115,120,1,2.7876755382323988
3385,26,130,135,1,2.7876755382323988
3600,29,145,150,1,2.7876755382323988
4060,36,180,185,1,2.7876755382323988
4742,48,240,245,1,2.7876755382323988
6105,75,375,380,1,2.7876755382323988
6440,83,415,420,1,2.7876755382323988
6631,88,440,445,1,2.7876755382323988
6750,91,455,460,1,2.7876755382323988
7592,114,570,575,1,2.7876755382323988
7704,117,585,590,1,2.7876755382323988
8065,127,635,640,1,2.7876755382323988
8349,134,670,675,1,2.7876755382323988
8438,136,680,685,1,2.7876755382323988
9052,152,760,765,1,2.7876755382323988
9399,162,810,815,1,2.7876755382323988
9400,162,810,815,1,2.7876755382323988
9574,167,835,840,1,2.7876755382323988
9944,178,890,895,1,2.7876755382323988
10724,200,1000,1005,1,2.7876755382323988
10726,200,1000,1005,1,2.7876755382323988
11035,209,1045,1050,1,2.7876755382323988
11210,215,1075,1080,1,2.7876755382323988
11211,215,1075,1080,1,2.7876755382323988
11589,228,1140,1145,1,2.7876755382323988
11625,229,1145,1150,1,2.7876755382323988
11712,232,1160,1165,1,2.7876755382323988
12070,246,1230,1235,1,2.7876755382323988
12834,280,1400,1405,1,2.7876755382323988
12835,280,1400,1405,1,2.7876755382323988
12868,281,1405,1410,1,2.7876755382323988
13201,297,1485,1490,1,2.7876755382323988
13769,335,1675,1680,1,2.7876755382323988
13936,349,1745,1750,1,2.7876755382323988
14128,369,1845,1850,1,2.7876755382323988
14471,459,2295,2300,1,2.7876755382323988
14480,464,2320,2325,1,2.7876755382323988
201,1,5,10,1,2.7870918334816555
202,1,5,10,1,2.7870918334816555
205,1,5,10,1,2.7870918334816555
404,2,10,15,1,2.7870918334816555
405,2,10,15,1,2.7870918334816555
406,2,10,15,1,2.7870918334816555
407,2,10,15,1,2.7870918334816555
408,2,10,15,1,2.7870918334816555
885,4,20,25,1,2.7870918334816555
892,4,20,25,1,2.7870918334816555
1299,6,30,35,1,2.7870918334816555
1301,6,30,35,1,2.7870918334816555
2019,11,55,60,1,2.7870918334816555
2974,21,105,110,1,2.7870918334816555
3599,29,145,150,1,2.7870918334816555
4124,37,185,190,1,2.7870918334816555
4969,52,260,265,1,2.7870918334816555
5175,56,280,285,1,2.7870918334816555
6787,92,460,465,1,2.7870918334816555
7514,112,560,565,1,2.7870918334816555
7553,113,565,570,1,2.7870918334816555
8220,131,655,660,1,2.7870918334816555
8348,134,670,675,1,2.7870918334816555
8870,147,735,740,1,2.7870918334816555
9128,154,770,775,1,2.7870918334816555
9198,156,780,785,1,2.7870918334816555
9435,163,815,820,1,2.7870918334816555
9497,165,825,830,1,2.7870918334816555
9573,167,835,840,1,2.7870918334816555
9616,168,840,845,1,2.7870918334816555
9791,174,870,875,1,2.7870918334816555
9868,176,880,885,1,2.7870918334816555
9942,178,890,895,1,2.7870918334816555
9943,178,890,895,1,2.7870918334816555
10021,180,900,905,1,2.7870918334816555
10159,184,920,925,1,2.7870918334816555
10356,190,950,955,1,2.7870918334816555
10432,192,960,965,1,2.7870918334816555
10475,193,965,970,1,2.7870918334816555
10550,195,975,980,1,2.7870918334816555
10656,198,990,995,1,2.7870918334816555
11267,217,1085,1090,1,2.7870918334816555
11302,218,1090,1095,1,2.7870918334816555
11588,228,1140,1145,1,2.7870918334816555
12226,252,1260,1265,1,2.7870918334816555
12474,263,1315,1320,1,2.7870918334816555
12475,263,1315,1320,1,2.7870918334816555
12493,264,1320,1325,1,2.7870918334816555
12540,266,1330,1335,1,2.7870918334816555
13236,299,1495,1500,1,2.7870918334816555
13395,308,1540,1545,1,2.7870918334816555
13973,352,1760,1765,1,2.7870918334816555
14035,358,1790,1795,1,2.7870918334816555
14217,382,1910,1915,1,2.7870918334816555
14515,490,2450,2455,1,2.7870918334816555
53,0,0,5,1,2.787091833476903
203,1,5,10,1,2.787091833476903
649,3,15,20,1,2.787091833476903
886,4,20,25,1,2.787091833476903
889,4,20,25,1,2.787091833476903
890,4,20,25,1,2.787091833476903
891,4,20,25,1,2.787091833476903
1298,6,30,35,1,2.787091833476903
2334,14,70,75,1,2.787091833476903
3137,23,115,120,1,2.787091833476903
3466,27,135,140,1,2.787091833476903
3530,28,140,145,1,2.787091833476903
4798,49,245,250,1,2.787091833476903
5284,58,290,295,1,2.787091833476903
7036,99,495,500,1,2.787091833476903
7944,124,620,625,1,2.787091833476903
7982,125,625,630,1,2.787091833476903
8310,133,665,670,1,2.787091833476903
8904,148,740,745,1,2.787091833476903
9094,153,765,770,1,2.787091833476903
9127,154,770,775,1,2.787091833476903
9199,156,780,785,1,2.787091833476903
9369,161,805,810,1,2.787091833476903
9398,162,810,815,1,2.787091833476903
9760,173,865,870,1,2.787091833476903
9761,173,865,870,1,2.787091833476903
9941,178,890,895,1,2.787091833476903
10095,182,910,915,1,2.787091833476903
10188,185,925,930,1,2.787091833476903
10474,193,965,970,1,2.787091833476903
10840,203,1015,1020,1,2.787091833476903
11112,212,1060,1065,1,2.787091833476903
11396,221,1105,1110,1,2.787091833476903
11397,221,1105,1110,1,2.787091833476903
11587,228,1140,1145,1,2.787091833476903
11711,232,1160,1165,1,2.787091833476903
11837,237,1185,1190,1,2.787091833476903
11908,239,1195,1200,1,2.787091833476903
12227,252,1260,1265,1,2.787091833476903
12380,259,1295,1300,1,2.787091833476903
13146,294,1470,1475,1,2.787091833476903
13583,321,1605,1610,1,2.787091833476903
13591,322,1610,1615,1,2.787091833476903
13608,323,1615,1620,1,2.787091833476903
13713,331,1655,1660,1,2.787091833476903
14500,476,2380,2385,1,2.787091833476903
200,1,5,10,1,2.7865078928951985
403,2,10,15,1,2.7865078928951985
641,3,15,20,1,2.7865078928951985
642,3,15,20,1,2.7865078928951985
644,3,15,20,1,2.7865078928951985
645,3,15,20,1,2.7865078928951985
646,3,15,20,1,2.7865078928951985
647,3,15,20,1,2.7865078928951985
883,4,20,25,1,2.7865078928951985
1480,7,35,40,1,2.7865078928951985
1639,8,40,45,1,2.7865078928951985
2018,11,55,60,1,2.7865078928951985
2884,20,100,105,1,2.7865078928951985
3465,27,135,140,1,2.7865078928951985
3667,30,150,155,1,2.7865078928951985
3668,30,150,155,1,2.7865078928951985
4632,46,230,235,1,2.7865078928951985
5073,54,270,275,1,2.7865078928951985
6104,75,375,380,1,2.7865078928951985
6972,97,485,490,1,2.7865078928951985
7004,98,490,495,1,2.7865078928951985
7981,125,625,630,1,2.7865078928951985
8064,127,635,640,1,2.7865078928951985
8189,130,650,655,1,2.7865078928951985
8265,132,660,665,1,2.7865078928951985
8346,134,670,675,1,2.7865078928951985
8384,135,675,680,1,2.7865078928951985
9126,154,770,775,1,2.7865078928951985
9790,174,870,875,1,2.7865078928951985
10019,180,900,905,1,2.7865078928951985
10054,181,905,910,1,2.7865078928951985
10055,181,905,910,1,2.7865078928951985
10056,181,905,910,1,2.7865078928951985
10473,193,965,970,1,2.7865078928951985
10689,199,995,1000,1,2.7865078928951985
10936,206,1030,1035,1,2.7865078928951985
10937,206,1030,1035,1,2.7865078928951985
10938,206,1030,1035,1,2.7865078928951985
11148,213,1065,1070,1,2.7865078928951985
11209,215,1075,1080,1,2.7865078928951985
11395,221,1105,1110,1,2.7865078928951985
11542,226,1130,1135,1,2.7865078928951985
11564,227,1135,1140,1,2.7865078928951985
11807,236,1180,1185,1,2.7865078928951985
11935,240,1200,1205,1,2.7865078928951985
12012,244,1220,1225,1,2.7865078928951985
12069,246,1230,1235,1,2.7865078928951985
12145,249,1245,1250,1,2.7865078928951985
12172,250,1250,1255,1,2.7865078928951985
12410,260,1300,1305,1,2.7865078928951985
13123,293,1465,1470,1,2.7865078928951985
13180,296,1480,1485,1,2.7865078928951985
13411,309,1545,1550,1,2.7865078928951985
14110,367,1835,1840,1,2.7865078928951985
14278,393,1965,1970,1,2.7865078928951985
14468,457,2285,2290,1,2.7865078928951985
52,0,0,5,1,2.7865078928904468
198,1,5,10,1,2.7865078928904468
199,1,5,10,1,2.7865078928904468
400,2,10,15,1,2.7865078928904468
402,2,10,15,1,2.7865078928904468
881,4,20,25,1,2.7865078928904468
884,4,20,25,1,2.7865078928904468
1094,5,25,30,1,2.7865078928904468
1097,5,25,30,1,2.7865078928904468
1640,8,40,45,1,2.7865078928904468
2135,12,60,65,1,2.7865078928904468
3221,24,120,125,1,2.7865078928904468
3529,28,140,145,1,2.7865078928904468
3806,32,160,165,1,2.7865078928904468
4189,38,190,195,1,2.7865078928904468
5339,59,295,300,1,2.7865078928904468
6786,92,460,465,1,2.7865078928904468
7482,111,555,560,1,2.7865078928904468
7513,112,560,565,1,2.7865078928904468
7591,114,570,575,1,2.7865078928904468
7734,118,590,595,1,2.7865078928904468
8347,134,670,675,1,2.7865078928904468
8975,150,750,755,1,2.7865078928904468
9197,156,780,785,1,2.7865078928904468
9231,157,785,790,1,2.7865078928904468
9466,164,820,825,1,2.7865078928904468
9940,178,890,895,1,2.7865078928904468
10020,180,900,905,1,2.7865078928904468
10314,189,945,950,1,2.7865078928904468
10549,195,975,980,1,2.7865078928904468
10655,198,990,995,1,2.7865078928904468
10723,200,1000,1005,1,2.7865078928904468
10758,201,1005,1010,1,2.7865078928904468
11034,209,1045,1050,1,2.7865078928904468
11063,210,1050,1055,1,2.7865078928904468
11565,227,1135,1140,1,2.7865078928904468
11624,229,1145,1150,1,2.7865078928904468
11710,232,1160,1165,1,2.7865078928904468
11763,234,1170,1175,1,2.7865078928904468
11968,242,1210,1215,1,2.7865078928904468
12379,259,1295,1300,1,2.7865078928904468
12473,263,1315,1320,1,2.7865078928904468
12492,264,1320,1325,1,2.7865078928904468
12559,267,1335,1340,1,2.7865078928904468
13080,291,1455,1460,1,2.7865078928904468
13251,300,1500,1505,1,2.7865078928904468
13505,316,1580,1585,1,2.7865078928904468
13935,349,1745,1750,1,2.7865078928904468
14463,456,2280,2285,1,2.7865078928904468
195,1,5,10,1,2.785923716524972
196,1,5,10,1,2.785923716524972
397,2,10,15,1,2.785923716524972
879,4,20,25,1,2.785923716524972
1091,5,25,30,1,2.785923716524972
1092,5,25,30,1,2.785923716524972
1093,5,25,30,1,2.785923716524972
1295,6,30,35,1,2.785923716524972
1477,7,35,40,1,2.785923716524972
1637,8,40,45,1,2.785923716524972
2134,12,60,65,1,2.785923716524972
2807,19,95,100,1,2.785923716524972
3220,24,120,125,1,2.785923716524972
3464,27,135,140,1,2.785923716524972
4409,42,210,215,1,2.785923716524972
4920,51,255,260,1,2.785923716524972
5970,72,360,365,1,2.785923716524972
7352,107,535,540,1,2.785923716524972
7590,114,570,575,1,2.785923716524972
7641,115,575,580,1,2.785923716524972
7667,116,580,585,1,2.785923716524972
8188,130,650,655,1,2.785923716524972
8383,135,675,680,1,2.785923716524972
8437,136,680,685,1,2.785923716524972
8757,144,720,725,1,2.785923716524972
8758,144,720,725,1,2.785923716524972
8941,149,745,750,1,2.785923716524972
8942,149,745,750,1,2.785923716524972
9269,158,790,795,1,2.785923716524972
9729,172,860,865,1,2.785923716524972
10094,182,910,915,1,2.785923716524972
10253,187,935,940,1,2.785923716524972
10653,198,990,995,1,2.785923716524972
10654,198,990,995,1,2.785923716524972
10873,204,1020,1025,1,2.785923716524972
10897,205,1025,1030,1,2.785923716524972
11033,209,1045,1050,1,2.785923716524972
11172,214,1070,1075,1,2.785923716524972
11427,222,1110,1115,1,2.785923716524972
11541,226,1130,1135,1,2.785923716524972
11967,242,1210,1215,1,2.785923716524972
12171,250,1250,1255,1,2.785923716524972
12195,251,1255,1260,1,2.785923716524972
12322,256,1280,1285,1,2.785923716524972
12409,260,1300,1305,1,2.785923716524972
12711,274,1370,1375,1,2.785923716524972
12833,280,1400,1405,1,2.785923716524972
13058,290,1450,1455,1,2.785923716524972
13105,292,1460,1465,1,2.785923716524972
13281,302,1510,1515,1,2.785923716524972
13833,341,1705,1710,1,2.785923716524972
14146,372,1860,1865,1,2.785923716524972
14190,379,1895,1900,1,2.785923716524972
14341,407,2035,2040,1,2.785923716524972
197,1,5,10,1,2.7859237165202217
396,2,10,15,1,2.7859237165202217
398,2,10,15,1,2.7859237165202217
399,2,10,15,1,2.7859237165202217
636,3,15,20,1,2.7859237165202217
638,3,15,20,1,2.7859237165202217
639,3,15,20,1,2.7859237165202217
640,3,15,20,1,2.7859237165202217
1292,6,30,35,1,2.7859237165202217
1294,6,30,35,1,2.7859237165202217
1634,8,40,45,1,2.7859237165202217
1635,8,40,45,1,2.7859237165202217
1761,9,45,50,1,2.7859237165202217
2333,14,70,75,1,2.7859237165202217
3056,22,110,115,1,2.7859237165202217
3598,29,145,150,1,2.7859237165202217
3881,33,165,170,1,2.7859237165202217
4123,37,185,190,1,2.7859237165202217
4693,47,235,240,1,2.7859237165202217
7411,109,545,550,1,2.7859237165202217
7552,113,565,570,1,2.7859237165202217
7589,114,570,575,1,2.7859237165202217
7703,117,585,590,1,2.7859237165202217
7733,118,590,595,1,2.7859237165202217
7942,124,620,625,1,2.7859237165202217
7943,124,620,625,1,2.7859237165202217
8621,140,700,705,1,2.7859237165202217
8974,150,750,755,1,2.7859237165202217
9434,163,815,820,1,2.7859237165202217
9644,169,845,850,1,2.7859237165202217
9730,172,860,865,1,2.7859237165202217
9867,176,880,885,1,2.7859237165202217
9939,178,890,895,1,2.7859237165202217
10218,186,930,935,1,2.7859237165202217
10354,190,950,955,1,2.7859237165202217
10355,190,950,955,1,2.7859237165202217
10393,191,955,960,1,2.7859237165202217
11907,239,1195,1200,1,2.7859237165202217
12068,246,1230,1235,1,2.7859237165202217
12126,248,1240,1245,1,2.7859237165202217
12196,251,1255,1260,1,2.7859237165202217
12251,253,1265,1270,1,2.7859237165202217
12539,266,1330,1335,1,2.7859237165202217
12589,268,1340,1345,1,2.7859237165202217
12832,280,1400,1405,1,2.7859237165202217
13011,288,1440,1445,1,2.7859237165202217
13313,304,1520,1525,1,2.7859237165202217
13328,305,1525,1530,1,2.7859237165202217
13394,308,1540,1545,1,2.7859237165202217
13607,323,1615,1620,1,2.7859237165202217
14060,362,1810,1815,1,2.7859237165202217
14254,389,1945,1950,1,2.7859237165202217
194,1,5,10,1,2.7853393044221
633,3,15,20,1,2.7853393044221
635,3,15,20,1,2.7853393044221
875,4,20,25,1,2.7853393044221
1289,6,30,35,1,2.7853393044221
1290,6,30,35,1,2.7853393044221
1291,6,30,35,1,2.7853393044221
2017,11,55,60,1,2.7853393044221
2332,14,70,75,1,2.7853393044221
2720,18,90,95,1,2.7853393044221
2973,21,105,110,1,2.7853393044221
3528,28,140,145,1,2.7853393044221
4523,44,220,225,1,2.7853393044221
5228,57,285,290,1,2.7853393044221
5338,59,295,300,1,2.7853393044221
5926,71,355,360,1,2.7853393044221
6595,87,435,440,1,2.7853393044221
6890,95,475,480,1,2.7853393044221
7875,122,610,615,1,2.7853393044221
7941,124,620,625,1,2.7853393044221
8101,128,640,645,1,2.7853393044221
8480,137,685,690,1,2.7853393044221
8839,146,730,735,1,2.7853393044221
9904,177,885,890,1,2.7853393044221
10093,182,910,915,1,2.7853393044221
10127,183,915,920,1,2.7853393044221
10187,185,925,930,1,2.7853393044221
10722,200,1000,1005,1,2.7853393044221
10838,203,1015,1020,1,2.7853393044221
10839,203,1015,1020,1,2.7853393044221
10896,205,1025,1030,1,2.7853393044221
10999,208,1040,1045,1,2.7853393044221
11000,208,1040,1045,1,2.7853393044221
11147,213,1065,1070,1,2.7853393044221
11171,214,1070,1075,1,2.7853393044221
11586,228,1140,1145,1,2.7853393044221
11709,232,1160,1165,1,2.7853393044221
12043,245,1225,1230,1,2.7853393044221
12102,247,1235,1240,1,2.7853393044221
12359,258,1290,1295,1,2.7853393044221
12360,258,1290,1295,1,2.7853393044221
12866,281,1405,1410,1,2.7853393044221
12867,281,1405,1410,1,2.7853393044221
13009,288,1440,1445,1,2.7853393044221
13010,288,1440,1445,1,2.7853393044221
13030,289,1445,1450,1,2.7853393044221
13199,297,1485,1490,1,2.7853393044221
13444,311,1555,1560,1,2.7853393044221
13558,319,1595,1600,1,2.7853393044221
13649,326,1630,1635,1,2.7853393044221
13832,341,1705,1710,1,2.7853393044221
14285,394,1970,1975,1,2.7853393044221
192,1,5,10,1,2.7853393044173504
395,2,10,15,1,2.7853393044173504
634,3,15,20,1,2.7853393044173504
878,4,20,25,1,2.7853393044173504
1090,5,25,30,1,2.7853393044173504
1633,8,40,45,1,2.7853393044173504
2246,13,65,70,1,2.7853393044173504
2539,16,80,85,1,2.7853393044173504
2806,19,95,100,1,2.7853393044173504
3666,30,150,155,1,2.7853393044173504
3937,34,170,175,1,2.7853393044173504
4249,39,195,200,1,2.7853393044173504
5649,65,325,330,1,2.7853393044173504
5969,72,360,365,1,2.7853393044173504
6156,76,380,385,1,2.7853393044173504
6706,90,450,455,1,2.7853393044173504
6707,90,450,455,1,2.7853393044173504
7809,120,600,605,1,2.7853393044173504
7840,121,605,610,1,2.7853393044173504
8219,131,655,660,1,2.7853393044173504
8869,147,735,740,1,2.7853393044173504
9673,170,850,855,1,2.7853393044173504
9836,175,875,880,1,2.7853393044173504
10217,186,930,935,1,2.7853393044173504
10548,195,975,980,1,2.7853393044173504
10935,206,1030,1035,1,2.7853393044173504
10973,207,1035,1040,1,2.7853393044173504
11492,224,1120,1125,1,2.7853393044173504
11677,231,1155,1160,1,2.7853393044173504
11866,238,1190,1195,1,2.7853393044173504
12042,245,1225,1230,1,2.7853393044173504
12044,245,1225,1230,1,2.7853393044173504
12144,249,1245,1250,1,2.7853393044173504
12170,250,1250,1255,1,2.7853393044173504
12538,266,1330,1335,1,2.7853393044173504
12729,275,1375,1380,1,2.7853393044173504
12750,276,1380,1385,1,2.7853393044173504
12941,284,1420,1425,1,2.7853393044173504
13200,297,1485,1490,1,2.7853393044173504
13280,302,1510,1515,1,2.7853393044173504
13354,306,1530,1535,1,2.7853393044173504
13410,309,1545,1550,1,2.7853393044173504
13468,313,1565,1570,1,2.7853393044173504
13546,318,1590,1595,1,2.7853393044173504
13783,337,1685,1690,1,2.7853393044173504
13798,338,1690,1695,1,2.7853393044173504
626,3,15,20,1,2.7847546566324612
627,3,15,20,1,2.7847546566324612
629,3,15,20,1,2.7847546566324612
1081,5,25,30,1,2.7847546566324612
1083,5,25,30,1,2.7847546566324612
1084,5,25,30,1,2.7847546566324612
1085,5,25,30,1,2.7847546566324612
1087,5,25,30,1,2.7847546566324612
1630,8,40,45,1,2.7847546566324612
1889,10,50,55,1,2.7847546566324612
2245,13,65,70,1,2.7847546566324612
2538,16,80,85,1,2.7847546566324612
3055,22,110,115,1,2.7847546566324612
3463,27,135,140,1,2.7847546566324612
3665,30,150,155,1,2.7847546566324612
4585,45,225,230,1,2.7847546566324612
4741,48,240,245,1,2.7847546566324612
6206,77,385,390,1,2.7847546566324612
6971,97,485,490,1,2.7847546566324612
7640,115,575,580,1,2.7847546566324612
7918,123,615,620,1,2.7847546566324612
8309,133,665,670,1,2.7847546566324612
8382,135,675,680,1,2.7847546566324612
8796,145,725,730,1,2.7847546566324612
9051,152,760,765,1,2.7847546566324612
9304,159,795,800,1,2.7847546566324612
9342,160,800,805,1,2.7847546566324612
9535,166,830,835,1,2.7847546566324612
9835,175,875,880,1,2.7847546566324612
10652,198,990,995,1,2.7847546566324612
10997,208,1040,1045,1,2.7847546566324612
11062,210,1050,1055,1,2.7847546566324612
11338,219,1095,1100,1,2.7847546566324612
11622,229,1145,1150,1,2.7847546566324612
11787,235,1175,1180,1,2.7847546566324612
11965,242,1210,1215,1,2.7847546566324612
11966,242,1210,1215,1,2.7847546566324612
12169,250,1250,1255,1,2.7847546566324612
12641,271,1355,1360,1,2.7847546566324612
12710,274,1370,1375,1,2.7847546566324612
12770,277,1385,1390,1,2.7847546566324612
12865,281,1405,1410,1,2.7847546566324612
12940,284,1420,1425,1,2.7847546566324612
13008,288,1440,1445,1,2.7847546566324612
13104,292,1460,1465,1,2.7847546566324612
13122,293,1465,1470,1,2.7847546566324612
13527,317,1585,1590,1,2.7847546566324612
13699,330,1650,1655,1,2.7847546566324612
13797,338,1690,1695,1,2.7847546566324612
13898,346,1730,1735,1,2.7847546566324612
13922,348,1740,1745,1,2.7847546566324612
14216,382,1910,1915,1,2.7847546566324612
14273,392,1960,1965,1,2.7847546566324612
191,1,5,10,1,2.7847546566277126
393,2,10,15,1,2.7847546566277126
630,3,15,20,1,2.7847546566277126
631,3,15,20,1,2.7847546566277126
632,3,15,20,1,2.7847546566277126
872,4,20,25,1,2.7847546566277126
874,4,20,25,1,2.7847546566277126
1088,5,25,30,1,2.7847546566277126
1286,6,30,35,1,2.7847546566277126
1287,6,30,35,1,2.7847546566277126
1474,7,35,40,1,2.7847546566277126
2016,11,55,60,1,2.7847546566277126
2436,15,75,80,1,2.7847546566277126
2719,18,90,95,1,2.7847546566277126
3136,23,115,120,1,2.7847546566277126
3527,28,140,145,1,2.7847546566277126
4121,37,185,190,1,2.7847546566277126
4122,37,185,190,1,2.7847546566277126
5227,57,285,290,1,2.7847546566277126
6705,90,450,455,1,2.7847546566277126
7410,109,545,550,1,2.7847546566277126
7551,113,565,570,1,2.7847546566277126
8435,136,680,685,1,2.7847546566277126
8620,140,700,705,1,2.7847546566277126
8654,141,705,710,1,2.7847546566277126
8689,142,710,715,1,2.7847546566277126
8868,147,735,740,1,2.7847546566277126
9017,151,755,760,1,2.7847546566277126
9196,156,780,785,1,2.7847546566277126
9534,166,830,835,1,2.7847546566277126
10998,208,1040,1045,1,2.7847546566277126
11146,213,1065,1070,1,2.7847546566277126
11623,229,1145,1150,1,2.7847546566277126
12101,247,1235,1240,1,2.7847546566277126
12250,253,1265,1270,1,2.7847546566277126
12321,256,1280,1285,1,2.7847546566277126
12588,268,1340,1345,1,2.7847546566277126
12634,270,1350,1355,1,2.7847546566277126
12642,271,1355,1360,1,2.7847546566277126
12921,283,1415,1420,1,2.7847546566277126
12922,283,1415,1420,1,2.7847546566277126
12982,287,1435,1440,1,2.7847546566277126
13145,294,1470,1475,1,2.7847546566277126
13179,296,1480,1485,1,2.7847546566277126
13378,307,1535,1540,1,2.7847546566277126
13409,309,1545,1550,1,2.7847546566277126
13496,315,1575,1580,1,2.7847546566277126
13666,327,1635,1640,1,2.7847546566277126
13700,330,1650,1655,1,2.7847546566277126
13946,350,1750,1755,1,2.7847546566277126
14042,359,1795,1800,1,2.7847546566277126
49,0,0,5,1,2.784169773211112
391,2,10,15,1,2.784169773211112
625,3,15,20,1,2.784169773211112
867,4,20,25,1,2.784169773211112
868,4,20,25,1,2.784169773211112
871,4,20,25,1,2.784169773211112
1284,6,30,35,1,2.784169773211112
1285,6,30,35,1,2.784169773211112
1629,8,40,45,1,2.784169773211112
2015,11,55,60,1,2.784169773211112
2331,14,70,75,1,2.784169773211112
2718,18,90,95,1,2.784169773211112
4522,44,220,225,1,2.784169773211112
5174,56,280,285,1,2.784169773211112
6055,74,370,375,1,2.784169773211112
7980,125,625,630,1,2.784169773211112
8381,135,675,680,1,2.784169773211112
8728,143,715,720,1,2.784169773211112
8729,143,715,720,1,2.784169773211112
8940,149,745,750,1,2.784169773211112
9093,153,765,770,1,2.784169773211112
9125,154,770,775,1,2.784169773211112
9230,157,785,790,1,2.784169773211112
9302,159,795,800,1,2.784169773211112
9368,161,805,810,1,2.784169773211112
9533,166,830,835,1,2.784169773211112
9982,179,895,900,1,2.784169773211112
9983,179,895,900,1,2.784169773211112
10651,198,990,995,1,2.784169773211112
10872,204,1020,1025,1,2.784169773211112
11266,217,1085,1090,1,2.784169773211112
11426,222,1110,1115,1,2.784169773211112
11865,238,1190,1195,1,2.784169773211112
12168,250,1250,1255,1,2.784169773211112
12296,255,1275,1280,1,2.784169773211112
12709,274,1370,1375,1,2.784169773211112
12728,275,1375,1380,1,2.784169773211112
12939,284,1420,1425,1,2.784169773211112
12981,287,1435,1440,1,2.784169773211112
13121,293,1465,1470,1,2.784169773211112
13198,297,1485,1490,1,2.784169773211112
13606,323,1615,1620,1,2.784169773211112
13688,329,1645,1650,1,2.784169773211112
13768,335,1675,1680,1,2.784169773211112
13847,342,1710,1715,1,2.784169773211112
14058,362,1810,1815,1,2.784169773211112
14059,362,1810,1815,1,2.784169773211112
14203,381,1905,1910,1,2.784169773211112
14272,392,1960,1965,1,2.784169773211112
14387,420,2100,2105,1,2.784169773211112
187,1,5,10,1,2.784169773206364
622,3,15,20,1,2.784169773206364
623,3,15,20,1,2.784169773206364
870,4,20,25,1,2.784169773206364
1078,5,25,30,1,2.784169773206364
1079,5,25,30,1,2.784169773206364
1080,5,25,30,1,2.784169773206364
1888,10,50,55,1,2.784169773206364
2133,12,60,65,1,2.784169773206364
2628,17,85,90,1,2.784169773206364
5786,68,340,345,1,2.784169773206364
6594,87,435,440,1,2.784169773206364
7218,104,520,525,1,2.784169773206364
8618,140,700,705,1,2.784169773206364
8619,140,700,705,1,2.784169773206364
8838,146,730,735,1,2.784169773206364
8973,150,750,755,1,2.784169773206364
9050,152,760,765,1,2.784169773206364
9303,159,795,800,1,2.784169773206364
9433,163,815,820,1,2.784169773206364
9615,168,840,845,1,2.784169773206364
9728,172,860,865,1,2.784169773206364
9938,178,890,895,1,2.784169773206364
10431,192,960,965,1,2.784169773206364
10721,200,1000,1005,1,2.784169773206364
11786,235,1175,1180,1,2.784169773206364
12320,256,1280,1285,1,2.784169773206364
12408,260,1300,1305,1,2.784169773206364
12613,269,1345,1350,1,2.784169773206364
12791,278,1390,1395,1,2.784169773206364
12864,281,1405,1410,1,2.784169773206364
13432,310,1550,1555,1,2.784169773206364
13454,312,1560,1565,1,2.784169773206364
13466,313,1565,1570,1,2.784169773206364
13487,314,1570,1575,1,2.784169773206364
13526,317,1585,1590,1,2.784169773206364
13698,330,1650,1655,1,2.784169773206364
13737,333,1665,1670,1,2.784169773206364
13738,333,1665,1670,1,2.784169773206364
14008,355,1775,1780,1,2.784169773206364
14053,361,1805,1810,1,2.784169773206364
14215,382,1910,1915,1,2.784169773206364
14329,404,2020,2025,1,2.784169773206364
47,0,0,5,1,2.7835846542026204
184,1,5,10,1,2.7835846542026204
386,2,10,15,1,2.7835846542026204
865,4,20,25,1,2.7835846542026204
866,4,20,25,1,2.7835846542026204
1074,5,25,30,1,2.7835846542026204
1076,5,25,30,1,2.7835846542026204
1077,5,25,30,1,2.7835846542026204
1280,6,30,35,1,2.7835846542026204
2132,12,60,65,1,2.7835846542026204
2717,18,90,95,1,2.7835846542026204
3135,23,115,120,1,2.7835846542026204
3880,33,165,170,1,2.7835846542026204
4692,47,235,240,1,2.7835846542026204
5013,53,265,270,1,2.7835846542026204
5283,58,290,295,1,2.7835846542026204
7077,100,500,505,1,2.7835846542026204
8755,144,720,725,1,2.7835846542026204
8795,145,725,730,1,2.7835846542026204
9092,153,765,770,1,2.7835846542026204
9643,169,845,850,1,2.7835846542026204
9727,172,860,865,1,2.7835846542026204
9833,175,875,880,1,2.7835846542026204
9834,175,875,880,1,2.7835846542026204
9937,178,890,895,1,2.7835846542026204
10313,189,945,950,1,2.7835846542026204
10430,192,960,965,1,2.7835846542026204
10583,196,980,985,1,2.7835846542026204
10584,196,980,985,1,2.7835846542026204
11086,211,1055,1060,1,2.7835846542026204
11145,213,1065,1070,1,2.7835846542026204
11170,214,1070,1075,1,2.7835846542026204
11491,224,1120,1125,1,2.7835846542026204
11708,232,1160,1165,1,2.7835846542026204
11806,236,1180,1185,1,2.7835846542026204
12125,248,1240,1245,1,2.7835846542026204
12612,269,1345,1350,1,2.7835846542026204
12633,270,1350,1355,1,2.7835846542026204
12889,282,1410,1415,1,2.7835846542026204
13029,289,1445,1450,1,2.7835846542026204
13178,296,1480,1485,1,2.7835846542026204
13263,301,1505,1510,1,2.7835846542026204
13408,309,1545,1550,1,2.7835846542026204
13431,310,1550,1555,1,2.7835846542026204
13495,315,1575,1580,1,2.7835846542026204
13876,344,1720,1725,1,2.7835846542026204
13921,348,1740,1745,1,2.7835846542026204
14048,360,1800,1805,1,2.7835846542026204
14165,375,1875,1880,1,2.7835846542026204
14202,381,1905,1910,1,2.7835846542026204
14309,399,1995,2000,1,2.7835846542026204
14453,448,2240,2245,1,2.7835846542026204
388,2,10,15,1,2.783584654197874
620,3,15,20,1,2.783584654197874
864,4,20,25,1,2.783584654197874
1282,6,30,35,1,2.783584654197874
1470,7,35,40,1,2.783584654197874
1471,7,35,40,1,2.783584654197874
1887,10,50,55,1,2.783584654197874
2883,20,100,105,1,2.783584654197874
4188,38,190,195,1,2.783584654197874
4919,51,255,260,1,2.783584654197874
5337,59,295,300,1,2.783584654197874
8756,144,720,725,1,2.783584654197874
9049,152,760,765,1,2.783584654197874
9532,166,830,835,1,2.783584654197874
9572,167,835,840,1,2.783584654197874
9672,170,850,855,1,2.783584654197874
9697,171,855,860,1,2.783584654197874
9832,175,875,880,1,2.783584654197874
9980,179,895,900,1,2.783584654197874
9981,179,895,900,1,2.783584654197874
10972,207,1035,1040,1,2.783584654197874
11085,211,1055,1060,1,2.783584654197874
11087,211,1055,1060,1,2.783584654197874
11239,216,1080,1085,1,2.783584654197874
11301,218,1090,1095,1,2.783584654197874
11585,228,1140,1145,1,2.783584654197874
11864,238,1190,1195,1,2.783584654197874
12295,255,1275,1280,1,2.783584654197874
12769,277,1385,1390,1,2.783584654197874
12790,278,1390,1395,1,2.783584654197874
13504,316,1580,1585,1,2.783584654197874
13636,325,1625,1630,1,2.783584654197874
13687,329,1645,1650,1,2.783584654197874
13810,339,1695,1700,1,2.783584654197874
13846,342,1710,1715,1,2.783584654197874
13860,343,1715,1720,1,2.783584654197874
13972,352,1760,1765,1,2.783584654197874
13992,354,1770,1775,1,2.783584654197874
14161,374,1870,1875,1,2.783584654197874
14214,382,1910,1915,1,2.783584654197874
14367,414,2070,2075,1,2.783584654197874
14433,437,2185,2190,1,2.783584654197874
382,2,10,15,1,2.7829992996594215
384,2,10,15,1,2.7829992996594215
385,2,10,15,1,2.7829992996594215
616,3,15,20,1,2.7829992996594215
617,3,15,20,1,2.7829992996594215
618,3,15,20,1,2.7829992996594215
619,3,15,20,1,2.7829992996594215
860,4,20,25,1,2.7829992996594215
1072,5,25,30,1,2.7829992996594215
1469,7,35,40,1,2.7829992996594215
1627,8,40,45,1,2.7829992996594215
2244,13,65,70,1,2.7829992996594215
2627,17,85,90,1,2.7829992996594215
3803,32,160,165,1,2.7829992996594215
4364,41,205,210,1,2.7829992996594215
4459,43,215,220,1,2.7829992996594215
5925,71,355,360,1,2.7829992996594215
6247,78,390,395,1,2.7829992996594215
7732,118,590,595,1,2.7829992996594215
8972,150,750,755,1,2.7829992996594215
9789,174,870,875,1,2.7829992996594215
9903,177,885,890,1,2.7829992996594215
10312,189,945,950,1,2.7829992996594215
10472,193,965,970,1,2.7829992996594215
10509,194,970,975,1,2.7829992996594215
10650,198,990,995,1,2.7829992996594215
10757,201,1005,1010,1,2.7829992996594215
10971,207,1035,1040,1,2.7829992996594215
11032,209,1045,1050,1,2.7829992996594215
11084,211,1055,1060,1,2.7829992996594215
11143,213,1065,1070,1,2.7829992996594215
11144,213,1065,1070,1,2.7829992996594215
11515,225,1125,1130,1,2.7829992996594215
11739,233,1165,1170,1,2.7829992996594215
11784,235,1175,1180,1,2.7829992996594215
11785,235,1175,1180,1,2.7829992996594215
11836,237,1185,1190,1,2.7829992996594215
12143,249,1245,1250,1,2.7829992996594215
12632,270,1350,1355,1,2.7829992996594215
12749,276,1380,1385,1,2.7829992996594215
12810,279,1395,1400,1,2.7829992996594215
12811,279,1395,1400,1,2.7829992996594215
13120,293,1465,1470,1,2.7829992996594215
13144,294,1470,1475,1,2.7829992996594215
13155,295,1475,1480,1,2.7829992996594215
13312,304,1520,1525,1,2.7829992996594215
13486,314,1570,1575,1,2.7829992996594215
13635,325,1625,1630,1,2.7829992996594215
13809,339,1695,1700,1,2.7829992996594215
13971,352,1760,1765,1,2.7829992996594215
14189,379,1895,1900,1,2.7829992996594215
14357,412,2060,2065,1,2.7829992996594215
14492,469,2345,2350,1,2.7829992996594215
14493,469,2345,2350,1,2.7829992996594215
378,2,10,15,1,2.782999299654676
383,2,10,15,1,2.782999299654676
861,4,20,25,1,2.782999299654676
1071,5,25,30,1,2.782999299654676
1073,5,25,30,1,2.782999299654676
1760,9,45,50,1,2.782999299654676
3054,22,110,115,1,2.782999299654676
4303,40,200,205,1,2.782999299654676
5072,54,270,275,1,2.782999299654676
6017,73,365,370,1,2.782999299654676
7268,105,525,530,1,2.782999299654676
9091,153,765,770,1,2.782999299654676
9496,165,825,830,1,2.782999299654676
9788,174,870,875,1,2.782999299654676
10216,186,930,935,1,2.782999299654676
10311,189,945,950,1,2.782999299654676
10510,194,970,975,1,2.782999299654676
10547,195,975,980,1,2.782999299654676
10582,196,980,985,1,2.782999299654676
10837,203,1015,1020,1,2.782999299654676
10996,208,1040,1045,1,2.782999299654676
11394,221,1105,1110,1,2.782999299654676
11449,223,1115,1120,1,2.782999299654676
11540,226,1130,1135,1,2.782999299654676
11676,231,1155,1160,1,2.782999299654676
11805,236,1180,1185,1,2.782999299654676
12067,246,1230,1235,1,2.782999299654676
12249,253,1265,1270,1,2.782999299654676
12517,265,1325,1330,1,2.782999299654676
12748,276,1380,1385,1,2.782999299654676
13007,288,1440,1445,1,2.782999299654676
13177,296,1480,1485,1,2.782999299654676
13279,302,1510,1515,1,2.782999299654676
13453,312,1560,1565,1,2.782999299654676
13774,336,1680,1685,1,2.782999299654676
13822,340,1700,1705,1,2.782999299654676
13945,350,1750,1755,1,2.782999299654676
13991,354,1770,1775,1,2.782999299654676
14047,360,1800,1805,1,2.782999299654676
14271,392,1960,1965,1,2.782999299654676
14452,448,2240,2245,1,2.782999299654676
14488,467,2335,2340,1,2.782999299654676
180,1,5,10,1,2.782413709630016
181,1,5,10,1,2.782413709630016
182,1,5,10,1,2.782413709630016
374,2,10,15,1,2.782413709630016
377,2,10,15,1,2.782413709630016
2013,11,55,60,1,2.782413709630016
2329,14,70,75,1,2.782413709630016
2716,18,90,95,1,2.782413709630016
4408,42,210,215,1,2.782413709630016
4458,43,215,220,1,2.782413709630016
5282,58,290,295,1,2.782413709630016
5884,70,350,355,1,2.782413709630016
6246,78,390,395,1,2.782413709630016
8903,148,740,745,1,2.782413709630016
9341,160,800,805,1,2.782413709630016
9787,174,870,875,1,2.782413709630016
9831,175,875,880,1,2.782413709630016
9936,178,890,895,1,2.782413709630016
9979,179,895,900,1,2.782413709630016
10392,191,955,960,1,2.782413709630016
10871,204,1020,1025,1,2.782413709630016
11169,214,1070,1075,1,2.782413709630016
11207,215,1075,1080,1,2.782413709630016
11208,215,1075,1080,1,2.782413709630016
11337,219,1095,1100,1,2.782413709630016
11365,220,1100,1105,1,2.782413709630016
11514,225,1125,1130,1,2.782413709630016
11621,229,1145,1150,1,2.782413709630016
11804,236,1180,1185,1,2.782413709630016
12124,248,1240,1245,1,2.782413709630016
12167,250,1250,1255,1,2.782413709630016
12225,252,1260,1265,1,2.782413709630016
12319,256,1280,1285,1,2.782413709630016
12537,266,1330,1335,1,2.782413709630016
12684,273,1365,1370,1,2.782413709630016
12959,285,1425,1430,1,2.782413709630016
13057,290,1450,1455,1,2.782413709630016
13103,292,1460,1465,1,2.782413709630016
13143,294,1470,1475,1,2.782413709630016
13250,300,1500,1505,1,2.782413709630016
13278,302,1510,1515,1,2.782413709630016
13665,327,1635,1640,1,2.782413709630016
14019,356,1780,1785,1,2.782413709630016
14046,360,1800,1805,1,2.782413709630016
14097,366,1830,1835,1,2.782413709630016
14109,367,1835,1840,1,2.782413709630016
14328,404,2020,2025,1,2.782413709630016
14370,415,2075,2080,1,2.782413709630016
14373,416,2080,2085,1,2.782413709630016
46,0,0,5,1,2.7824137096252715
376,2,10,15,1,2.7824137096252715
614,3,15,20,1,2.7824137096252715
858,4,20,25,1,2.7824137096252715
859,4,20,25,1,2.7824137096252715
2243,13,65,70,1,2.7824137096252715
2626,17,85,90,1,2.7824137096252715
3597,29,145,150,1,2.7824137096252715
4187,38,190,195,1,2.7824137096252715
5648,65,325,330,1,2.7824137096252715
7217,104,520,525,1,2.7824137096252715
9397,162,810,815,1,2.7824137096252715
10353,190,950,955,1,2.7824137096252715
10428,192,960,965,1,2.7824137096252715
10429,192,960,965,1,2.7824137096252715
10649,198,990,995,1,2.7824137096252715
11061,210,1050,1055,1,2.7824137096252715
11238,216,1080,1085,1,2.7824137096252715
11490,224,1120,1125,1,2.7824137096252715
11675,231,1155,1160,1,2.7824137096252715
11737,233,1165,1170,1,2.7824137096252715
11738,233,1165,1170,1,2.7824137096252715
11783,235,1175,1180,1,2.7824137096252715
11863,238,1190,1195,1,2.7824137096252715
11906,239,1195,1200,1,2.7824137096252715
11964,242,1210,1215,1,2.7824137096252715
12100,247,1235,1240,1,2.7824137096252715
12166,250,1250,1255,1,2.7824137096252715
12248,253,1265,1270,1,2.7824137096252715
12516,265,1325,1330,1,2.7824137096252715
12662,272,1360,1365,1,2.7824137096252715
12831,280,1400,1405,1,2.7824137096252715
13557,319,1595,1600,1,2.7824137096252715
13634,325,1625,1630,1,2.7824137096252715
14124,368,1840,1845,1,2.7824137096252715
14172,376,1880,1885,1,2.7824137096252715
14179,377,1885,1890,1,2.7824137096252715
14188,379,1895,1900,1,2.7824137096252715
14234,385,1925,1930,1,2.7824137096252715
14332,405,2025,2030,1,2.7824137096252715
44,0,0,5,1,2.7818278841642163
177,1,5,10,1,2.7818278841642163
373,2,10,15,1,2.7818278841642163
613,3,15,20,1,2.7818278841642163
1758,9,45,50,1,2.7818278841642163
2131,12,60,65,1,2.7818278841642163
4740,48,240,245,1,2.7818278841642163
5071,54,270,275,1,2.7818278841642163
5124,55,275,280,1,2.7818278841642163
5924,71,355,360,1,2.7818278841642163
6785,92,460,465,1,2.7818278841642163
7148,102,510,515,1,2.7818278841642163
8617,140,700,705,1,2.7818278841642163
9495,165,825,830,1,2.7818278841642163
9671,170,850,855,1,2.7818278841642163
9935,178,890,895,1,2.7818278841642163
10252,187,935,940,1,2.7818278841642163
10546,195,975,980,1,2.7818278841642163
10688,199,995,1000,1,2.7818278841642163
10800,202,1010,1015,1,2.7818278841642163
11059,210,1050,1055,1,2.7818278841642163
11206,215,1075,1080,1,2.7818278841642163
11584,228,1140,1145,1,2.7818278841642163
11644,230,1150,1155,1,2.7818278841642163
11782,235,1175,1180,1,2.7818278841642163
11862,238,1190,1195,1,2.7818278841642163
11905,239,1195,1200,1,2.7818278841642163
11934,240,1200,1205,1,2.7818278841642163
11944,241,1205,1210,1,2.7818278841642163
12066,246,1230,1235,1,2.7818278841642163
12342,257,1285,1290,1,2.7818278841642163
12683,273,1365,1370,1,2.7818278841642163
12708,274,1370,1375,1,2.7818278841642163
12830,280,1400,1405,1,2.7818278841642163
12979,287,1435,1440,1,2.7818278841642163
13176,296,1480,1485,1,2.7818278841642163
13293,303,1515,1520,1,2.7818278841642163
13605,323,1615,1620,1,2.7818278841642163
13751,334,1670,1675,1,2.7818278841642163
13875,344,1720,1725,1,2.7818278841642163
14081,364,1820,1825,1,2.7818278841642163
14187,379,1895,1900,1,2.7818278841642163
14265,391,1955,1960,1,2.7818278841642163
14399,424,2120,2125,1,2.7818278841642163
14431,436,2180,2185,1,2.7818278841642163
14434,438,2190,2195,1,2.7818278841642163
179,1,5,10,1,2.7818278841594726
1070,5,25,30,1,2.7818278841594726
1886,10,50,55,1,2.7818278841594726
2328,14,70,75,1,2.7818278841594726
3802,32,160,165,1,2.7818278841594726
5070,54,270,275,1,2.7818278841594726
5545,63,315,320,1,2.7818278841594726
6668,89,445,450,1,2.7818278841594726
7979,125,625,630,1,2.7818278841594726
8727,143,715,720,1,2.7818278841594726
9396,162,810,815,1,2.7818278841594726
10427,192,960,965,1,2.7818278841594726
10720,200,1000,1005,1,2.7818278841594726
10836,203,1015,1020,1,2.7818278841594726
11060,210,1050,1055,1,2.7818278841594726
11168,214,1070,1075,1,2.7818278841594726
11300,218,1090,1095,1,2.7818278841594726
11835,237,1185,1190,1,2.7818278841594726
11904,239,1195,1200,1,2.7818278841594726
12041,245,1225,1230,1,2.7818278841594726
12268,254,1270,1275,1,2.7818278841594726
12294,255,1275,1280,1,2.7818278841594726
12341,257,1285,1290,1,2.7818278841594726
12491,264,1320,1325,1,2.7818278841594726
12707,274,1370,1375,1,2.7818278841594726
12768,277,1385,1390,1,2.7818278841594726
12920,283,1415,1420,1,2.7818278841594726
12958,285,1425,1430,1,2.7818278841594726
13006,288,1440,1445,1,2.7818278841594726
13102,292,1460,1465,1,2.7818278841594726
13235,299,1495,1500,1,2.7818278841594726
13582,321,1605,1610,1,2.7818278841594726
13808,339,1695,1700,1,2.7818278841594726
13944,350,1750,1755,1,2.7818278841594726
14070,363,1815,1820,1,2.7818278841594726
14305,398,1990,1995,1,2.7818278841594726
14343,408,2040,2045,1,2.7818278841594726
14458,452,2260,2265,1,2.7818278841594726
368,2,10,15,1,2.781241823310524
369,2,10,15,1,2.781241823310524
370,2,10,15,1,2.781241823310524
372,2,10,15,1,2.781241823310524
1626,8,40,45,1,2.781241823310524
1885,10,50,55,1,2.781241823310524
4186,38,190,195,1,2.781241823310524
5445,61,305,310,1,2.781241823310524
6245,78,390,395,1,2.781241823310524
6439,83,415,420,1,2.781241823310524
6889,95,475,480,1,2.781241823310524
7639,115,575,580,1,2.781241823310524
8380,135,675,680,1,2.781241823310524
8653,141,705,710,1,2.781241823310524
9395,162,810,815,1,2.781241823310524
9670,170,850,855,1,2.781241823310524
9726,172,860,865,1,2.781241823310524
9830,175,875,880,1,2.781241823310524
10280,188,940,945,1,2.781241823310524
10756,201,1005,1010,1,2.781241823310524
10799,202,1010,1015,1,2.781241823310524
10995,208,1040,1045,1,2.781241823310524
11082,211,1055,1060,1,2.781241823310524
11336,219,1095,1100,1,2.781241823310524
11364,220,1100,1105,1,2.781241823310524
11620,229,1145,1150,1,2.781241823310524
11989,243,1215,1220,1,2.781241823310524
12065,246,1230,1235,1,2.781241823310524
12193,251,1255,1260,1,2.781241823310524
12451,262,1310,1315,1,2.781241823310524
12472,263,1315,1320,1,2.781241823310524
12682,273,1365,1370,1,2.781241823310524
12789,278,1390,1395,1,2.781241823310524
12887,282,1410,1415,1,2.781241823310524
12888,282,1410,1415,1,2.781241823310524
12970,286,1430,1435,1,2.781241823310524
13079,291,1455,1460,1,2.781241823310524
13311,304,1520,1525,1,2.781241823310524
13443,311,1555,1560,1,2.781241823310524
13485,314,1570,1575,1,2.781241823310524
13545,318,1590,1595,1,2.781241823310524
13581,321,1605,1610,1,2.781241823310524
13796,338,1690,1695,1,2.781241823310524
13845,342,1710,1715,1,2.781241823310524
14108,367,1835,1840,1,2.781241823310524
14153,373,1865,1870,1,2.781241823310524
14327,404,2020,2025,1,2.781241823310524
14340,406,2030,2035,1,2.781241823310524
174,1,5,10,1,2.7812418233057814
176,1,5,10,1,2.7812418233057814
371,2,10,15,1,2.7812418233057814
1757,9,45,50,1,2.7812418233057814
2012,11,55,60,1,2.7812418233057814
3298,25,125,130,1,2.7812418233057814
5226,57,285,290,1,2.7812418233057814
5588,64,320,325,1,2.7812418233057814
5740,67,335,340,1,2.7812418233057814
7808,120,600,605,1,2.7812418233057814
7940,124,620,625,1,2.7812418233057814
8754,144,720,725,1,2.7812418233057814
9090,153,765,770,1,2.7812418233057814
9229,157,785,790,1,2.7812418233057814
9268,158,790,795,1,2.7812418233057814
9759,173,865,870,1,2.7812418233057814
9866,176,880,885,1,2.7812418233057814
10126,183,915,920,1,2.7812418233057814
10508,194,970,975,1,2.7812418233057814
10615,197,985,990,1,2.7812418233057814
11083,211,1055,1060,1,2.7812418233057814
11489,224,1120,1125,1,2.7812418233057814
11707,232,1160,1165,1,2.7812418233057814
11988,243,1215,1220,1,2.7812418233057814
12194,251,1255,1260,1,2.7812418233057814
12224,252,1260,1265,1,2.7812418233057814
12407,260,1300,1305,1,2.7812418233057814
12536,266,1330,1335,1,2.7812418233057814
12661,272,1360,1365,1,2.7812418233057814
12727,275,1375,1380,1,2.7812418233057814
13005,288,1440,1445,1,2.7812418233057814
13175,296,1480,1485,1,2.7812418233057814
13218,298,1490,1495,1,2.7812418233057814
13219,298,1490,1495,1,2.7812418233057814
13525,317,1585,1590,1,2.7812418233057814
13874,344,1720,1725,1,2.7812418233057814
14007,355,1775,1780,1,2.7812418233057814
14018,356,1780,1785,1,2.7812418233057814
14057,362,1810,1815,1,2.7812418233057814
14164,375,1875,1880,1,2.7812418233057814
14264,391,1955,1960,1,2.7812418233057814
14407,428,2140,2145,1,2.7812418233057814
40,0,0,5,1,2.7806555271213726
173,1,5,10,1,2.7806555271213726
363,2,10,15,1,2.7806555271213726
366,2,10,15,1,2.7806555271213726
610,3,15,20,1,2.7806555271213726
856,4,20,25,1,2.7806555271213726
2242,13,65,70,1,2.7806555271213726
3461,27,135,140,1,2.7806555271213726
4691,47,235,240,1,2.7806555271213726
6400,82,410,415,1,2.7806555271213726
6704,90,450,455,1,2.7806555271213726
6749,91,455,460,1,2.7806555271213726
7267,105,525,530,1,2.7806555271213726
7351,107,535,540,1,2.7806555271213726
8100,128,640,645,1,2.7806555271213726
8187,130,650,655,1,2.7806555271213726
8867,147,735,740,1,2.7806555271213726
8939,149,745,750,1,2.7806555271213726
9124,154,770,775,1,2.7806555271213726
9340,160,800,805,1,2.7806555271213726
9669,170,850,855,1,2.7806555271213726
10017,180,900,905,1,2.7806555271213726
10352,190,950,955,1,2.7806555271213726
10471,193,965,970,1,2.7806555271213726
10507,194,970,975,1,2.7806555271213726
11205,215,1075,1080,1,2.7806555271213726
11425,222,1110,1115,1,2.7806555271213726
11563,227,1135,1140,1,2.7806555271213726
11583,228,1140,1145,1,2.7806555271213726
11833,237,1185,1190,1,2.7806555271213726
12064,246,1230,1235,1,2.7806555271213726
12515,265,1325,1330,1,2.7806555271213726
12587,268,1340,1345,1,2.7806555271213726
12706,274,1370,1375,1,2.7806555271213726
12809,279,1395,1400,1,2.7806555271213726
12957,285,1425,1430,1,2.7806555271213726
13004,288,1440,1445,1,2.7806555271213726
13234,299,1495,1500,1,2.7806555271213726
13393,308,1540,1545,1,2.7806555271213726
13579,321,1605,1610,1,2.7806555271213726
13580,321,1605,1610,1,2.7806555271213726
13678,328,1640,1645,1,2.7806555271213726
14006,355,1775,1780,1,2.7806555271213726
14017,356,1780,1785,1,2.7806555271213726
14145,372,1860,1865,1,2.7806555271213726
14171,376,1880,1885,1,2.7806555271213726
14486,466,2330,2335,1,2.7806555271213726
41,0,0,5,1,2.780655527116631
171,1,5,10,1,2.780655527116631
172,1,5,10,1,2.780655527116631
365,2,10,15,1,2.780655527116631
611,3,15,20,1,2.780655527116631
1068,5,25,30,1,2.780655527116631
1069,5,25,30,1,2.780655527116631
1884,10,50,55,1,2.780655527116631
2435,15,75,80,1,2.780655527116631
6016,73,365,370,1,2.780655527116631
6593,87,435,440,1,2.780655527116631
6970,97,485,490,1,2.780655527116631
7387,108,540,545,1,2.780655527116631
7550,113,565,570,1,2.780655527116631
7874,122,610,615,1,2.780655527116631
8019,126,630,635,1,2.780655527116631
8146,129,645,650,1,2.780655527116631
9195,156,780,785,1,2.780655527116631
9301,159,795,800,1,2.780655527116631
9902,177,885,890,1,2.780655527116631
10125,183,915,920,1,2.780655527116631
10545,195,975,980,1,2.780655527116631
10835,203,1015,1020,1,2.780655527116631
11111,212,1060,1065,1,2.780655527116631
11393,221,1105,1110,1,2.780655527116631
11834,237,1185,1190,1,2.780655527116631
11932,240,1200,1205,1,2.780655527116631
11933,240,1200,1205,1,2.780655527116631
12123,248,1240,1245,1,2.780655527116631
12863,281,1405,1410,1,2.780655527116631
13078,291,1455,1460,1,2.780655527116631
13142,294,1470,1475,1,2.780655527116631
13277,302,1510,1515,1,2.780655527116631
13353,306,1530,1535,1,2.780655527116631
13484,314,1570,1575,1,2.780655527116631
13621,324,1620,1625,1,2.780655527116631
13648,326,1630,1635,1,2.780655527116631
13795,338,1690,1695,1,2.780655527116631
14034,358,1790,1795,1,2.780655527116631
14080,364,1820,1825,1,2.780655527116631
14356,412,2060,2065,1,2.780655527116631
14451,447,2235,2240,1,2.780655527116631
38,0,0,5,1,2.780068995642642
166,1,5,10,1,2.780068995642642
359,2,10,15,1,2.780068995642642
360,2,10,15,1,2.780068995642642
605,3,15,20,1,2.780068995642642
1067,5,25,30,1,2.780068995642642
1277,6,30,35,1,2.780068995642642
2130,12,60,65,1,2.780068995642642
3297,25,125,130,1,2.780068995642642
4120,37,185,190,1,2.780068995642642
5498,62,310,315,1,2.780068995642642
5587,64,320,325,1,2.780068995642642
5832,69,345,350,1,2.780068995642642
5923,71,355,360,1,2.780068995642642
7111,101,505,510,1,2.780068995642642
7548,113,565,570,1,2.780068995642642
7917,123,615,620,1,2.780068995642642
7939,124,620,625,1,2.780068995642642
8145,129,645,650,1,2.780068995642642
8379,135,675,680,1,2.780068995642642
8726,143,715,720,1,2.780068995642642
9015,151,755,760,1,2.780068995642642
9786,174,870,875,1,2.780068995642642
10091,182,910,915,1,2.780068995642642
11335,219,1095,1100,1,2.780068995642642
11448,223,1115,1120,1,2.780068995642642
11963,242,1210,1215,1,2.780068995642642
12063,246,1230,1235,1,2.780068995642642
12099,247,1235,1240,1,2.780068995642642
12122,248,1240,1245,1,2.780068995642642
12223,252,1260,1265,1,2.780068995642642
12340,257,1285,1290,1,2.780068995642642
12378,259,1295,1300,1,2.780068995642642
12514,265,1325,1330,1,2.780068995642642
12681,273,1365,1370,1,2.780068995642642
12788,278,1390,1395,1,2.780068995642642
12860,281,1405,1410,1,2.780068995642642
12861,281,1405,1410,1,2.780068995642642
12862,281,1405,1410,1,2.780068995642642
12969,286,1430,1435,1,2.780068995642642
13003,288,1440,1445,1,2.780068995642642
13352,306,1530,1535,1,2.780068995642642
13430,310,1550,1555,1,2.780068995642642
13494,315,1575,1580,1,2.780068995642642
13567,320,1600,1605,1,2.780068995642642
14163,375,1875,1880,1,2.780068995642642
14349,410,2050,2055,1,2.780068995642642
14504,479,2395,2400,1,2.780068995642642
167,1,5,10,1,2.7800689956379014
169,1,5,10,1,2.7800689956379014
358,2,10,15,1,2.7800689956379014
608,3,15,20,1,2.7800689956379014
854,4,20,25,1,2.7800689956379014
2241,13,65,70,1,2.7800689956379014
5336,59,295,300,1,2.7800689956379014
5968,72,360,365,1,2.7800689956379014
6438,83,415,420,1,2.7800689956379014
7112,101,505,510,1,2.7800689956379014
7307,106,530,535,1,2.7800689956379014
7549,113,565,570,1,2.7800689956379014
7702,117,585,590,1,2.7800689956379014
8062,127,635,640,1,2.7800689956379014
8531,138,690,695,1,2.7800689956379014
8573,139,695,700,1,2.7800689956379014
9089,153,765,770,1,2.7800689956379014
10053,181,905,910,1,2.7800689956379014
10310,189,945,950,1,2.7800689956379014
10895,205,1025,1030,1,2.7800689956379014
10970,207,1035,1040,1,2.7800689956379014
11265,217,1085,1090,1,2.7800689956379014
11488,224,1120,1125,1,2.7800689956379014
12267,254,1270,1275,1,2.7800689956379014
12318,256,1280,1285,1,2.7800689956379014
12431,261,1305,1310,1,2.7800689956379014
12513,265,1325,1330,1,2.7800689956379014
12631,270,1350,1355,1,2.7800689956379014
12767,277,1385,1390,1,2.7800689956379014
12938,284,1420,1425,1,2.7800689956379014
13077,291,1455,1460,1,2.7800689956379014
13101,292,1460,1465,1,2.7800689956379014
13174,296,1480,1485,1,2.7800689956379014
13196,297,1485,1490,1,2.7800689956379014
13377,307,1535,1540,1,2.7800689956379014
13620,324,1620,1625,1,2.7800689956379014
13736,333,1665,1670,1,2.7800689956379014
14052,361,1805,1810,1,2.7800689956379014
14416,431,2155,2160,1,2.7800689956379014
14422,433,2165,2170,1,2.7800689956379014
164,1,5,10,1,2.7794822289254557
165,1,5,10,1,2.7794822289254557
601,3,15,20,1,2.7794822289254557
602,3,15,20,1,2.7794822289254557
849,4,20,25,1,2.7794822289254557
1465,7,35,40,1,2.7794822289254557
1466,7,35,40,1,2.7794822289254557
2327,14,70,75,1,2.7794822289254557
2715,18,90,95,1,2.7794822289254557
4631,46,230,235,1,2.7794822289254557
5122,55,275,280,1,2.7794822289254557
5123,55,275,280,1,2.7794822289254557
5225,57,285,290,1,2.7794822289254557
5922,71,355,360,1,2.7794822289254557
6244,78,390,395,1,2.7794822289254557
6823,93,465,470,1,2.7794822289254557
7110,101,505,510,1,2.7794822289254557
7306,106,530,535,1,2.7794822289254557
8186,130,650,655,1,2.7794822289254557
8725,143,715,720,1,2.7794822289254557
8938,149,745,750,1,2.7794822289254557
9163,155,775,780,1,2.7794822289254557
9696,171,855,860,1,2.7794822289254557
10797,202,1010,1015,1,2.7794822289254557
10798,202,1010,1015,1,2.7794822289254557
10869,204,1020,1025,1,2.7794822289254557
10870,204,1020,1025,1,2.7794822289254557
11487,224,1120,1125,1,2.7794822289254557
11513,225,1125,1130,1,2.7794822289254557
11931,240,1200,1205,1,2.7794822289254557
11961,242,1210,1215,1,2.7794822289254557
11962,242,1210,1215,1,2.7794822289254557
11987,243,1215,1220,1,2.7794822289254557
12098,247,1235,1240,1,2.7794822289254557
12222,252,1260,1265,1,2.7794822289254557
12293,255,1275,1280,1,2.7794822289254557
12339,257,1285,1290,1,2.7794822289254557
12405,260,1300,1305,1,2.7794822289254557
12808,279,1395,1400,1,2.7794822289254557
13002,288,1440,1445,1,2.7794822289254557
13056,290,1450,1455,1,2.7794822289254557
13376,307,1535,1540,1,2.7794822289254557
13686,329,1645,1650,1,2.7794822289254557
13712,331,1655,1660,1,2.7794822289254557
14069,363,1815,1820,1,2.7794822289254557
14403,425,2125,2130,1,2.7794822289254557
14511,486,2430,2435,1,2.7794822289254557
36,0,0,5,1,2.779482228920716
354,2,10,15,1,2.779482228920716
600,3,15,20,1,2.779482228920716
850,4,20,25,1,2.779482228920716
1275,6,30,35,1,2.779482228920716
1276,6,30,35,1,2.779482228920716
2882,20,100,105,1,2.779482228920716
3134,23,115,120,1,2.779482228920716
4739,48,240,245,1,2.779482228920716
5444,61,305,310,1,2.779482228920716
5785,68,340,345,1,2.779482228920716
5967,72,360,365,1,2.779482228920716
6292,79,395,400,1,2.779482228920716
6364,81,405,410,1,2.779482228920716
7350,107,535,540,1,2.779482228920716
8479,137,685,690,1,2.779482228920716
9228,157,785,790,1,2.779482228920716
9614,168,840,845,1,2.779482228920716
9865,176,880,885,1,2.779482228920716
10015,180,900,905,1,2.779482228920716
10016,180,900,905,1,2.779482228920716
10994,208,1040,1045,1,2.779482228920716
11142,213,1065,1070,1,2.779482228920716
11204,215,1075,1080,1,2.779482228920716
11903,239,1195,1200,1,2.779482228920716
11986,243,1215,1220,1,2.779482228920716
12292,255,1275,1280,1,2.779482228920716
12406,260,1300,1305,1,2.779482228920716
12471,263,1315,1320,1,2.779482228920716
12586,268,1340,1345,1,2.779482228920716
12660,272,1360,1365,1,2.779482228920716
12680,273,1365,1370,1,2.779482228920716
12705,274,1370,1375,1,2.779482228920716
12919,283,1415,1420,1,2.779482228920716
13262,301,1505,1510,1,2.779482228920716
13275,302,1510,1515,1,2.779482228920716
13276,302,1510,1515,1,2.779482228920716
13556,319,1595,1600,1,2.779482228920716
14144,372,1860,1865,1,2.779482228920716
14353,411,2055,2060,1,2.779482228920716
14529,504,2520,2525,1,2.779482228920716
33,0,0,5,1,2.7788952270209366
351,2,10,15,1,2.7788952270209366
352,2,10,15,1,2.7788952270209366
595,3,15,20,1,2.7788952270209366
846,4,20,25,1,2.7788952270209366
847,4,20,25,1,2.7788952270209366
1062,5,25,30,1,2.7788952270209366
1063,5,25,30,1,2.7788952270209366
1273,6,30,35,1,2.7788952270209366
2011,11,55,60,1,2.7788952270209366
2535,16,80,85,1,2.7788952270209366
2881,20,100,105,1,2.7788952270209366
4690,47,235,240,1,2.7788952270209366
4797,49,245,250,1,2.7788952270209366
4918,51,255,260,1,2.7788952270209366
5647,65,325,330,1,2.7788952270209366
5831,69,345,350,1,2.7788952270209366
6103,75,375,380,1,2.7788952270209366
6558,86,430,435,1,2.7788952270209366
6888,95,475,480,1,2.7788952270209366
8217,131,655,660,1,2.7788952270209366
8753,144,720,725,1,2.7788952270209366
8794,145,725,730,1,2.7788952270209366
8902,148,740,745,1,2.7788952270209366
9265,158,790,795,1,2.7788952270209366
9266,158,790,795,1,2.7788952270209366
9642,169,845,850,1,2.7788952270209366
9695,171,855,860,1,2.7788952270209366
10391,191,955,960,1,2.7788952270209366
10426,192,960,965,1,2.7788952270209366
11167,214,1070,1075,1,2.7788952270209366
11236,216,1080,1085,1,2.7788952270209366
11392,221,1105,1110,1,2.7788952270209366
11736,233,1165,1170,1,2.7788952270209366
11762,234,1170,1175,1,2.7788952270209366
11861,238,1190,1195,1,2.7788952270209366
12011,244,1220,1225,1,2.7788952270209366
12097,247,1235,1240,1,2.7788952270209366
12192,251,1255,1260,1,2.7788952270209366
12918,283,1415,1420,1,2.7788952270209366
13100,292,1460,1465,1,2.7788952270209366
13274,302,1510,1515,1,2.7788952270209366
13407,309,1545,1550,1,2.7788952270209366
13483,314,1570,1575,1,2.7788952270209366
13664,327,1635,1640,1,2.7788952270209366
13697,330,1650,1655,1,2.7788952270209366
13933,349,1745,1750,1,2.7788952270209366
14139,371,1855,1860,1,2.7788952270209366
14415,431,2155,2160,1,2.7788952270209366
14495,470,2350,2355,1,2.7788952270209366
32,0,0,5,1,2.7788952270161977
34,0,0,5,1,2.7788952270161977
597,3,15,20,1,2.7788952270161977
848,4,20,25,1,2.7788952270161977
1065,5,25,30,1,2.7788952270161977
2239,13,65,70,1,2.7788952270161977
2240,13,65,70,1,2.7788952270161977
2534,16,80,85,1,2.7788952270161977
3296,25,125,130,1,2.7788952270161977
4796,49,245,250,1,2.7788952270161977
5121,55,275,280,1,2.7788952270161977
5335,59,295,300,1,2.7788952270161977
5443,61,305,310,1,2.7788952270161977
6205,77,385,390,1,2.7788952270161977
6936,96,480,485,1,2.7788952270161977
7767,119,595,600,1,2.7788952270161977
9267,158,790,795,1,2.7788952270161977
9300,159,795,800,1,2.7788952270161977
9571,167,835,840,1,2.7788952270161977
9725,172,860,865,1,2.7788952270161977
9758,173,865,870,1,2.7788952270161977
9978,179,895,900,1,2.7788952270161977
10969,207,1035,1040,1,2.7788952270161977
11031,209,1045,1050,1,2.7788952270161977
11057,210,1050,1055,1,2.7788952270161977
11058,210,1050,1055,1,2.7788952270161977
11203,215,1075,1080,1,2.7788952270161977
11832,237,1185,1190,1,2.7788952270161977
11943,241,1205,1210,1,2.7788952270161977
12338,257,1285,1290,1,2.7788952270161977
12377,259,1295,1300,1,2.7788952270161977
13141,294,1470,1475,1,2.7788952270161977
13249,300,1500,1505,1,2.7788952270161977
13351,306,1530,1535,1,2.7788952270161977
13375,307,1535,1540,1,2.7788952270161977
13544,318,1590,1595,1,2.7788952270161977
13604,323,1615,1620,1,2.7788952270161977
13844,342,1710,1715,1,2.7788952270161977
13910,347,1735,1740,1,2.7788952270161977
14107,367,1835,1840,1,2.7788952270161977
14413,430,2150,2155,1,2.7788952270161977
14541,513,2565,2570,1,2.7788952270161977
30,0,0,5,1,2.778307989976275
31,0,0,5,1,2.778307989976275
162,1,5,10,1,2.778307989976275
348,2,10,15,1,2.778307989976275
589,3,15,20,1,2.778307989976275
592,3,15,20,1,2.778307989976275
843,4,20,25,1,2.778307989976275
845,4,20,25,1,2.778307989976275
1061,5,25,30,1,2.778307989976275
1270,6,30,35,1,2.778307989976275
1271,6,30,35,1,2.778307989976275
2434,15,75,80,1,2.778307989976275
2714,18,90,95,1,2.778307989976275
4363,41,205,210,1,2.778307989976275
4457,43,215,220,1,2.778307989976275
4738,48,240,245,1,2.778307989976275
4857,50,250,255,1,2.778307989976275
5586,64,320,325,1,2.778307989976275
5921,71,355,360,1,2.778307989976275
6326,80,400,405,1,2.778307989976275
6474,84,420,425,1,2.778307989976275
7443,110,550,555,1,2.778307989976275
7666,116,580,585,1,2.778307989976275
8144,129,645,650,1,2.778307989976275
9339,160,800,805,1,2.778307989976275
9367,161,805,810,1,2.778307989976275
9667,170,850,855,1,2.778307989976275
9668,170,850,855,1,2.778307989976275
9757,173,865,870,1,2.778307989976275
10425,192,960,965,1,2.778307989976275
10614,197,985,990,1,2.778307989976275
10894,205,1025,1030,1,2.778307989976275
11030,209,1045,1050,1,2.778307989976275
11141,213,1065,1070,1,2.778307989976275
11363,220,1100,1105,1,2.778307989976275
11424,222,1110,1115,1,2.778307989976275
11562,227,1135,1140,1,2.778307989976275
11643,230,1150,1155,1,2.778307989976275
11803,236,1180,1185,1,2.778307989976275
12404,260,1300,1305,1,2.778307989976275
12470,263,1315,1320,1,2.778307989976275
12490,264,1320,1325,1,2.778307989976275
12585,268,1340,1345,1,2.778307989976275
12807,279,1395,1400,1,2.778307989976275
12859,281,1405,1410,1,2.778307989976275
12917,283,1415,1420,1,2.778307989976275
12956,285,1425,1430,1,2.778307989976275
13428,310,1550,1555,1,2.778307989976275
13442,311,1555,1560,1,2.778307989976275
13794,338,1690,1695,1,2.778307989976275
14096,366,1830,1835,1,2.778307989976275
14324,403,2015,2020,1,2.778307989976275
14507,484,2420,2425,1,2.778307989976275
163,1,5,10,1,2.7783079899715375
594,3,15,20,1,2.7783079899715375
844,4,20,25,1,2.7783079899715375
2010,11,55,60,1,2.7783079899715375
3053,22,110,115,1,2.7783079899715375
4583,45,225,230,1,2.7783079899715375
4968,52,260,265,1,2.7783079899715375
5388,60,300,305,1,2.7783079899715375
5497,62,310,315,1,2.7783079899715375
5784,68,340,345,1,2.7783079899715375
6204,77,385,390,1,2.7783079899715375
7147,102,510,515,1,2.7783079899715375
7701,117,585,590,1,2.7783079899715375
8434,136,680,685,1,2.7783079899715375
8572,139,695,700,1,2.7783079899715375
9088,153,765,770,1,2.7783079899715375
10123,183,915,920,1,2.7783079899715375
10124,183,915,920,1,2.7783079899715375
10186,185,925,930,1,2.7783079899715375
10390,191,955,960,1,2.7783079899715375
10469,193,965,970,1,2.7783079899715375
10933,206,1030,1035,1,2.7783079899715375
11081,211,1055,1060,1,2.7783079899715375
11902,239,1195,1200,1,2.7783079899715375
11930,240,1200,1205,1,2.7783079899715375
12095,247,1235,1240,1,2.7783079899715375
12096,247,1235,1240,1,2.7783079899715375
12142,249,1245,1250,1,2.7783079899715375
12358,258,1290,1295,1,2.7783079899715375
12787,278,1390,1395,1,2.7783079899715375
12885,282,1410,1415,1,2.7783079899715375
12978,287,1435,1440,1,2.7783079899715375
13310,304,1520,1525,1,2.7783079899715375
13429,310,1550,1555,1,2.7783079899715375
13590,322,1610,1615,1,2.7783079899715375
13663,327,1635,1640,1,2.7783079899715375
13970,352,1760,1765,1,2.7783079899715375
14406,427,2135,2140,1,2.7783079899715375
14467,457,2285,2290,1,2.7783079899715375
27,0,0,5,1,2.7777205178439055
28,0,0,5,1,2.7777205178439055
346,2,10,15,1,2.7777205178439055
1060,5,25,30,1,2.7777205178439055
1268,6,30,35,1,2.7777205178439055
1464,7,35,40,1,2.7777205178439055
3526,28,140,145,1,2.7777205178439055
4119,37,185,190,1,2.7777205178439055
4302,40,200,205,1,2.7777205178439055
4630,46,230,235,1,2.7777205178439055
4737,48,240,245,1,2.7777205178439055
5173,56,280,285,1,2.7777205178439055
5223,57,285,290,1,2.7777205178439055
5224,57,285,290,1,2.7777205178439055
6399,82,410,415,1,2.7777205178439055
6557,86,430,435,1,2.7777205178439055
6667,89,445,450,1,2.7777205178439055
8216,131,655,660,1,2.7777205178439055
9724,172,860,865,1,2.7777205178439055
10051,181,905,910,1,2.7777205178439055
10089,182,910,915,1,2.7777205178439055
10185,185,925,930,1,2.7777205178439055
10351,190,950,955,1,2.7777205178439055
10834,203,1015,1020,1,2.7777205178439055
11110,212,1060,1065,1,2.7777205178439055
11235,216,1080,1085,1,2.7777205178439055
11264,217,1085,1090,1,2.7777205178439055
11561,227,1135,1140,1,2.7777205178439055
11582,228,1140,1145,1,2.7777205178439055
11901,239,1195,1200,1,2.7777205178439055
11985,243,1215,1220,1,2.7777205178439055
12094,247,1235,1240,1,2.7777205178439055
12164,250,1250,1255,1,2.7777205178439055
12165,250,1250,1255,1,2.7777205178439055
12337,257,1285,1290,1,2.7777205178439055
12584,268,1340,1345,1,2.7777205178439055
12640,271,1355,1360,1,2.7777205178439055
12786,278,1390,1395,1,2.7777205178439055
13217,298,1490,1495,1,2.7777205178439055
13374,307,1535,1540,1,2.7777205178439055
13843,342,1710,1715,1,2.7777205178439055
13859,343,1715,1720,1,2.7777205178439055
14106,367,1835,1840,1,2.7777205178439055
14196,380,1900,1905,1,2.7777205178439055
14502,478,2390,2395,1,2.7777205178439055
159,1,5,10,1,2.777720517839169
347,2,10,15,1,2.777720517839169
587,3,15,20,1,2.777720517839169
1267,6,30,35,1,2.777720517839169
2238,13,65,70,1,2.777720517839169
3801,32,160,165,1,2.777720517839169
4248,39,195,200,1,2.777720517839169
4917,51,255,260,1,2.777720517839169
5120,55,275,280,1,2.777720517839169
5334,59,295,300,1,2.777720517839169
5496,62,310,315,1,2.777720517839169
7386,108,540,545,1,2.777720517839169
7512,112,560,565,1,2.777720517839169
7638,115,575,580,1,2.777720517839169
9123,154,770,775,1,2.777720517839169
9570,167,835,840,1,2.777720517839169
9785,174,870,875,1,2.777720517839169
10052,181,905,910,1,2.777720517839169
10755,201,1005,1010,1,2.777720517839169
10893,205,1025,1030,1,2.777720517839169
11202,215,1075,1080,1,2.777720517839169
11423,222,1110,1115,1,2.777720517839169
11485,224,1120,1125,1,2.777720517839169
11486,224,1120,1125,1,2.777720517839169
11642,230,1150,1155,1,2.777720517839169
11781,235,1175,1180,1,2.777720517839169
12221,252,1260,1265,1,2.777720517839169
12247,253,1265,1270,1,2.777720517839169
12291,255,1275,1280,1,2.777720517839169
12766,277,1385,1390,1,2.777720517839169
13099,292,1460,1465,1,2.777720517839169
13139,294,1470,1475,1,2.777720517839169
13140,294,1470,1475,1,2.777720517839169
13793,338,1690,1695,1,2.777720517839169
13807,339,1695,1700,1,2.777720517839169
13932,349,1745,1750,1,2.777720517839169
14386,420,2100,2105,1,2.777720517839169
14430,436,2180,2185,1,2.777720517839169
25,0,0,5,1,2.777132810671018
158,1,5,10,1,2.777132810671018
345,2,10,15,1,2.777132810671018
582,3,15,20,1,2.777132810671018
585,3,15,20,1,2.777132810671018
1265,6,30,35,1,2.777132810671018
1756,9,45,50,1,2.777132810671018
2129,12,60,65,1,2.777132810671018
3133,23,115,120,1,2.777132810671018
3525,28,140,145,1,2.777132810671018
3727,31,155,160,1,2.777132810671018
4301,40,200,205,1,2.777132810671018
4582,45,225,230,1,2.777132810671018
4629,46,230,235,1,2.777132810671018
4736,48,240,245,1,2.777132810671018
5012,53,265,270,1,2.777132810671018
5387,60,300,305,1,2.777132810671018
5585,64,320,325,1,2.777132810671018
6155,76,380,385,1,2.777132810671018
6784,92,460,465,1,2.777132810671018
7305,106,530,535,1,2.777132810671018
7700,117,585,590,1,2.777132810671018
9366,161,805,810,1,2.777132810671018
10184,185,925,930,1,2.777132810671018
10687,199,995,1000,1,2.777132810671018
10754,201,1005,1010,1,2.777132810671018
10796,202,1010,1015,1,2.777132810671018
10968,207,1035,1040,1,2.777132810671018
11140,213,1065,1070,1,2.777132810671018
11200,215,1075,1080,1,2.777132810671018
11263,217,1085,1090,1,2.777132810671018
11390,221,1105,1110,1,2.777132810671018
11391,221,1105,1110,1,2.777132810671018
11447,223,1115,1120,1,2.777132810671018
11539,226,1130,1135,1,2.777132810671018
11706,232,1160,1165,1,2.777132810671018
11780,235,1175,1180,1,2.777132810671018
11929,240,1200,1205,1,2.777132810671018
12040,245,1225,1230,1,2.777132810671018
12403,260,1300,1305,1,2.777132810671018
12610,269,1345,1350,1,2.777132810671018
12726,275,1375,1380,1,2.777132810671018
13441,311,1555,1560,1,2.777132810671018
13452,312,1560,1565,1,2.777132810671018
13792,338,1690,1695,1,2.777132810671018
13897,346,1730,1735,1,2.777132810671018
14247,387,1935,1940,1,2.777132810671018
14466,457,2285,2290,1,2.777132810671018
344,2,10,15,1,2.777132810666282
837,4,20,25,1,2.777132810666282
838,4,20,25,1,2.777132810666282
1058,5,25,30,1,2.777132810666282
1059,5,25,30,1,2.777132810666282
1266,6,30,35,1,2.777132810666282
2009,11,55,60,1,2.777132810666282
2713,18,90,95,1,2.777132810666282
3664,30,150,155,1,2.777132810666282
3800,32,160,165,1,2.777132810666282
4185,38,190,195,1,2.777132810666282
4688,47,235,240,1,2.777132810666282
4689,47,235,240,1,2.777132810666282
5544,63,315,320,1,2.777132810666282
5783,68,340,345,1,2.777132810666282
6203,77,385,390,1,2.777132810666282
7181,103,515,520,1,2.777132810666282
7442,110,550,555,1,2.777132810666282
7481,111,555,560,1,2.777132810666282
9338,160,800,805,1,2.777132810666282
9530,166,830,835,1,2.777132810666282
9531,166,830,835,1,2.777132810666282
10389,191,955,960,1,2.777132810666282
10613,197,985,990,1,2.777132810666282
10993,208,1040,1045,1,2.777132810666282
11201,215,1075,1080,1,2.777132810666282
11299,218,1090,1095,1,2.777132810666282
11560,227,1135,1140,1,2.777132810666282
11581,228,1140,1145,1,2.777132810666282
11761,234,1170,1175,1,2.777132810666282
12039,245,1225,1230,1,2.777132810666282
12219,252,1260,1265,1,2.777132810666282
12220,252,1260,1265,1,2.777132810666282
12376,259,1295,1300,1,2.777132810666282
12430,261,1305,1310,1,2.777132810666282
12609,269,1345,1350,1,2.777132810666282
13233,299,1495,1500,1,2.777132810666282
13292,303,1515,1520,1,2.777132810666282
13482,314,1570,1575,1,2.777132810666282
13791,338,1690,1695,1,2.777132810666282
14390,421,2105,2110,1,2.777132810666282
14421,433,2165,2170,1,2.777132810666282
340,2,10,15,1,2.7765448685113574
836,4,20,25,1,2.7765448685113574
1056,5,25,30,1,2.7765448685113574
1755,9,45,50,1,2.7765448685113574
2008,11,55,60,1,2.7765448685113574
2880,20,100,105,1,2.7765448685113574
3460,27,135,140,1,2.7765448685113574
4118,37,185,190,1,2.7765448685113574
4794,49,245,250,1,2.7765448685113574
5281,58,290,295,1,2.7765448685113574
5495,62,310,315,1,2.7765448685113574
5543,63,315,320,1,2.7765448685113574
6102,75,375,380,1,2.7765448685113574
6325,80,400,405,1,2.7765448685113574
6363,81,405,410,1,2.7765448685113574
6592,87,435,440,1,2.7765448685113574
7588,114,570,575,1,2.7765448685113574
8061,127,635,640,1,2.7765448685113574
8432,136,680,685,1,2.7765448685113574
9162,155,775,780,1,2.7765448685113574
9264,158,790,795,1,2.7765448685113574
9365,161,805,810,1,2.7765448685113574
9569,167,835,840,1,2.7765448685113574
9901,177,885,890,1,2.7765448685113574
10580,196,980,985,1,2.7765448685113574
10581,196,980,985,1,2.7765448685113574
10795,202,1010,1015,1,2.7765448685113574
10992,208,1040,1045,1,2.7765448685113574
11055,210,1050,1055,1,2.7765448685113574
11484,224,1120,1125,1,2.7765448685113574
11674,231,1155,1160,1,2.7765448685113574
11802,236,1180,1185,1,2.7765448685113574
11899,239,1195,1200,1,2.7765448685113574
11900,239,1195,1200,1,2.7765448685113574
12218,252,1260,1265,1,2.7765448685113574
12246,253,1265,1270,1,2.7765448685113574
12469,263,1315,1320,1,2.7765448685113574
12785,278,1390,1395,1,2.7765448685113574
13028,289,1445,1450,1,2.7765448685113574
13451,312,1560,1565,1,2.7765448685113574
13873,344,1720,1725,1,2.7765448685113574
14326,404,2020,2025,1,2.7765448685113574
14355,412,2060,2065,1,2.7765448685113574
23,0,0,5,1,2.776544868506623
24,0,0,5,1,2.776544868506623
341,2,10,15,1,2.776544868506623
578,3,15,20,1,2.776544868506623
835,4,20,25,1,2.776544868506623
1055,5,25,30,1,2.776544868506623
1262,6,30,35,1,2.776544868506623
1263,6,30,35,1,2.776544868506623
1624,8,40,45,1,2.776544868506623
2128,12,60,65,1,2.776544868506623
4059,36,180,185,1,2.776544868506623
4300,40,200,205,1,2.776544868506623
4581,45,225,230,1,2.776544868506623
4628,46,230,235,1,2.776544868506623
5386,60,300,305,1,2.776544868506623
5920,71,355,360,1,2.776544868506623
5966,72,360,365,1,2.776544868506623
6822,93,465,470,1,2.776544868506623
7109,101,505,510,1,2.776544868506623
8433,136,680,685,1,2.776544868506623
9087,153,765,770,1,2.776544868506623
9432,163,815,820,1,2.776544868506623
9666,170,850,855,1,2.776544868506623
10014,180,900,905,1,2.776544868506623
10279,188,940,945,1,2.776544868506623
10350,190,950,955,1,2.776544868506623
10833,203,1015,1020,1,2.776544868506623
10868,204,1020,1025,1,2.776544868506623
11029,209,1045,1050,1,2.776544868506623
11056,210,1050,1055,1,2.776544868506623
11333,219,1095,1100,1,2.776544868506623
11334,219,1095,1100,1,2.776544868506623
11735,233,1165,1170,1,2.776544868506623
12037,245,1225,1230,1,2.776544868506623
12038,245,1225,1230,1,2.776544868506623
12062,246,1230,1235,1,2.776544868506623
12468,263,1315,1320,1,2.776544868506623
12829,280,1400,1405,1,2.776544868506623
12916,283,1415,1420,1,2.776544868506623
13195,297,1485,1490,1,2.776544868506623
14005,355,1775,1780,1,2.776544868506623
14259,390,1950,1955,1,2.776544868506623
14409,429,2145,2150,1,2.776544868506623
22,0,0,5,1,2.7759566914068716
337,2,10,15,1,2.7759566914068716
577,3,15,20,1,2.7759566914068716
832,4,20,25,1,2.7759566914068716
833,4,20,25,1,2.7759566914068716
1053,5,25,30,1,2.7759566914068716
1261,6,30,35,1,2.7759566914068716
3295,25,125,130,1,2.7759566914068716
3383,26,130,135,1,2.7759566914068716
4362,41,205,210,1,2.7759566914068716
4407,42,210,215,1,2.7759566914068716
5069,54,270,275,1,2.7759566914068716
5119,55,275,280,1,2.7759566914068716
5830,69,345,350,1,2.7759566914068716
6821,93,465,470,1,2.7759566914068716
6935,96,480,485,1,2.7759566914068716
7108,101,505,510,1,2.7759566914068716
7839,121,605,610,1,2.7759566914068716
8343,134,670,675,1,2.7759566914068716
8378,135,675,680,1,2.7759566914068716
8478,137,685,690,1,2.7759566914068716
8793,145,725,730,1,2.7759566914068716
8837,146,730,735,1,2.7759566914068716
9122,154,770,775,1,2.7759566914068716
9194,156,780,785,1,2.7759566914068716
9612,168,840,845,1,2.7759566914068716
9613,168,840,845,1,2.7759566914068716
9829,175,875,880,1,2.7759566914068716
10386,191,955,960,1,2.7759566914068716
10387,191,955,960,1,2.7759566914068716
10578,196,980,985,1,2.7759566914068716
10794,202,1010,1015,1,2.7759566914068716
10932,206,1030,1035,1,2.7759566914068716
11422,222,1110,1115,1,2.7759566914068716
11641,230,1150,1155,1,2.7759566914068716
12163,250,1250,1255,1,2.7759566914068716
12217,252,1260,1265,1,2.7759566914068716
12317,256,1280,1285,1,2.7759566914068716
12745,276,1380,1385,1,2.7759566914068716
12764,277,1385,1390,1,2.7759566914068716
12968,286,1430,1435,1,2.7759566914068716
13098,292,1460,1465,1,2.7759566914068716
13138,294,1470,1475,1,2.7759566914068716
13392,308,1540,1545,1,2.7759566914068716
13603,323,1615,1620,1,2.7759566914068716
14270,392,1960,1965,1,2.7759566914068716
14442,443,2215,2220,1,2.7759566914068716
154,1,5,10,1,2.775956691402138
155,1,5,10,1,2.775956691402138
156,1,5,10,1,2.775956691402138
575,3,15,20,1,2.775956691402138
831,4,20,25,1,2.775956691402138
1054,5,25,30,1,2.775956691402138
1622,8,40,45,1,2.775956691402138
2007,11,55,60,1,2.775956691402138
2625,17,85,90,1,2.775956691402138
3726,31,155,160,1,2.775956691402138
3879,33,165,170,1,2.775956691402138
4520,44,220,225,1,2.775956691402138
4735,48,240,245,1,2.775956691402138
6291,79,395,400,1,2.775956691402138
6853,94,470,475,1,2.775956691402138
7180,103,515,520,1,2.775956691402138
7349,107,535,540,1,2.775956691402138
7665,116,580,585,1,2.775956691402138
8344,134,670,675,1,2.775956691402138
8431,136,680,685,1,2.775956691402138
8616,140,700,705,1,2.775956691402138
9263,158,790,795,1,2.775956691402138
9465,164,820,825,1,2.775956691402138
9568,167,835,840,1,2.775956691402138
9784,174,870,875,1,2.775956691402138
10122,183,915,920,1,2.775956691402138
10251,187,935,940,1,2.775956691402138
10579,196,980,985,1,2.775956691402138
11199,215,1075,1080,1,2.775956691402138
11705,232,1160,1165,1,2.775956691402138
11801,236,1180,1185,1,2.775956691402138
11898,239,1195,1200,1,2.775956691402138
12216,252,1260,1265,1,2.775956691402138
12245,253,1265,1270,1,2.775956691402138
12704,274,1370,1375,1,2.775956691402138
12746,276,1380,1385,1,2.775956691402138
12765,277,1385,1390,1,2.775956691402138
13001,288,1440,1445,1,2.775956691402138
13589,322,1610,1615,1,2.775956691402138
13872,344,1720,1725,1,2.775956691402138
14213,382,1910,1915,1,2.775956691402138
14417,432,2160,2165,1,2.775956691402138
150,1,5,10,1,2.775368279413926
152,1,5,10,1,2.775368279413926
335,2,10,15,1,2.775368279413926
574,3,15,20,1,2.775368279413926
829,4,20,25,1,2.775368279413926
830,4,20,25,1,2.775368279413926
3382,26,130,135,1,2.775368279413926
3459,27,135,140,1,2.775368279413926
3995,35,175,180,1,2.775368279413926
4519,44,220,225,1,2.775368279413926
5333,59,295,300,1,2.775368279413926
7179,103,515,520,1,2.775368279413926
7348,107,535,540,1,2.775368279413926
7587,114,570,575,1,2.775368279413926
8215,131,655,660,1,2.775368279413926
8377,135,675,680,1,2.775368279413926
8430,136,680,685,1,2.775368279413926
8836,146,730,735,1,2.775368279413926
8866,147,735,740,1,2.775368279413926
9013,151,755,760,1,2.775368279413926
9161,155,775,780,1,2.775368279413926
9337,160,800,805,1,2.775368279413926
9431,163,815,820,1,2.775368279413926
10087,182,910,915,1,2.775368279413926
10250,187,935,940,1,2.775368279413926
10385,191,955,960,1,2.775368279413926
10867,204,1020,1025,1,2.775368279413926
11233,216,1080,1085,1,2.775368279413926
11234,216,1080,1085,1,2.775368279413926
11538,226,1130,1135,1,2.775368279413926
11673,231,1155,1160,1,2.775368279413926
11984,243,1215,1220,1,2.775368279413926
12936,284,1420,1425,1,2.775368279413926
12937,284,1420,1425,1,2.775368279413926
13075,291,1455,1460,1,2.775368279413926
13173,296,1480,1485,1,2.775368279413926
13232,299,1495,1500,1,2.775368279413926
13273,302,1510,1515,1,2.775368279413926
13555,319,1595,1600,1,2.775368279413926
13677,328,1640,1645,1,2.775368279413926
13750,334,1670,1675,1,2.775368279413926
14123,368,1840,1845,1,2.775368279413926
14253,388,1940,1945,1,2.775368279413926
14450,447,2235,2240,1,2.775368279413926
21,0,0,5,1,2.7753682794091934
1050,5,25,30,1,2.7753682794091934
1051,5,25,30,1,2.7753682794091934
1052,5,25,30,1,2.7753682794091934
2236,13,65,70,1,2.7753682794091934
2237,13,65,70,1,2.7753682794091934
3596,29,145,150,1,2.7753682794091934
4967,52,260,265,1,2.7753682794091934
5442,61,305,310,1,2.7753682794091934
6666,89,445,450,1,2.7753682794091934
7637,115,575,580,1,2.7753682794091934
7699,117,585,590,1,2.7753682794091934
7807,120,600,605,1,2.7753682794091934
8530,138,690,695,1,2.7753682794091934
8615,140,700,705,1,2.7753682794091934
8688,142,710,715,1,2.7753682794091934
8724,143,715,720,1,2.7753682794091934
8937,149,745,750,1,2.7753682794091934
9694,171,855,860,1,2.7753682794091934
10088,182,910,915,1,2.7753682794091934
10278,188,940,945,1,2.7753682794091934
10468,193,965,970,1,2.7753682794091934
11028,209,1045,1050,1,2.7753682794091934
11332,219,1095,1100,1,2.7753682794091934
11619,229,1145,1150,1,2.7753682794091934
12093,247,1235,1240,1,2.7753682794091934
12191,251,1255,1260,1,2.7753682794091934
12336,257,1285,1290,1,2.7753682794091934
12608,269,1345,1350,1,2.7753682794091934
13074,291,1455,1460,1,2.7753682794091934
13326,305,1525,1530,1,2.7753682794091934
13327,305,1525,1530,1,2.7753682794091934
13524,317,1585,1590,1,2.7753682794091934
13749,334,1670,1675,1,2.7753682794091934
13821,340,1700,1705,1,2.7753682794091934
13931,349,1745,1750,1,2.7753682794091934
14339,406,2030,2035,1,2.7753682794091934
14366,414,2070,2075,1,2.7753682794091934
333,2,10,15,1,2.7747796325810232
334,2,10,15,1,2.7747796325810232
1259,6,30,35,1,2.7747796325810232
1621,8,40,45,1,2.7747796325810232
1880,10,50,55,1,2.7747796325810232
2433,15,75,80,1,2.7747796325810232
2712,18,90,95,1,2.7747796325810232
2804,19,95,100,1,2.7747796325810232
3524,28,140,145,1,2.7747796325810232
3878,33,165,170,1,2.7747796325810232
5542,63,315,320,1,2.7747796325810232
5919,71,355,360,1,2.7747796325810232
7035,99,495,500,1,2.7747796325810232
7146,102,510,515,1,2.7747796325810232
7636,115,575,580,1,2.7747796325810232
8613,140,700,705,1,2.7747796325810232
8614,140,700,705,1,2.7747796325810232
8971,150,750,755,1,2.7747796325810232
9299,159,795,800,1,2.7747796325810232
10121,183,915,920,1,2.7747796325810232
10384,191,955,960,1,2.7747796325810232
10506,194,970,975,1,2.7747796325810232
10648,198,990,995,1,2.7747796325810232
10865,204,1020,1025,1,2.7747796325810232
10931,206,1030,1035,1,2.7747796325810232
11298,218,1090,1095,1,2.7747796325810232
11483,224,1120,1125,1,2.7747796325810232
11779,235,1175,1180,1,2.7747796325810232
11860,238,1190,1195,1,2.7747796325810232
12010,244,1220,1225,1,2.7747796325810232
12335,257,1285,1290,1,2.7747796325810232
12449,262,1310,1315,1,2.7747796325810232
12607,269,1345,1350,1,2.7747796325810232
12827,280,1400,1405,1,2.7747796325810232
12828,280,1400,1405,1,2.7747796325810232
13027,289,1445,1450,1,2.7747796325810232
13055,290,1450,1455,1,2.7747796325810232
13308,304,1520,1525,1,2.7747796325810232
13309,304,1520,1525,1,2.7747796325810232
13723,332,1660,1665,1,2.7747796325810232
13767,335,1675,1680,1,2.7747796325810232
14365,414,2070,2075,1,2.7747796325810232
14420,433,2165,2170,1,2.7747796325810232
19,0,0,5,1,2.7747796325762915
149,1,5,10,1,2.7747796325762915
573,3,15,20,1,2.7747796325762915
1048,5,25,30,1,2.7747796325762915
1260,6,30,35,1,2.7747796325762915
1459,7,35,40,1,2.7747796325762915
1460,7,35,40,1,2.7747796325762915
2005,11,55,60,1,2.7747796325762915
2324,14,70,75,1,2.7747796325762915
2624,17,85,90,1,2.7747796325762915
2972,21,105,110,1,2.7747796325762915
4687,47,235,240,1,2.7747796325762915
4734,48,240,245,1,2.7747796325762915
4916,51,255,260,1,2.7747796325762915
6820,93,465,470,1,2.7747796325762915
7107,101,505,510,1,2.7747796325762915
7216,104,520,525,1,2.7747796325762915
7511,112,560,565,1,2.7747796325762915
7978,125,625,630,1,2.7747796325762915
9529,166,830,835,1,2.7747796325762915
9693,171,855,860,1,2.7747796325762915
9900,177,885,890,1,2.7747796325762915
10013,180,900,905,1,2.7747796325762915
10183,185,925,930,1,2.7747796325762915
10719,200,1000,1005,1,2.7747796325762915
10864,204,1020,1025,1,2.7747796325762915
11389,221,1105,1110,1,2.7747796325762915
11734,233,1165,1170,1,2.7747796325762915
11897,239,1195,1200,1,2.7747796325762915
12036,245,1225,1230,1,2.7747796325762915
12190,251,1255,1260,1,2.7747796325762915
12357,258,1290,1295,1,2.7747796325762915
12375,259,1295,1300,1,2.7747796325762915
12450,262,1310,1315,1,2.7747796325762915
13119,293,1465,1470,1,2.7747796325762915
13154,295,1475,1480,1,2.7747796325762915
13261,301,1505,1510,1,2.7747796325762915
13391,308,1540,1545,1,2.7747796325762915
13820,340,1700,1705,1,2.7747796325762915
14033,358,1790,1795,1,2.7747796325762915
14051,361,1805,1810,1,2.7747796325762915
14439,440,2200,2205,1,2.7747796325762915
330,2,10,15,1,2.7741907509592854
570,3,15,20,1,2.7741907509592854
824,4,20,25,1,2.7741907509592854
826,4,20,25,1,2.7741907509592854
827,4,20,25,1,2.7741907509592854
2004,11,55,60,1,2.7741907509592854
2711,18,90,95,1,2.7741907509592854
3936,34,170,175,1,2.7741907509592854
4247,39,195,200,1,2.7741907509592854
4856,50,250,255,1,2.7741907509592854
5385,60,300,305,1,2.7741907509592854
5690,66,330,335,1,2.7741907509592854
7510,112,560,565,1,2.7741907509592854
8264,132,660,665,1,2.7741907509592854
9641,169,845,850,1,2.7741907509592854
9864,176,880,885,1,2.7741907509592854
10544,195,975,980,1,2.7741907509592854
10647,198,990,995,1,2.7741907509592854
10832,203,1015,1020,1,2.7741907509592854
10863,204,1020,1025,1,2.7741907509592854
10967,207,1035,1040,1,2.7741907509592854
10991,208,1040,1045,1,2.7741907509592854
11139,213,1065,1070,1,2.7741907509592854
11262,217,1085,1090,1,2.7741907509592854
11387,221,1105,1110,1,2.7741907509592854
11388,221,1105,1110,1,2.7741907509592854
11482,224,1120,1125,1,2.7741907509592854
11672,231,1155,1160,1,2.7741907509592854
11896,239,1195,1200,1,2.7741907509592854
12629,270,1350,1355,1,2.7741907509592854
12763,277,1385,1390,1,2.7741907509592854
12935,284,1420,1425,1,2.7741907509592854
12955,285,1425,1430,1,2.7741907509592854
13373,307,1535,1540,1,2.7741907509592854
13406,309,1545,1550,1,2.7741907509592854
13554,319,1595,1600,1,2.7741907509592854
13930,349,1745,1750,1,2.7741907509592854
14095,366,1830,1835,1,2.7741907509592854
571,3,15,20,1,2.774190750954555
572,3,15,20,1,2.774190750954555
825,4,20,25,1,2.774190750954555
1258,6,30,35,1,2.774190750954555
1754,9,45,50,1,2.774190750954555
2532,16,80,85,1,2.774190750954555
3381,26,130,135,1,2.774190750954555
3662,30,150,155,1,2.774190750954555
4058,36,180,185,1,2.774190750954555
5441,61,305,310,1,2.774190750954555
5883,70,350,355,1,2.774190750954555
6511,85,425,430,1,2.774190750954555
6512,85,425,430,1,2.774190750954555
7766,119,595,600,1,2.774190750954555
8936,149,745,750,1,2.774190750954555
9567,167,835,840,1,2.774190750954555
9611,168,840,845,1,2.774190750954555
10309,189,945,950,1,2.774190750954555
10543,195,975,980,1,2.774190750954555
10753,201,1005,1010,1,2.774190750954555
11166,214,1070,1075,1,2.774190750954555
11232,216,1080,1085,1,2.774190750954555
11481,224,1120,1125,1,2.774190750954555
11580,228,1140,1145,1,2.774190750954555
11618,229,1145,1150,1,2.774190750954555
11640,230,1150,1155,1,2.774190750954555
11831,237,1185,1190,1,2.774190750954555
11895,239,1195,1200,1,2.774190750954555
11983,243,1215,1220,1,2.774190750954555
12583,268,1340,1345,1,2.774190750954555
12606,269,1345,1350,1,2.774190750954555
12630,270,1350,1355,1,2.774190750954555
12806,279,1395,1400,1,2.774190750954555
13602,323,1615,1620,1,2.774190750954555
13662,327,1635,1640,1,2.774190750954555
13819,340,1700,1705,1,2.774190750954555
13920,348,1740,1745,1,2.774190750954555
14178,377,1885,1890,1,2.774190750954555
145,1,5,10,1,2.7736016345932817
569,3,15,20,1,2.7736016345932817
819,4,20,25,1,2.7736016345932817
823,4,20,25,1,2.7736016345932817
2003,11,55,60,1,2.7736016345932817
2803,19,95,100,1,2.7736016345932817
4299,40,200,205,1,2.7736016345932817
4793,49,245,250,1,2.7736016345932817
5118,55,275,280,1,2.7736016345932817
5584,64,320,325,1,2.7736016345932817
5829,69,345,350,1,2.7736016345932817
6555,86,430,435,1,2.7736016345932817
8059,127,635,640,1,2.7736016345932817
8060,127,635,640,1,2.7736016345932817
8752,144,720,725,1,2.7736016345932817
8935,149,745,750,1,2.7736016345932817
9047,152,760,765,1,2.7736016345932817
9610,168,840,845,1,2.7736016345932817
9640,169,845,850,1,2.7736016345932817
9756,173,865,870,1,2.7736016345932817
9934,178,890,895,1,2.7736016345932817
10086,182,910,915,1,2.7736016345932817
10308,189,945,950,1,2.7736016345932817
10349,190,950,955,1,2.7736016345932817
10577,196,980,985,1,2.7736016345932817
10717,200,1000,1005,1,2.7736016345932817
10718,200,1000,1005,1,2.7736016345932817
11446,223,1115,1120,1,2.7736016345932817
11480,224,1120,1125,1,2.7736016345932817
11800,236,1180,1185,1,2.7736016345932817
12244,253,1265,1270,1,2.7736016345932817
12265,254,1270,1275,1,2.7736016345932817
12290,255,1275,1280,1,2.7736016345932817
12678,273,1365,1370,1,2.7736016345932817
12954,285,1425,1430,1,2.7736016345932817
13054,290,1450,1455,1,2.7736016345932817
13216,298,1490,1495,1,2.7736016345932817
13231,299,1495,1500,1,2.7736016345932817
13291,303,1515,1520,1,2.7736016345932817
13405,309,1545,1550,1,2.7736016345932817
13566,320,1600,1605,1,2.7736016345932817
18,0,0,5,1,2.773601634588552
146,1,5,10,1,2.773601634588552
329,2,10,15,1,2.773601634588552
566,3,15,20,1,2.773601634588552
567,3,15,20,1,2.773601634588552
568,3,15,20,1,2.773601634588552
1045,5,25,30,1,2.773601634588552
1046,5,25,30,1,2.773601634588552
1753,9,45,50,1,2.773601634588552
2125,12,60,65,1,2.773601634588552
2623,17,85,90,1,2.773601634588552
3523,28,140,145,1,2.773601634588552
4580,45,225,230,1,2.773601634588552
5222,57,285,290,1,2.773601634588552
5332,59,295,300,1,2.773601634588552
5782,68,340,345,1,2.773601634588552
6101,75,375,380,1,2.773601634588552
8723,143,715,720,1,2.773601634588552
8901,148,740,745,1,2.773601634588552
9121,154,770,775,1,2.773601634588552
9160,155,775,780,1,2.773601634588552
9262,158,790,795,1,2.773601634588552
9494,165,825,830,1,2.773601634588552
9899,177,885,890,1,2.773601634588552
10012,180,900,905,1,2.773601634588552
10249,187,935,940,1,2.773601634588552
10467,193,965,970,1,2.773601634588552
10686,199,995,1000,1,2.773601634588552
10752,201,1005,1010,1,2.773601634588552
11261,217,1085,1090,1,2.773601634588552
11559,227,1135,1140,1,2.773601634588552
12315,256,1280,1285,1,2.773601634588552
12316,256,1280,1285,1,2.773601634588552
12489,264,1320,1325,1,2.773601634588552
12535,266,1330,1335,1,2.773601634588552
12581,268,1340,1345,1,2.773601634588552
12582,268,1340,1345,1,2.773601634588552
12679,273,1365,1370,1,2.773601634588552
12784,278,1390,1395,1,2.773601634588552
12953,285,1425,1430,1,2.773601634588552
13073,291,1455,1460,1,2.773601634588552
13137,294,1470,1475,1,2.773601634588552
13172,296,1480,1485,1,2.773601634588552
13493,315,1575,1580,1,2.773601634588552
13601,323,1615,1620,1,2.773601634588552
144,1,5,10,1,2.773012283539379
324,2,10,15,1,2.773012283539379
563,3,15,20,1,2.773012283539379
564,3,15,20,1,2.773012283539379
1042,5,25,30,1,2.773012283539379
1044,5,25,30,1,2.773012283539379
1457,7,35,40,1,2.773012283539379
2124,12,60,65,1,2.773012283539379
2323,14,70,75,1,2.773012283539379
2971,21,105,110,1,2.773012283539379
3661,30,150,155,1,2.773012283539379
4626,46,230,235,1,2.773012283539379
4627,46,230,235,1,2.773012283539379
4733,48,240,245,1,2.773012283539379
5172,56,280,285,1,2.773012283539379
6154,76,380,385,1,2.773012283539379
6748,91,455,460,1,2.773012283539379
7635,115,575,580,1,2.773012283539379
7977,125,625,630,1,2.773012283539379
8308,133,665,670,1,2.773012283539379
8529,138,690,695,1,2.773012283539379
8900,148,740,745,1,2.773012283539379
9120,154,770,775,1,2.773012283539379
9298,159,795,800,1,2.773012283539379
9464,164,820,825,1,2.773012283539379
9528,166,830,835,1,2.773012283539379
9639,169,845,850,1,2.773012283539379
9723,172,860,865,1,2.773012283539379
9755,173,865,870,1,2.773012283539379
10182,185,925,930,1,2.773012283539379
10646,198,990,995,1,2.773012283539379
10685,199,995,1000,1,2.773012283539379
11054,210,1050,1055,1,2.773012283539379
11671,231,1155,1160,1,2.773012283539379
11704,232,1160,1165,1,2.773012283539379
11960,242,1210,1215,1,2.773012283539379
12061,246,1230,1235,1,2.773012283539379
12162,250,1250,1255,1,2.773012283539379
12215,252,1260,1265,1,2.773012283539379
12289,255,1275,1280,1,2.773012283539379
12374,259,1295,1300,1,2.773012283539379
12884,282,1410,1415,1,2.773012283539379
13052,290,1450,1455,1,2.773012283539379
13097,292,1460,1465,1,2.773012283539379
13230,299,1495,1500,1,2.773012283539379
13503,316,1580,1585,1,2.773012283539379
13748,334,1670,1675,1,2.773012283539379
322,2,10,15,1,2.773012283534651
323,2,10,15,1,2.773012283534651
325,2,10,15,1,2.773012283534651
326,2,10,15,1,2.773012283534651
818,4,20,25,1,2.773012283534651
1752,9,45,50,1,2.773012283534651
1879,10,50,55,1,2.773012283534651
2234,13,65,70,1,2.773012283534651
2531,16,80,85,1,2.773012283534651
2710,18,90,95,1,2.773012283534651
3458,27,135,140,1,2.773012283534651
3595,29,145,150,1,2.773012283534651
3877,33,165,170,1,2.773012283534651
4686,47,235,240,1,2.773012283534651
5882,70,350,355,1,2.773012283534651
7304,106,530,535,1,2.773012283534651
7385,108,540,545,1,2.773012283534651
7765,119,595,600,1,2.773012283534651
8835,146,730,735,1,2.773012283534651
8970,150,750,755,1,2.773012283534651
9159,155,775,780,1,2.773012283534651
9394,162,810,815,1,2.773012283534651
9430,163,815,820,1,2.773012283534651
9977,179,895,900,1,2.773012283534651
10158,184,920,925,1,2.773012283534651
11165,214,1070,1075,1,2.773012283534651
11230,216,1080,1085,1,2.773012283534651
11231,216,1080,1085,1,2.773012283534651
11386,221,1105,1110,1,2.773012283534651
11617,229,1145,1150,1,2.773012283534651
11778,235,1175,1180,1,2.773012283534651
11959,242,1210,1215,1,2.773012283534651
11982,243,1215,1220,1,2.773012283534651
12702,274,1370,1375,1,2.773012283534651
12703,274,1370,1375,1,2.773012283534651
12762,277,1385,1390,1,2.773012283534651
13136,294,1470,1475,1,2.773012283534651
13153,295,1475,1480,1,2.773012283534651
13542,318,1590,1595,1,2.773012283534651
13543,318,1590,1595,1,2.773012283534651
13831,341,1705,1710,1,2.773012283534651
556,3,15,20,1,2.7724226978421465
557,3,15,20,1,2.7724226978421465
559,3,15,20,1,2.7724226978421465
560,3,15,20,1,2.7724226978421465
561,3,15,20,1,2.7724226978421465
816,4,20,25,1,2.7724226978421465
1256,6,30,35,1,2.7724226978421465
1878,10,50,55,1,2.7724226978421465
2233,13,65,70,1,2.7724226978421465
2529,16,80,85,1,2.7724226978421465
3051,22,110,115,1,2.7724226978421465
3725,31,155,160,1,2.7724226978421465
4855,50,250,255,1,2.7724226978421465
5221,57,285,290,1,2.7724226978421465
6153,76,380,385,1,2.7724226978421465
6747,91,455,460,1,2.7724226978421465
7480,111,555,560,1,2.7724226978421465
7698,117,585,590,1,2.7724226978421465
7805,120,600,605,1,2.7724226978421465
8143,129,645,650,1,2.7724226978421465
8307,133,665,670,1,2.7724226978421465
8571,139,695,700,1,2.7724226978421465
8834,146,730,735,1,2.7724226978421465
8899,148,740,745,1,2.7724226978421465
8934,149,745,750,1,2.7724226978421465
9364,161,805,810,1,2.7724226978421465
9637,169,845,850,1,2.7724226978421465
9638,169,845,850,1,2.7724226978421465
10277,188,940,945,1,2.7724226978421465
10423,192,960,965,1,2.7724226978421465
10829,203,1015,1020,1,2.7724226978421465
10830,203,1015,1020,1,2.7724226978421465
11027,209,1045,1050,1,2.7724226978421465
11164,214,1070,1075,1,2.7724226978421465
11198,215,1075,1080,1,2.7724226978421465
11537,226,1130,1135,1,2.7724226978421465
11579,228,1140,1145,1,2.7724226978421465
11670,231,1155,1160,1,2.7724226978421465
11760,234,1170,1175,1,2.7724226978421465
12060,246,1230,1235,1,2.7724226978421465
12402,260,1300,1305,1,2.7724226978421465
12805,279,1395,1400,1,2.7724226978421465
12883,282,1410,1415,1,2.7724226978421465
12952,285,1425,1430,1,2.7724226978421465
13171,296,1480,1485,1,2.7724226978421465
815,4,20,25,1,2.7724226978374187
1041,5,25,30,1,2.7724226978374187
1618,8,40,45,1,2.7724226978374187
1619,8,40,45,1,2.7724226978374187
2123,12,60,65,1,2.7724226978374187
2431,15,75,80,1,2.7724226978374187
2802,19,95,100,1,2.7724226978374187
3219,24,120,125,1,2.7724226978374187
3798,32,160,165,1,2.7724226978374187
3799,32,160,165,1,2.7724226978374187
4360,41,205,210,1,2.7724226978374187
6969,97,485,490,1,2.7724226978374187
7106,101,505,510,1,2.7724226978374187
7409,109,545,550,1,2.7724226978374187
7873,122,610,615,1,2.7724226978374187
7916,123,615,620,1,2.7724226978374187
7976,125,625,630,1,2.7724226978374187
8528,138,690,695,1,2.7724226978374187
9086,153,765,770,1,2.7724226978374187
9119,154,770,775,1,2.7724226978374187
9363,161,805,810,1,2.7724226978374187
9463,164,820,825,1,2.7724226978374187
9828,175,875,880,1,2.7724226978374187
10966,207,1035,1040,1,2.7724226978374187
11260,217,1085,1090,1,2.7724226978374187
11297,218,1090,1095,1,2.7724226978374187
11362,220,1100,1105,1,2.7724226978374187
11385,221,1105,1110,1,2.7724226978374187
11421,222,1110,1115,1,2.7724226978374187
11830,237,1185,1190,1,2.7724226978374187
11942,241,1205,1210,1,2.7724226978374187
12288,255,1275,1280,1,2.7724226978374187
12373,259,1295,1300,1,2.7724226978374187
12467,263,1315,1320,1,2.7724226978374187
12628,270,1350,1355,1,2.7724226978374187
13588,322,1610,1615,1,2.7724226978374187
13633,325,1625,1630,1,2.7724226978374187
15,0,0,5,1,2.771832877556638
142,1,5,10,1,2.771832877556638
320,2,10,15,1,2.771832877556638
813,4,20,25,1,2.771832877556638
814,4,20,25,1,2.771832877556638
1039,5,25,30,1,2.771832877556638
1617,8,40,45,1,2.771832877556638
1877,10,50,55,1,2.771832877556638
2002,11,55,60,1,2.771832877556638
2321,14,70,75,1,2.771832877556638
2621,17,85,90,1,2.771832877556638
2622,17,85,90,1,2.771832877556638
2970,21,105,110,1,2.771832877556638
4298,40,200,205,1,2.771832877556638
5541,63,315,320,1,2.771832877556638
5646,65,325,330,1,2.771832877556638
6289,79,395,400,1,2.771832877556638
6591,87,435,440,1,2.771832877556638
6665,89,445,450,1,2.771832877556638
7001,98,490,495,1,2.771832877556638
7384,108,540,545,1,2.771832877556638
7937,124,620,625,1,2.771832877556638
7938,124,620,625,1,2.771832877556638
8058,127,635,640,1,2.771832877556638
8791,145,725,730,1,2.771832877556638
8792,145,725,730,1,2.771832877556638
9261,158,790,795,1,2.771832877556638
9296,159,795,800,1,2.771832877556638
10156,184,920,925,1,2.771832877556638
10181,185,925,930,1,2.771832877556638
10215,186,930,935,1,2.771832877556638
10465,193,965,970,1,2.771832877556638
10504,194,970,975,1,2.771832877556638
10505,194,970,975,1,2.771832877556638
10793,202,1010,1015,1,2.771832877556638
11138,213,1065,1070,1,2.771832877556638
11195,215,1075,1080,1,2.771832877556638
11196,215,1075,1080,1,2.771832877556638
11296,218,1090,1095,1,2.771832877556638
11384,221,1105,1110,1,2.771832877556638
11558,227,1135,1140,1,2.771832877556638
11894,239,1195,1200,1,2.771832877556638
11981,243,1215,1220,1,2.771832877556638
12558,267,1335,1340,1,2.771832877556638
13096,292,1460,1465,1,2.771832877556638
13307,304,1520,1525,1,2.771832877556638
555,3,15,20,1,2.7718328775519114
1253,6,30,35,1,2.7718328775519114
1454,7,35,40,1,2.7718328775519114
1455,7,35,40,1,2.7718328775519114
1751,9,45,50,1,2.7718328775519114
2122,12,60,65,1,2.7718328775519114
2620,17,85,90,1,2.7718328775519114
3050,22,110,115,1,2.7718328775519114
3456,27,135,140,1,2.7718328775519114
3457,27,135,140,1,2.7718328775519114
5068,54,270,275,1,2.7718328775519114
5828,69,345,350,1,2.7718328775519114
6015,73,365,370,1,2.7718328775519114
6851,94,470,475,1,2.7718328775519114
6852,94,470,475,1,2.7718328775519114
7145,102,510,515,1,2.7718328775519114
7764,119,595,600,1,2.7718328775519114
8527,138,690,695,1,2.7718328775519114
8612,140,700,705,1,2.7718328775519114
8722,143,715,720,1,2.7718328775519114
9566,167,835,840,1,2.7718328775519114
9782,174,870,875,1,2.7718328775519114
9863,176,880,885,1,2.7718328775519114
10307,189,945,950,1,2.7718328775519114
10466,193,965,970,1,2.7718328775519114
10612,197,985,990,1,2.7718328775519114
10751,201,1005,1010,1,2.7718328775519114
10965,207,1035,1040,1,2.7718328775519114
10990,208,1040,1045,1,2.7718328775519114
11137,213,1065,1070,1,2.7718328775519114
11197,215,1075,1080,1,2.7718328775519114
11295,218,1090,1095,1,2.7718328775519114
11478,224,1120,1125,1,2.7718328775519114
11479,224,1120,1125,1,2.7718328775519114
11777,235,1175,1180,1,2.7718328775519114
12121,248,1240,1245,1,2.7718328775519114
12401,260,1300,1305,1,2.7718328775519114
12761,277,1385,1390,1,2.7718328775519114
13647,326,1630,1635,1,2.7718328775519114
551,3,15,20,1,2.771242822726114
806,4,20,25,1,2.771242822726114
810,4,20,25,1,2.771242822726114
1251,6,30,35,1,2.771242822726114
1453,7,35,40,1,2.771242822726114
1616,8,40,45,1,2.771242822726114
1875,10,50,55,1,2.771242822726114
1876,10,50,55,1,2.771242822726114
2528,16,80,85,1,2.771242822726114
2709,18,90,95,1,2.771242822726114
4057,36,180,185,1,2.771242822726114
4117,37,185,190,1,2.771242822726114
4246,39,195,200,1,2.771242822726114
4685,47,235,240,1,2.771242822726114
5440,61,305,310,1,2.771242822726114
5493,62,310,315,1,2.771242822726114
6288,79,395,400,1,2.771242822726114
6436,83,415,420,1,2.771242822726114
6437,83,415,420,1,2.771242822726114
6509,85,425,430,1,2.771242822726114
6510,85,425,430,1,2.771242822726114
6703,90,450,455,1,2.771242822726114
7697,117,585,590,1,2.771242822726114
8429,136,680,685,1,2.771242822726114
8570,139,695,700,1,2.771242822726114
8651,141,705,710,1,2.771242822726114
9336,160,800,805,1,2.771242822726114
9609,168,840,845,1,2.771242822726114
9636,169,845,850,1,2.771242822726114
9898,177,885,890,1,2.771242822726114
9975,179,895,900,1,2.771242822726114
9976,179,895,900,1,2.771242822726114
10050,181,905,910,1,2.771242822726114
10422,192,960,965,1,2.771242822726114
10611,197,985,990,1,2.771242822726114
10684,199,995,1000,1,2.771242822726114
10930,206,1030,1035,1,2.771242822726114
11080,211,1055,1060,1,2.771242822726114
11383,221,1105,1110,1,2.771242822726114
11759,234,1170,1175,1,2.771242822726114
12429,261,1305,1310,1,2.771242822726114
12858,281,1405,1410,1,2.771242822726114
13492,315,1575,1580,1,2.771242822726114
13632,325,1625,1630,1,2.771242822726114
552,3,15,20,1,2.7712428227213883
807,4,20,25,1,2.7712428227213883
809,4,20,25,1,2.7712428227213883
1036,5,25,30,1,2.7712428227213883
1252,6,30,35,1,2.7712428227213883
1750,9,45,50,1,2.7712428227213883
2001,11,55,60,1,2.7712428227213883
2121,12,60,65,1,2.7712428227213883
2619,17,85,90,1,2.7712428227213883
2800,19,95,100,1,2.7712428227213883
3218,24,120,125,1,2.7712428227213883
3380,26,130,135,1,2.7712428227213883
4359,41,205,210,1,2.7712428227213883
5494,62,310,315,1,2.7712428227213883
5540,63,315,320,1,2.7712428227213883
5739,67,335,340,1,2.7712428227213883
5918,71,355,360,1,2.7712428227213883
6396,82,410,415,1,2.7712428227213883
6590,87,435,440,1,2.7712428227213883
6630,88,440,445,1,2.7712428227213883
6886,95,475,480,1,2.7712428227213883
8526,138,690,695,1,2.7712428227213883
8652,141,705,710,1,2.7712428227213883
9462,164,820,825,1,2.7712428227213883
9974,179,895,900,1,2.7712428227213883
10085,182,910,915,1,2.7712428227213883
10155,184,920,925,1,2.7712428227213883
10214,186,930,935,1,2.7712428227213883
10276,188,940,945,1,2.7712428227213883
10503,194,970,975,1,2.7712428227213883
10576,196,980,985,1,2.7712428227213883
10683,199,995,1000,1,2.7712428227213883
10792,202,1010,1015,1,2.7712428227213883
11420,222,1110,1115,1,2.7712428227213883
11536,226,1130,1135,1,2.7712428227213883
11578,228,1140,1145,1,2.7712428227213883
11669,231,1155,1160,1,2.7712428227213883
12659,272,1360,1365,1,2.7712428227213883
13229,299,1495,1500,1,2.7712428227213883
14122,368,1840,1845,1,2.7712428227213883
548,3,15,20,1,2.770652533406939
549,3,15,20,1,2.770652533406939
1249,6,30,35,1,2.770652533406939
1749,9,45,50,1,2.770652533406939
1874,10,50,55,1,2.770652533406939
2120,12,60,65,1,2.770652533406939
2430,15,75,80,1,2.770652533406939
2618,17,85,90,1,2.770652533406939
3378,26,130,135,1,2.770652533406939
3379,26,130,135,1,2.770652533406939
4184,38,190,195,1,2.770652533406939
4579,45,225,230,1,2.770652533406939
4625,46,230,235,1,2.770652533406939
4792,49,245,250,1,2.770652533406939
4854,50,250,255,1,2.770652533406939
5011,53,265,270,1,2.770652533406939
5280,58,290,295,1,2.770652533406939
6152,76,380,385,1,2.770652533406939
6435,83,415,420,1,2.770652533406939
7586,114,570,575,1,2.770652533406939
7804,120,600,605,1,2.770652533406939
8142,129,645,650,1,2.770652533406939
8342,134,670,675,1,2.770652533406939
8477,137,685,690,1,2.770652533406939
8790,145,725,730,1,2.770652533406939
8933,149,745,750,1,2.770652533406939
9193,156,780,785,1,2.770652533406939
9295,159,795,800,1,2.770652533406939
9461,164,820,825,1,2.770652533406939
9492,165,825,830,1,2.770652533406939
9565,167,835,840,1,2.770652533406939
9608,168,840,845,1,2.770652533406939
10119,183,915,920,1,2.770652533406939
10120,183,915,920,1,2.770652533406939
10502,194,970,975,1,2.770652533406939
11079,211,1055,1060,1,2.770652533406939
11109,212,1060,1065,1,2.770652533406939
11799,236,1180,1185,1,2.770652533406939
12214,252,1260,1265,1,2.770652533406939
13170,296,1480,1485,1,2.770652533406939
14068,363,1815,1820,1,2.770652533406939
14121,368,1840,1845,1,2.770652533406939
805,4,20,25,1,2.7706525334022145
1034,5,25,30,1,2.7706525334022145
1250,6,30,35,1,2.7706525334022145
1615,8,40,45,1,2.7706525334022145
2231,13,65,70,1,2.7706525334022145
2527,16,80,85,1,2.7706525334022145
3293,25,125,130,1,2.7706525334022145
3797,32,160,165,1,2.7706525334022145
4517,44,220,225,1,2.7706525334022145
4732,48,240,245,1,2.7706525334022145
4853,50,250,255,1,2.7706525334022145
4915,51,255,260,1,2.7706525334022145
4966,52,260,265,1,2.7706525334022145
5689,66,330,335,1,2.7706525334022145
5917,71,355,360,1,2.7706525334022145
6885,95,475,480,1,2.7706525334022145
6934,96,480,485,1,2.7706525334022145
8376,135,675,680,1,2.7706525334022145
8428,136,680,685,1,2.7706525334022145
8650,141,705,710,1,2.7706525334022145
8865,147,735,740,1,2.7706525334022145
9429,163,815,820,1,2.7706525334022145
9493,165,825,830,1,2.7706525334022145
9527,166,830,835,1,2.7706525334022145
9722,172,860,865,1,2.7706525334022145
9754,173,865,870,1,2.7706525334022145
10306,189,945,950,1,2.7706525334022145
10421,192,960,965,1,2.7706525334022145
10645,198,990,995,1,2.7706525334022145
10928,206,1030,1035,1,2.7706525334022145
11026,209,1045,1050,1,2.7706525334022145
11053,210,1050,1055,1,2.7706525334022145
12466,263,1315,1320,1,2.7706525334022145
13661,327,1635,1640,1,2.7706525334022145
13858,343,1715,1720,1,2.7706525334022145
14212,382,1910,1915,1,2.7706525334022145
799,4,20,25,1,2.770062009644994
802,4,20,25,1,2.770062009644994
1030,5,25,30,1,2.770062009644994
1450,7,35,40,1,2.770062009644994
1614,8,40,45,1,2.770062009644994
1999,11,55,60,1,2.770062009644994
2230,13,65,70,1,2.770062009644994
2429,15,75,80,1,2.770062009644994
2708,18,90,95,1,2.770062009644994
2878,20,100,105,1,2.770062009644994
2969,21,105,110,1,2.770062009644994
3594,29,145,150,1,2.770062009644994
3935,34,170,175,1,2.770062009644994
4056,36,180,185,1,2.770062009644994
4358,41,205,210,1,2.770062009644994
4516,44,220,225,1,2.770062009644994
4578,45,225,230,1,2.770062009644994
6100,75,375,380,1,2.770062009644994
6243,78,390,395,1,2.770062009644994
6508,85,425,430,1,2.770062009644994
6664,89,445,450,1,2.770062009644994
7303,106,530,535,1,2.770062009644994
7664,116,580,585,1,2.770062009644994
8214,131,655,660,1,2.770062009644994
8263,132,660,665,1,2.770062009644994
8525,138,690,695,1,2.770062009644994
8687,142,710,715,1,2.770062009644994
8864,147,735,740,1,2.770062009644994
8932,149,745,750,1,2.770062009644994
9012,151,755,760,1,2.770062009644994
9158,155,775,780,1,2.770062009644994
9294,159,795,800,1,2.770062009644994
9827,175,875,880,1,2.770062009644994
10305,189,945,950,1,2.770062009644994
10610,197,985,990,1,2.770062009644994
10750,201,1005,1010,1,2.770062009644994
11512,225,1125,1130,1,2.770062009644994
11980,243,1215,1220,1,2.770062009644994
12141,249,1245,1250,1,2.770062009644994
12264,254,1270,1275,1,2.770062009644994
13578,321,1605,1610,1,2.770062009644994
13660,327,1635,1640,1,2.770062009644994
13766,335,1675,1680,1,2.770062009644994
801,4,20,25,1,2.77006200964027
803,4,20,25,1,2.77006200964027
1032,5,25,30,1,2.77006200964027
1449,7,35,40,1,2.77006200964027
1873,10,50,55,1,2.77006200964027
2119,12,60,65,1,2.77006200964027
2319,14,70,75,1,2.77006200964027
2525,16,80,85,1,2.77006200964027
2526,16,80,85,1,2.77006200964027
2877,20,100,105,1,2.77006200964027
3660,30,150,155,1,2.77006200964027
3876,33,165,170,1,2.77006200964027
4116,37,185,190,1,2.77006200964027
4515,44,220,225,1,2.77006200964027
4914,51,255,260,1,2.77006200964027
5331,59,295,300,1,2.77006200964027
5384,60,300,305,1,2.77006200964027
6884,95,475,480,1,2.77006200964027
7346,107,535,540,1,2.77006200964027
7634,115,575,580,1,2.77006200964027
7872,122,610,615,1,2.77006200964027
8185,130,650,655,1,2.77006200964027
8341,134,670,675,1,2.77006200964027
8898,148,740,745,1,2.77006200964027
9085,153,765,770,1,2.77006200964027
9260,158,790,795,1,2.77006200964027
9428,163,815,820,1,2.77006200964027
10154,184,920,925,1,2.77006200964027
10248,187,935,940,1,2.77006200964027
10501,194,970,975,1,2.77006200964027
10892,205,1025,1030,1,2.77006200964027
10989,208,1040,1045,1,2.77006200964027
11419,222,1110,1115,1,2.77006200964027
11616,229,1145,1150,1,2.77006200964027
13095,292,1460,1465,1,2.77006200964027
13194,297,1485,1490,1,2.77006200964027
13676,328,1640,1645,1,2.77006200964027
14032,358,1790,1795,1,2.77006200964027
795,4,20,25,1,2.7694712514927122
1242,6,30,35,1,2.7694712514927122
1243,6,30,35,1,2.7694712514927122
1244,6,30,35,1,2.7694712514927122
1245,6,30,35,1,2.7694712514927122
1998,11,55,60,1,2.7694712514927122
2118,12,60,65,1,2.7694712514927122
2524,16,80,85,1,2.7694712514927122
2799,19,95,100,1,2.7694712514927122
3049,22,110,115,1,2.7694712514927122
3292,25,125,130,1,2.7694712514927122
3659,30,150,155,1,2.7694712514927122
3795,32,160,165,1,2.7694712514927122
4115,37,185,190,1,2.7694712514927122
4456,43,215,220,1,2.7694712514927122
5279,58,290,295,1,2.7694712514927122
6933,96,480,485,1,2.7694712514927122
7178,103,515,520,1,2.7694712514927122
7215,104,520,525,1,2.7694712514927122
7345,107,535,540,1,2.7694712514927122
8057,127,635,640,1,2.7694712514927122
8099,128,640,645,1,2.7694712514927122
8375,135,675,680,1,2.7694712514927122
8568,139,695,700,1,2.7694712514927122
8569,139,695,700,1,2.7694712514927122
8649,141,705,710,1,2.7694712514927122
8686,142,710,715,1,2.7694712514927122
8789,145,725,730,1,2.7694712514927122
9564,167,835,840,1,2.7694712514927122
9753,173,865,870,1,2.7694712514927122
9826,175,875,880,1,2.7694712514927122
9933,178,890,895,1,2.7694712514927122
10275,188,940,945,1,2.7694712514927122
10464,193,965,970,1,2.7694712514927122
11025,209,1045,1050,1,2.7694712514927122
11557,227,1135,1140,1,2.7694712514927122
11615,229,1145,1150,1,2.7694712514927122
11859,238,1190,1195,1,2.7694712514927122
12090,247,1235,1240,1,2.7694712514927122
13169,296,1480,1485,1,2.7694712514927122
13711,331,1655,1660,1,2.7694712514927122
546,3,15,20,1,2.76947125148799
797,4,20,25,1,2.76947125148799
1028,5,25,30,1,2.76947125148799
1872,10,50,55,1,2.76947125148799
2229,13,65,70,1,2.76947125148799
2428,15,75,80,1,2.76947125148799
2616,17,85,90,1,2.76947125148799
2707,18,90,95,1,2.76947125148799
3132,23,115,120,1,2.76947125148799
3455,27,135,140,1,2.76947125148799
3875,33,165,170,1,2.76947125148799
4406,42,210,215,1,2.76947125148799
5383,60,300,305,1,2.76947125148799
5539,63,315,320,1,2.76947125148799
7479,111,555,560,1,2.76947125148799
7547,113,565,570,1,2.76947125148799
8184,130,650,655,1,2.76947125148799
8262,132,660,665,1,2.76947125148799
8340,134,670,675,1,2.76947125148799
8476,137,685,690,1,2.76947125148799
8833,146,730,735,1,2.76947125148799
8863,147,735,740,1,2.76947125148799
9084,153,765,770,1,2.76947125148799
9157,155,775,780,1,2.76947125148799
9192,156,780,785,1,2.76947125148799
9664,170,850,855,1,2.76947125148799
9692,171,855,860,1,2.76947125148799
10609,197,985,990,1,2.76947125148799
10644,198,990,995,1,2.76947125148799
11294,218,1090,1095,1,2.76947125148799
11893,239,1195,1200,1,2.76947125148799
12091,247,1235,1240,1,2.76947125148799
12372,259,1295,1300,1,2.76947125148799
12605,269,1345,1350,1,2.76947125148799
13722,332,1660,1665,1,2.76947125148799
1027,5,25,30,1,2.7688802589972847
1447,7,35,40,1,2.7688802589972847
1748,9,45,50,1,2.7688802589972847
1997,11,55,60,1,2.7688802589972847
2117,12,60,65,1,2.7688802589972847
2317,14,70,75,1,2.7688802589972847
2523,16,80,85,1,2.7688802589972847
3454,27,135,140,1,2.7688802589972847
3592,29,145,150,1,2.7688802589972847
3793,32,160,165,1,2.7688802589972847
3794,32,160,165,1,2.7688802589972847
4055,36,180,185,1,2.7688802589972847
4514,44,220,225,1,2.7688802589972847
4624,46,230,235,1,2.7688802589972847
6362,81,405,410,1,2.7688802589972847
6434,83,415,420,1,2.7688802589972847
7177,103,515,520,1,2.7688802589972847
7663,116,580,585,1,2.7688802589972847
8056,127,635,640,1,2.7688802589972847
8141,129,645,650,1,2.7688802589972847
8374,135,675,680,1,2.7688802589972847
8523,138,690,695,1,2.7688802589972847
8524,138,690,695,1,2.7688802589972847
8685,142,710,715,1,2.7688802589972847
8751,144,720,725,1,2.7688802589972847
9010,151,755,760,1,2.7688802589972847
9011,151,755,760,1,2.7688802589972847
9083,153,765,770,1,2.7688802589972847
9335,160,800,805,1,2.7688802589972847
9362,161,805,810,1,2.7688802589972847
10049,181,905,910,1,2.7688802589972847
10500,194,970,975,1,2.7688802589972847
10828,203,1015,1020,1,2.7688802589972847
11052,210,1050,1055,1,2.7688802589972847
11293,218,1090,1095,1,2.7688802589972847
11534,226,1130,1135,1,2.7688802589972847
11614,229,1145,1150,1,2.7688802589972847
12580,268,1340,1345,1,2.7688802589972847
13026,289,1445,1450,1,2.7688802589972847
318,2,10,15,1,2.768880258992563
2427,15,75,80,1,2.768880258992563
2706,18,90,95,1,2.768880258992563
3377,26,130,135,1,2.768880258992563
3591,29,145,150,1,2.768880258992563
3658,30,150,155,1,2.768880258992563
4114,37,185,190,1,2.768880258992563
4297,40,200,205,1,2.768880258992563
4577,45,225,230,1,2.768880258992563
4965,52,260,265,1,2.768880258992563
5067,54,270,275,1,2.768880258992563
5965,72,360,365,1,2.768880258992563
8018,126,630,635,1,2.768880258992563
8261,132,660,665,1,2.768880258992563
8373,135,675,680,1,2.768880258992563
8427,136,680,685,1,2.768880258992563
8611,140,700,705,1,2.768880258992563
8648,141,705,710,1,2.768880258992563
8684,142,710,715,1,2.768880258992563
8832,146,730,735,1,2.768880258992563
9082,153,765,770,1,2.768880258992563
9118,154,770,775,1,2.768880258992563
9781,174,870,875,1,2.768880258992563
9825,175,875,880,1,2.768880258992563
10274,188,940,945,1,2.768880258992563
10749,201,1005,1010,1,2.768880258992563
10827,203,1015,1020,1,2.768880258992563
10927,206,1030,1035,1,2.768880258992563
11535,226,1130,1135,1,2.768880258992563
12371,259,1295,1300,1,2.768880258992563
12512,265,1325,1330,1,2.768880258992563
12557,267,1335,1340,1,2.768880258992563
141,1,5,10,1,2.7682890322137674
1020,5,25,30,1,2.7682890322137674
1611,8,40,45,1,2.7682890322137674
2116,12,60,65,1,2.7682890322137674
2426,15,75,80,1,2.7682890322137674
2522,16,80,85,1,2.7682890322137674
3216,24,120,125,1,2.7682890322137674
3217,24,120,125,1,2.7682890322137674
3874,33,165,170,1,2.7682890322137674
3993,35,175,180,1,2.7682890322137674
4183,38,190,195,1,2.7682890322137674
4623,46,230,235,1,2.7682890322137674
4913,51,255,260,1,2.7682890322137674
5439,61,305,310,1,2.7682890322137674
6361,81,405,410,1,2.7682890322137674
7214,104,520,525,1,2.7682890322137674
8567,139,695,700,1,2.7682890322137674
8721,143,715,720,1,2.7682890322137674
8931,149,745,750,1,2.7682890322137674
9226,157,785,790,1,2.7682890322137674
9227,157,785,790,1,2.7682890322137674
9259,158,790,795,1,2.7682890322137674
9460,164,820,825,1,2.7682890322137674
9563,167,835,840,1,2.7682890322137674
10118,183,915,920,1,2.7682890322137674
10179,185,925,930,1,2.7682890322137674
10247,187,935,940,1,2.7682890322137674
10304,189,945,950,1,2.7682890322137674
10348,190,950,955,1,2.7682890322137674
10542,195,975,980,1,2.7682890322137674
10926,206,1030,1035,1,2.7682890322137674
11229,216,1080,1085,1,2.7682890322137674
12334,257,1285,1290,1,2.7682890322137674
12465,263,1315,1320,1,2.7682890322137674
545,3,15,20,1,2.7682890322090468
1019,5,25,30,1,2.7682890322090468
1445,7,35,40,1,2.7682890322090468
1446,7,35,40,1,2.7682890322090468
1610,8,40,45,1,2.7682890322090468
1747,9,45,50,1,2.7682890322090468
1870,10,50,55,1,2.7682890322090468
3376,26,130,135,1,2.7682890322090468
3934,34,170,175,1,2.7682890322090468
4245,39,195,200,1,2.7682890322090468
4296,40,200,205,1,2.7682890322090468
4731,48,240,245,1,2.7682890322090468
4852,50,250,255,1,2.7682890322090468
5010,53,265,270,1,2.7682890322090468
5278,58,290,295,1,2.7682890322090468
5688,66,330,335,1,2.7682890322090468
8306,133,665,670,1,2.7682890322090468
8426,136,680,685,1,2.7682890322090468
8830,146,730,735,1,2.7682890322090468
8831,146,730,735,1,2.7682890322090468
8897,148,740,745,1,2.7682890322090468
9258,158,790,795,1,2.7682890322090468
9361,161,805,810,1,2.7682890322090468
9896,177,885,890,1,2.7682890322090468
9897,177,885,890,1,2.7682890322090468
9932,178,890,895,1,2.7682890322090468
10084,182,910,915,1,2.7682890322090468
10463,193,965,970,1,2.7682890322090468
10643,198,990,995,1,2.7682890322090468
10791,202,1010,1015,1,2.7682890322090468
11136,213,1065,1070,1,2.7682890322090468
11259,217,1085,1090,1,2.7682890322090468
11892,239,1195,1200,1,2.7682890322090468
12213,252,1260,1265,1,2.7682890322090468
13,0,0,5,1,2.7676975711854173
540,3,15,20,1,2.7676975711854173
786,4,20,25,1,2.7676975711854173
1609,8,40,45,1,2.7676975711854173
2316,14,70,75,1,2.7676975711854173
2425,15,75,80,1,2.7676975711854173
3215,24,120,125,1,2.7676975711854173
3291,25,125,130,1,2.7676975711854173
4244,39,195,200,1,2.7676975711854173
4356,41,205,210,1,2.7676975711854173
4405,42,210,215,1,2.7676975711854173
4576,45,225,230,1,2.7676975711854173
4730,48,240,245,1,2.7676975711854173
5382,60,300,305,1,2.7676975711854173
7000,98,490,495,1,2.7676975711854173
7763,119,595,600,1,2.7676975711854173
7838,121,605,610,1,2.7676975711854173
7871,122,610,615,1,2.7676975711854173
8139,129,645,650,1,2.7676975711854173
8213,131,655,660,1,2.7676975711854173
8682,142,710,715,1,2.7676975711854173
8750,144,720,725,1,2.7676975711854173
8787,145,725,730,1,2.7676975711854173
8788,145,725,730,1,2.7676975711854173
9117,154,770,775,1,2.7676975711854173
9225,157,785,790,1,2.7676975711854173
9257,158,790,795,1,2.7676975711854173
9360,161,805,810,1,2.7676975711854173
9426,163,815,820,1,2.7676975711854173
9427,163,815,820,1,2.7676975711854173
9526,166,830,835,1,2.7676975711854173
9607,168,840,845,1,2.7676975711854173
9691,171,855,860,1,2.7676975711854173
10302,189,945,950,1,2.7676975711854173
10303,189,945,950,1,2.7676975711854173
10382,191,955,960,1,2.7676975711854173
10383,191,955,960,1,2.7676975711854173
10682,199,995,1000,1,2.7676975711854173
12314,256,1280,1285,1,2.7676975711854173
139,1,5,10,1,2.767697571180698
789,4,20,25,1,2.767697571180698
2227,13,65,70,1,2.767697571180698
2423,15,75,80,1,2.767697571180698
2424,15,75,80,1,2.767697571180698
2615,17,85,90,1,2.767697571180698
3522,28,140,145,1,2.767697571180698
3873,33,165,170,1,2.767697571180698
4295,40,200,205,1,2.767697571180698
4357,41,205,210,1,2.767697571180698
4574,45,225,230,1,2.767697571180698
4575,45,225,230,1,2.767697571180698
5065,54,270,275,1,2.767697571180698
5066,54,270,275,1,2.767697571180698
5645,65,325,330,1,2.767697571180698
5881,70,350,355,1,2.767697571180698
8017,126,630,635,1,2.767697571180698
8475,137,685,690,1,2.767697571180698
8566,139,695,700,1,2.767697571180698
8608,140,700,705,1,2.767697571180698
8609,140,700,705,1,2.767697571180698
8683,142,710,715,1,2.767697571180698
8968,150,750,755,1,2.767697571180698
8969,150,750,755,1,2.767697571180698
9009,151,755,760,1,2.767697571180698
9256,158,790,795,1,2.767697571180698
9334,160,800,805,1,2.767697571180698
9359,161,805,810,1,2.767697571180698
9635,169,845,850,1,2.767697571180698
9973,179,895,900,1,2.767697571180698
10048,181,905,910,1,2.767697571180698
10273,188,940,945,1,2.767697571180698
10541,195,975,980,1,2.767697571180698
11445,223,1115,1120,1,2.767697571180698
11556,227,1135,1140,1,2.767697571180698
316,2,10,15,1,2.767105875967291
784,4,20,25,1,2.767105875967291
1012,5,25,30,1,2.767105875967291
1235,6,30,35,1,2.767105875967291
1607,8,40,45,1,2.767105875967291
2115,12,60,65,1,2.767105875967291
2223,13,65,70,1,2.767105875967291
2225,13,65,70,1,2.767105875967291
2521,16,80,85,1,2.767105875967291
2704,18,90,95,1,2.767105875967291
3290,25,125,130,1,2.767105875967291
3791,32,160,165,1,2.767105875967291
3792,32,160,165,1,2.767105875967291
4181,38,190,195,1,2.767105875967291
4243,39,195,200,1,2.767105875967291
4683,47,235,240,1,2.767105875967291
4684,47,235,240,1,2.767105875967291
4729,48,240,245,1,2.767105875967291
5064,54,270,275,1,2.767105875967291
5644,65,325,330,1,2.767105875967291
6099,75,375,380,1,2.767105875967291
6932,96,480,485,1,2.767105875967291
8097,128,640,645,1,2.767105875967291
8260,132,660,665,1,2.767105875967291
8305,133,665,670,1,2.767105875967291
8425,136,680,685,1,2.767105875967291
8474,137,685,690,1,2.767105875967291
8565,139,695,700,1,2.767105875967291
8647,141,705,710,1,2.767105875967291
9081,153,765,770,1,2.767105875967291
9191,156,780,785,1,2.767105875967291
9224,157,785,790,1,2.767105875967291
9290,159,795,800,1,2.767105875967291
9291,159,795,800,1,2.767105875967291
9393,162,810,815,1,2.767105875967291
9562,167,835,840,1,2.767105875967291
9663,170,850,855,1,2.767105875967291
10082,182,910,915,1,2.767105875967291
10083,182,910,915,1,2.767105875967291
10213,186,930,935,1,2.767105875967291
10462,193,965,970,1,2.767105875967291
10540,195,975,980,1,2.767105875967291
11361,220,1100,1105,1,2.767105875967291
12370,259,1295,1300,1,2.767105875967291
539,3,15,20,1,2.7671058759625726
1014,5,25,30,1,2.7671058759625726
1606,8,40,45,1,2.7671058759625726
1608,8,40,45,1,2.7671058759625726
1744,9,45,50,1,2.7671058759625726
1993,11,55,60,1,2.7671058759625726
2226,13,65,70,1,2.7671058759625726
2315,14,70,75,1,2.7671058759625726
2520,16,80,85,1,2.7671058759625726
2705,18,90,95,1,2.7671058759625726
3214,24,120,125,1,2.7671058759625726
3375,26,130,135,1,2.7671058759625726
4053,36,180,185,1,2.7671058759625726
4054,36,180,185,1,2.7671058759625726
4182,38,190,195,1,2.7671058759625726
4355,41,205,210,1,2.7671058759625726
4573,45,225,230,1,2.7671058759625726
4791,49,245,250,1,2.7671058759625726
5117,55,275,280,1,2.7671058759625726
6202,77,385,390,1,2.7671058759625726
7546,113,565,570,1,2.7671058759625726
7837,121,605,610,1,2.7671058759625726
7975,125,625,630,1,2.7671058759625726
8372,135,675,680,1,2.7671058759625726
8749,144,720,725,1,2.7671058759625726
8786,145,725,730,1,2.7671058759625726
8896,148,740,745,1,2.7671058759625726
9008,151,755,760,1,2.7671058759625726
9046,152,760,765,1,2.7671058759625726
9292,159,795,800,1,2.7671058759625726
9721,172,860,865,1,2.7671058759625726
9895,177,885,890,1,2.7671058759625726
9931,178,890,895,1,2.7671058759625726
9972,179,895,900,1,2.7671058759625726
10153,184,920,925,1,2.7671058759625726
10244,187,935,940,1,2.7671058759625726
10245,187,935,940,1,2.7671058759625726
10790,202,1010,1015,1,2.7671058759625726
12488,264,1320,1325,1,2.7671058759625726
137,1,5,10,1,2.7665139466065782
1740,9,45,50,1,2.7665139466065782
1867,10,50,55,1,2.7665139466065782
1868,10,50,55,1,2.7665139466065782
1992,11,55,60,1,2.7665139466065782
2309,14,70,75,1,2.7665139466065782
2312,14,70,75,1,2.7665139466065782
2614,17,85,90,1,2.7665139466065782
2795,19,95,100,1,2.7665139466065782
2798,19,95,100,1,2.7665139466065782
2968,21,105,110,1,2.7665139466065782
3213,24,120,125,1,2.7665139466065782
3373,26,130,135,1,2.7665139466065782
3374,26,130,135,1,2.7665139466065782
3657,30,150,155,1,2.7665139466065782
3724,31,155,160,1,2.7665139466065782
3991,35,175,180,1,2.7665139466065782
4455,43,215,220,1,2.7665139466065782
4912,51,255,260,1,2.7665139466065782
5738,67,335,340,1,2.7665139466065782
6629,88,440,445,1,2.7665139466065782
6883,95,475,480,1,2.7665139466065782
7477,111,555,560,1,2.7665139466065782
7509,112,560,565,1,2.7665139466065782
7632,115,575,580,1,2.7665139466065782
7633,115,575,580,1,2.7665139466065782
7935,124,620,625,1,2.7665139466065782
7936,124,620,625,1,2.7665139466065782
8055,127,635,640,1,2.7665139466065782
8183,130,650,655,1,2.7665139466065782
8895,148,740,745,1,2.7665139466065782
9045,152,760,765,1,2.7665139466065782
9116,154,770,775,1,2.7665139466065782
9255,158,790,795,1,2.7665139466065782
9606,168,840,845,1,2.7665139466065782
10178,185,925,930,1,2.7665139466065782
10211,186,930,935,1,2.7665139466065782
10347,190,950,955,1,2.7665139466065782
10381,191,955,960,1,2.7665139466065782
10420,192,960,965,1,2.7665139466065782
10461,193,965,970,1,2.7665139466065782
10641,198,990,995,1,2.7665139466065782
10716,200,1000,1005,1,2.7665139466065782
12400,260,1300,1305,1,2.7665139466065782
138,1,5,10,1,2.7665139466018607
1439,7,35,40,1,2.7665139466018607
1601,8,40,45,1,2.7665139466018607
1603,8,40,45,1,2.7665139466018607
1605,8,40,45,1,2.7665139466018607
2221,13,65,70,1,2.7665139466018607
2222,13,65,70,1,2.7665139466018607
2313,14,70,75,1,2.7665139466018607
2421,15,75,80,1,2.7665139466018607
2703,18,90,95,1,2.7665139466018607
2796,19,95,100,1,2.7665139466018607
2875,20,100,105,1,2.7665139466018607
3453,27,135,140,1,2.7665139466018607
4052,36,180,185,1,2.7665139466018607
4112,37,185,190,1,2.7665139466018607
4512,44,220,225,1,2.7665139466018607
4851,50,250,255,1,2.7665139466018607
5538,63,315,320,1,2.7665139466018607
5964,72,360,365,1,2.7665139466018607
6589,87,435,440,1,2.7665139466018607
7144,102,510,515,1,2.7665139466018607
7302,106,530,535,1,2.7665139466018607
7545,113,565,570,1,2.7665139466018607
7585,114,570,575,1,2.7665139466018607
7762,119,595,600,1,2.7665139466018607
7836,121,605,610,1,2.7665139466018607
8522,138,690,695,1,2.7665139466018607
8720,143,715,720,1,2.7665139466018607
8967,150,750,755,1,2.7665139466018607
9605,168,840,845,1,2.7665139466018607
9720,172,860,865,1,2.7665139466018607
9930,178,890,895,1,2.7665139466018607
9971,179,895,900,1,2.7665139466018607
10212,186,930,935,1,2.7665139466018607
10243,187,935,940,1,2.7665139466018607
10272,188,940,945,1,2.7665139466018607
10301,189,945,950,1,2.7665139466018607
10575,196,980,985,1,2.7665139466018607
10642,198,990,995,1,2.7665139466018607
12333,257,1285,1290,1,2.7665139466018607
135,1,5,10,1,2.7659217831557137
314,2,10,15,1,2.7659217831557137
1010,5,25,30,1,2.7659217831557137
1434,7,35,40,1,2.7659217831557137
1597,8,40,45,1,2.7659217831557137
1737,9,45,50,1,2.7659217831557137
1989,11,55,60,1,2.7659217831557137
1991,11,55,60,1,2.7659217831557137
2110,12,60,65,1,2.7659217831557137
2220,13,65,70,1,2.7659217831557137
2514,16,80,85,1,2.7659217831557137
2516,16,80,85,1,2.7659217831557137
2700,18,90,95,1,2.7659217831557137
2791,19,95,100,1,2.7659217831557137
2874,20,100,105,1,2.7659217831557137
2966,21,105,110,1,2.7659217831557137
2967,21,105,110,1,2.7659217831557137
3288,25,125,130,1,2.7659217831557137
3289,25,125,130,1,2.7659217831557137
3589,29,145,150,1,2.7659217831557137
3655,30,150,155,1,2.7659217831557137
3656,30,150,155,1,2.7659217831557137
3723,31,155,160,1,2.7659217831557137
4511,44,220,225,1,2.7659217831557137
4790,49,245,250,1,2.7659217831557137
4911,51,255,260,1,2.7659217831557137
5737,67,335,340,1,2.7659217831557137
6473,84,420,425,1,2.7659217831557137
6663,89,445,450,1,2.7659217831557137
6850,94,470,475,1,2.7659217831557137
7175,103,515,520,1,2.7659217831557137
7176,103,515,520,1,2.7659217831557137
7508,112,560,565,1,2.7659217831557137
8054,127,635,640,1,2.7659217831557137
8338,134,670,675,1,2.7659217831557137
8424,136,680,685,1,2.7659217831557137
8607,140,700,705,1,2.7659217831557137
9190,156,780,785,1,2.7659217831557137
9223,157,785,790,1,2.7659217831557137
9780,174,870,875,1,2.7659217831557137
10047,181,905,910,1,2.7659217831557137
10346,190,950,955,1,2.7659217831557137
10681,199,995,1000,1,2.7659217831557137
10891,205,1025,1030,1,2.7659217831557137
11135,213,1065,1070,1,2.7659217831557137
11258,217,1085,1090,1,2.7659217831557137
11533,226,1130,1135,1,2.7659217831557137
12604,269,1345,1350,1,2.7659217831557137
782,4,20,25,1,2.7659217831509975
783,4,20,25,1,2.7659217831509975
1595,8,40,45,1,2.7659217831509975
1599,8,40,45,1,2.7659217831509975
1736,9,45,50,1,2.7659217831509975
1738,9,45,50,1,2.7659217831509975
2108,12,60,65,1,2.7659217831509975
2513,16,80,85,1,2.7659217831509975
2515,16,80,85,1,2.7659217831509975
2517,16,80,85,1,2.7659217831509975
2518,16,80,85,1,2.7659217831509975
2611,17,85,90,1,2.7659217831509975
2612,17,85,90,1,2.7659217831509975
2699,18,90,95,1,2.7659217831509975
2701,18,90,95,1,2.7659217831509975
2793,19,95,100,1,2.7659217831509975
3588,29,145,150,1,2.7659217831509975
3590,29,145,150,1,2.7659217831509975
3722,31,155,160,1,2.7659217831509975
4294,40,200,205,1,2.7659217831509975
4510,44,220,225,1,2.7659217831509975
4682,47,235,240,1,2.7659217831509975
5277,58,290,295,1,2.7659217831509975
5916,71,355,360,1,2.7659217831509975
6554,86,430,435,1,2.7659217831509975
6930,96,480,485,1,2.7659217831509975
6931,96,480,485,1,2.7659217831509975
7076,100,500,505,1,2.7659217831509975
7544,113,565,570,1,2.7659217831509975
7584,114,570,575,1,2.7659217831509975
7631,115,575,580,1,2.7659217831509975
8521,138,690,695,1,2.7659217831509975
8646,141,705,710,1,2.7659217831509975
8829,146,730,735,1,2.7659217831509975
9115,154,770,775,1,2.7659217831509975
9752,173,865,870,1,2.7659217831509975
10460,193,965,970,1,2.7659217831509975
10539,195,975,980,1,2.7659217831509975
10640,198,990,995,1,2.7659217831509975
10680,199,995,1000,1,2.7659217831509975
10826,203,1015,1020,1,2.7659217831509975
11331,219,1095,1100,1,2.7659217831509975
11577,228,1140,1145,1,2.7659217831509975
11612,229,1145,1150,1,2.7659217831509975
11613,229,1145,1150,1,2.7659217831509975
10,0,0,5,1,2.7653293856645096
537,3,15,20,1,2.7653293856645096
781,4,20,25,1,2.7653293856645096
1009,5,25,30,1,2.7653293856645096
1432,7,35,40,1,2.7653293856645096
1594,8,40,45,1,2.7653293856645096
1864,10,50,55,1,2.7653293856645096
2106,12,60,65,1,2.7653293856645096
2308,14,70,75,1,2.7653293856645096
2417,15,75,80,1,2.7653293856645096
2511,16,80,85,1,2.7653293856645096
2512,16,80,85,1,2.7653293856645096
2787,19,95,100,1,2.7653293856645096
2789,19,95,100,1,2.7653293856645096
2964,21,105,110,1,2.7653293856645096
2965,21,105,110,1,2.7653293856645096
3129,23,115,120,1,2.7653293856645096
3130,23,115,120,1,2.7653293856645096
3131,23,115,120,1,2.7653293856645096
3207,24,120,125,1,2.7653293856645096
3210,24,120,125,1,2.7653293856645096
3211,24,120,125,1,2.7653293856645096
3287,25,125,130,1,2.7653293856645096
3587,29,145,150,1,2.7653293856645096
3990,35,175,180,1,2.7653293856645096
4051,36,180,185,1,2.7653293856645096
4180,38,190,195,1,2.7653293856645096
4242,39,195,200,1,2.7653293856645096
4404,42,210,215,1,2.7653293856645096
6014,73,365,370,1,2.7653293856645096
6701,90,450,455,1,2.7653293856645096
6999,98,490,495,1,2.7653293856645096
7105,101,505,510,1,2.7653293856645096
7266,105,525,530,1,2.7653293856645096
7408,109,545,550,1,2.7653293856645096
7662,116,580,585,1,2.7653293856645096
7803,120,600,605,1,2.7653293856645096
7835,121,605,610,1,2.7653293856645096
7870,122,610,615,1,2.7653293856645096
7934,124,620,625,1,2.7653293856645096
8748,144,720,725,1,2.7653293856645096
9044,152,760,765,1,2.7653293856645096
10010,180,900,905,1,2.7653293856645096
10271,188,940,945,1,2.7653293856645096
10300,189,945,950,1,2.7653293856645096
11227,216,1080,1085,1,2.7653293856645096
11257,217,1085,1090,1,2.7653293856645096
11330,219,1095,1100,1,2.7653293856645096
11555,227,1135,1140,1,2.7653293856645096
11611,229,1145,1150,1,2.7653293856645096
11798,236,1180,1185,1,2.7653293856645096
12189,251,1255,1260,1,2.7653293856645096
12579,268,1340,1345,1,2.7653293856645096
13372,307,1535,1540,1,2.7653293856645096
13390,308,1540,1545,1,2.7653293856645096
311,2,10,15,1,2.7653293856597942
312,2,10,15,1,2.7653293856597942
313,2,10,15,1,2.7653293856597942
1008,5,25,30,1,2.7653293856597942
1735,9,45,50,1,2.7653293856597942
2105,12,60,65,1,2.7653293856597942
2107,12,60,65,1,2.7653293856597942
2216,13,65,70,1,2.7653293856597942
2218,13,65,70,1,2.7653293856597942
2306,14,70,75,1,2.7653293856597942
2414,15,75,80,1,2.7653293856597942
2416,15,75,80,1,2.7653293856597942
2695,18,90,95,1,2.7653293856597942
2696,18,90,95,1,2.7653293856597942
2697,18,90,95,1,2.7653293856597942
2788,19,95,100,1,2.7653293856597942
3046,22,110,115,1,2.7653293856597942
3208,24,120,125,1,2.7653293856597942
3209,24,120,125,1,2.7653293856597942
3212,24,120,125,1,2.7653293856597942
3371,26,130,135,1,2.7653293856597942
3451,27,135,140,1,2.7653293856597942
3452,27,135,140,1,2.7653293856597942
3518,28,140,145,1,2.7653293856597942
3519,28,140,145,1,2.7653293856597942
3520,28,140,145,1,2.7653293856597942
3871,33,165,170,1,2.7653293856597942
4111,37,185,190,1,2.7653293856597942
4850,50,250,255,1,2.7653293856597942
5330,59,295,300,1,2.7653293856597942
6702,90,450,455,1,2.7653293856597942
6849,94,470,475,1,2.7653293856597942
7104,101,505,510,1,2.7653293856597942
7143,102,510,515,1,2.7653293856597942
7212,104,520,525,1,2.7653293856597942
7213,104,520,525,1,2.7653293856597942
7476,111,555,560,1,2.7653293856597942
7915,123,615,620,1,2.7653293856597942
7974,125,625,630,1,2.7653293856597942
8182,130,650,655,1,2.7653293856597942
8520,138,690,695,1,2.7653293856597942
9561,167,835,840,1,2.7653293856597942
10574,196,980,985,1,2.7653293856597942
10789,202,1010,1015,1,2.7653293856597942
10862,204,1020,1025,1,2.7653293856597942
11024,209,1045,1050,1,2.7653293856597942
11134,213,1065,1070,1,2.7653293856597942
11228,216,1080,1085,1,2.7653293856597942
11829,237,1185,1190,1,2.7653293856597942
12035,245,1225,1230,1,2.7653293856597942
12059,246,1230,1235,1,2.7653293856597942
12677,273,1365,1370,1,2.7653293856597942
13072,291,1455,1460,1,2.7653293856597942
536,3,15,20,1,2.764736754181467
780,4,20,25,1,2.764736754181467
1007,5,25,30,1,2.764736754181467
1860,10,50,55,1,2.764736754181467
1985,11,55,60,1,2.764736754181467
1988,11,55,60,1,2.764736754181467
2508,16,80,85,1,2.764736754181467
2607,17,85,90,1,2.764736754181467
2693,18,90,95,1,2.764736754181467
2694,18,90,95,1,2.764736754181467
2870,20,100,105,1,2.764736754181467
2958,21,105,110,1,2.764736754181467
2959,21,105,110,1,2.764736754181467
2960,21,105,110,1,2.764736754181467
2961,21,105,110,1,2.764736754181467
2962,21,105,110,1,2.764736754181467
3127,23,115,120,1,2.764736754181467
3206,24,120,125,1,2.764736754181467
3282,25,125,130,1,2.764736754181467
3368,26,130,135,1,2.764736754181467
3369,26,130,135,1,2.764736754181467
3448,27,135,140,1,2.764736754181467
3449,27,135,140,1,2.764736754181467
3585,29,145,150,1,2.764736754181467
3654,30,150,155,1,2.764736754181467
3720,31,155,160,1,2.764736754181467
3790,32,160,165,1,2.764736754181467
4177,38,190,195,1,2.764736754181467
4178,38,190,195,1,2.764736754181467
4179,38,190,195,1,2.764736754181467
4509,44,220,225,1,2.764736754181467
4571,45,225,230,1,2.764736754181467
4572,45,225,230,1,2.764736754181467
4622,46,230,235,1,2.764736754181467
5063,54,270,275,1,2.764736754181467
5276,58,290,295,1,2.764736754181467
5537,63,315,320,1,2.764736754181467
6098,75,375,380,1,2.764736754181467
6588,87,435,440,1,2.764736754181467
6746,91,455,460,1,2.764736754181467
7142,102,510,515,1,2.764736754181467
7265,105,525,530,1,2.764736754181467
7730,118,590,595,1,2.764736754181467
7802,120,600,605,1,2.764736754181467
8519,138,690,695,1,2.764736754181467
8606,140,700,705,1,2.764736754181467
8861,147,735,740,1,2.764736754181467
9007,151,755,760,1,2.764736754181467
9929,178,890,895,1,2.764736754181467
10009,180,900,905,1,2.764736754181467
10242,187,935,940,1,2.764736754181467
10419,192,960,965,1,2.764736754181467
10825,203,1015,1020,1,2.764736754181467
10964,207,1035,1040,1,2.764736754181467
11329,219,1095,1100,1,2.764736754181467
11703,232,1160,1165,1,2.764736754181467
12313,256,1280,1285,1,2.764736754181467
12534,266,1330,1335,1,2.764736754181467
13325,305,1525,1530,1,2.764736754181467
13721,332,1660,1665,1,2.764736754181467
14016,356,1780,1785,1,2.764736754181467
14185,379,1895,1900,1,2.764736754181467
14313,401,2005,2010,1,2.764736754181467
1431,7,35,40,1,2.7647367541767527
1861,10,50,55,1,2.7647367541767527
2214,13,65,70,1,2.7647367541767527
2215,13,65,70,1,2.7647367541767527
2305,14,70,75,1,2.7647367541767527
2509,16,80,85,1,2.7647367541767527
2510,16,80,85,1,2.7647367541767527
2786,19,95,100,1,2.7647367541767527
2871,20,100,105,1,2.7647367541767527
2957,21,105,110,1,2.7647367541767527
3128,23,115,120,1,2.7647367541767527
3204,24,120,125,1,2.7647367541767527
3205,24,120,125,1,2.7647367541767527
3283,25,125,130,1,2.7647367541767527
3284,25,125,130,1,2.7647367541767527
3285,25,125,130,1,2.7647367541767527
3286,25,125,130,1,2.7647367541767527
3370,26,130,135,1,2.7647367541767527
3450,27,135,140,1,2.7647367541767527
3517,28,140,145,1,2.7647367541767527
3586,29,145,150,1,2.7647367541767527
3721,31,155,160,1,2.7647367541767527
3932,34,170,175,1,2.7647367541767527
3933,34,170,175,1,2.7647367541767527
3989,35,175,180,1,2.7647367541767527
4241,39,195,200,1,2.7647367541767527
4292,40,200,205,1,2.7647367541767527
4293,40,200,205,1,2.7647367541767527
4403,42,210,215,1,2.7647367541767527
4570,45,225,230,1,2.7647367541767527
5009,53,265,270,1,2.7647367541767527
5329,59,295,300,1,2.7647367541767527
6013,73,365,370,1,2.7647367541767527
6819,93,465,470,1,2.7647367541767527
6929,96,480,485,1,2.7647367541767527
7075,100,500,505,1,2.7647367541767527
7834,121,605,610,1,2.7647367541767527
8473,137,685,690,1,2.7647367541767527
8518,138,690,695,1,2.7647367541767527
9289,159,795,800,1,2.7647367541767527
9425,163,815,820,1,2.7647367541767527
9634,169,845,850,1,2.7647367541767527
9690,171,855,860,1,2.7647367541767527
9719,172,860,865,1,2.7647367541767527
9970,179,895,900,1,2.7647367541767527
10963,207,1035,1040,1,2.7647367541767527
11292,218,1090,1095,1,2.7647367541767527
11857,238,1190,1195,1,2.7647367541767527
12287,255,1275,1280,1,2.7647367541767527
12428,261,1305,1310,1,2.7647367541767527
12533,266,1330,1335,1,2.7647367541767527
13152,295,1475,1480,1,2.7647367541767527
13350,306,1530,1535,1,2.7647367541767527
13830,341,1705,1710,1,2.7647367541767527
14186,379,1895,1900,1,2.7647367541767527
132,1,5,10,1,2.764143888756399
133,1,5,10,1,2.764143888756399
1006,5,25,30,1,2.764143888756399
1858,10,50,55,1,2.764143888756399
1984,11,55,60,1,2.764143888756399
2103,12,60,65,1,2.764143888756399
2212,13,65,70,1,2.764143888756399
2213,13,65,70,1,2.764143888756399
2506,16,80,85,1,2.764143888756399
2507,16,80,85,1,2.764143888756399
2955,21,105,110,1,2.764143888756399
2956,21,105,110,1,2.764143888756399
3041,22,110,115,1,2.764143888756399
3044,22,110,115,1,2.764143888756399
3125,23,115,120,1,2.764143888756399
3126,23,115,120,1,2.764143888756399
3203,24,120,125,1,2.764143888756399
3516,28,140,145,1,2.764143888756399
3582,29,145,150,1,2.764143888756399
3584,29,145,150,1,2.764143888756399
3653,30,150,155,1,2.764143888756399
3718,31,155,160,1,2.764143888756399
3786,32,160,165,1,2.764143888756399
3787,32,160,165,1,2.764143888756399
3788,32,160,165,1,2.764143888756399
3930,34,170,175,1,2.764143888756399
3988,35,175,180,1,2.764143888756399
4240,39,195,200,1,2.764143888756399
4354,41,205,210,1,2.764143888756399
4621,46,230,235,1,2.764143888756399
4964,52,260,265,1,2.764143888756399
5007,53,265,270,1,2.764143888756399
5008,53,265,270,1,2.764143888756399
5060,54,270,275,1,2.764143888756399
5061,54,270,275,1,2.764143888756399
5171,56,280,285,1,2.764143888756399
5915,71,355,360,1,2.764143888756399
6553,86,430,435,1,2.764143888756399
6628,88,440,445,1,2.764143888756399
6700,90,450,455,1,2.764143888756399
6928,96,480,485,1,2.764143888756399
7074,100,500,505,1,2.764143888756399
7583,114,570,575,1,2.764143888756399
8180,130,650,655,1,2.764143888756399
8181,130,650,655,1,2.764143888756399
8259,132,660,665,1,2.764143888756399
8719,143,715,720,1,2.764143888756399
8747,144,720,725,1,2.764143888756399
9604,168,840,845,1,2.764143888756399
10270,188,940,945,1,2.764143888756399
10345,190,950,955,1,2.764143888756399
10788,202,1010,1015,1,2.764143888756399
11328,219,1095,1100,1,2.764143888756399
11532,226,1130,1135,1,2.764143888756399
11733,233,1165,1170,1,2.764143888756399
12161,250,1250,1255,1,2.764143888756399
12676,273,1365,1370,1,2.764143888756399
13071,291,1455,1460,1,2.764143888756399
13272,302,1510,1515,1,2.764143888756399
14079,364,1820,1825,1,2.764143888756399
14152,373,1865,1870,1,2.764143888756399
14195,380,1900,1905,1,2.764143888756399
14432,437,2185,2190,1,2.764143888756399
14444,444,2220,2225,1,2.764143888756399
533,3,15,20,1,2.7641438887516854
534,3,15,20,1,2.7641438887516854
1591,8,40,45,1,2.7641438887516854
2303,14,70,75,1,2.7641438887516854
2304,14,70,75,1,2.7641438887516854
2413,15,75,80,1,2.7641438887516854
2692,18,90,95,1,2.7641438887516854
2784,19,95,100,1,2.7641438887516854
2954,21,105,110,1,2.7641438887516854
3042,22,110,115,1,2.7641438887516854
3043,22,110,115,1,2.7641438887516854
3045,22,110,115,1,2.7641438887516854
3365,26,130,135,1,2.7641438887516854
3366,26,130,135,1,2.7641438887516854
3447,27,135,140,1,2.7641438887516854
3583,29,145,150,1,2.7641438887516854
3789,32,160,165,1,2.7641438887516854
3870,33,165,170,1,2.7641438887516854
3929,34,170,175,1,2.7641438887516854
3931,34,170,175,1,2.7641438887516854
3987,35,175,180,1,2.7641438887516854
4176,38,190,195,1,2.7641438887516854
4291,40,200,205,1,2.7641438887516854
4569,45,225,230,1,2.7641438887516854
4620,46,230,235,1,2.7641438887516854
4681,47,235,240,1,2.7641438887516854
5062,54,270,275,1,2.7641438887516854
5327,59,295,300,1,2.7641438887516854
5328,59,295,300,1,2.7641438887516854
5438,61,305,310,1,2.7641438887516854
6433,83,415,420,1,2.7641438887516854
6472,84,420,425,1,2.7641438887516854
6507,85,425,430,1,2.7641438887516854
6783,92,460,465,1,2.7641438887516854
7211,104,520,525,1,2.7641438887516854
7661,116,580,585,1,2.7641438887516854
7695,117,585,590,1,2.7641438887516854
7973,125,625,630,1,2.7641438887516854
8138,129,645,650,1,2.7641438887516854
8860,147,735,740,1,2.7641438887516854
9718,172,860,865,1,2.7641438887516854
9779,174,870,875,1,2.7641438887516854
10418,192,960,965,1,2.7641438887516854
10748,201,1005,1010,1,2.7641438887516854
11668,231,1155,1160,1,2.7641438887516854
11702,232,1160,1165,1,2.7641438887516854
12243,253,1265,1270,1,2.7641438887516854
12312,256,1280,1285,1,2.7641438887516854
12511,265,1325,1330,1,2.7641438887516854
12658,272,1360,1365,1,2.7641438887516854
13168,296,1480,1485,1,2.7641438887516854
13404,309,1545,1550,1,2.7641438887516854
14200,381,1905,1910,1,2.7641438887516854
14294,396,1980,1985,1,2.7641438887516854
14470,459,2295,2300,1,2.7641438887516854
778,4,20,25,1,2.7635507894417386
1857,10,50,55,1,2.7635507894417386
2100,12,60,65,1,2.7635507894417386
2505,16,80,85,1,2.7635507894417386
2690,18,90,95,1,2.7635507894417386
2953,21,105,110,1,2.7635507894417386
3039,22,110,115,1,2.7635507894417386
3363,26,130,135,1,2.7635507894417386
3364,26,130,135,1,2.7635507894417386
3717,31,155,160,1,2.7635507894417386
3869,33,165,170,1,2.7635507894417386
3928,34,170,175,1,2.7635507894417386
3983,35,175,180,1,2.7635507894417386
4109,37,185,190,1,2.7635507894417386
4110,37,185,190,1,2.7635507894417386
4175,38,190,195,1,2.7635507894417386
4236,39,195,200,1,2.7635507894417386
4238,39,195,200,1,2.7635507894417386
4289,40,200,205,1,2.7635507894417386
4353,41,205,210,1,2.7635507894417386
4567,45,225,230,1,2.7635507894417386
4568,45,225,230,1,2.7635507894417386
4619,46,230,235,1,2.7635507894417386
4680,47,235,240,1,2.7635507894417386
4848,50,250,255,1,2.7635507894417386
4849,50,250,255,1,2.7635507894417386
4909,51,255,260,1,2.7635507894417386
5006,53,265,270,1,2.7635507894417386
5492,62,310,315,1,2.7635507894417386
5735,67,335,340,1,2.7635507894417386
5736,67,335,340,1,2.7635507894417386
6360,81,405,410,1,2.7635507894417386
6587,87,435,440,1,2.7635507894417386
6661,89,445,450,1,2.7635507894417386
7542,113,565,570,1,2.7635507894417386
7582,114,570,575,1,2.7635507894417386
7729,118,590,595,1,2.7635507894417386
7869,122,610,615,1,2.7635507894417386
8137,129,645,650,1,2.7635507894417386
8212,131,655,660,1,2.7635507894417386
8517,138,690,695,1,2.7635507894417386
8966,150,750,755,1,2.7635507894417386
9006,151,755,760,1,2.7635507894417386
9043,152,760,765,1,2.7635507894417386
9080,153,765,770,1,2.7635507894417386
9603,168,840,845,1,2.7635507894417386
9662,170,850,855,1,2.7635507894417386
10417,192,960,965,1,2.7635507894417386
10679,199,995,1000,1,2.7635507894417386
10861,204,1020,1025,1,2.7635507894417386
10988,208,1040,1045,1,2.7635507894417386
12448,262,1310,1315,1,2.7635507894417386
12555,267,1335,1340,1,2.7635507894417386
12577,268,1340,1345,1,2.7635507894417386
12578,268,1340,1345,1,2.7635507894417386
13450,312,1560,1565,1,2.7635507894417386
13990,354,1770,1775,1,2.7635507894417386
14105,367,1835,1840,1,2.7635507894417386
14182,378,1890,1895,1,2.7635507894417386
310,2,10,15,1,2.7635507894370264
1228,6,30,35,1,2.7635507894370264
1980,11,55,60,1,2.7635507894370264
2412,15,75,80,1,2.7635507894370264
2606,17,85,90,1,2.7635507894370264
2869,20,100,105,1,2.7635507894370264
3281,25,125,130,1,2.7635507894370264
3446,27,135,140,1,2.7635507894370264
3514,28,140,145,1,2.7635507894370264
3581,29,145,150,1,2.7635507894370264
3651,30,150,155,1,2.7635507894370264
3652,30,150,155,1,2.7635507894370264
3927,34,170,175,1,2.7635507894370264
3984,35,175,180,1,2.7635507894370264
3985,35,175,180,1,2.7635507894370264
3986,35,175,180,1,2.7635507894370264
4108,37,185,190,1,2.7635507894370264
4174,38,190,195,1,2.7635507894370264
4239,39,195,200,1,2.7635507894370264
4290,40,200,205,1,2.7635507894370264
4402,42,210,215,1,2.7635507894370264
4789,49,245,250,1,2.7635507894370264
4910,51,255,260,1,2.7635507894370264
5170,56,280,285,1,2.7635507894370264
5275,58,290,295,1,2.7635507894370264
5535,63,315,320,1,2.7635507894370264
5536,63,315,320,1,2.7635507894370264
6097,75,375,380,1,2.7635507894370264
6201,77,385,390,1,2.7635507894370264
6551,86,430,435,1,2.7635507894370264
7072,100,500,505,1,2.7635507894370264
7073,100,500,505,1,2.7635507894370264
7141,102,510,515,1,2.7635507894370264
7972,125,625,630,1,2.7635507894370264
8423,136,680,685,1,2.7635507894370264
8564,139,695,700,1,2.7635507894370264
8605,140,700,705,1,2.7635507894370264
8645,141,705,710,1,2.7635507894370264
8681,142,710,715,1,2.7635507894370264
8893,148,740,745,1,2.7635507894370264
9560,167,835,840,1,2.7635507894370264
9969,179,895,900,1,2.7635507894370264
10678,199,995,1000,1,2.7635507894370264
11194,215,1075,1080,1,2.7635507894370264
11256,217,1085,1090,1,2.7635507894370264
11291,218,1090,1095,1,2.7635507894370264
11758,234,1170,1175,1,2.7635507894370264
12332,257,1285,1290,1,2.7635507894370264
12556,267,1335,1340,1,2.7635507894370264
12857,281,1405,1410,1,2.7635507894370264
13600,323,1615,1620,1,2.7635507894370264
13871,344,1720,1725,1,2.7635507894370264
13896,346,1730,1735,1,2.7635507894370264
13919,348,1740,1745,1,2.7635507894370264
14227,384,1920,1925,1,2.7635507894370264
532,3,15,20,1,2.7629574562899197
1002,5,25,30,1,2.7629574562899197
1004,5,25,30,1,2.7629574562899197
1856,10,50,55,1,2.7629574562899197
2302,14,70,75,1,2.7629574562899197
3361,26,130,135,1,2.7629574562899197
3445,27,135,140,1,2.7629574562899197
4049,36,180,185,1,2.7629574562899197
4173,38,190,195,1,2.7629574562899197
4235,39,195,200,1,2.7629574562899197
4352,41,205,210,1,2.7629574562899197
4453,43,215,220,1,2.7629574562899197
4454,43,215,220,1,2.7629574562899197
4508,44,220,225,1,2.7629574562899197
4565,45,225,230,1,2.7629574562899197
4727,48,240,245,1,2.7629574562899197
4788,49,245,250,1,2.7629574562899197
4847,50,250,255,1,2.7629574562899197
4907,51,255,260,1,2.7629574562899197
4908,51,255,260,1,2.7629574562899197
4962,52,260,265,1,2.7629574562899197
5005,53,265,270,1,2.7629574562899197
5058,54,270,275,1,2.7629574562899197
5059,54,270,275,1,2.7629574562899197
5437,61,305,310,1,2.7629574562899197
5491,62,310,315,1,2.7629574562899197
5827,69,345,350,1,2.7629574562899197
6242,78,390,395,1,2.7629574562899197
6660,89,445,450,1,2.7629574562899197
6745,91,455,460,1,2.7629574562899197
6782,92,460,465,1,2.7629574562899197
7301,106,530,535,1,2.7629574562899197
7441,110,550,555,1,2.7629574562899197
7507,112,560,565,1,2.7629574562899197
7801,120,600,605,1,2.7629574562899197
8604,140,700,705,1,2.7629574562899197
8643,141,705,710,1,2.7629574562899197
8680,142,710,715,1,2.7629574562899197
8859,147,735,740,1,2.7629574562899197
9042,152,760,765,1,2.7629574562899197
9189,156,780,785,1,2.7629574562899197
9221,157,785,790,1,2.7629574562899197
9602,168,840,845,1,2.7629574562899197
10380,191,955,960,1,2.7629574562899197
10499,194,970,975,1,2.7629574562899197
10608,197,985,990,1,2.7629574562899197
10677,199,995,1000,1,2.7629574562899197
10824,203,1015,1020,1,2.7629574562899197
10890,205,1025,1030,1,2.7629574562899197
12034,245,1225,1230,1,2.7629574562899197
12120,248,1240,1245,1,2.7629574562899197
12263,254,1270,1275,1,2.7629574562899197
12532,266,1330,1335,1,2.7629574562899197
12554,267,1335,1340,1,2.7629574562899197
12701,274,1370,1375,1,2.7629574562899197
12804,279,1395,1400,1,2.7629574562899197
13151,295,1475,1480,1,2.7629574562899197
13735,333,1665,1670,1,2.7629574562899197
13806,339,1695,1700,1,2.7629574562899197
309,2,10,15,1,2.7629574562852084
777,4,20,25,1,2.7629574562852084
1003,5,25,30,1,2.7629574562852084
1430,7,35,40,1,2.7629574562852084
2504,16,80,85,1,2.7629574562852084
2689,18,90,95,1,2.7629574562852084
3579,29,145,150,1,2.7629574562852084
3580,29,145,150,1,2.7629574562852084
3925,34,170,175,1,2.7629574562852084
3926,34,170,175,1,2.7629574562852084
4106,37,185,190,1,2.7629574562852084
4107,37,185,190,1,2.7629574562852084
4400,42,210,215,1,2.7629574562852084
4401,42,210,215,1,2.7629574562852084
4452,43,215,220,1,2.7629574562852084
4679,47,235,240,1,2.7629574562852084
4846,50,250,255,1,2.7629574562852084
5115,55,275,280,1,2.7629574562852084
5116,55,275,280,1,2.7629574562852084
5218,57,285,290,1,2.7629574562852084
5219,57,285,290,1,2.7629574562852084
5436,61,305,310,1,2.7629574562852084
5734,67,335,340,1,2.7629574562852084
6054,74,370,375,1,2.7629574562852084
6471,84,420,425,1,2.7629574562852084
6627,88,440,445,1,2.7629574562852084
6968,97,485,490,1,2.7629574562852084
7070,100,500,505,1,2.7629574562852084
7071,100,500,505,1,2.7629574562852084
7103,101,505,510,1,2.7629574562852084
8053,127,635,640,1,2.7629574562852084
8096,128,640,645,1,2.7629574562852084
8179,130,650,655,1,2.7629574562852084
8644,141,705,710,1,2.7629574562852084
8785,145,725,730,1,2.7629574562852084
9222,157,785,790,1,2.7629574562852084
9524,166,830,835,1,2.7629574562852084
9525,166,830,835,1,2.7629574562852084
9717,172,860,865,1,2.7629574562852084
9894,177,885,890,1,2.7629574562852084
10117,183,915,920,1,2.7629574562852084
10889,205,1025,1030,1,2.7629574562852084
10925,206,1030,1035,1,2.7629574562852084
11327,219,1095,1100,1,2.7629574562852084
11928,240,1200,1205,1,2.7629574562852084
12140,249,1245,1250,1,2.7629574562852084
12212,252,1260,1265,1,2.7629574562852084
12311,256,1280,1285,1,2.7629574562852084
12744,276,1380,1385,1,2.7629574562852084
12760,277,1385,1390,1,2.7629574562852084
13271,302,1510,1515,1,2.7629574562852084
13553,319,1595,1600,1,2.7629574562852084
14041,359,1795,1800,1,2.7629574562852084
130,1,5,10,1,2.76236388934289
308,2,10,15,1,2.76236388934289
1429,7,35,40,1,2.76236388934289
2098,12,60,65,1,2.76236388934289
2410,15,75,80,1,2.76236388934289
2411,15,75,80,1,2.76236388934289
2951,21,105,110,1,2.76236388934289
3716,31,155,160,1,2.76236388934289
3785,32,160,165,1,2.76236388934289
3865,33,165,170,1,2.76236388934289
3866,33,165,170,1,2.76236388934289
3867,33,165,170,1,2.76236388934289
3982,35,175,180,1,2.76236388934289
4048,36,180,185,1,2.76236388934289
4105,37,185,190,1,2.76236388934289
4618,46,230,235,1,2.76236388934289
4677,47,235,240,1,2.76236388934289
4678,47,235,240,1,2.76236388934289
4961,52,260,265,1,2.76236388934289
5057,54,270,275,1,2.76236388934289
5114,55,275,280,1,2.76236388934289
5217,57,285,290,1,2.76236388934289
5326,59,295,300,1,2.76236388934289
5490,62,310,315,1,2.76236388934289
5643,65,325,330,1,2.76236388934289
5880,70,350,355,1,2.76236388934289
5914,71,355,360,1,2.76236388934289
5962,72,360,365,1,2.76236388934289
6053,74,370,375,1,2.76236388934289
6096,75,375,380,1,2.76236388934289
6200,77,385,390,1,2.76236388934289
6286,79,395,400,1,2.76236388934289
6287,79,395,400,1,2.76236388934289
6324,80,400,405,1,2.76236388934289
6549,86,430,435,1,2.76236388934289
6699,90,450,455,1,2.76236388934289
7140,102,510,515,1,2.76236388934289
7694,117,585,590,1,2.76236388934289
8258,132,660,665,1,2.76236388934289
8304,133,665,670,1,2.76236388934289
8337,134,670,675,1,2.76236388934289
8515,138,690,695,1,2.76236388934289
8718,143,715,720,1,2.76236388934289
8858,147,735,740,1,2.76236388934289
9254,158,790,795,1,2.76236388934289
9358,161,805,810,1,2.76236388934289
9392,162,810,815,1,2.76236388934289
10343,190,950,955,1,2.76236388934289
10344,190,950,955,1,2.76236388934289
10538,195,975,980,1,2.76236388934289
10573,196,980,985,1,2.76236388934289
10639,198,990,995,1,2.76236388934289
10823,203,1015,1020,1,2.76236388934289
11193,215,1075,1080,1,2.76236388934289
11511,225,1125,1130,1,2.76236388934289
11610,229,1145,1150,1,2.76236388934289
11732,233,1165,1170,1,2.76236388934289
11776,235,1175,1180,1,2.76236388934289
11856,238,1190,1195,1,2.76236388934289
11958,242,1210,1215,1,2.76236388934289
12089,247,1235,1240,1,2.76236388934289
12553,267,1335,1340,1,2.76236388934289
12856,281,1405,1410,1,2.76236388934289
13389,308,1540,1545,1,2.76236388934289
13449,312,1560,1565,1,2.76236388934289
531,3,15,20,1,2.76236388933818
1590,8,40,45,1,2.76236388933818
2298,14,70,75,1,2.76236388933818
2409,15,75,80,1,2.76236388933818
2605,17,85,90,1,2.76236388933818
3513,28,140,145,1,2.76236388933818
3784,32,160,165,1,2.76236388933818
3868,33,165,170,1,2.76236388933818
4288,40,200,205,1,2.76236388933818
4350,41,205,210,1,2.76236388933818
4506,44,220,225,1,2.76236388933818
4507,44,220,225,1,2.76236388933818
4843,50,250,255,1,2.76236388933818
4844,50,250,255,1,2.76236388933818
4845,50,250,255,1,2.76236388933818
4905,51,255,260,1,2.76236388933818
4906,51,255,260,1,2.76236388933818
5004,53,265,270,1,2.76236388933818
5169,56,280,285,1,2.76236388933818
5274,58,290,295,1,2.76236388933818
5533,63,315,320,1,2.76236388933818
5733,67,335,340,1,2.76236388933818
5826,69,345,350,1,2.76236388933818
5963,72,360,365,1,2.76236388933818
6012,73,365,370,1,2.76236388933818
6052,74,370,375,1,2.76236388933818
6323,80,400,405,1,2.76236388933818
6550,86,430,435,1,2.76236388933818
6586,87,435,440,1,2.76236388933818
6625,88,440,445,1,2.76236388933818
6626,88,440,445,1,2.76236388933818
7868,122,610,615,1,2.76236388933818
8211,131,655,660,1,2.76236388933818
8257,132,660,665,1,2.76236388933818
8516,138,690,695,1,2.76236388933818
8965,150,750,755,1,2.76236388933818
9079,153,765,770,1,2.76236388933818
9156,155,775,780,1,2.76236388933818
9333,160,800,805,1,2.76236388933818
9424,163,815,820,1,2.76236388933818
9491,165,825,830,1,2.76236388933818
9716,172,860,865,1,2.76236388933818
10210,186,930,935,1,2.76236388933818
10269,188,940,945,1,2.76236388933818
10498,194,970,975,1,2.76236388933818
10860,204,1020,1025,1,2.76236388933818
11226,216,1080,1085,1,2.76236388933818
11418,222,1110,1115,1,2.76236388933818
11757,234,1170,1175,1,2.76236388933818
11941,241,1205,1210,1,2.76236388933818
12008,244,1220,1225,1,2.76236388933818
12119,248,1240,1245,1,2.76236388933818
12552,267,1335,1340,1,2.76236388933818
12576,268,1340,1345,1,2.76236388933818
13070,291,1455,1460,1,2.76236388933818
13842,342,1710,1715,1,2.76236388933818
1427,7,35,40,1,2.7617700886557057
1588,8,40,45,1,2.7617700886557057
1589,8,40,45,1,2.7617700886557057
1977,11,55,60,1,2.7617700886557057
2502,16,80,85,1,2.7617700886557057
2503,16,80,85,1,2.7617700886557057
2601,17,85,90,1,2.7617700886557057
2602,17,85,90,1,2.7617700886557057
2603,17,85,90,1,2.7617700886557057
2868,20,100,105,1,2.7617700886557057
3444,27,135,140,1,2.7617700886557057
3577,29,145,150,1,2.7617700886557057
3924,34,170,175,1,2.7617700886557057
4104,37,185,190,1,2.7617700886557057
4451,43,215,220,1,2.7617700886557057
4505,44,220,225,1,2.7617700886557057
4676,47,235,240,1,2.7617700886557057
4960,52,260,265,1,2.7617700886557057
5381,60,300,305,1,2.7617700886557057
5434,61,305,310,1,2.7617700886557057
5435,61,305,310,1,2.7617700886557057
5488,62,310,315,1,2.7617700886557057
5732,67,335,340,1,2.7617700886557057
5825,69,345,350,1,2.7617700886557057
5877,70,350,355,1,2.7617700886557057
5878,70,350,355,1,2.7617700886557057
6240,78,390,395,1,2.7617700886557057
6241,78,390,395,1,2.7617700886557057
6395,82,410,415,1,2.7617700886557057
6547,86,430,435,1,2.7617700886557057
6548,86,430,435,1,2.7617700886557057
6742,91,455,460,1,2.7617700886557057
6927,96,480,485,1,2.7617700886557057
6966,97,485,490,1,2.7617700886557057
6998,98,490,495,1,2.7617700886557057
7102,101,505,510,1,2.7617700886557057
8094,128,640,645,1,2.7617700886557057
8136,129,645,650,1,2.7617700886557057
8679,142,710,715,1,2.7617700886557057
8717,143,715,720,1,2.7617700886557057
9005,151,755,760,1,2.7617700886557057
9188,156,780,785,1,2.7617700886557057
9824,175,875,880,1,2.7617700886557057
9927,178,890,895,1,2.7617700886557057
10267,188,940,945,1,2.7617700886557057
10268,188,940,945,1,2.7617700886557057
10342,190,950,955,1,2.7617700886557057
10416,192,960,965,1,2.7617700886557057
10747,201,1005,1010,1,2.7617700886557057
10960,207,1035,1040,1,2.7617700886557057
10961,207,1035,1040,1,2.7617700886557057
10962,207,1035,1040,1,2.7617700886557057
11022,209,1045,1050,1,2.7617700886557057
11078,211,1055,1060,1,2.7617700886557057
11133,213,1065,1070,1,2.7617700886557057
11326,219,1095,1100,1,2.7617700886557057
11382,221,1105,1110,1,2.7617700886557057
11415,222,1110,1115,1,2.7617700886557057
11477,224,1120,1125,1,2.7617700886557057
11667,231,1155,1160,1,2.7617700886557057
11701,232,1160,1165,1,2.7617700886557057
12007,244,1220,1225,1,2.7617700886557057
12550,267,1335,1340,1,2.7617700886557057
12551,267,1335,1340,1,2.7617700886557057
12803,279,1395,1400,1,2.7617700886557057
307,2,10,15,1,2.761770088650996
530,3,15,20,1,2.761770088650996
1001,5,25,30,1,2.761770088650996
1730,9,45,50,1,2.761770088650996
1978,11,55,60,1,2.761770088650996
2406,15,75,80,1,2.761770088650996
2499,16,80,85,1,2.761770088650996
2500,16,80,85,1,2.761770088650996
3280,25,125,130,1,2.761770088650996
3650,30,150,155,1,2.761770088650996
3714,31,155,160,1,2.761770088650996
3783,32,160,165,1,2.761770088650996
4349,41,205,210,1,2.761770088650996
4399,42,210,215,1,2.761770088650996
4904,51,255,260,1,2.761770088650996
5003,53,265,270,1,2.761770088650996
5489,62,310,315,1,2.761770088650996
5642,65,325,330,1,2.761770088650996
5687,66,330,335,1,2.761770088650996
5876,70,350,355,1,2.761770088650996
5913,71,355,360,1,2.761770088650996
6051,74,370,375,1,2.761770088650996
6199,77,385,390,1,2.761770088650996
6322,80,400,405,1,2.761770088650996
6359,81,405,410,1,2.761770088650996
6469,84,420,425,1,2.761770088650996
6470,84,420,425,1,2.761770088650996
6743,91,455,460,1,2.761770088650996
6744,91,455,460,1,2.761770088650996
6848,94,470,475,1,2.761770088650996
6882,95,475,480,1,2.761770088650996
7033,99,495,500,1,2.761770088650996
7440,110,550,555,1,2.761770088650996
8336,134,670,675,1,2.761770088650996
8563,139,695,700,1,2.761770088650996
9004,151,755,760,1,2.761770088650996
9357,161,805,810,1,2.761770088650996
9459,164,820,825,1,2.761770088650996
9633,169,845,850,1,2.761770088650996
9928,178,890,895,1,2.761770088650996
10008,180,900,905,1,2.761770088650996
10638,198,990,995,1,2.761770088650996
11023,209,1045,1050,1,2.761770088650996
11051,210,1050,1055,1,2.761770088650996
11132,213,1065,1070,1,2.761770088650996
11225,216,1080,1085,1,2.761770088650996
11325,219,1095,1100,1,2.761770088650996
11416,222,1110,1115,1,2.761770088650996
11417,222,1110,1115,1,2.761770088650996
11444,223,1115,1120,1,2.761770088650996
11609,229,1145,1150,1,2.761770088650996
11666,231,1155,1160,1,2.761770088650996
11828,237,1185,1190,1,2.761770088650996
11957,242,1210,1215,1,2.761770088650996
12118,248,1240,1245,1,2.761770088650996
12139,249,1245,1250,1,2.761770088650996
13025,289,1445,1450,1,2.761770088650996
129,1,5,10,1,2.76117605428211
528,3,15,20,1,2.76117605428211
529,3,15,20,1,2.76117605428211
1426,7,35,40,1,2.76117605428211
1854,10,50,55,1,2.76117605428211
2097,12,60,65,1,2.76117605428211
2596,17,85,90,1,2.76117605428211
2598,17,85,90,1,2.76117605428211
2599,17,85,90,1,2.76117605428211
2600,17,85,90,1,2.76117605428211
2685,18,90,95,1,2.76117605428211
2688,18,90,95,1,2.76117605428211
2780,19,95,100,1,2.76117605428211
2782,19,95,100,1,2.76117605428211
3648,30,150,155,1,2.76117605428211
3649,30,150,155,1,2.76117605428211
3923,34,170,175,1,2.76117605428211
4047,36,180,185,1,2.76117605428211
4103,37,185,190,1,2.76117605428211
4171,38,190,195,1,2.76117605428211
4450,43,215,220,1,2.76117605428211
5113,55,275,280,1,2.76117605428211
5216,57,285,290,1,2.76117605428211
5487,62,310,315,1,2.76117605428211
5824,69,345,350,1,2.76117605428211
6050,74,370,375,1,2.76117605428211
6094,75,375,380,1,2.76117605428211
6283,79,395,400,1,2.76117605428211
6285,79,395,400,1,2.76117605428211
6358,81,405,410,1,2.76117605428211
6818,93,465,470,1,2.76117605428211
6847,94,470,475,1,2.76117605428211
6881,95,475,480,1,2.76117605428211
7032,99,495,500,1,2.76117605428211
7101,101,505,510,1,2.76117605428211
7174,103,515,520,1,2.76117605428211
7264,105,525,530,1,2.76117605428211
7382,108,540,545,1,2.76117605428211
8303,133,665,670,1,2.76117605428211
8471,137,685,690,1,2.76117605428211
8514,138,690,695,1,2.76117605428211
8857,147,735,740,1,2.76117605428211
9332,160,800,805,1,2.76117605428211
9423,163,815,820,1,2.76117605428211
9490,165,825,830,1,2.76117605428211
9559,167,835,840,1,2.76117605428211
9661,170,850,855,1,2.76117605428211
9751,173,865,870,1,2.76117605428211
10152,184,920,925,1,2.76117605428211
10208,186,930,935,1,2.76117605428211
10537,195,975,980,1,2.76117605428211
10676,199,995,1000,1,2.76117605428211
10822,203,1015,1020,1,2.76117605428211
10859,204,1020,1025,1,2.76117605428211
10922,206,1030,1035,1,2.76117605428211
10923,206,1030,1035,1,2.76117605428211
10924,206,1030,1035,1,2.76117605428211
11255,217,1085,1090,1,2.76117605428211
11358,220,1100,1105,1,2.76117605428211
11510,225,1125,1130,1,2.76117605428211
11576,228,1140,1145,1,2.76117605428211
11608,229,1145,1150,1,2.76117605428211
11891,239,1195,1200,1,2.76117605428211
12088,247,1235,1240,1,2.76117605428211
12211,252,1260,1265,1,2.76117605428211
12356,258,1290,1295,1,2.76117605428211
12487,264,1320,1325,1,2.76117605428211
306,2,10,15,1,2.761176054277402
772,4,20,25,1,2.761176054277402
773,4,20,25,1,2.761176054277402
1587,8,40,45,1,2.761176054277402
1855,10,50,55,1,2.761176054277402
2493,16,80,85,1,2.761176054277402
2496,16,80,85,1,2.761176054277402
2497,16,80,85,1,2.761176054277402
2686,18,90,95,1,2.761176054277402
2687,18,90,95,1,2.761176054277402
2950,21,105,110,1,2.761176054277402
3279,25,125,130,1,2.761176054277402
3576,29,145,150,1,2.761176054277402
3712,31,155,160,1,2.761176054277402
4347,41,205,210,1,2.761176054277402
4348,41,205,210,1,2.761176054277402
4617,46,230,235,1,2.761176054277402
5215,57,285,290,1,2.761176054277402
5380,60,300,305,1,2.761176054277402
5686,66,330,335,1,2.761176054277402
5731,67,335,340,1,2.761176054277402
5781,68,340,345,1,2.761176054277402
5961,72,360,365,1,2.761176054277402
6095,75,375,380,1,2.761176054277402
6284,79,395,400,1,2.761176054277402
6432,83,415,420,1,2.761176054277402
6817,93,465,470,1,2.761176054277402
7069,100,500,505,1,2.761176054277402
7173,103,515,520,1,2.761176054277402
7383,108,540,545,1,2.761176054277402
7630,115,575,580,1,2.761176054277402
7800,120,600,605,1,2.761176054277402
7912,123,615,620,1,2.761176054277402
7913,123,615,620,1,2.761176054277402
7914,123,615,620,1,2.761176054277402
8052,127,635,640,1,2.761176054277402
8472,137,685,690,1,2.761176054277402
8784,145,725,730,1,2.761176054277402
9331,160,800,805,1,2.761176054277402
9523,166,830,835,1,2.761176054277402
9715,172,860,865,1,2.761176054277402
9968,179,895,900,1,2.761176054277402
10209,186,930,935,1,2.761176054277402
10958,207,1035,1040,1,2.761176054277402
10959,207,1035,1040,1,2.761176054277402
10987,208,1040,1045,1,2.761176054277402
11021,209,1045,1050,1,2.761176054277402
11359,220,1100,1105,1,2.761176054277402
11360,220,1100,1105,1,2.761176054277402
11443,223,1115,1120,1,2.761176054277402
11476,224,1120,1125,1,2.761176054277402
11755,234,1170,1175,1,2.761176054277402
11756,234,1170,1175,1,2.761176054277402
11955,242,1210,1215,1,2.761176054277402
11956,242,1210,1215,1,2.761176054277402
12033,245,1225,1230,1,2.761176054277402
12355,258,1290,1295,1,2.761176054277402
12700,274,1370,1375,1,2.761176054277402
7,0,0,5,1,2.760581786267985
1424,7,35,40,1,2.760581786267985
1425,7,35,40,1,2.760581786267985
1728,9,45,50,1,2.760581786267985
1729,9,45,50,1,2.760581786267985
2778,19,95,100,1,2.760581786267985
2779,19,95,100,1,2.760581786267985
2864,20,100,105,1,2.760581786267985
2867,20,100,105,1,2.760581786267985
2947,21,105,110,1,2.760581786267985
3122,23,115,120,1,2.760581786267985
3512,28,140,145,1,2.760581786267985
3575,29,145,150,1,2.760581786267985
4170,38,190,195,1,2.760581786267985
4233,39,195,200,1,2.760581786267985
4675,47,235,240,1,2.760581786267985
4726,48,240,245,1,2.760581786267985
5325,59,295,300,1,2.760581786267985
5532,63,315,320,1,2.760581786267985
5875,70,350,355,1,2.760581786267985
6197,77,385,390,1,2.760581786267985
6198,77,385,390,1,2.760581786267985
6468,84,420,425,1,2.760581786267985
6546,86,430,435,1,2.760581786267985
6740,91,455,460,1,2.760581786267985
6741,91,455,460,1,2.760581786267985
6997,98,490,495,1,2.760581786267985
7068,100,500,505,1,2.760581786267985
7407,109,545,550,1,2.760581786267985
7660,116,580,585,1,2.760581786267985
7693,117,585,590,1,2.760581786267985
7728,118,590,595,1,2.760581786267985
7761,119,595,600,1,2.760581786267985
7911,123,615,620,1,2.760581786267985
8093,128,640,645,1,2.760581786267985
8134,129,645,650,1,2.760581786267985
8178,130,650,655,1,2.760581786267985
8513,138,690,695,1,2.760581786267985
8716,143,715,720,1,2.760581786267985
8856,147,735,740,1,2.760581786267985
8964,150,750,755,1,2.760581786267985
9220,157,785,790,1,2.760581786267985
9253,158,790,795,1,2.760581786267985
9390,162,810,815,1,2.760581786267985
9926,178,890,895,1,2.760581786267985
10007,180,900,905,1,2.760581786267985
10080,182,910,915,1,2.760581786267985
10116,183,915,920,1,2.760581786267985
10378,191,955,960,1,2.760581786267985
10379,191,955,960,1,2.760581786267985
10497,194,970,975,1,2.760581786267985
10637,198,990,995,1,2.760581786267985
10675,199,995,1000,1,2.760581786267985
10715,200,1000,1005,1,2.760581786267985
11129,213,1065,1070,1,2.760581786267985
11357,220,1100,1105,1,2.760581786267985
11775,235,1175,1180,1,2.760581786267985
11797,236,1180,1185,1,2.760581786267985
12138,249,1245,1250,1,2.760581786267985
12210,252,1260,1265,1,2.760581786267985
12242,253,1265,1270,1,2.760581786267985
12758,277,1385,1390,1,2.760581786267985
13094,292,1460,1465,1,2.760581786267985
13465,313,1565,1570,1,2.760581786267985
526,3,15,20,1,2.7605817862632778
527,3,15,20,1,2.7605817862632778
771,4,20,25,1,2.7605817862632778
1226,6,30,35,1,2.7605817862632778
2207,13,65,70,1,2.7605817862632778
2208,13,65,70,1,2.7605817862632778
2865,20,100,105,1,2.7605817862632778
2948,21,105,110,1,2.7605817862632778
3038,22,110,115,1,2.7605817862632778
3123,23,115,120,1,2.7605817862632778
3647,30,150,155,1,2.7605817862632778
3922,34,170,175,1,2.7605817862632778
3981,35,175,180,1,2.7605817862632778
4046,36,180,185,1,2.7605817862632778
4563,45,225,230,1,2.7605817862632778
4616,46,230,235,1,2.7605817862632778
5379,60,300,305,1,2.7605817862632778
5780,68,340,345,1,2.7605817862632778
5912,71,355,360,1,2.7605817862632778
6239,78,390,395,1,2.7605817862632778
6393,82,410,415,1,2.7605817862632778
6394,82,410,415,1,2.7605817862632778
6924,96,480,485,1,2.7605817862632778
6925,96,480,485,1,2.7605817862632778
7172,103,515,520,1,2.7605817862632778
7263,105,525,530,1,2.7605817862632778
7381,108,540,545,1,2.7605817862632778
7439,110,550,555,1,2.7605817862632778
7506,112,560,565,1,2.7605817862632778
7659,116,580,585,1,2.7605817862632778
8135,129,645,650,1,2.7605817862632778
8334,134,670,675,1,2.7605817862632778
8422,136,680,685,1,2.7605817862632778
8562,139,695,700,1,2.7605817862632778
8783,145,725,730,1,2.7605817862632778
9003,151,755,760,1,2.7605817862632778
9078,153,765,770,1,2.7605817862632778
9288,159,795,800,1,2.7605817862632778
9391,162,810,815,1,2.7605817862632778
9522,166,830,835,1,2.7605817862632778
9823,175,875,880,1,2.7605817862632778
9862,176,880,885,1,2.7605817862632778
10081,182,910,915,1,2.7605817862632778
10151,184,920,925,1,2.7605817862632778
10341,190,950,955,1,2.7605817862632778
10786,202,1010,1015,1,2.7605817862632778
10787,202,1010,1015,1,2.7605817862632778
10957,207,1035,1040,1,2.7605817862632778
11130,213,1065,1070,1,2.7605817862632778
11131,213,1065,1070,1,2.7605817862632778
11163,214,1070,1075,1,2.7605817862632778
11700,232,1160,1165,1,2.7605817862632778
12032,245,1225,1230,1,2.7605817862632778
12759,277,1385,1390,1,2.7605817862632778
12826,280,1400,1405,1,2.7605817862632778
12915,283,1415,1420,1,2.7605817862632778
13481,314,1570,1575,1,2.7605817862632778
770,4,20,25,1,2.7599872846631404
998,5,25,30,1,2.7599872846631404
999,5,25,30,1,2.7599872846631404
2402,15,75,80,1,2.7599872846631404
2776,19,95,100,1,2.7599872846631404
2943,21,105,110,1,2.7599872846631404
2945,21,105,110,1,2.7599872846631404
3035,22,110,115,1,2.7599872846631404
3036,22,110,115,1,2.7599872846631404
3037,22,110,115,1,2.7599872846631404
3120,23,115,120,1,2.7599872846631404
3121,23,115,120,1,2.7599872846631404
3198,24,120,125,1,2.7599872846631404
3199,24,120,125,1,2.7599872846631404
3711,31,155,160,1,2.7599872846631404
3919,34,170,175,1,2.7599872846631404
3920,34,170,175,1,2.7599872846631404
3921,34,170,175,1,2.7599872846631404
4169,38,190,195,1,2.7599872846631404
4398,42,210,215,1,2.7599872846631404
4787,49,245,250,1,2.7599872846631404
5730,67,335,340,1,2.7599872846631404
6049,74,370,375,1,2.7599872846631404
6151,76,380,385,1,2.7599872846631404
6356,81,405,410,1,2.7599872846631404
6624,88,440,445,1,2.7599872846631404
6815,93,465,470,1,2.7599872846631404
7067,100,500,505,1,2.7599872846631404
7139,102,510,515,1,2.7599872846631404
7405,109,545,550,1,2.7599872846631404
7406,109,545,550,1,2.7599872846631404
7438,110,550,555,1,2.7599872846631404
7541,113,565,570,1,2.7599872846631404
7760,119,595,600,1,2.7599872846631404
7909,123,615,620,1,2.7599872846631404
7910,123,615,620,1,2.7599872846631404
8210,131,655,660,1,2.7599872846631404
8256,132,660,665,1,2.7599872846631404
8470,137,685,690,1,2.7599872846631404
8512,138,690,695,1,2.7599872846631404
8642,141,705,710,1,2.7599872846631404
8715,143,715,720,1,2.7599872846631404
8929,149,745,750,1,2.7599872846631404
8962,150,750,755,1,2.7599872846631404
9389,162,810,815,1,2.7599872846631404
9521,166,830,835,1,2.7599872846631404
9632,169,845,850,1,2.7599872846631404
9778,174,870,875,1,2.7599872846631404
9822,175,875,880,1,2.7599872846631404
9892,177,885,890,1,2.7599872846631404
9893,177,885,890,1,2.7599872846631404
10206,186,930,935,1,2.7599872846631404
10207,186,930,935,1,2.7599872846631404
10377,191,955,960,1,2.7599872846631404
10572,196,980,985,1,2.7599872846631404
10636,198,990,995,1,2.7599872846631404
10821,203,1015,1020,1,2.7599872846631404
11731,233,1165,1170,1,2.7599872846631404
12241,253,1265,1270,1,2.7599872846631404
12531,266,1330,1335,1,2.7599872846631404
12603,269,1345,1350,1,2.7599872846631404
12699,274,1370,1375,1,2.7599872846631404
12802,279,1395,1400,1,2.7599872846631404
13829,341,1705,1710,1,2.7599872846631404
13857,343,1715,1720,1,2.7599872846631404
769,4,20,25,1,2.759987284658434
1000,5,25,30,1,2.759987284658434
1225,6,30,35,1,2.759987284658434
2096,12,60,65,1,2.759987284658434
2491,16,80,85,1,2.759987284658434
2680,18,90,95,1,2.759987284658434
2682,18,90,95,1,2.759987284658434
2944,21,105,110,1,2.759987284658434
2946,21,105,110,1,2.759987284658434
3034,22,110,115,1,2.759987284658434
3197,24,120,125,1,2.759987284658434
3356,26,130,135,1,2.759987284658434
3574,29,145,150,1,2.759987284658434
3864,33,165,170,1,2.759987284658434
3980,35,175,180,1,2.759987284658434
4168,38,190,195,1,2.759987284658434
4232,39,195,200,1,2.759987284658434
4397,42,210,215,1,2.759987284658434
4786,49,245,250,1,2.759987284658434
5056,54,270,275,1,2.759987284658434
5685,66,330,335,1,2.759987284658434
5779,68,340,345,1,2.759987284658434
6150,76,380,385,1,2.759987284658434
6238,78,390,395,1,2.759987284658434
6282,79,395,400,1,2.759987284658434
6357,81,405,410,1,2.759987284658434
6658,89,445,450,1,2.759987284658434
6659,89,445,450,1,2.759987284658434
7629,115,575,580,1,2.759987284658434
7933,124,620,625,1,2.759987284658434
8015,126,630,635,1,2.759987284658434
8016,126,630,635,1,2.759987284658434
8302,133,665,670,1,2.759987284658434
8333,134,670,675,1,2.759987284658434
8678,142,710,715,1,2.759987284658434
8930,149,745,750,1,2.759987284658434
8963,150,750,755,1,2.759987284658434
9114,154,770,775,1,2.759987284658434
9155,155,775,780,1,2.759987284658434
9388,162,810,815,1,2.759987284658434
9489,165,825,830,1,2.759987284658434
9520,166,830,835,1,2.759987284658434
9714,172,860,865,1,2.759987284658434
10046,181,905,910,1,2.759987284658434
10115,183,915,920,1,2.759987284658434
10177,185,925,930,1,2.759987284658434
10241,187,935,940,1,2.759987284658434
10415,192,960,965,1,2.759987284658434
10606,197,985,990,1,2.759987284658434
10785,202,1010,1015,1,2.759987284658434
11796,236,1180,1185,1,2.759987284658434
12006,244,1220,1225,1,2.759987284658434
12188,251,1255,1260,1,2.759987284658434
12331,257,1285,1290,1,2.759987284658434
12657,272,1360,1365,1,2.759987284658434
13324,305,1525,1530,1,2.759987284658434
13388,308,1540,1545,1,2.759987284658434
14104,367,1835,1840,1,2.759987284658434
127,1,5,10,1,2.759392549520012
768,4,20,25,1,2.759392549520012
1224,6,30,35,1,2.759392549520012
1585,8,40,45,1,2.759392549520012
1727,9,45,50,1,2.759392549520012
1853,10,50,55,1,2.759392549520012
2206,13,65,70,1,2.759392549520012
2490,16,80,85,1,2.759392549520012
2862,20,100,105,1,2.759392549520012
2939,21,105,110,1,2.759392549520012
2942,21,105,110,1,2.759392549520012
3033,22,110,115,1,2.759392549520012
3116,23,115,120,1,2.759392549520012
3274,25,125,130,1,2.759392549520012
3275,25,125,130,1,2.759392549520012
3276,25,125,130,1,2.759392549520012
3277,25,125,130,1,2.759392549520012
3440,27,135,140,1,2.759392549520012
3511,28,140,145,1,2.759392549520012
3573,29,145,150,1,2.759392549520012
4231,39,195,200,1,2.759392549520012
4287,40,200,205,1,2.759392549520012
5055,54,270,275,1,2.759392549520012
5324,59,295,300,1,2.759392549520012
5641,65,325,330,1,2.759392549520012
5684,66,330,335,1,2.759392549520012
5728,67,335,340,1,2.759392549520012
5729,67,335,340,1,2.759392549520012
6010,73,365,370,1,2.759392549520012
6697,90,450,455,1,2.759392549520012
6698,90,450,455,1,2.759392549520012
6738,91,455,460,1,2.759392549520012
6813,93,465,470,1,2.759392549520012
6880,95,475,480,1,2.759392549520012
7031,99,495,500,1,2.759392549520012
7208,104,520,525,1,2.759392549520012
7210,104,520,525,1,2.759392549520012
7475,111,555,560,1,2.759392549520012
7692,117,585,590,1,2.759392549520012
7727,118,590,595,1,2.759392549520012
7799,120,600,605,1,2.759392549520012
8177,130,650,655,1,2.759392549520012
8301,133,665,670,1,2.759392549520012
8371,135,675,680,1,2.759392549520012
8560,139,695,700,1,2.759392549520012
8561,139,695,700,1,2.759392549520012
8677,142,710,715,1,2.759392549520012
8782,145,725,730,1,2.759392549520012
9001,151,755,760,1,2.759392549520012
9002,151,755,760,1,2.759392549520012
9219,157,785,790,1,2.759392549520012
9387,162,810,815,1,2.759392549520012
9458,164,820,825,1,2.759392549520012
9631,169,845,850,1,2.759392549520012
9660,170,850,855,1,2.759392549520012
10006,180,900,905,1,2.759392549520012
10266,188,940,945,1,2.759392549520012
10605,197,985,990,1,2.759392549520012
10986,208,1040,1045,1,2.759392549520012
11575,228,1140,1145,1,2.759392549520012
11665,231,1155,1160,1,2.759392549520012
11827,237,1185,1190,1,2.759392549520012
12160,250,1250,1255,1,2.759392549520012
12602,269,1345,1350,1,2.759392549520012
12914,283,1415,1420,1,2.759392549520012
13069,291,1455,1460,1,2.759392549520012
13150,295,1475,1480,1,2.759392549520012
14246,387,1935,1940,1,2.759392549520012
997,5,25,30,1,2.759392549515306
1423,7,35,40,1,2.759392549515306
1584,8,40,45,1,2.759392549515306
1586,8,40,45,1,2.759392549515306
2401,15,75,80,1,2.759392549515306
2938,21,105,110,1,2.759392549515306
2940,21,105,110,1,2.759392549515306
3032,22,110,115,1,2.759392549515306
3119,23,115,120,1,2.759392549515306
3194,24,120,125,1,2.759392549515306
3196,24,120,125,1,2.759392549515306
3355,26,130,135,1,2.759392549515306
3441,27,135,140,1,2.759392549515306
3646,30,150,155,1,2.759392549515306
4045,36,180,185,1,2.759392549515306
4449,43,215,220,1,2.759392549515306
4615,46,230,235,1,2.759392549515306
4842,50,250,255,1,2.759392549515306
5378,60,300,305,1,2.759392549515306
5683,66,330,335,1,2.759392549515306
5778,68,340,345,1,2.759392549515306
6392,82,410,415,1,2.759392549515306
6545,86,430,435,1,2.759392549515306
6623,88,440,445,1,2.759392549515306
6739,91,455,460,1,2.759392549515306
6814,93,465,470,1,2.759392549515306
6996,98,490,495,1,2.759392549515306
7171,103,515,520,1,2.759392549515306
7209,104,520,525,1,2.759392549515306
7262,105,525,530,1,2.759392549515306
7344,107,535,540,1,2.759392549515306
7505,112,560,565,1,2.759392549515306
7759,119,595,600,1,2.759392549515306
7833,121,605,610,1,2.759392549515306
8014,126,630,635,1,2.759392549515306
8051,127,635,640,1,2.759392549515306
8255,132,660,665,1,2.759392549515306
8300,133,665,670,1,2.759392549515306
8603,140,700,705,1,2.759392549515306
8828,146,730,735,1,2.759392549515306
8928,149,745,750,1,2.759392549515306
9077,153,765,770,1,2.759392549515306
9422,163,815,820,1,2.759392549515306
9600,168,840,845,1,2.759392549515306
9601,168,840,845,1,2.759392549515306
9689,171,855,860,1,2.759392549515306
10045,181,905,910,1,2.759392549515306
10571,196,980,985,1,2.759392549515306
10745,201,1005,1010,1,2.759392549515306
11927,240,1200,1205,1,2.759392549515306
12240,253,1265,1270,1,2.759392549515306
12286,255,1275,1280,1,2.759392549515306
12427,261,1305,1310,1,2.759392549515306
12675,273,1365,1370,1,2.759392549515306
12783,278,1390,1395,1,2.759392549515306
13710,331,1655,1660,1,2.759392549515306
13720,332,1660,1665,1,2.759392549515306
14377,417,2085,2090,1,2.759392549515306
767,4,20,25,1,2.7587975808910326
995,5,25,30,1,2.7587975808910326
996,5,25,30,1,2.7587975808910326
1421,7,35,40,1,2.7587975808910326
1851,10,50,55,1,2.7587975808910326
1975,11,55,60,1,2.7587975808910326
1976,11,55,60,1,2.7587975808910326
2094,12,60,65,1,2.7587975808910326
2204,13,65,70,1,2.7587975808910326
2205,13,65,70,1,2.7587975808910326
2400,15,75,80,1,2.7587975808910326
2593,17,85,90,1,2.7587975808910326
3029,22,110,115,1,2.7587975808910326
3112,23,115,120,1,2.7587975808910326
3437,27,135,140,1,2.7587975808910326
3438,27,135,140,1,2.7587975808910326
3439,27,135,140,1,2.7587975808910326
3509,28,140,145,1,2.7587975808910326
3510,28,140,145,1,2.7587975808910326
3570,29,145,150,1,2.7587975808910326
3572,29,145,150,1,2.7587975808910326
3782,32,160,165,1,2.7587975808910326
3863,33,165,170,1,2.7587975808910326
4674,47,235,240,1,2.7587975808910326
4958,52,260,265,1,2.7587975808910326
5166,56,280,285,1,2.7587975808910326
5167,56,280,285,1,2.7587975808910326
5214,57,285,290,1,2.7587975808910326
5823,69,345,350,1,2.7587975808910326
5872,70,350,355,1,2.7587975808910326
5874,70,350,355,1,2.7587975808910326
6048,74,370,375,1,2.7587975808910326
6149,76,380,385,1,2.7587975808910326
6321,80,400,405,1,2.7587975808910326
6353,81,405,410,1,2.7587975808910326
6622,88,440,445,1,2.7587975808910326
6657,89,445,450,1,2.7587975808910326
7066,100,500,505,1,2.7587975808910326
7100,101,505,510,1,2.7587975808910326
7207,104,520,525,1,2.7587975808910326
7260,105,525,530,1,2.7587975808910326
7300,106,530,535,1,2.7587975808910326
7657,116,580,585,1,2.7587975808910326
7758,119,595,600,1,2.7587975808910326
7832,121,605,610,1,2.7587975808910326
7971,125,625,630,1,2.7587975808910326
8050,127,635,640,1,2.7587975808910326
8253,132,660,665,1,2.7587975808910326
8254,132,660,665,1,2.7587975808910326
8332,134,670,675,1,2.7587975808910326
8420,136,680,685,1,2.7587975808910326
8602,140,700,705,1,2.7587975808910326
8641,141,705,710,1,2.7587975808910326
8892,148,740,745,1,2.7587975808910326
8927,149,745,750,1,2.7587975808910326
8961,150,750,755,1,2.7587975808910326
9218,157,785,790,1,2.7587975808910326
9821,175,875,880,1,2.7587975808910326
9860,176,880,885,1,2.7587975808910326
9861,176,880,885,1,2.7587975808910326
10005,180,900,905,1,2.7587975808910326
10114,183,915,920,1,2.7587975808910326
10376,191,955,960,1,2.7587975808910326
10635,198,990,995,1,2.7587975808910326
11162,214,1070,1075,1,2.7587975808910326
11289,218,1090,1095,1,2.7587975808910326
11414,222,1110,1115,1,2.7587975808910326
11574,228,1140,1145,1,2.7587975808910326
11890,239,1195,1200,1,2.7587975808910326
12698,274,1370,1375,1,2.7587975808910326
12743,276,1380,1385,1,2.7587975808910326
13068,291,1455,1460,1,2.7587975808910326
13426,310,1550,1555,1,2.7587975808910326
14258,390,1950,1955,1,2.7587975808910326
1581,8,40,45,1,2.7587975808863283
1582,8,40,45,1,2.7587975808863283
1583,8,40,45,1,2.7587975808863283
1725,9,45,50,1,2.7587975808863283
1852,10,50,55,1,2.7587975808863283
2095,12,60,65,1,2.7587975808863283
2296,14,70,75,1,2.7587975808863283
2489,16,80,85,1,2.7587975808863283
2679,18,90,95,1,2.7587975808863283
3030,22,110,115,1,2.7587975808863283
3113,23,115,120,1,2.7587975808863283
3114,23,115,120,1,2.7587975808863283
3272,25,125,130,1,2.7587975808863283
3273,25,125,130,1,2.7587975808863283
3354,26,130,135,1,2.7587975808863283
3571,29,145,150,1,2.7587975808863283
3645,30,150,155,1,2.7587975808863283
3918,34,170,175,1,2.7587975808863283
4286,40,200,205,1,2.7587975808863283
4785,49,245,250,1,2.7587975808863283
4903,51,255,260,1,2.7587975808863283
5486,62,310,315,1,2.7587975808863283
5873,70,350,355,1,2.7587975808863283
6009,73,365,370,1,2.7587975808863283
6047,74,370,375,1,2.7587975808863283
6237,78,390,395,1,2.7587975808863283
6354,81,405,410,1,2.7587975808863283
6355,81,405,410,1,2.7587975808863283
6506,85,425,430,1,2.7587975808863283
6544,86,430,435,1,2.7587975808863283
6812,93,465,470,1,2.7587975808863283
6846,94,470,475,1,2.7587975808863283
6879,95,475,480,1,2.7587975808863283
7099,101,505,510,1,2.7587975808863283
7138,102,510,515,1,2.7587975808863283
7170,103,515,520,1,2.7587975808863283
7261,105,525,530,1,2.7587975808863283
7380,108,540,545,1,2.7587975808863283
7831,121,605,610,1,2.7587975808863283
7867,122,610,615,1,2.7587975808863283
8013,126,630,635,1,2.7587975808863283
8330,134,670,675,1,2.7587975808863283
8331,134,670,675,1,2.7587975808863283
8855,147,735,740,1,2.7587975808863283
9152,155,775,780,1,2.7587975808863283
9153,155,775,780,1,2.7587975808863283
9329,160,800,805,1,2.7587975808863283
9330,160,800,805,1,2.7587975808863283
9421,163,815,820,1,2.7587975808863283
9925,178,890,895,1,2.7587975808863283
9967,179,895,900,1,2.7587975808863283
10176,185,925,930,1,2.7587975808863283
10205,186,930,935,1,2.7587975808863283
10240,187,935,940,1,2.7587975808863283
10414,192,960,965,1,2.7587975808863283
11192,215,1075,1080,1,2.7587975808863283
11530,226,1130,1135,1,2.7587975808863283
11926,240,1200,1205,1,2.7587975808863283
12399,260,1300,1305,1,2.7587975808863283
12447,262,1310,1315,1,2.7587975808863283
12697,274,1370,1375,1,2.7587975808863283
13427,310,1550,1555,1,2.7587975808863283
13659,327,1635,1640,1,2.7587975808863283
13969,352,1760,1765,1,2.7587975808863283
14040,359,1795,1800,1,2.7587975808863283
1420,7,35,40,1,2.758202378819461
1580,8,40,45,1,2.758202378819461
1723,9,45,50,1,2.758202378819461
1724,9,45,50,1,2.758202378819461
2203,13,65,70,1,2.758202378819461
2294,14,70,75,1,2.758202378819461
2488,16,80,85,1,2.758202378819461
2591,17,85,90,1,2.758202378819461
2936,21,105,110,1,2.758202378819461
3026,22,110,115,1,2.758202378819461
3190,24,120,125,1,2.758202378819461
3191,24,120,125,1,2.758202378819461
3508,28,140,145,1,2.758202378819461
3569,29,145,150,1,2.758202378819461
3710,31,155,160,1,2.758202378819461
3780,32,160,165,1,2.758202378819461
3781,32,160,165,1,2.758202378819461
4043,36,180,185,1,2.758202378819461
4044,36,180,185,1,2.758202378819461
4167,38,190,195,1,2.758202378819461
5053,54,270,275,1,2.758202378819461
5323,59,295,300,1,2.758202378819461
5485,62,310,315,1,2.758202378819461
5871,70,350,355,1,2.758202378819461
6092,75,375,380,1,2.758202378819461
6093,75,375,380,1,2.758202378819461
6352,81,405,410,1,2.758202378819461
6391,82,410,415,1,2.758202378819461
6696,90,450,455,1,2.758202378819461
7064,100,500,505,1,2.758202378819461
7299,106,530,535,1,2.758202378819461
7342,107,535,540,1,2.758202378819461
7404,109,545,550,1,2.758202378819461
7473,111,555,560,1,2.758202378819461
7656,116,580,585,1,2.758202378819461
7866,122,610,615,1,2.758202378819461
8092,128,640,645,1,2.758202378819461
8209,131,655,660,1,2.758202378819461
8299,133,665,670,1,2.758202378819461
8328,134,670,675,1,2.758202378819461
8469,137,685,690,1,2.758202378819461
8511,138,690,695,1,2.758202378819461
8826,146,730,735,1,2.758202378819461
8827,146,730,735,1,2.758202378819461
9151,155,775,780,1,2.758202378819461
9186,156,780,785,1,2.758202378819461
9251,158,790,795,1,2.758202378819461
9252,158,790,795,1,2.758202378819461
9328,160,800,805,1,2.758202378819461
9356,161,805,810,1,2.758202378819461
9386,162,810,815,1,2.758202378819461
9599,168,840,845,1,2.758202378819461
9750,173,865,870,1,2.758202378819461
9891,177,885,890,1,2.758202378819461
10044,181,905,910,1,2.758202378819461
10265,188,940,945,1,2.758202378819461
10298,189,945,950,1,2.758202378819461
10458,193,965,970,1,2.758202378819461
10459,193,965,970,1,2.758202378819461
10820,203,1015,1020,1,2.758202378819461
11128,213,1065,1070,1,2.758202378819461
11475,224,1120,1125,1,2.758202378819461
11529,226,1130,1135,1,2.758202378819461
11855,238,1190,1195,1,2.758202378819461
11979,243,1215,1220,1,2.758202378819461
12005,244,1220,1225,1,2.758202378819461
12030,245,1225,1230,1,2.758202378819461
12137,249,1245,1250,1,2.758202378819461
13135,294,1470,1475,1,2.758202378819461
13523,317,1585,1590,1,2.758202378819461
14138,371,1855,1860,1,2.758202378819461
126,1,5,10,1,2.7582023788147576
1223,6,30,35,1,2.7582023788147576
2487,16,80,85,1,2.7582023788147576
2592,17,85,90,1,2.7582023788147576
2773,19,95,100,1,2.7582023788147576
2857,20,100,105,1,2.7582023788147576
2858,20,100,105,1,2.7582023788147576
3027,22,110,115,1,2.7582023788147576
3111,23,115,120,1,2.7582023788147576
3189,24,120,125,1,2.7582023788147576
3270,25,125,130,1,2.7582023788147576
3271,25,125,130,1,2.7582023788147576
3353,26,130,135,1,2.7582023788147576
3436,27,135,140,1,2.7582023788147576
3861,33,165,170,1,2.7582023788147576
3862,33,165,170,1,2.7582023788147576
3979,35,175,180,1,2.7582023788147576
4285,40,200,205,1,2.7582023788147576
5054,54,270,275,1,2.7582023788147576
5213,57,285,290,1,2.7582023788147576
6046,74,370,375,1,2.7582023788147576
6148,76,380,385,1,2.7582023788147576
6196,77,385,390,1,2.7582023788147576
7065,100,500,505,1,2.7582023788147576
7097,101,505,510,1,2.7582023788147576
7098,101,505,510,1,2.7582023788147576
7206,104,520,525,1,2.7582023788147576
7474,111,555,560,1,2.7582023788147576
7581,114,570,575,1,2.7582023788147576
7908,123,615,620,1,2.7582023788147576
8132,129,645,650,1,2.7582023788147576
8133,129,645,650,1,2.7582023788147576
8208,131,655,660,1,2.7582023788147576
8251,132,660,665,1,2.7582023788147576
8252,132,660,665,1,2.7582023788147576
8298,133,665,670,1,2.7582023788147576
8329,134,670,675,1,2.7582023788147576
8601,140,700,705,1,2.7582023788147576
8999,151,755,760,1,2.7582023788147576
9000,151,755,760,1,2.7582023788147576
9041,152,760,765,1,2.7582023788147576
9488,165,825,830,1,2.7582023788147576
9924,178,890,895,1,2.7582023788147576
10113,183,915,920,1,2.7582023788147576
10239,187,935,940,1,2.7582023788147576
10264,188,940,945,1,2.7582023788147576
10340,190,950,955,1,2.7582023788147576
10375,191,955,960,1,2.7582023788147576
10674,199,995,1000,1,2.7582023788147576
10887,205,1025,1030,1,2.7582023788147576
10888,205,1025,1030,1,2.7582023788147576
11108,212,1060,1065,1,2.7582023788147576
11191,215,1075,1080,1,2.7582023788147576
11288,218,1090,1095,1,2.7582023788147576
12310,256,1280,1285,1,2.7582023788147576
12398,260,1300,1305,1,2.7582023788147576
12674,273,1365,1370,1,2.7582023788147576
12725,275,1375,1380,1,2.7582023788147576
12757,277,1385,1390,1,2.7582023788147576
13425,310,1550,1555,1,2.7582023788147576
13895,346,1730,1735,1,2.7582023788147576
2202,13,65,70,1,2.7576069433616635
2293,14,70,75,1,2.7576069433616635
2399,15,75,80,1,2.7576069433616635
2483,16,80,85,1,2.7576069433616635
2484,16,80,85,1,2.7576069433616635
2589,17,85,90,1,2.7576069433616635
3024,22,110,115,1,2.7576069433616635
3025,22,110,115,1,2.7576069433616635
3185,24,120,125,1,2.7576069433616635
3187,24,120,125,1,2.7576069433616635
3431,27,135,140,1,2.7576069433616635
3432,27,135,140,1,2.7576069433616635
3433,27,135,140,1,2.7576069433616635
3434,27,135,140,1,2.7576069433616635
3435,27,135,140,1,2.7576069433616635
3504,28,140,145,1,2.7576069433616635
3506,28,140,145,1,2.7576069433616635
3642,30,150,155,1,2.7576069433616635
3709,31,155,160,1,2.7576069433616635
3779,32,160,165,1,2.7576069433616635
3916,34,170,175,1,2.7576069433616635
3978,35,175,180,1,2.7576069433616635
4725,48,240,245,1,2.7576069433616635
4902,51,255,260,1,2.7576069433616635
5273,58,290,295,1,2.7576069433616635
5640,65,325,330,1,2.7576069433616635
5777,68,340,345,1,2.7576069433616635
5870,70,350,355,1,2.7576069433616635
5959,72,360,365,1,2.7576069433616635
6351,81,405,410,1,2.7576069433616635
6656,89,445,450,1,2.7576069433616635
6780,92,460,465,1,2.7576069433616635
6878,95,475,480,1,2.7576069433616635
6923,96,480,485,1,2.7576069433616635
7030,99,495,500,1,2.7576069433616635
7205,104,520,525,1,2.7576069433616635
7298,106,530,535,1,2.7576069433616635
7757,119,595,600,1,2.7576069433616635
7907,123,615,620,1,2.7576069433616635
8012,126,630,635,1,2.7576069433616635
8176,130,650,655,1,2.7576069433616635
8250,132,660,665,1,2.7576069433616635
8676,142,710,715,1,2.7576069433616635
8998,151,755,760,1,2.7576069433616635
9076,153,765,770,1,2.7576069433616635
9113,154,770,775,1,2.7576069433616635
9420,163,815,820,1,2.7576069433616635
9519,166,830,835,1,2.7576069433616635
9819,175,875,880,1,2.7576069433616635
9858,176,880,885,1,2.7576069433616635
9859,176,880,885,1,2.7576069433616635
9923,178,890,895,1,2.7576069433616635
9966,179,895,900,1,2.7576069433616635
10043,181,905,910,1,2.7576069433616635
10149,184,920,925,1,2.7576069433616635
10150,184,920,925,1,2.7576069433616635
10297,189,945,950,1,2.7576069433616635
10339,190,950,955,1,2.7576069433616635
10742,201,1005,1010,1,2.7576069433616635
10743,201,1005,1010,1,2.7576069433616635
10819,203,1015,1020,1,2.7576069433616635
10920,206,1030,1035,1,2.7576069433616635
10921,206,1030,1035,1,2.7576069433616635
11020,209,1045,1050,1,2.7576069433616635
11077,211,1055,1060,1,2.7576069433616635
11287,218,1090,1095,1,2.7576069433616635
11474,224,1120,1125,1,2.7576069433616635
11606,229,1145,1150,1,2.7576069433616635
11607,229,1145,1150,1,2.7576069433616635
11664,231,1155,1160,1,2.7576069433616635
12673,273,1365,1370,1,2.7576069433616635
12882,282,1410,1415,1,2.7576069433616635
12913,283,1415,1420,1,2.7576069433616635
13228,299,1495,1500,1,2.7576069433616635
13909,347,1735,1740,1,2.7576069433616635
994,5,25,30,1,2.757606943356961
2856,20,100,105,1,2.757606943356961
2935,21,105,110,1,2.757606943356961
3186,24,120,125,1,2.757606943356961
3268,25,125,130,1,2.757606943356961
3269,25,125,130,1,2.757606943356961
3350,26,130,135,1,2.757606943356961
3643,30,150,155,1,2.757606943356961
3644,30,150,155,1,2.757606943356961
3707,31,155,160,1,2.757606943356961
3917,34,170,175,1,2.757606943356961
4102,37,185,190,1,2.757606943356961
4230,39,195,200,1,2.757606943356961
4503,44,220,225,1,2.757606943356961
4562,45,225,230,1,2.757606943356961
4841,50,250,255,1,2.757606943356961
5531,63,315,320,1,2.757606943356961
6195,77,385,390,1,2.757606943356961
6431,83,415,420,1,2.757606943356961
6467,84,420,425,1,2.757606943356961
6585,87,435,440,1,2.757606943356961
6811,93,465,470,1,2.757606943356961
7341,107,535,540,1,2.757606943356961
7379,108,540,545,1,2.757606943356961
7798,120,600,605,1,2.757606943356961
8049,127,635,640,1,2.757606943356961
8131,129,645,650,1,2.757606943356961
8175,130,650,655,1,2.757606943356961
8419,136,680,685,1,2.757606943356961
8510,138,690,695,1,2.757606943356961
8600,140,700,705,1,2.757606943356961
8781,145,725,730,1,2.757606943356961
9075,153,765,770,1,2.757606943356961
9150,155,775,780,1,2.757606943356961
9327,160,800,805,1,2.757606943356961
9385,162,810,815,1,2.757606943356961
9598,168,840,845,1,2.757606943356961
9688,171,855,860,1,2.757606943356961
9820,175,875,880,1,2.757606943356961
9890,177,885,890,1,2.757606943356961
9965,179,895,900,1,2.757606943356961
10413,192,960,965,1,2.757606943356961
10603,197,985,990,1,2.757606943356961
10604,197,985,990,1,2.757606943356961
10634,198,990,995,1,2.757606943356961
10886,205,1025,1030,1,2.757606943356961
10919,206,1030,1035,1,2.757606943356961
11050,210,1050,1055,1,2.757606943356961
11107,212,1060,1065,1,2.757606943356961
11127,213,1065,1070,1,2.757606943356961
11160,214,1070,1075,1,2.757606943356961
11161,214,1070,1075,1,2.757606943356961
11254,217,1085,1090,1,2.757606943356961
12369,259,1295,1300,1,2.757606943356961
12426,261,1305,1310,1,2.757606943356961
12881,282,1410,1415,1,2.757606943356961
13306,304,1520,1525,1,2.757606943356961
13943,350,1750,1755,1,2.757606943356961
304,2,10,15,1,2.7570112745661413
2201,13,65,70,1,2.7570112745661413
2588,17,85,90,1,2.7570112745661413
2770,19,95,100,1,2.7570112745661413
2772,19,95,100,1,2.7570112745661413
2854,20,100,105,1,2.7570112745661413
3109,23,115,120,1,2.7570112745661413
3183,24,120,125,1,2.7570112745661413
3184,24,120,125,1,2.7570112745661413
3344,26,130,135,1,2.7570112745661413
3501,28,140,145,1,2.7570112745661413
3503,28,140,145,1,2.7570112745661413
3566,29,145,150,1,2.7570112745661413
3859,33,165,170,1,2.7570112745661413
3860,33,165,170,1,2.7570112745661413
3977,35,175,180,1,2.7570112745661413
4229,39,195,200,1,2.7570112745661413
4284,40,200,205,1,2.7570112745661413
4345,41,205,210,1,2.7570112745661413
4346,41,205,210,1,2.7570112745661413
4395,42,210,215,1,2.7570112745661413
4840,50,250,255,1,2.7570112745661413
5212,57,285,290,1,2.7570112745661413
5958,72,360,365,1,2.7570112745661413
6008,73,365,370,1,2.7570112745661413
6045,74,370,375,1,2.7570112745661413
6236,78,390,395,1,2.7570112745661413
6620,88,440,445,1,2.7570112745661413
6655,89,445,450,1,2.7570112745661413
6737,91,455,460,1,2.7570112745661413
6845,94,470,475,1,2.7570112745661413
6920,96,480,485,1,2.7570112745661413
6921,96,480,485,1,2.7570112745661413
7095,101,505,510,1,2.7570112745661413
7259,105,525,530,1,2.7570112745661413
7297,106,530,535,1,2.7570112745661413
7436,110,550,555,1,2.7570112745661413
7756,119,595,600,1,2.7570112745661413
7865,122,610,615,1,2.7570112745661413
8468,137,685,690,1,2.7570112745661413
8599,140,700,705,1,2.7570112745661413
8675,142,710,715,1,2.7570112745661413
8714,143,715,720,1,2.7570112745661413
8825,146,730,735,1,2.7570112745661413
9112,154,770,775,1,2.7570112745661413
9148,155,775,780,1,2.7570112745661413
9149,155,775,780,1,2.7570112745661413
9326,160,800,805,1,2.7570112745661413
9658,170,850,855,1,2.7570112745661413
9659,170,850,855,1,2.7570112745661413
9748,173,865,870,1,2.7570112745661413
9749,173,865,870,1,2.7570112745661413
9889,177,885,890,1,2.7570112745661413
9921,178,890,895,1,2.7570112745661413
9922,178,890,895,1,2.7570112745661413
10204,186,930,935,1,2.7570112745661413
10238,187,935,940,1,2.7570112745661413
10885,205,1025,1030,1,2.7570112745661413
10953,207,1035,1040,1,2.7570112745661413
11049,210,1050,1055,1,2.7570112745661413
11159,214,1070,1075,1,2.7570112745661413
11554,227,1135,1140,1,2.7570112745661413
12004,244,1220,1225,1,2.7570112745661413
12058,246,1230,1235,1,2.7570112745661413
12627,270,1350,1355,1,2.7570112745661413
12742,276,1380,1385,1,2.7570112745661413
13817,340,1700,1705,1,2.7570112745661413
13818,340,1700,1705,1,2.7570112745661413
13856,343,1715,1720,1,2.7570112745661413
13888,345,1725,1730,1,2.7570112745661413
2093,12,60,65,1,2.75701127456144
2771,19,95,100,1,2.75701127456144
2855,20,100,105,1,2.75701127456144
3345,26,130,135,1,2.75701127456144
3346,26,130,135,1,2.75701127456144
3347,26,130,135,1,2.75701127456144
3348,26,130,135,1,2.75701127456144
3429,27,135,140,1,2.75701127456144
3430,27,135,140,1,2.75701127456144
3567,29,145,150,1,2.75701127456144
3858,33,165,170,1,2.75701127456144
4396,42,210,215,1,2.75701127456144
4499,44,220,225,1,2.75701127456144
4500,44,220,225,1,2.75701127456144
4501,44,220,225,1,2.75701127456144
4502,44,220,225,1,2.75701127456144
4561,45,225,230,1,2.75701127456144
4957,52,260,265,1,2.75701127456144
5639,65,325,330,1,2.75701127456144
5909,71,355,360,1,2.75701127456144
6350,81,405,410,1,2.75701127456144
6430,83,415,420,1,2.75701127456144
6621,88,440,445,1,2.75701127456144
6810,93,465,470,1,2.75701127456144
6843,94,470,475,1,2.75701127456144
6844,94,470,475,1,2.75701127456144
6922,96,480,485,1,2.75701127456144
7029,99,495,500,1,2.75701127456144
7096,101,505,510,1,2.75701127456144
7204,104,520,525,1,2.75701127456144
7378,108,540,545,1,2.75701127456144
7437,110,550,555,1,2.75701127456144
7472,111,555,560,1,2.75701127456144
7580,114,570,575,1,2.75701127456144
7905,123,615,620,1,2.75701127456144
7906,123,615,620,1,2.75701127456144
8327,134,670,675,1,2.75701127456144
8509,138,690,695,1,2.75701127456144
8640,141,705,710,1,2.75701127456144
8997,151,755,760,1,2.75701127456144
9185,156,780,785,1,2.75701127456144
9517,166,830,835,1,2.75701127456144
9518,166,830,835,1,2.75701127456144
9713,172,860,865,1,2.75701127456144
10079,182,910,915,1,2.75701127456144
10536,195,975,980,1,2.75701127456144
10602,197,985,990,1,2.75701127456144
10784,202,1010,1015,1,2.75701127456144
10954,207,1035,1040,1,2.75701127456144
10955,207,1035,1040,1,2.75701127456144
10956,207,1035,1040,1,2.75701127456144
11224,216,1080,1085,1,2.75701127456144
11699,232,1160,1165,1,2.75701127456144
11826,237,1185,1190,1,2.75701127456144
11925,240,1200,1205,1,2.75701127456144
12397,260,1300,1305,1,2.75701127456144
13118,293,1465,1470,1,2.75701127456144
13305,304,1520,1525,1,2.75701127456144
14094,366,1830,1835,1,2.75701127456144
14134,370,1850,1855,1,2.75701127456144
766,4,20,25,1,2.756415372485329
2587,17,85,90,1,2.756415372485329
3022,22,110,115,1,2.756415372485329
3425,27,135,140,1,2.756415372485329
3427,27,135,140,1,2.756415372485329
3500,28,140,145,1,2.756415372485329
3562,29,145,150,1,2.756415372485329
3565,29,145,150,1,2.756415372485329
3640,30,150,155,1,2.756415372485329
3705,31,155,160,1,2.756415372485329
3706,31,155,160,1,2.756415372485329
4101,37,185,190,1,2.756415372485329
4283,40,200,205,1,2.756415372485329
4448,43,215,220,1,2.756415372485329
4559,45,225,230,1,2.756415372485329
4673,47,235,240,1,2.756415372485329
4900,51,255,260,1,2.756415372485329
4955,52,260,265,1,2.756415372485329
4956,52,260,265,1,2.756415372485329
5774,68,340,345,1,2.756415372485329
5775,68,340,345,1,2.756415372485329
6044,74,370,375,1,2.756415372485329
6194,77,385,390,1,2.756415372485329
6281,79,395,400,1,2.756415372485329
6465,84,420,425,1,2.756415372485329
6842,94,470,475,1,2.756415372485329
7063,100,500,505,1,2.756415372485329
7094,101,505,510,1,2.756415372485329
7203,104,520,525,1,2.756415372485329
7294,106,530,535,1,2.756415372485329
7538,113,565,570,1,2.756415372485329
7539,113,565,570,1,2.756415372485329
7577,114,570,575,1,2.756415372485329
7579,114,570,575,1,2.756415372485329
7830,121,605,610,1,2.756415372485329
8048,127,635,640,1,2.756415372485329
8088,128,640,645,1,2.756415372485329
8089,128,640,645,1,2.756415372485329
8174,130,650,655,1,2.756415372485329
8249,132,660,665,1,2.756415372485329
8467,137,685,690,1,2.756415372485329
8559,139,695,700,1,2.756415372485329
8598,140,700,705,1,2.756415372485329
8674,142,710,715,1,2.756415372485329
8996,151,755,760,1,2.756415372485329
9040,152,760,765,1,2.756415372485329
9687,171,855,860,1,2.756415372485329
10003,180,900,905,1,2.756415372485329
10004,180,900,905,1,2.756415372485329
10148,184,920,925,1,2.756415372485329
10496,194,970,975,1,2.756415372485329
10714,200,1000,1005,1,2.756415372485329
10918,206,1030,1035,1,2.756415372485329
11473,224,1120,1125,1,2.756415372485329
11528,226,1130,1135,1,2.756415372485329
11696,232,1160,1165,1,2.756415372485329
11854,238,1190,1195,1,2.756415372485329
12029,245,1225,1230,1,2.756415372485329
12285,255,1275,1280,1,2.756415372485329
12396,260,1300,1305,1,2.756415372485329
12510,265,1325,1330,1,2.756415372485329
12934,284,1420,1425,1,2.756415372485329
13215,298,1490,1495,1,2.756415372485329
13464,313,1565,1570,1,2.756415372485329
13522,317,1585,1590,1,2.756415372485329
13989,354,1770,1775,1,2.756415372485329
14252,388,1940,1945,1,2.756415372485329
6,0,0,5,1,2.7564153724806286
2092,12,60,65,1,2.7564153724806286
2934,21,105,110,1,2.7564153724806286
3021,22,110,115,1,2.7564153724806286
3023,22,110,115,1,2.7564153724806286
3108,23,115,120,1,2.7564153724806286
3343,26,130,135,1,2.7564153724806286
3499,28,140,145,1,2.7564153724806286
3563,29,145,150,1,2.7564153724806286
3564,29,145,150,1,2.7564153724806286
3641,30,150,155,1,2.7564153724806286
4042,36,180,185,1,2.7564153724806286
4165,38,190,195,1,2.7564153724806286
4166,38,190,195,1,2.7564153724806286
4344,41,205,210,1,2.7564153724806286
4560,45,225,230,1,2.7564153724806286
4839,50,250,255,1,2.7564153724806286
5484,62,310,315,1,2.7564153724806286
5908,71,355,360,1,2.7564153724806286
6006,73,365,370,1,2.7564153724806286
6007,73,365,370,1,2.7564153724806286
6043,74,370,375,1,2.7564153724806286
6320,80,400,405,1,2.7564153724806286
6584,87,435,440,1,2.7564153724806286
6809,93,465,470,1,2.7564153724806286
6965,97,485,490,1,2.7564153724806286
7137,102,510,515,1,2.7564153724806286
7257,105,525,530,1,2.7564153724806286
7296,106,530,535,1,2.7564153724806286
7403,109,545,550,1,2.7564153724806286
7435,110,550,555,1,2.7564153724806286
7540,113,565,570,1,2.7564153724806286
7578,114,570,575,1,2.7564153724806286
7628,115,575,580,1,2.7564153724806286
7755,119,595,600,1,2.7564153724806286
7797,120,600,605,1,2.7564153724806286
7969,125,625,630,1,2.7564153724806286
8090,128,640,645,1,2.7564153724806286
8248,132,660,665,1,2.7564153724806286
8508,138,690,695,1,2.7564153724806286
8639,141,705,710,1,2.7564153724806286
8926,149,745,750,1,2.7564153724806286
9516,166,830,835,1,2.7564153724806286
9597,168,840,845,1,2.7564153724806286
9747,173,865,870,1,2.7564153724806286
10147,184,920,925,1,2.7564153724806286
10374,191,955,960,1,2.7564153724806286
10601,197,985,990,1,2.7564153724806286
10884,205,1025,1030,1,2.7564153724806286
10917,206,1030,1035,1,2.7564153724806286
10985,208,1040,1045,1,2.7564153724806286
11697,232,1160,1165,1,2.7564153724806286
11698,232,1160,1165,1,2.7564153724806286
11978,243,1215,1220,1,2.7564153724806286
12003,244,1220,1225,1,2.7564153724806286
12912,283,1415,1420,1,2.7564153724806286
13000,288,1440,1445,1,2.7564153724806286
13386,308,1540,1545,1,2.7564153724806286
13631,325,1625,1630,1,2.7564153724806286
13709,331,1655,1660,1,2.7564153724806286
13870,344,1720,1725,1,2.7564153724806286
1578,8,40,45,1,2.755819237165105
2586,17,85,90,1,2.755819237165105
2932,21,105,110,1,2.755819237165105
3020,22,110,115,1,2.755819237165105
3424,27,135,140,1,2.755819237165105
3496,28,140,145,1,2.755819237165105
3497,28,140,145,1,2.755819237165105
3559,29,145,150,1,2.755819237165105
4282,40,200,205,1,2.755819237165105
4393,42,210,215,1,2.755819237165105
4498,44,220,225,1,2.755819237165105
4557,45,225,230,1,2.755819237165105
4784,49,245,250,1,2.755819237165105
4837,50,250,255,1,2.755819237165105
4838,50,250,255,1,2.755819237165105
5052,54,270,275,1,2.755819237165105
5164,56,280,285,1,2.755819237165105
5165,56,280,285,1,2.755819237165105
5211,57,285,290,1,2.755819237165105
5322,59,295,300,1,2.755819237165105
5483,62,310,315,1,2.755819237165105
5638,65,325,330,1,2.755819237165105
5867,70,350,355,1,2.755819237165105
5956,72,360,365,1,2.755819237165105
6192,77,385,390,1,2.755819237165105
6235,78,390,395,1,2.755819237165105
6543,86,430,435,1,2.755819237165105
6877,95,475,480,1,2.755819237165105
6919,96,480,485,1,2.755819237165105
7062,100,500,505,1,2.755819237165105
7340,107,535,540,1,2.755819237165105
7627,115,575,580,1,2.755819237165105
7654,116,580,585,1,2.755819237165105
7655,116,580,585,1,2.755819237165105
8011,126,630,635,1,2.755819237165105
8047,127,635,640,1,2.755819237165105
8326,134,670,675,1,2.755819237165105
8369,135,675,680,1,2.755819237165105
8418,136,680,685,1,2.755819237165105
8557,139,695,700,1,2.755819237165105
8558,139,695,700,1,2.755819237165105
8889,148,740,745,1,2.755819237165105
8890,148,740,745,1,2.755819237165105
8958,150,750,755,1,2.755819237165105
8959,150,750,755,1,2.755819237165105
8995,151,755,760,1,2.755819237165105
9250,158,790,795,1,2.755819237165105
9384,162,810,815,1,2.755819237165105
9487,165,825,830,1,2.755819237165105
9888,177,885,890,1,2.755819237165105
10002,180,900,905,1,2.755819237165105
10078,182,910,915,1,2.755819237165105
10535,195,975,980,1,2.755819237165105
10569,196,980,985,1,2.755819237165105
11442,223,1115,1120,1,2.755819237165105
11472,224,1120,1125,1,2.755819237165105
11605,229,1145,1150,1,2.755819237165105
11663,231,1155,1160,1,2.755819237165105
11730,233,1165,1170,1,2.755819237165105
11977,243,1215,1220,1,2.755819237165105
12057,246,1230,1235,1,2.755819237165105
12117,248,1240,1245,1,2.755819237165105
12187,251,1255,1260,1,2.755819237165105
12486,264,1320,1325,1,2.755819237165105
12825,280,1400,1405,1,2.755819237165105
12880,282,1410,1415,1,2.755819237165105
13024,289,1445,1450,1,2.755819237165105
13908,347,1735,1740,1,2.755819237165105
13918,348,1740,1745,1,2.755819237165105
13942,350,1750,1755,1,2.755819237165105
14067,363,1815,1820,1,2.755819237165105
303,2,10,15,1,2.7558192371604058
2397,15,75,80,1,2.7558192371604058
2769,19,95,100,1,2.7558192371604058
2933,21,105,110,1,2.7558192371604058
3498,28,140,145,1,2.7558192371604058
3558,29,145,150,1,2.7558192371604058
3560,29,145,150,1,2.7558192371604058
3704,31,155,160,1,2.7558192371604058
3777,32,160,165,1,2.7558192371604058
3856,33,165,170,1,2.7558192371604058
4164,38,190,195,1,2.7558192371604058
4342,41,205,210,1,2.7558192371604058
4558,45,225,230,1,2.7558192371604058
4672,47,235,240,1,2.7558192371604058
4899,51,255,260,1,2.7558192371604058
4954,52,260,265,1,2.7558192371604058
5112,55,275,280,1,2.7558192371604058
5272,58,290,295,1,2.7558192371604058
5906,71,355,360,1,2.7558192371604058
5957,72,360,365,1,2.7558192371604058
6042,74,370,375,1,2.7558192371604058
6090,75,375,380,1,2.7558192371604058
6147,76,380,385,1,2.7558192371604058
6193,77,385,390,1,2.7558192371604058
6319,80,400,405,1,2.7558192371604058
6464,84,420,425,1,2.7558192371604058
6736,91,455,460,1,2.7558192371604058
6995,98,490,495,1,2.7558192371604058
7470,111,555,560,1,2.7558192371604058
7754,119,595,600,1,2.7558192371604058
7864,122,610,615,1,2.7558192371604058
8370,135,675,680,1,2.7558192371604058
8416,136,680,685,1,2.7558192371604058
8417,136,680,685,1,2.7558192371604058
8466,137,685,690,1,2.7558192371604058
8506,138,690,695,1,2.7558192371604058
8507,138,690,695,1,2.7558192371604058
8891,148,740,745,1,2.7558192371604058
8925,149,745,750,1,2.7558192371604058
8960,150,750,755,1,2.7558192371604058
9184,156,780,785,1,2.7558192371604058
9287,159,795,800,1,2.7558192371604058
9515,166,830,835,1,2.7558192371604058
9816,175,875,880,1,2.7558192371604058
9817,175,875,880,1,2.7558192371604058
10042,181,905,910,1,2.7558192371604058
10077,182,910,915,1,2.7558192371604058
10495,194,970,975,1,2.7558192371604058
10570,196,980,985,1,2.7558192371604058
10883,205,1025,1030,1,2.7558192371604058
10952,207,1035,1040,1,2.7558192371604058
11189,215,1075,1080,1,2.7558192371604058
11889,239,1195,1200,1,2.7558192371604058
12056,246,1230,1235,1,2.7558192371604058
12136,249,1245,1250,1,2.7558192371604058
12446,262,1310,1315,1,2.7558192371604058
12601,269,1345,1350,1,2.7558192371604058
13067,291,1455,1460,1,2.7558192371604058
13349,306,1530,1535,1,2.7558192371604058
13782,337,1685,1690,1,2.7558192371604058
13855,343,1715,1720,1,2.7558192371604058
14078,364,1820,1825,1,2.7558192371604058
302,2,10,15,1,2.755222868660527
1722,9,45,50,1,2.755222868660527
2852,20,100,105,1,2.755222868660527
2853,20,100,105,1,2.755222868660527
3495,28,140,145,1,2.755222868660527
3557,29,145,150,1,2.755222868660527
3701,31,155,160,1,2.755222868660527
3702,31,155,160,1,2.755222868660527
3703,31,155,160,1,2.755222868660527
3774,32,160,165,1,2.755222868660527
3914,34,170,175,1,2.755222868660527
4447,43,215,220,1,2.755222868660527
4556,45,225,230,1,2.755222868660527
4724,48,240,245,1,2.755222868660527
4782,49,245,250,1,2.755222868660527
4897,51,255,260,1,2.755222868660527
5000,53,265,270,1,2.755222868660527
5001,53,265,270,1,2.755222868660527
5050,54,270,275,1,2.755222868660527
5051,54,270,275,1,2.755222868660527
5210,57,285,290,1,2.755222868660527
5271,58,290,295,1,2.755222868660527
5433,61,305,310,1,2.755222868660527
5636,65,325,330,1,2.755222868660527
5637,65,325,330,1,2.755222868660527
5682,66,330,335,1,2.755222868660527
5771,68,340,345,1,2.755222868660527
6005,73,365,370,1,2.755222868660527
6041,74,370,375,1,2.755222868660527
6349,81,405,410,1,2.755222868660527
6389,82,410,415,1,2.755222868660527
6505,85,425,430,1,2.755222868660527
6695,90,450,455,1,2.755222868660527
6735,91,455,460,1,2.755222868660527
7061,100,500,505,1,2.755222868660527
7256,105,525,530,1,2.755222868660527
7293,106,530,535,1,2.755222868660527
7537,113,565,570,1,2.755222868660527
7903,123,615,620,1,2.755222868660527
8046,127,635,640,1,2.755222868660527
8673,142,710,715,1,2.755222868660527
8821,146,730,735,1,2.755222868660527
8822,146,730,735,1,2.755222868660527
8823,146,730,735,1,2.755222868660527
8824,146,730,735,1,2.755222868660527
9074,153,765,770,1,2.755222868660527
9147,155,775,780,1,2.755222868660527
9457,164,820,825,1,2.755222868660527
9711,172,860,865,1,2.755222868660527
9814,175,875,880,1,2.755222868660527
9887,177,885,890,1,2.755222868660527
9964,179,895,900,1,2.755222868660527
10000,180,900,905,1,2.755222868660527
10146,184,920,925,1,2.755222868660527
10296,189,945,950,1,2.755222868660527
10712,200,1000,1005,1,2.755222868660527
10858,204,1020,1025,1,2.755222868660527
10951,207,1035,1040,1,2.755222868660527
11048,210,1050,1055,1,2.755222868660527
11076,211,1055,1060,1,2.755222868660527
11223,216,1080,1085,1,2.755222868660527
11286,218,1090,1095,1,2.755222868660527
11471,224,1120,1125,1,2.755222868660527
11553,227,1135,1140,1,2.755222868660527
11603,229,1145,1150,1,2.755222868660527
11604,229,1145,1150,1,2.755222868660527
11639,230,1150,1155,1,2.755222868660527
11729,233,1165,1170,1,2.755222868660527
12087,247,1235,1240,1,2.755222868660527
12575,268,1340,1345,1,2.755222868660527
12951,285,1425,1430,1,2.755222868660527
12999,288,1440,1445,1,2.755222868660527
13051,290,1450,1455,1,2.755222868660527
13440,311,1555,1560,1,2.755222868660527
13967,352,1760,1765,1,2.755222868660527
13968,352,1760,1765,1,2.755222868660527
14299,397,1985,1990,1,2.755222868660527
522,3,15,20,1,2.7552228686558284
3266,25,125,130,1,2.7552228686558284
3422,27,135,140,1,2.7552228686558284
3639,30,150,155,1,2.7552228686558284
3854,33,165,170,1,2.7552228686558284
4100,37,185,190,1,2.7552228686558284
4161,38,190,195,1,2.7552228686558284
4162,38,190,195,1,2.7552228686558284
4228,39,195,200,1,2.7552228686558284
4445,43,215,220,1,2.7552228686558284
4446,43,215,220,1,2.7552228686558284
4555,45,225,230,1,2.7552228686558284
4836,50,250,255,1,2.7552228686558284
4896,51,255,260,1,2.7552228686558284
4898,51,255,260,1,2.7552228686558284
5049,54,270,275,1,2.7552228686558284
5530,63,315,320,1,2.7552228686558284
5635,65,325,330,1,2.7552228686558284
5772,68,340,345,1,2.7552228686558284
5866,70,350,355,1,2.7552228686558284
5955,72,360,365,1,2.7552228686558284
6089,75,375,380,1,2.7552228686558284
6146,76,380,385,1,2.7552228686558284
6234,78,390,395,1,2.7552228686558284
6390,82,410,415,1,2.7552228686558284
6654,89,445,450,1,2.7552228686558284
6994,98,490,495,1,2.7552228686558284
7255,105,525,530,1,2.7552228686558284
7469,111,555,560,1,2.7552228686558284
7904,123,615,620,1,2.7552228686558284
8087,128,640,645,1,2.7552228686558284
8296,133,665,670,1,2.7552228686558284
8297,133,665,670,1,2.7552228686558284
8888,148,740,745,1,2.7552228686558284
9111,154,770,775,1,2.7552228686558284
9217,157,785,790,1,2.7552228686558284
9557,167,835,840,1,2.7552228686558284
9685,171,855,860,1,2.7552228686558284
9686,171,855,860,1,2.7552228686558284
9712,172,860,865,1,2.7552228686558284
9815,175,875,880,1,2.7552228686558284
10001,180,900,905,1,2.7552228686558284
10175,185,925,930,1,2.7552228686558284
10237,187,935,940,1,2.7552228686558284
10373,191,955,960,1,2.7552228686558284
10457,193,965,970,1,2.7552228686558284
10633,198,990,995,1,2.7552228686558284
10713,200,1000,1005,1,2.7552228686558284
10783,202,1010,1015,1,2.7552228686558284
10818,203,1015,1020,1,2.7552228686558284
10984,208,1040,1045,1,2.7552228686558284
11075,211,1055,1060,1,2.7552228686558284
11356,220,1100,1105,1,2.7552228686558284
11470,224,1120,1125,1,2.7552228686558284
12115,248,1240,1245,1,2.7552228686558284
12116,248,1240,1245,1,2.7552228686558284
12284,255,1275,1280,1,2.7552228686558284
12509,265,1325,1330,1,2.7552228686558284
13117,293,1465,1470,1,2.7552228686558284
13371,307,1535,1540,1,2.7552228686558284
13521,317,1585,1590,1,2.7552228686558284
13917,348,1740,1745,1,2.7552228686558284
14304,398,1990,1995,1,2.7552228686558284
3265,25,125,130,1,2.7546262670187835
3421,27,135,140,1,2.7546262670187835
3493,28,140,145,1,2.7546262670187835
3494,28,140,145,1,2.7546262670187835
3555,29,145,150,1,2.7546262670187835
3636,30,150,155,1,2.7546262670187835
3851,33,165,170,1,2.7546262670187835
3975,35,175,180,1,2.7546262670187835
3976,35,175,180,1,2.7546262670187835
4099,37,185,190,1,2.7546262670187835
4671,47,235,240,1,2.7546262670187835
4723,48,240,245,1,2.7546262670187835
4780,49,245,250,1,2.7546262670187835
4952,52,260,265,1,2.7546262670187835
4998,53,265,270,1,2.7546262670187835
5048,54,270,275,1,2.7546262670187835
5162,56,280,285,1,2.7546262670187835
5266,58,290,295,1,2.7546262670187835
5267,58,290,295,1,2.7546262670187835
5268,58,290,295,1,2.7546262670187835
5377,60,300,305,1,2.7546262670187835
5432,61,305,310,1,2.7546262670187835
5528,63,315,320,1,2.7546262670187835
5582,64,320,325,1,2.7546262670187835
5583,64,320,325,1,2.7546262670187835
5634,65,325,330,1,2.7546262670187835
5819,69,345,350,1,2.7546262670187835
6191,77,385,390,1,2.7546262670187835
6233,78,390,395,1,2.7546262670187835
6317,80,400,405,1,2.7546262670187835
6318,80,400,405,1,2.7546262670187835
6388,82,410,415,1,2.7546262670187835
6652,89,445,450,1,2.7546262670187835
6653,89,445,450,1,2.7546262670187835
6807,93,465,470,1,2.7546262670187835
6808,93,465,470,1,2.7546262670187835
7136,102,510,515,1,2.7546262670187835
7292,106,530,535,1,2.7546262670187835
7726,118,590,595,1,2.7546262670187835
8207,131,655,660,1,2.7546262670187835
8246,132,660,665,1,2.7546262670187835
8247,132,660,665,1,2.7546262670187835
8325,134,670,675,1,2.7546262670187835
8464,137,685,690,1,2.7546262670187835
8556,139,695,700,1,2.7546262670187835
8638,141,705,710,1,2.7546262670187835
8746,144,720,725,1,2.7546262670187835
8780,145,725,730,1,2.7546262670187835
8924,149,745,750,1,2.7546262670187835
9215,157,785,790,1,2.7546262670187835
9216,157,785,790,1,2.7546262670187835
9286,159,795,800,1,2.7546262670187835
9456,164,820,825,1,2.7546262670187835
9777,174,870,875,1,2.7546262670187835
9857,176,880,885,1,2.7546262670187835
10112,183,915,920,1,2.7546262670187835
10236,187,935,940,1,2.7546262670187835
10295,189,945,950,1,2.7546262670187835
10411,192,960,965,1,2.7546262670187835
10600,197,985,990,1,2.7546262670187835
10983,208,1040,1045,1,2.7546262670187835
11019,209,1045,1050,1,2.7546262670187835
11074,211,1055,1060,1,2.7546262670187835
11355,220,1100,1105,1,2.7546262670187835
11795,236,1180,1185,1,2.7546262670187835
11888,239,1195,1200,1,2.7546262670187835
11954,242,1210,1215,1,2.7546262670187835
12159,250,1250,1255,1,2.7546262670187835
12395,260,1300,1305,1,2.7546262670187835
13023,289,1445,1450,1,2.7546262670187835
13050,290,1450,1455,1,2.7546262670187835
13348,306,1530,1535,1,2.7546262670187835
13552,319,1595,1600,1,2.7546262670187835
13708,331,1655,1660,1,2.7546262670187835
13929,349,1745,1750,1,2.7546262670187835
14133,370,1850,1855,1,2.7546262670187835
14237,386,1930,1935,1,2.7546262670187835
765,4,20,25,1,2.7546262670140864
3340,26,130,135,1,2.7546262670140864
3556,29,145,150,1,2.7546262670140864
3637,30,150,155,1,2.7546262670140864
3700,31,155,160,1,2.7546262670140864
3852,33,165,170,1,2.7546262670140864
3853,33,165,170,1,2.7546262670140864
4281,40,200,205,1,2.7546262670140864
4340,41,205,210,1,2.7546262670140864
4341,41,205,210,1,2.7546262670140864
4670,47,235,240,1,2.7546262670140864
4781,49,245,250,1,2.7546262670140864
4950,52,260,265,1,2.7546262670140864
4951,52,260,265,1,2.7546262670140864
4999,53,265,270,1,2.7546262670140864
5209,57,285,290,1,2.7546262670140864
5270,58,290,295,1,2.7546262670140864
5321,59,295,300,1,2.7546262670140864
5376,60,300,305,1,2.7546262670140864
5527,63,315,320,1,2.7546262670140864
5529,63,315,320,1,2.7546262670140864
6086,75,375,380,1,2.7546262670140864
6583,87,435,440,1,2.7546262670140864
6619,88,440,445,1,2.7546262670140864
6778,92,460,465,1,2.7546262670140864
6779,92,460,465,1,2.7546262670140864
6918,96,480,485,1,2.7546262670140864
6964,97,485,490,1,2.7546262670140864
7093,101,505,510,1,2.7546262670140864
7291,106,530,535,1,2.7546262670140864
7339,107,535,540,1,2.7546262670140864
7653,116,580,585,1,2.7546262670140864
7690,117,585,590,1,2.7546262670140864
7968,125,625,630,1,2.7546262670140864
8086,128,640,645,1,2.7546262670140864
8295,133,665,670,1,2.7546262670140864
8465,137,685,690,1,2.7546262670140864
8596,140,700,705,1,2.7546262670140864
8597,140,700,705,1,2.7546262670140864
8713,143,715,720,1,2.7546262670140864
8994,151,755,760,1,2.7546262670140864
9039,152,760,765,1,2.7546262670140864
9383,162,810,815,1,2.7546262670140864
9419,163,815,820,1,2.7546262670140864
9596,168,840,845,1,2.7546262670140864
9684,171,855,860,1,2.7546262670140864
9963,179,895,900,1,2.7546262670140864
10174,185,925,930,1,2.7546262670140864
10412,192,960,965,1,2.7546262670140864
10632,198,990,995,1,2.7546262670140864
10817,203,1015,1020,1,2.7546262670140864
11324,219,1095,1100,1,2.7546262670140864
11527,226,1130,1135,1,2.7546262670140864
11695,232,1160,1165,1,2.7546262670140864
11924,240,1200,1205,1,2.7546262670140864
11953,242,1210,1215,1,2.7546262670140864
11976,243,1215,1220,1,2.7546262670140864
12158,250,1250,1255,1,2.7546262670140864
12425,261,1305,1310,1,2.7546262670140864
12574,268,1340,1345,1,2.7546262670140864
13565,320,1600,1605,1,2.7546262670140864
13887,345,1725,1730,1,2.7546262670140864
13907,347,1735,1740,1,2.7546262670140864
14004,355,1775,1780,1,2.7546262670140864
14360,413,2065,2070,1,2.7546262670140864
3264,25,125,130,1,2.754029432293621
3418,27,135,140,1,2.754029432293621
3419,27,135,140,1,2.754029432293621
3420,27,135,140,1,2.754029432293621
3492,28,140,145,1,2.754029432293621
3850,33,165,170,1,2.754029432293621
3912,34,170,175,1,2.754029432293621
3971,35,175,180,1,2.754029432293621
4227,39,195,200,1,2.754029432293621
4722,48,240,245,1,2.754029432293621
4834,50,250,255,1,2.754029432293621
4835,50,250,255,1,2.754029432293621
5160,56,280,285,1,2.754029432293621
5161,56,280,285,1,2.754029432293621
5374,60,300,305,1,2.754029432293621
5375,60,300,305,1,2.754029432293621
5526,63,315,320,1,2.754029432293621
5632,65,325,330,1,2.754029432293621
5633,65,325,330,1,2.754029432293621
5769,68,340,345,1,2.754029432293621
5770,68,340,345,1,2.754029432293621
5865,70,350,355,1,2.754029432293621
6004,73,365,370,1,2.754029432293621
6040,74,370,375,1,2.754029432293621
6144,76,380,385,1,2.754029432293621
6190,77,385,390,1,2.754029432293621
6348,81,405,410,1,2.754029432293621
6387,82,410,415,1,2.754029432293621
6504,85,425,430,1,2.754029432293621
7135,102,510,515,1,2.754029432293621
7290,106,530,535,1,2.754029432293621
7336,107,535,540,1,2.754029432293621
7338,107,535,540,1,2.754029432293621
7402,109,545,550,1,2.754029432293621
7536,113,565,570,1,2.754029432293621
7652,116,580,585,1,2.754029432293621
7689,117,585,590,1,2.754029432293621
7795,120,600,605,1,2.754029432293621
7796,120,600,605,1,2.754029432293621
8010,126,630,635,1,2.754029432293621
8415,136,680,685,1,2.754029432293621
8820,146,730,735,1,2.754029432293621
8993,151,755,760,1,2.754029432293621
9183,156,780,785,1,2.754029432293621
9657,170,850,855,1,2.754029432293621
9886,177,885,890,1,2.754029432293621
9962,179,895,900,1,2.754029432293621
10041,181,905,910,1,2.754029432293621
10111,183,915,920,1,2.754029432293621
10145,184,920,925,1,2.754029432293621
10173,185,925,930,1,2.754029432293621
10203,186,930,935,1,2.754029432293621
10568,196,980,985,1,2.754029432293621
10816,203,1015,1020,1,2.754029432293621
10857,204,1020,1025,1,2.754029432293621
10882,205,1025,1030,1,2.754029432293621
11253,217,1085,1090,1,2.754029432293621
11413,222,1110,1115,1,2.754029432293621
11441,223,1115,1120,1,2.754029432293621
11509,225,1125,1130,1,2.754029432293621
11887,239,1195,1200,1,2.754029432293621
12084,247,1235,1240,1,2.754029432293621
12086,247,1235,1240,1,2.754029432293621
12394,260,1300,1305,1,2.754029432293621
12530,266,1330,1335,1,2.754029432293621
12626,270,1350,1355,1,2.754029432293621
12696,274,1370,1375,1,2.754029432293621
12741,276,1380,1385,1,2.754029432293621
12950,285,1425,1430,1,2.754029432293621
13049,290,1450,1455,1,2.754029432293621
13167,296,1480,1485,1,2.754029432293621
13193,297,1485,1490,1,2.754029432293621
13370,307,1535,1540,1,2.754029432293621
13765,335,1675,1680,1,2.754029432293621
13886,345,1725,1730,1,2.754029432293621
14015,356,1780,1785,1,2.754029432293621
14160,374,1870,1875,1,2.754029432293621
1577,8,40,45,1,2.7540294322889247
2768,19,95,100,1,2.7540294322889247
3339,26,130,135,1,2.7540294322889247
3635,30,150,155,1,2.7540294322889247
3771,32,160,165,1,2.7540294322889247
3772,32,160,165,1,2.7540294322889247
3911,34,170,175,1,2.7540294322889247
3972,35,175,180,1,2.7540294322889247
3973,35,175,180,1,2.7540294322889247
4041,36,180,185,1,2.7540294322889247
4098,37,185,190,1,2.7540294322889247
4279,40,200,205,1,2.7540294322889247
4280,40,200,205,1,2.7540294322889247
4339,41,205,210,1,2.7540294322889247
4443,43,215,220,1,2.7540294322889247
4833,50,250,255,1,2.7540294322889247
5047,54,270,275,1,2.7540294322889247
5159,56,280,285,1,2.7540294322889247
5320,59,295,300,1,2.7540294322889247
5482,62,310,315,1,2.7540294322889247
5525,63,315,320,1,2.7540294322889247
5631,65,325,330,1,2.7540294322889247
5864,70,350,355,1,2.7540294322889247
5953,72,360,365,1,2.7540294322889247
6145,76,380,385,1,2.7540294322889247
6316,80,400,405,1,2.7540294322889247
6386,82,410,415,1,2.7540294322889247
6734,91,455,460,1,2.7540294322889247
6917,96,480,485,1,2.7540294322889247
6963,97,485,490,1,2.7540294322889247
7202,104,520,525,1,2.7540294322889247
7254,105,525,530,1,2.7540294322889247
7337,107,535,540,1,2.7540294322889247
7377,108,540,545,1,2.7540294322889247
7468,111,555,560,1,2.7540294322889247
7576,114,570,575,1,2.7540294322889247
7626,115,575,580,1,2.7540294322889247
7902,123,615,620,1,2.7540294322889247
8085,128,640,645,1,2.7540294322889247
8130,129,645,650,1,2.7540294322889247
8779,145,725,730,1,2.7540294322889247
9037,152,760,765,1,2.7540294322889247
9038,152,760,765,1,2.7540294322889247
9146,155,775,780,1,2.7540294322889247
9486,165,825,830,1,2.7540294322889247
9595,168,840,845,1,2.7540294322889247
9630,169,845,850,1,2.7540294322889247
9920,178,890,895,1,2.7540294322889247
10294,189,945,950,1,2.7540294322889247
10372,191,955,960,1,2.7540294322889247
10782,202,1010,1015,1,2.7540294322889247
10881,205,1025,1030,1,2.7540294322889247
10916,206,1030,1035,1,2.7540294322889247
11381,221,1105,1110,1,2.7540294322889247
11526,226,1130,1135,1,2.7540294322889247
11662,231,1155,1160,1,2.7540294322889247
11754,234,1170,1175,1,2.7540294322889247
12085,247,1235,1240,1,2.7540294322889247
12239,253,1265,1270,1,2.7540294322889247
12261,254,1270,1275,1,2.7540294322889247
12262,254,1270,1275,1,2.7540294322889247
12508,265,1325,1330,1,2.7540294322889247
12573,268,1340,1345,1,2.7540294322889247
12656,272,1360,1365,1,2.7540294322889247
12933,284,1420,1425,1,2.7540294322889247
13214,298,1490,1495,1,2.7540294322889247
13290,303,1515,1520,1,2.7540294322889247
13347,306,1530,1535,1,2.7540294322889247
13448,312,1560,1565,1,2.7540294322889247
13520,317,1585,1590,1,2.7540294322889247
13869,344,1720,1725,1,2.7540294322889247
14181,378,1890,1895,1,2.7540294322889247
301,2,10,15,1,2.7534323645309176
2200,13,65,70,1,2.7534323645309176
3338,26,130,135,1,2.7534323645309176
3491,28,140,145,1,2.7534323645309176
3697,31,155,160,1,2.7534323645309176
3698,31,155,160,1,2.7534323645309176
4040,36,180,185,1,2.7534323645309176
4497,44,220,225,1,2.7534323645309176
4891,51,255,260,1,2.7534323645309176
4892,51,255,260,1,2.7534323645309176
4893,51,255,260,1,2.7534323645309176
4895,51,255,260,1,2.7534323645309176
5046,54,270,275,1,2.7534323645309176
5158,56,280,285,1,2.7534323645309176
5264,58,290,295,1,2.7534323645309176
5373,60,300,305,1,2.7534323645309176
5431,61,305,310,1,2.7534323645309176
5523,63,315,320,1,2.7534323645309176
5580,64,320,325,1,2.7534323645309176
5630,65,325,330,1,2.7534323645309176
5905,71,355,360,1,2.7534323645309176
6085,75,375,380,1,2.7534323645309176
6230,78,390,395,1,2.7534323645309176
6231,78,390,395,1,2.7534323645309176
6232,78,390,395,1,2.7534323645309176
6582,87,435,440,1,2.7534323645309176
6876,95,475,480,1,2.7534323645309176
6962,97,485,490,1,2.7534323645309176
7027,99,495,500,1,2.7534323645309176
7092,101,505,510,1,2.7534323645309176
7335,107,535,540,1,2.7534323645309176
7794,120,600,605,1,2.7534323645309176
7863,122,610,615,1,2.7534323645309176
8084,128,640,645,1,2.7534323645309176
8128,129,645,650,1,2.7534323645309176
8414,136,680,685,1,2.7534323645309176
8463,137,685,690,1,2.7534323645309176
8637,141,705,710,1,2.7534323645309176
8819,146,730,735,1,2.7534323645309176
8923,149,745,750,1,2.7534323645309176
9110,154,770,775,1,2.7534323645309176
9249,158,790,795,1,2.7534323645309176
9455,164,820,825,1,2.7534323645309176
9813,175,875,880,1,2.7534323645309176
9856,176,880,885,1,2.7534323645309176
9919,178,890,895,1,2.7534323645309176
10075,182,910,915,1,2.7534323645309176
10494,194,970,975,1,2.7534323645309176
10534,195,975,980,1,2.7534323645309176
10599,197,985,990,1,2.7534323645309176
10781,202,1010,1015,1,2.7534323645309176
10856,204,1020,1025,1,2.7534323645309176
11073,211,1055,1060,1,2.7534323645309176
11411,222,1110,1115,1,2.7534323645309176
11469,224,1120,1125,1,2.7534323645309176
11507,225,1125,1130,1,2.7534323645309176
11508,225,1125,1130,1,2.7534323645309176
11552,227,1135,1140,1,2.7534323645309176
11825,237,1185,1190,1,2.7534323645309176
12055,246,1230,1235,1,2.7534323645309176
12283,255,1275,1280,1,2.7534323645309176
12393,260,1300,1305,1,2.7534323645309176
12529,266,1330,1335,1,2.7534323645309176
12549,267,1335,1340,1,2.7534323645309176
12782,278,1390,1395,1,2.7534323645309176
12824,280,1400,1405,1,2.7534323645309176
13116,293,1465,1470,1,2.7534323645309176
13346,306,1530,1535,1,2.7534323645309176
13369,307,1535,1540,1,2.7534323645309176
13463,313,1565,1570,1,2.7534323645309176
13564,320,1600,1605,1,2.7534323645309176
13790,338,1690,1695,1,2.7534323645309176
13868,344,1720,1725,1,2.7534323645309176
14003,355,1775,1780,1,2.7534323645309176
14050,361,1805,1810,1,2.7534323645309176
14236,386,1930,1935,1,2.7534323645309176
993,5,25,30,1,2.7534323645262226
2851,20,100,105,1,2.7534323645262226
3696,31,155,160,1,2.7534323645262226
3769,32,160,165,1,2.7534323645262226
3770,32,160,165,1,2.7534323645262226
3848,33,165,170,1,2.7534323645262226
3849,33,165,170,1,2.7534323645262226
3910,34,170,175,1,2.7534323645262226
3969,35,175,180,1,2.7534323645262226
3970,35,175,180,1,2.7534323645262226
4160,38,190,195,1,2.7534323645262226
4552,45,225,230,1,2.7534323645262226
4553,45,225,230,1,2.7534323645262226
4894,51,255,260,1,2.7534323645262226
4949,52,260,265,1,2.7534323645262226
4997,53,265,270,1,2.7534323645262226
5263,58,290,295,1,2.7534323645262226
5524,63,315,320,1,2.7534323645262226
5681,66,330,335,1,2.7534323645262226
5724,67,335,340,1,2.7534323645262226
5725,67,335,340,1,2.7534323645262226
5726,67,335,340,1,2.7534323645262226
5951,72,360,365,1,2.7534323645262226
5952,72,360,365,1,2.7534323645262226
6003,73,365,370,1,2.7534323645262226
6143,76,380,385,1,2.7534323645262226
6503,85,425,430,1,2.7534323645262226
6916,96,480,485,1,2.7534323645262226
7028,99,495,500,1,2.7534323645262226
7253,105,525,530,1,2.7534323645262226
7535,113,565,570,1,2.7534323645262226
7624,115,575,580,1,2.7534323645262226
7625,115,575,580,1,2.7534323645262226
8129,129,645,650,1,2.7534323645262226
8173,130,650,655,1,2.7534323645262226
8245,132,660,665,1,2.7534323645262226
8595,140,700,705,1,2.7534323645262226
8745,144,720,725,1,2.7534323645262226
9144,155,775,780,1,2.7534323645262226
9145,155,775,780,1,2.7534323645262226
9355,161,805,810,1,2.7534323645262226
9812,175,875,880,1,2.7534323645262226
10076,182,910,915,1,2.7534323645262226
10144,184,920,925,1,2.7534323645262226
10172,185,925,930,1,2.7534323645262226
10202,186,930,935,1,2.7534323645262226
10263,188,940,945,1,2.7534323645262226
10410,192,960,965,1,2.7534323645262226
10711,200,1000,1005,1,2.7534323645262226
10815,203,1015,1020,1,2.7534323645262226
10950,207,1035,1040,1,2.7534323645262226
11018,209,1045,1050,1,2.7534323645262226
11354,220,1100,1105,1,2.7534323645262226
11379,221,1105,1110,1,2.7534323645262226
11380,221,1105,1110,1,2.7534323645262226
11412,222,1110,1115,1,2.7534323645262226
11774,235,1175,1180,1,2.7534323645262226
11923,240,1200,1205,1,2.7534323645262226
12485,264,1320,1325,1,2.7534323645262226
12572,268,1340,1345,1,2.7534323645262226
12801,279,1395,1400,1,2.7534323645262226
12879,282,1410,1415,1,2.7534323645262226
12949,285,1425,1430,1,2.7534323645262226
13227,299,1495,1500,1,2.7534323645262226
13248,300,1500,1505,1,2.7534323645262226
13424,310,1550,1555,1,2.7534323645262226
13577,321,1605,1610,1,2.7534323645262226
13696,330,1650,1655,1,2.7534323645262226
13805,339,1695,1700,1,2.7534323645262226
14002,355,1775,1780,1,2.7534323645262226
14077,364,1820,1825,1,2.7534323645262226
14132,370,1850,1855,1,2.7534323645262226
520,3,15,20,1,2.7528350637870416
2767,19,95,100,1,2.7528350637870416
2930,21,105,110,1,2.7528350637870416
3695,31,155,160,1,2.7528350637870416
3846,33,165,170,1,2.7528350637870416
3908,34,170,175,1,2.7528350637870416
4097,37,185,190,1,2.7528350637870416
4159,38,190,195,1,2.7528350637870416
4277,40,200,205,1,2.7528350637870416
4611,46,230,235,1,2.7528350637870416
4668,47,235,240,1,2.7528350637870416
4669,47,235,240,1,2.7528350637870416
4721,48,240,245,1,2.7528350637870416
5045,54,270,275,1,2.7528350637870416
5319,59,295,300,1,2.7528350637870416
5429,61,305,310,1,2.7528350637870416
5522,63,315,320,1,2.7528350637870416
5628,65,325,330,1,2.7528350637870416
5768,68,340,345,1,2.7528350637870416
5818,69,345,350,1,2.7528350637870416
5949,72,360,365,1,2.7528350637870416
5950,72,360,365,1,2.7528350637870416
6315,80,400,405,1,2.7528350637870416
6429,83,415,420,1,2.7528350637870416
6463,84,420,425,1,2.7528350637870416
6806,93,465,470,1,2.7528350637870416
7060,100,500,505,1,2.7528350637870416
7334,107,535,540,1,2.7528350637870416
7434,110,550,555,1,2.7528350637870416
7752,119,595,600,1,2.7528350637870416
7753,119,595,600,1,2.7528350637870416
7862,122,610,615,1,2.7528350637870416
7967,125,625,630,1,2.7528350637870416
8505,138,690,695,1,2.7528350637870416
8593,140,700,705,1,2.7528350637870416
8672,142,710,715,1,2.7528350637870416
8956,150,750,755,1,2.7528350637870416
8957,150,750,755,1,2.7528350637870416
9109,154,770,775,1,2.7528350637870416
9285,159,795,800,1,2.7528350637870416
9381,162,810,815,1,2.7528350637870416
9418,163,815,820,1,2.7528350637870416
9454,164,820,825,1,2.7528350637870416
9594,168,840,845,1,2.7528350637870416
9918,178,890,895,1,2.7528350637870416
10040,181,905,910,1,2.7528350637870416
10143,184,920,925,1,2.7528350637870416
10234,187,935,940,1,2.7528350637870416
10235,187,935,940,1,2.7528350637870416
10631,198,990,995,1,2.7528350637870416
10741,201,1005,1010,1,2.7528350637870416
10915,206,1030,1035,1,2.7528350637870416
11047,210,1050,1055,1,2.7528350637870416
11106,212,1060,1065,1,2.7528350637870416
11188,215,1075,1080,1,2.7528350637870416
11440,223,1115,1120,1,2.7528350637870416
11468,224,1120,1125,1,2.7528350637870416
11824,237,1185,1190,1,2.7528350637870416
11922,240,1200,1205,1,2.7528350637870416
12001,244,1220,1225,1,2.7528350637870416
12625,270,1350,1355,1,2.7528350637870416
12781,278,1390,1395,1,2.7528350637870416
12823,280,1400,1405,1,2.7528350637870416
12855,281,1405,1410,1,2.7528350637870416
12948,285,1425,1430,1,2.7528350637870416
13304,304,1520,1525,1,2.7528350637870416
13422,310,1550,1555,1,2.7528350637870416
13423,310,1550,1555,1,2.7528350637870416
13502,316,1580,1585,1,2.7528350637870416
13587,322,1610,1615,1,2.7528350637870416
13707,331,1655,1660,1,2.7528350637870416
13719,332,1660,1665,1,2.7528350637870416
13789,338,1690,1695,1,2.7528350637870416
14066,363,1815,1820,1,2.7528350637870416
14226,384,1920,1925,1,2.7528350637870416
125,1,5,10,1,2.7528350637823475
1850,10,50,55,1,2.7528350637823475
3106,23,115,120,1,2.7528350637823475
3554,29,145,150,1,2.7528350637823475
3768,32,160,165,1,2.7528350637823475
3847,33,165,170,1,2.7528350637823475
3967,35,175,180,1,2.7528350637823475
4039,36,180,185,1,2.7528350637823475
4225,39,195,200,1,2.7528350637823475
4226,39,195,200,1,2.7528350637823475
4278,40,200,205,1,2.7528350637823475
4496,44,220,225,1,2.7528350637823475
4610,46,230,235,1,2.7528350637823475
4612,46,230,235,1,2.7528350637823475
5372,60,300,305,1,2.7528350637823475
5428,61,305,310,1,2.7528350637823475
5430,61,305,310,1,2.7528350637823475
5627,65,325,330,1,2.7528350637823475
5629,65,325,330,1,2.7528350637823475
5767,68,340,345,1,2.7528350637823475
5817,69,345,350,1,2.7528350637823475
5863,70,350,355,1,2.7528350637823475
6229,78,390,395,1,2.7528350637823475
6581,87,435,440,1,2.7528350637823475
6777,92,460,465,1,2.7528350637823475
6805,93,465,470,1,2.7528350637823475
6875,95,475,480,1,2.7528350637823475
7026,99,495,500,1,2.7528350637823475
8244,132,660,665,1,2.7528350637823475
8367,135,675,680,1,2.7528350637823475
8368,135,675,680,1,2.7528350637823475
8413,136,680,685,1,2.7528350637823475
8711,143,715,720,1,2.7528350637823475
8712,143,715,720,1,2.7528350637823475
8887,148,740,745,1,2.7528350637823475
9248,158,790,795,1,2.7528350637823475
9325,160,800,805,1,2.7528350637823475
9380,162,810,815,1,2.7528350637823475
9382,162,810,815,1,2.7528350637823475
9417,163,815,820,1,2.7528350637823475
9710,172,860,865,1,2.7528350637823475
9746,173,865,870,1,2.7528350637823475
9961,179,895,900,1,2.7528350637823475
10533,195,975,980,1,2.7528350637823475
10673,199,995,1000,1,2.7528350637823475
10710,200,1000,1005,1,2.7528350637823475
10779,202,1010,1015,1,2.7528350637823475
10780,202,1010,1015,1,2.7528350637823475
11072,211,1055,1060,1,2.7528350637823475
11126,213,1065,1070,1,2.7528350637823475
11323,219,1095,1100,1,2.7528350637823475
11506,225,1125,1130,1,2.7528350637823475
11794,236,1180,1185,1,2.7528350637823475
11823,237,1185,1190,1,2.7528350637823475
12002,244,1220,1225,1,2.7528350637823475
12330,257,1285,1290,1,2.7528350637823475
12424,261,1305,1310,1,2.7528350637823475
12464,263,1315,1320,1,2.7528350637823475
12548,267,1335,1340,1,2.7528350637823475
13368,307,1535,1540,1,2.7528350637823475
13541,318,1590,1595,1,2.7528350637823475
13646,326,1630,1635,1,2.7528350637823475
13718,332,1660,1665,1,2.7528350637823475
13894,346,1730,1735,1,2.7528350637823475
13988,354,1770,1775,1,2.7528350637823475
14014,356,1780,1785,1,2.7528350637823475
14093,366,1830,1835,1,2.7528350637823475
14177,377,1885,1890,1,2.7528350637823475
2584,17,85,90,1,2.7522375301052495
2850,20,100,105,1,2.7522375301052495
3634,30,150,155,1,2.7522375301052495
3767,32,160,165,1,2.7522375301052495
3906,34,170,175,1,2.7522375301052495
4037,36,180,185,1,2.7522375301052495
4157,38,190,195,1,2.7522375301052495
4609,46,230,235,1,2.7522375301052495
4778,49,245,250,1,2.7522375301052495
4779,49,245,250,1,2.7522375301052495
4948,52,260,265,1,2.7522375301052495
5156,56,280,285,1,2.7522375301052495
5318,59,295,300,1,2.7522375301052495
5371,60,300,305,1,2.7522375301052495
5575,64,320,325,1,2.7522375301052495
5578,64,320,325,1,2.7522375301052495
5679,66,330,335,1,2.7522375301052495
5722,67,335,340,1,2.7522375301052495
5765,68,340,345,1,2.7522375301052495
5816,69,345,350,1,2.7522375301052495
5904,71,355,360,1,2.7522375301052495
6280,79,395,400,1,2.7522375301052495
6347,81,405,410,1,2.7522375301052495
6385,82,410,415,1,2.7522375301052495
6540,86,430,435,1,2.7522375301052495
6580,87,435,440,1,2.7522375301052495
6961,97,485,490,1,2.7522375301052495
7024,99,495,500,1,2.7522375301052495
7134,102,510,515,1,2.7522375301052495
7332,107,535,540,1,2.7522375301052495
7333,107,535,540,1,2.7522375301052495
7376,108,540,545,1,2.7522375301052495
7623,115,575,580,1,2.7522375301052495
7966,125,625,630,1,2.7522375301052495
8206,131,655,660,1,2.7522375301052495
8294,133,665,670,1,2.7522375301052495
8504,138,690,695,1,2.7522375301052495
8777,145,725,730,1,2.7522375301052495
8778,145,725,730,1,2.7522375301052495
8886,148,740,745,1,2.7522375301052495
9555,167,835,840,1,2.7522375301052495
9556,167,835,840,1,2.7522375301052495
9593,168,840,845,1,2.7522375301052495
9656,170,850,855,1,2.7522375301052495
10110,183,915,920,1,2.7522375301052495
10201,186,930,935,1,2.7522375301052495
10233,187,935,940,1,2.7522375301052495
10671,199,995,1000,1,2.7522375301052495
10740,201,1005,1010,1,2.7522375301052495
11071,211,1055,1060,1,2.7522375301052495
11378,221,1105,1110,1,2.7522375301052495
11410,222,1110,1115,1,2.7522375301052495
11439,223,1115,1120,1,2.7522375301052495
11822,237,1185,1190,1,2.7522375301052495
11853,238,1190,1195,1,2.7522375301052495
12083,247,1235,1240,1,2.7522375301052495
12135,249,1245,1250,1,2.7522375301052495
12282,255,1275,1280,1,2.7522375301052495
12445,262,1310,1315,1,2.7522375301052495
12507,265,1325,1330,1,2.7522375301052495
12624,270,1350,1355,1,2.7522375301052495
12672,273,1365,1370,1,2.7522375301052495
12695,274,1370,1375,1,2.7522375301052495
12799,279,1395,1400,1,2.7522375301052495
12800,279,1395,1400,1,2.7522375301052495
12911,283,1415,1420,1,2.7522375301052495
13048,290,1450,1455,1,2.7522375301052495
13166,296,1480,1485,1,2.7522375301052495
13270,302,1510,1515,1,2.7522375301052495
13491,315,1575,1580,1,2.7522375301052495
13501,316,1580,1585,1,2.7522375301052495
13645,326,1630,1635,1,2.7522375301052495
13695,330,1650,1655,1,2.7522375301052495
13885,345,1725,1730,1,2.7522375301052495
13966,352,1760,1765,1,2.7522375301052495
14076,364,1820,1825,1,2.7522375301052495
14085,365,1825,1830,1,2.7522375301052495
1419,7,35,40,1,2.7522375301005564
3337,26,130,135,1,2.7522375301005564
4038,36,180,185,1,2.7522375301005564
4095,37,185,190,1,2.7522375301005564
4158,38,190,195,1,2.7522375301005564
4224,39,195,200,1,2.7522375301005564
4392,42,210,215,1,2.7522375301005564
4551,45,225,230,1,2.7522375301005564
5111,55,275,280,1,2.7522375301005564
5208,57,285,290,1,2.7522375301005564
5262,58,290,295,1,2.7522375301005564
5521,63,315,320,1,2.7522375301005564
5576,64,320,325,1,2.7522375301005564
5577,64,320,325,1,2.7522375301005564
5766,68,340,345,1,2.7522375301005564
5862,70,350,355,1,2.7522375301005564
6002,73,365,370,1,2.7522375301005564
6038,74,370,375,1,2.7522375301005564
6039,74,370,375,1,2.7522375301005564
6188,77,385,390,1,2.7522375301005564
6384,82,410,415,1,2.7522375301005564
6428,83,415,420,1,2.7522375301005564
6775,92,460,465,1,2.7522375301005564
6776,92,460,465,1,2.7522375301005564
7025,99,495,500,1,2.7522375301005564
7133,102,510,515,1,2.7522375301005564
7503,112,560,565,1,2.7522375301005564
7504,112,560,565,1,2.7522375301005564
7575,114,570,575,1,2.7522375301005564
9143,155,775,780,1,2.7522375301005564
9284,159,795,800,1,2.7522375301005564
9324,160,800,805,1,2.7522375301005564
9379,162,810,815,1,2.7522375301005564
9591,168,840,845,1,2.7522375301005564
9592,168,840,845,1,2.7522375301005564
9709,172,860,865,1,2.7522375301005564
9811,175,875,880,1,2.7522375301005564
9855,176,880,885,1,2.7522375301005564
10493,194,970,975,1,2.7522375301005564
10672,199,995,1000,1,2.7522375301005564
11186,215,1075,1080,1,2.7522375301005564
11187,215,1075,1080,1,2.7522375301005564
11285,218,1090,1095,1,2.7522375301005564
11322,219,1095,1100,1,2.7522375301005564
11353,220,1100,1105,1,2.7522375301005564
11438,223,1115,1120,1,2.7522375301005564
11573,228,1140,1145,1,2.7522375301005564
12208,252,1260,1265,1,2.7522375301005564
12209,252,1260,1265,1,2.7522375301005564
12281,255,1275,1280,1,2.7522375301005564
12309,256,1280,1285,1,2.7522375301005564
12391,260,1300,1305,1,2.7522375301005564
12392,260,1300,1305,1,2.7522375301005564
12463,263,1315,1320,1,2.7522375301005564
12671,273,1365,1370,1,2.7522375301005564
12878,282,1410,1415,1,2.7522375301005564
13289,303,1515,1520,1,2.7522375301005564
13367,307,1535,1540,1,2.7522375301005564
13644,326,1630,1635,1,2.7522375301005564
13747,334,1670,1675,1,2.7522375301005564
13781,337,1685,1690,1,2.7522375301005564
13816,340,1700,1705,1,2.7522375301005564
14120,368,1840,1845,1,2.7522375301005564
14211,382,1910,1915,1,2.7522375301005564
14338,406,2030,2035,1,2.7522375301005564
3105,23,115,120,1,2.751639763545841
3766,32,160,165,1,2.751639763545841
3845,33,165,170,1,2.751639763545841
3965,35,175,180,1,2.751639763545841
4093,37,185,190,1,2.751639763545841
4094,37,185,190,1,2.751639763545841
4338,41,205,210,1,2.751639763545841
4391,42,210,215,1,2.751639763545841
4494,44,220,225,1,2.751639763545841
4667,47,235,240,1,2.751639763545841
4720,48,240,245,1,2.751639763545841
4777,49,245,250,1,2.751639763545841
5044,54,270,275,1,2.751639763545841
5108,55,275,280,1,2.751639763545841
5110,55,275,280,1,2.751639763545841
5155,56,280,285,1,2.751639763545841
5317,59,295,300,1,2.751639763545841
5370,60,300,305,1,2.751639763545841
5478,62,310,315,1,2.751639763545841
5677,66,330,335,1,2.751639763545841
5678,66,330,335,1,2.751639763545841
5720,67,335,340,1,2.751639763545841
5721,67,335,340,1,2.751639763545841
6001,73,365,370,1,2.751639763545841
6187,77,385,390,1,2.751639763545841
6383,82,410,415,1,2.751639763545841
6502,85,425,430,1,2.751639763545841
6840,94,470,475,1,2.751639763545841
6992,98,490,495,1,2.751639763545841
7132,102,510,515,1,2.751639763545841
7167,103,515,520,1,2.751639763545841
7331,107,535,540,1,2.751639763545841
7502,112,560,565,1,2.751639763545841
8009,126,630,635,1,2.751639763545841
8045,127,635,640,1,2.751639763545841
8127,129,645,650,1,2.751639763545841
8462,137,685,690,1,2.751639763545841
8854,147,735,740,1,2.751639763545841
8922,149,745,750,1,2.751639763545841
9214,157,785,790,1,2.751639763545841
9378,162,810,815,1,2.751639763545841
9629,169,845,850,1,2.751639763545841
9708,172,860,865,1,2.751639763545841
9745,173,865,870,1,2.751639763545841
9998,180,900,905,1,2.751639763545841
9999,180,900,905,1,2.751639763545841
10338,190,950,955,1,2.751639763545841
10532,195,975,980,1,2.751639763545841
10598,197,985,990,1,2.751639763545841
11105,212,1060,1065,1,2.751639763545841
11222,216,1080,1085,1,2.751639763545841
11284,218,1090,1095,1,2.751639763545841
11638,230,1150,1155,1,2.751639763545841
11693,232,1160,1165,1,2.751639763545841
11773,235,1175,1180,1,2.751639763545841
12054,246,1230,1235,1,2.751639763545841
12368,259,1295,1300,1,2.751639763545841
12600,269,1345,1350,1,2.751639763545841
12623,270,1350,1355,1,2.751639763545841
12670,273,1365,1370,1,2.751639763545841
12854,281,1405,1410,1,2.751639763545841
12931,284,1420,1425,1,2.751639763545841
12947,285,1425,1430,1,2.751639763545841
12967,286,1430,1435,1,2.751639763545841
13247,300,1500,1505,1,2.751639763545841
13269,302,1510,1515,1,2.751639763545841
13446,312,1560,1565,1,2.751639763545841
13462,313,1565,1570,1,2.751639763545841
13500,316,1580,1585,1,2.751639763545841
13519,317,1585,1590,1,2.751639763545841
13551,319,1595,1600,1,2.751639763545841
13619,324,1620,1625,1,2.751639763545841
13764,335,1675,1680,1,2.751639763545841
13841,342,1710,1715,1,2.751639763545841
13884,345,1725,1730,1,2.751639763545841
13906,347,1735,1740,1,2.751639763545841
14119,368,1840,1845,1,2.751639763545841
14210,382,1910,1915,1,2.751639763545841
14337,406,2030,2035,1,2.751639763545841
14342,408,2040,2045,1,2.751639763545841
1973,11,55,60,1,2.751639763541149
3262,25,125,130,1,2.751639763541149
3553,29,145,150,1,2.751639763541149
3844,33,165,170,1,2.751639763541149
4036,36,180,185,1,2.751639763541149
4223,39,195,200,1,2.751639763541149
4337,41,205,210,1,2.751639763541149
4495,44,220,225,1,2.751639763541149
4550,45,225,230,1,2.751639763541149
4889,51,255,260,1,2.751639763541149
4890,51,255,260,1,2.751639763541149
5043,54,270,275,1,2.751639763541149
5109,55,275,280,1,2.751639763541149
5261,58,290,295,1,2.751639763541149
5315,59,295,300,1,2.751639763541149
5316,59,295,300,1,2.751639763541149
5479,62,310,315,1,2.751639763541149
5625,65,325,330,1,2.751639763541149
5626,65,325,330,1,2.751639763541149
6186,77,385,390,1,2.751639763541149
6314,80,400,405,1,2.751639763541149
6346,81,405,410,1,2.751639763541149
6733,91,455,460,1,2.751639763541149
6841,94,470,475,1,2.751639763541149
7168,103,515,520,1,2.751639763541149
7201,104,520,525,1,2.751639763541149
7252,105,525,530,1,2.751639763541149
7288,106,530,535,1,2.751639763541149
7289,106,530,535,1,2.751639763541149
7688,117,585,590,1,2.751639763541149
7932,124,620,625,1,2.751639763541149
7965,125,625,630,1,2.751639763541149
8083,128,640,645,1,2.751639763541149
8671,142,710,715,1,2.751639763541149
9036,152,760,765,1,2.751639763541149
9073,153,765,770,1,2.751639763541149
9354,161,805,810,1,2.751639763541149
9485,165,825,830,1,2.751639763541149
10039,181,905,910,1,2.751639763541149
10371,191,955,960,1,2.751639763541149
10567,196,980,985,1,2.751639763541149
10949,207,1035,1040,1,2.751639763541149
11220,216,1080,1085,1,2.751639763541149
11221,216,1080,1085,1,2.751639763541149
11283,218,1090,1095,1,2.751639763541149
11377,221,1105,1110,1,2.751639763541149
11661,231,1155,1160,1,2.751639763541149
11852,238,1190,1195,1,2.751639763541149
11921,240,1200,1205,1,2.751639763541149
12114,248,1240,1245,1,2.751639763541149
12157,250,1250,1255,1,2.751639763541149
12280,255,1275,1280,1,2.751639763541149
12462,263,1315,1320,1,2.751639763541149
12506,265,1325,1330,1,2.751639763541149
12740,276,1380,1385,1,2.751639763541149
12910,283,1415,1420,1,2.751639763541149
12932,284,1420,1425,1,2.751639763541149
13046,290,1450,1455,1,2.751639763541149
13047,290,1450,1455,1,2.751639763541149
13366,307,1535,1540,1,2.751639763541149
13630,325,1625,1630,1,2.751639763541149
13717,332,1660,1665,1,2.751639763541149
13746,334,1670,1675,1,2.751639763541149
13916,348,1740,1745,1,2.751639763541149
13954,351,1755,1760,1,2.751639763541149
13987,354,1770,1775,1,2.751639763541149
14026,357,1785,1790,1,2.751639763541149
14045,360,1800,1805,1,2.751639763541149
14176,377,1885,1890,1,2.751639763541149
14225,384,1920,1925,1,2.751639763541149
5,0,0,5,1,2.751041764149453
1418,7,35,40,1,2.751041764149453
3336,26,130,135,1,2.751041764149453
3633,30,150,155,1,2.751041764149453
3693,31,155,160,1,2.751041764149453
3961,35,175,180,1,2.751041764149453
3963,35,175,180,1,2.751041764149453
4092,37,185,190,1,2.751041764149453
4222,39,195,200,1,2.751041764149453
4390,42,210,215,1,2.751041764149453
4441,43,215,220,1,2.751041764149453
4549,45,225,230,1,2.751041764149453
4608,46,230,235,1,2.751041764149453
4946,52,260,265,1,2.751041764149453
5154,56,280,285,1,2.751041764149453
5368,60,300,305,1,2.751041764149453
5520,63,315,320,1,2.751041764149453
5574,64,320,325,1,2.751041764149453
5815,69,345,350,1,2.751041764149453
5948,72,360,365,1,2.751041764149453
6000,73,365,370,1,2.751041764149453
6141,76,380,385,1,2.751041764149453
6345,81,405,410,1,2.751041764149453
6579,87,435,440,1,2.751041764149453
6618,88,440,445,1,2.751041764149453
7023,99,495,500,1,2.751041764149453
7250,105,525,530,1,2.751041764149453
7433,110,550,555,1,2.751041764149453
7467,111,555,560,1,2.751041764149453
7501,112,560,565,1,2.751041764149453
7622,115,575,580,1,2.751041764149453
7793,120,600,605,1,2.751041764149453
7829,121,605,610,1,2.751041764149453
8172,130,650,655,1,2.751041764149453
8411,136,680,685,1,2.751041764149453
8412,136,680,685,1,2.751041764149453
8885,148,740,745,1,2.751041764149453
8992,151,755,760,1,2.751041764149453
9283,159,795,800,1,2.751041764149453
9885,177,885,890,1,2.751041764149453
9960,179,895,900,1,2.751041764149453
10456,193,965,970,1,2.751041764149453
10531,195,975,980,1,2.751041764149453
10948,207,1035,1040,1,2.751041764149453
11070,211,1055,1060,1,2.751041764149453
11219,216,1080,1085,1,2.751041764149453
11252,217,1085,1090,1,2.751041764149453
11376,221,1105,1110,1,2.751041764149453
11467,224,1120,1125,1,2.751041764149453
11602,229,1145,1150,1,2.751041764149453
11772,235,1175,1180,1,2.751041764149453
11886,239,1195,1200,1,2.751041764149453
12000,244,1220,1225,1,2.751041764149453
12028,245,1225,1230,1,2.751041764149453
12238,253,1265,1270,1,2.751041764149453
12622,270,1350,1355,1,2.751041764149453
12655,272,1360,1365,1,2.751041764149453
12756,277,1385,1390,1,2.751041764149453
12877,282,1410,1415,1,2.751041764149453
12907,283,1415,1420,1,2.751041764149453
12908,283,1415,1420,1,2.751041764149453
12909,283,1415,1420,1,2.751041764149453
12977,287,1435,1440,1,2.751041764149453
12998,288,1440,1445,1,2.751041764149453
13045,290,1450,1455,1,2.751041764149453
13323,305,1525,1530,1,2.751041764149453
13540,318,1590,1595,1,2.751041764149453
13586,322,1610,1615,1,2.751041764149453
13618,324,1620,1625,1,2.751041764149453
13706,331,1655,1660,1,2.751041764149453
13867,344,1720,1725,1,2.751041764149453
13981,353,1765,1770,1,2.751041764149453
14039,359,1795,1800,1,2.751041764149453
14118,368,1840,1845,1,2.751041764149453
14151,373,1865,1870,1,2.751041764149453
14170,376,1880,1885,1,2.751041764149453
14381,419,2095,2100,1,2.751041764149453
14402,425,2125,2130,1,2.751041764149453
2292,14,70,75,1,2.7510417641447615
3694,31,155,160,1,2.7510417641447615
3765,32,160,165,1,2.7510417641447615
3962,35,175,180,1,2.7510417641447615
3964,35,175,180,1,2.7510417641447615
4035,36,180,185,1,2.7510417641447615
4155,38,190,195,1,2.7510417641447615
4719,48,240,245,1,2.7510417641447615
5042,54,270,275,1,2.7510417641447615
5106,55,275,280,1,2.7510417641447615
5107,55,275,280,1,2.7510417641447615
5369,60,300,305,1,2.7510417641447615
5427,61,305,310,1,2.7510417641447615
5676,66,330,335,1,2.7510417641447615
6082,75,375,380,1,2.7510417641447615
6185,77,385,390,1,2.7510417641447615
6427,83,415,420,1,2.7510417641447615
6960,97,485,490,1,2.7510417641447615
7058,100,500,505,1,2.7510417641447615
7091,101,505,510,1,2.7510417641447615
7251,105,525,530,1,2.7510417641447615
7687,117,585,590,1,2.7510417641447615
7725,118,590,595,1,2.7510417641447615
7901,123,615,620,1,2.7510417641447615
7964,125,625,630,1,2.7510417641447615
8126,129,645,650,1,2.7510417641447615
8293,133,665,670,1,2.7510417641447615
8503,138,690,695,1,2.7510417641447615
8636,141,705,710,1,2.7510417641447615
8744,144,720,725,1,2.7510417641447615
9810,175,875,880,1,2.7510417641447615
9917,178,890,895,1,2.7510417641447615
10109,183,915,920,1,2.7510417641447615
10491,194,970,975,1,2.7510417641447615
11185,215,1075,1080,1,2.7510417641447615
11282,218,1090,1095,1,2.7510417641447615
11551,227,1135,1140,1,2.7510417641447615
11660,231,1155,1160,1,2.7510417641447615
11728,233,1165,1170,1,2.7510417641447615
11820,237,1185,1190,1,2.7510417641447615
11821,237,1185,1190,1,2.7510417641447615
11851,238,1190,1195,1,2.7510417641447615
11920,240,1200,1205,1,2.7510417641447615
12113,248,1240,1245,1,2.7510417641447615
12156,250,1250,1255,1,2.7510417641447615
12237,253,1265,1270,1,2.7510417641447615
12693,274,1370,1375,1,2.7510417641447615
12755,277,1385,1390,1,2.7510417641447615
12821,280,1400,1405,1,2.7510417641447615
12822,280,1400,1405,1,2.7510417641447615
13093,292,1460,1465,1,2.7510417641447615
13192,297,1485,1490,1,2.7510417641447615
13260,301,1505,1510,1,2.7510417641447615
13385,308,1540,1545,1,2.7510417641447615
13480,314,1570,1575,1,2.7510417641447615
13499,316,1580,1585,1,2.7510417641447615
13599,323,1615,1620,1,2.7510417641447615
13716,332,1660,1665,1,2.7510417641447615
13928,349,1745,1750,1,2.7510417641447615
13953,351,1755,1760,1,2.7510417641447615
14001,355,1775,1780,1,2.7510417641447615
14025,357,1785,1790,1,2.7510417641447615
14065,363,1815,1820,1,2.7510417641447615
14269,392,1960,1965,1,2.7510417641447615
14336,406,2030,2035,1,2.7510417641447615
764,4,20,25,1,2.7504435319724507
3335,26,130,135,1,2.7504435319724507
3417,27,135,140,1,2.7504435319724507
3764,32,160,165,1,2.7504435319724507
4034,36,180,185,1,2.7504435319724507
4389,42,210,215,1,2.7504435319724507
4607,46,230,235,1,2.7504435319724507
5041,54,270,275,1,2.7504435319724507
5105,55,275,280,1,2.7504435319724507
5151,56,280,285,1,2.7504435319724507
5152,56,280,285,1,2.7504435319724507
5314,59,295,300,1,2.7504435319724507
5814,69,345,350,1,2.7504435319724507
5861,70,350,355,1,2.7504435319724507
6279,79,395,400,1,2.7504435319724507
6312,80,400,405,1,2.7504435319724507
6313,80,400,405,1,2.7504435319724507
6344,81,405,410,1,2.7504435319724507
6651,89,445,450,1,2.7504435319724507
6694,90,450,455,1,2.7504435319724507
6773,92,460,465,1,2.7504435319724507
6839,94,470,475,1,2.7504435319724507
6914,96,480,485,1,2.7504435319724507
6915,96,480,485,1,2.7504435319724507
7200,104,520,525,1,2.7504435319724507
7401,109,545,550,1,2.7504435319724507
7899,123,615,620,1,2.7504435319724507
7900,123,615,620,1,2.7504435319724507
8243,132,660,665,1,2.7504435319724507
8292,133,665,670,1,2.7504435319724507
8555,139,695,700,1,2.7504435319724507
8635,141,705,710,1,2.7504435319724507
8817,146,730,735,1,2.7504435319724507
8818,146,730,735,1,2.7504435319724507
9108,154,770,775,1,2.7504435319724507
9282,159,795,800,1,2.7504435319724507
9416,163,815,820,1,2.7504435319724507
10038,181,905,910,1,2.7504435319724507
10171,185,925,930,1,2.7504435319724507
10232,187,935,940,1,2.7504435319724507
10566,196,980,985,1,2.7504435319724507
10597,197,985,990,1,2.7504435319724507
10778,202,1010,1015,1,2.7504435319724507
10814,203,1015,1020,1,2.7504435319724507
10855,204,1020,1025,1,2.7504435319724507
11280,218,1090,1095,1,2.7504435319724507
11691,232,1160,1165,1,2.7504435319724507
11692,232,1160,1165,1,2.7504435319724507
11819,237,1185,1190,1,2.7504435319724507
12184,251,1255,1260,1,2.7504435319724507
12185,251,1255,1260,1,2.7504435319724507
12186,251,1255,1260,1,2.7504435319724507
12207,252,1260,1265,1,2.7504435319724507
12621,270,1350,1355,1,2.7504435319724507
12724,275,1375,1380,1,2.7504435319724507
12739,276,1380,1385,1,2.7504435319724507
12819,280,1400,1405,1,2.7504435319724507
12930,284,1420,1425,1,2.7504435319724507
12997,288,1440,1445,1,2.7504435319724507
13022,289,1445,1450,1,2.7504435319724507
13092,292,1460,1465,1,2.7504435319724507
13268,302,1510,1515,1,2.7504435319724507
13421,310,1550,1555,1,2.7504435319724507
13439,311,1555,1560,1,2.7504435319724507
13517,317,1585,1590,1,2.7504435319724507
13550,319,1595,1600,1,2.7504435319724507
13563,320,1600,1605,1,2.7504435319724507
13617,324,1620,1625,1,2.7504435319724507
13658,327,1635,1640,1,2.7504435319724507
13705,331,1655,1660,1,2.7504435319724507
13893,346,1730,1735,1,2.7504435319724507
13941,350,1750,1755,1,2.7504435319724507
14031,358,1790,1795,1,2.7504435319724507
14245,387,1935,1940,1,2.7504435319724507
14325,404,2020,2025,1,2.7504435319724507
14419,433,2165,2170,1,2.7504435319724507
3181,24,120,125,1,2.7504435319677607
3632,30,150,155,1,2.7504435319677607
3692,31,155,160,1,2.7504435319677607
3960,35,175,180,1,2.7504435319677607
4091,37,185,190,1,2.7504435319677607
4153,38,190,195,1,2.7504435319677607
4666,47,235,240,1,2.7504435319677607
4830,50,250,255,1,2.7504435319677607
5104,55,275,280,1,2.7504435319677607
5153,56,280,285,1,2.7504435319677607
5367,60,300,305,1,2.7504435319677607
5426,61,305,310,1,2.7504435319677607
5519,63,315,320,1,2.7504435319677607
5673,66,330,335,1,2.7504435319677607
5674,66,330,335,1,2.7504435319677607
6037,74,370,375,1,2.7504435319677607
6139,76,380,385,1,2.7504435319677607
6140,76,380,385,1,2.7504435319677607
6538,86,430,435,1,2.7504435319677607
6539,86,430,435,1,2.7504435319677607
6772,92,460,465,1,2.7504435319677607
6774,92,460,465,1,2.7504435319677607
6959,97,485,490,1,2.7504435319677607
7285,106,530,535,1,2.7504435319677607
7286,106,530,535,1,2.7504435319677607
7861,122,610,615,1,2.7504435319677607
8125,129,645,650,1,2.7504435319677607
8242,132,660,665,1,2.7504435319677607
8366,135,675,680,1,2.7504435319677607
8461,137,685,690,1,2.7504435319677607
8743,144,720,725,1,2.7504435319677607
9072,153,765,770,1,2.7504435319677607
9514,166,830,835,1,2.7504435319677607
9628,169,845,850,1,2.7504435319677607
9854,176,880,885,1,2.7504435319677607
10337,190,950,955,1,2.7504435319677607
10455,193,965,970,1,2.7504435319677607
10630,198,990,995,1,2.7504435319677607
11281,218,1090,1095,1,2.7504435319677607
11409,222,1110,1115,1,2.7504435319677607
11572,228,1140,1145,1,2.7504435319677607
11658,231,1155,1160,1,2.7504435319677607
11659,231,1155,1160,1,2.7504435319677607
11753,234,1170,1175,1,2.7504435319677607
11771,235,1175,1180,1,2.7504435319677607
11885,239,1195,1200,1,2.7504435319677607
12260,254,1270,1275,1,2.7504435319677607
12484,264,1320,1325,1,2.7504435319677607
12505,265,1325,1330,1,2.7504435319677607
12798,279,1395,1400,1,2.7504435319677607
12820,280,1400,1405,1,2.7504435319677607
12876,282,1410,1415,1,2.7504435319677607
12906,283,1415,1420,1,2.7504435319677607
12996,288,1440,1445,1,2.7504435319677607
13044,290,1450,1455,1,2.7504435319677607
13091,292,1460,1465,1,2.7504435319677607
13134,294,1470,1475,1,2.7504435319677607
13245,300,1500,1505,1,2.7504435319677607
13246,300,1500,1505,1,2.7504435319677607
13518,317,1585,1590,1,2.7504435319677607
13675,328,1640,1645,1,2.7504435319677607
13840,342,1710,1715,1,2.7504435319677607
13866,344,1720,1725,1,2.7504435319677607
13905,347,1735,1740,1,2.7504435319677607
14000,355,1775,1780,1,2.7504435319677607
14013,356,1780,1785,1,2.7504435319677607
14084,365,1825,1830,1,2.7504435319677607
14194,380,1900,1905,1,2.7504435319677607
14460,455,2275,2280,1,2.7504435319677607
992,5,25,30,1,2.7498450670646477
1576,8,40,45,1,2.7498450670646477
1849,10,50,55,1,2.7498450670646477
3691,31,155,160,1,2.7498450670646477
3841,33,165,170,1,2.7498450670646477
4032,36,180,185,1,2.7498450670646477
4033,36,180,185,1,2.7498450670646477
4152,38,190,195,1,2.7498450670646477
4219,39,195,200,1,2.7498450670646477
4274,40,200,205,1,2.7498450670646477
4492,44,220,225,1,2.7498450670646477
4776,49,245,250,1,2.7498450670646477
4828,50,250,255,1,2.7498450670646477
4829,50,250,255,1,2.7498450670646477
5311,59,295,300,1,2.7498450670646477
5312,59,295,300,1,2.7498450670646477
5313,59,295,300,1,2.7498450670646477
5477,62,310,315,1,2.7498450670646477
5573,64,320,325,1,2.7498450670646477
5719,67,335,340,1,2.7498450670646477
5902,71,355,360,1,2.7498450670646477
5947,72,360,365,1,2.7498450670646477
5999,73,365,370,1,2.7498450670646477
6081,75,375,380,1,2.7498450670646477
6343,81,405,410,1,2.7498450670646477
6537,86,430,435,1,2.7498450670646477
6693,90,450,455,1,2.7498450670646477
6732,91,455,460,1,2.7498450670646477
6958,97,485,490,1,2.7498450670646477
7330,107,535,540,1,2.7498450670646477
7432,110,550,555,1,2.7498450670646477
7466,111,555,560,1,2.7498450670646477
7574,114,570,575,1,2.7498450670646477
7724,118,590,595,1,2.7498450670646477
8008,126,630,635,1,2.7498450670646477
8499,138,690,695,1,2.7498450670646477
8500,138,690,695,1,2.7498450670646477
8501,138,690,695,1,2.7498450670646477
8502,138,690,695,1,2.7498450670646477
8634,141,705,710,1,2.7498450670646477
8670,142,710,715,1,2.7498450670646477
8709,143,715,720,1,2.7498450670646477
8776,145,725,730,1,2.7498450670646477
8853,147,735,740,1,2.7498450670646477
9883,177,885,890,1,2.7498450670646477
10141,184,920,925,1,2.7498450670646477
10170,185,925,930,1,2.7498450670646477
10454,193,965,970,1,2.7498450670646477
11279,218,1090,1095,1,2.7498450670646477
11375,221,1105,1110,1,2.7498450670646477
11504,225,1125,1130,1,2.7498450670646477
11505,225,1125,1130,1,2.7498450670646477
11770,235,1175,1180,1,2.7498450670646477
11793,236,1180,1185,1,2.7498450670646477
11919,240,1200,1205,1,2.7498450670646477
11952,242,1210,1215,1,2.7498450670646477
12053,246,1230,1235,1,2.7498450670646477
12082,247,1235,1240,1,2.7498450670646477
12183,251,1255,1260,1,2.7498450670646477
12504,265,1325,1330,1,2.7498450670646477
12738,276,1380,1385,1,2.7498450670646477
12875,282,1410,1415,1,2.7498450670646477
12966,286,1430,1435,1,2.7498450670646477
12995,288,1440,1445,1,2.7498450670646477
13042,290,1450,1455,1,2.7498450670646477
13043,290,1450,1455,1,2.7498450670646477
13115,293,1465,1470,1,2.7498450670646477
13213,298,1490,1495,1,2.7498450670646477
13267,302,1510,1515,1,2.7498450670646477
13384,308,1540,1545,1,2.7498450670646477
13537,318,1590,1595,1,2.7498450670646477
13538,318,1590,1595,1,2.7498450670646477
13539,318,1590,1595,1,2.7498450670646477
13598,323,1615,1620,1,2.7498450670646477
13616,324,1620,1625,1,2.7498450670646477
13657,327,1635,1640,1,2.7498450670646477
13763,335,1675,1680,1,2.7498450670646477
14083,365,1825,1830,1,2.7498450670646477
14159,374,1870,1875,1,2.7498450670646477
14209,382,1910,1915,1,2.7498450670646477
14251,388,1940,1945,1,2.7498450670646477
14331,405,2025,2030,1,2.7498450670646477
14380,419,2095,2100,1,2.7498450670646477
14405,427,2135,2140,1,2.7498450670646477
763,4,20,25,1,2.7498450670599586
3416,27,135,140,1,2.7498450670599586
3551,29,145,150,1,2.7498450670599586
3631,30,150,155,1,2.7498450670599586
3843,33,165,170,1,2.7498450670599586
4089,37,185,190,1,2.7498450670599586
4335,41,205,210,1,2.7498450670599586
4336,41,205,210,1,2.7498450670599586
4439,43,215,220,1,2.7498450670599586
4440,43,215,220,1,2.7498450670599586
4718,48,240,245,1,2.7498450670599586
5150,56,280,285,1,2.7498450670599586
5260,58,290,295,1,2.7498450670599586
5476,62,310,315,1,2.7498450670599586
5624,65,325,330,1,2.7498450670599586
5860,70,350,355,1,2.7498450670599586
6080,75,375,380,1,2.7498450670599586
6138,76,380,385,1,2.7498450670599586
6228,78,390,395,1,2.7498450670599586
6278,79,395,400,1,2.7498450670599586
6426,83,415,420,1,2.7498450670599586
6501,85,425,430,1,2.7498450670599586
6617,88,440,445,1,2.7498450670599586
6650,89,445,450,1,2.7498450670599586
6874,95,475,480,1,2.7498450670599586
7131,102,510,515,1,2.7498450670599586
7500,112,560,565,1,2.7498450670599586
7532,113,565,570,1,2.7498450670599586
7533,113,565,570,1,2.7498450670599586
8123,129,645,650,1,2.7498450670599586
8124,129,645,650,1,2.7498450670599586
8241,132,660,665,1,2.7498450670599586
8410,136,680,685,1,2.7498450670599586
8460,137,685,690,1,2.7498450670599586
8710,143,715,720,1,2.7498450670599586
8816,146,730,735,1,2.7498450670599586
9683,171,855,860,1,2.7498450670599586
9884,177,885,890,1,2.7498450670599586
9997,180,900,905,1,2.7498450670599586
10142,184,920,925,1,2.7498450670599586
10565,196,980,985,1,2.7498450670599586
10739,201,1005,1010,1,2.7498450670599586
10777,202,1010,1015,1,2.7498450670599586
11046,210,1050,1055,1,2.7498450670599586
11503,225,1125,1130,1,2.7498450670599586
11884,239,1195,1200,1,2.7498450670599586
12155,250,1250,1255,1,2.7498450670599586
12308,256,1280,1285,1,2.7498450670599586
12352,258,1290,1295,1,2.7498450670599586
12353,258,1290,1295,1,2.7498450670599586
12354,258,1290,1295,1,2.7498450670599586
12444,262,1310,1315,1,2.7498450670599586
12547,267,1335,1340,1,2.7498450670599586
12654,272,1360,1365,1,2.7498450670599586
12797,279,1395,1400,1,2.7498450670599586
12965,286,1430,1435,1,2.7498450670599586
13259,301,1505,1510,1,2.7498450670599586
13303,304,1520,1525,1,2.7498450670599586
13516,317,1585,1590,1,2.7498450670599586
13549,319,1595,1600,1,2.7498450670599586
13704,331,1655,1660,1,2.7498450670599586
13773,336,1680,1685,1,2.7498450670599586
13839,342,1710,1715,1,2.7498450670599586
13854,343,1715,1720,1,2.7498450670599586
13883,345,1725,1730,1,2.7498450670599586
13904,347,1735,1740,1,2.7498450670599586
13927,349,1745,1750,1,2.7498450670599586
13965,352,1760,1765,1,2.7498450670599586
14103,367,1835,1840,1,2.7498450670599586
14131,370,1850,1855,1,2.7498450670599586
14193,380,1900,1905,1,2.7498450670599586
14376,417,2085,2090,1,2.7498450670599586
14389,421,2105,2110,1,2.7498450670599586
1575,8,40,45,1,2.7492463694745446
2291,14,70,75,1,2.7492463694745446
2583,17,85,90,1,2.7492463694745446
3840,33,165,170,1,2.7492463694745446
3957,35,175,180,1,2.7492463694745446
4088,37,185,190,1,2.7492463694745446
4151,38,190,195,1,2.7492463694745446
4218,39,195,200,1,2.7492463694745446
4273,40,200,205,1,2.7492463694745446
4388,42,210,215,1,2.7492463694745446
4438,43,215,220,1,2.7492463694745446
4491,44,220,225,1,2.7492463694745446
4887,51,255,260,1,2.7492463694745446
4995,53,265,270,1,2.7492463694745446
5040,54,270,275,1,2.7492463694745446
5149,56,280,285,1,2.7492463694745446
5310,59,295,300,1,2.7492463694745446
5366,60,300,305,1,2.7492463694745446
5518,63,315,320,1,2.7492463694745446
5571,64,320,325,1,2.7492463694745446
5572,64,320,325,1,2.7492463694745446
5997,73,365,370,1,2.7492463694745446
5998,73,365,370,1,2.7492463694745446
6804,93,465,470,1,2.7492463694745446
6872,95,475,480,1,2.7492463694745446
6957,97,485,490,1,2.7492463694745446
7090,101,505,510,1,2.7492463694745446
7329,107,535,540,1,2.7492463694745446
7465,111,555,560,1,2.7492463694745446
7499,112,560,565,1,2.7492463694745446
7621,115,575,580,1,2.7492463694745446
7651,116,580,585,1,2.7492463694745446
7827,121,605,610,1,2.7492463694745446
7828,121,605,610,1,2.7492463694745446
8122,129,645,650,1,2.7492463694745446
8290,133,665,670,1,2.7492463694745446
8291,133,665,670,1,2.7492463694745446
8498,138,690,695,1,2.7492463694745446
8955,150,750,755,1,2.7492463694745446
8991,151,755,760,1,2.7492463694745446
9353,161,805,810,1,2.7492463694745446
9513,166,830,835,1,2.7492463694745446
9590,168,840,845,1,2.7492463694745446
10073,182,910,915,1,2.7492463694745446
10140,184,920,925,1,2.7492463694745446
10490,194,970,975,1,2.7492463694745446
10564,196,980,985,1,2.7492463694745446
10708,200,1000,1005,1,2.7492463694745446
10709,200,1000,1005,1,2.7492463694745446
11045,210,1050,1055,1,2.7492463694745446
11437,223,1115,1120,1,2.7492463694745446
11637,230,1150,1155,1,2.7492463694745446
11818,237,1185,1190,1,2.7492463694745446
12154,250,1250,1255,1,2.7492463694745446
12259,254,1270,1275,1,2.7492463694745446
12390,260,1300,1305,1,2.7492463694745446
12502,265,1325,1330,1,2.7492463694745446
12639,271,1355,1360,1,2.7492463694745446
12873,282,1410,1415,1,2.7492463694745446
12874,282,1410,1415,1,2.7492463694745446
12905,283,1415,1420,1,2.7492463694745446
12963,286,1430,1435,1,2.7492463694745446
12964,286,1430,1435,1,2.7492463694745446
13041,290,1450,1455,1,2.7492463694745446
13090,292,1460,1465,1,2.7492463694745446
13191,297,1485,1490,1,2.7492463694745446
13243,300,1500,1505,1,2.7492463694745446
13302,304,1520,1525,1,2.7492463694745446
13322,305,1525,1530,1,2.7492463694745446
13419,310,1550,1555,1,2.7492463694745446
13515,317,1585,1590,1,2.7492463694745446
13576,321,1605,1610,1,2.7492463694745446
13597,323,1615,1620,1,2.7492463694745446
13629,325,1625,1630,1,2.7492463694745446
13762,335,1675,1680,1,2.7492463694745446
13828,341,1705,1710,1,2.7492463694745446
13903,347,1735,1740,1,2.7492463694745446
13952,351,1755,1760,1,2.7492463694745446
14024,357,1785,1790,1,2.7492463694745446
14117,368,1840,1845,1,2.7492463694745446
14137,371,1855,1860,1,2.7492463694745446
14169,376,1880,1885,1,2.7492463694745446
14298,397,1985,1990,1,2.7492463694745446
14308,399,1995,2000,1,2.7492463694745446
1721,9,45,50,1,2.7492463694698563
3489,28,140,145,1,2.7492463694698563
3905,34,170,175,1,2.7492463694698563
3958,35,175,180,1,2.7492463694698563
3959,35,175,180,1,2.7492463694698563
4031,36,180,185,1,2.7492463694698563
4272,40,200,205,1,2.7492463694698563
4606,46,230,235,1,2.7492463694698563
5039,54,270,275,1,2.7492463694698563
5103,55,275,280,1,2.7492463694698563
5205,57,285,290,1,2.7492463694698563
5309,59,295,300,1,2.7492463694698563
5475,62,310,315,1,2.7492463694698563
5622,65,325,330,1,2.7492463694698563
6184,77,385,390,1,2.7492463694698563
6382,82,410,415,1,2.7492463694698563
6649,89,445,450,1,2.7492463694698563
6870,95,475,480,1,2.7492463694698563
6871,95,475,480,1,2.7492463694698563
6873,95,475,480,1,2.7492463694698563
6991,98,490,495,1,2.7492463694698563
7166,103,515,520,1,2.7492463694698563
7199,104,520,525,1,2.7492463694698563
7375,108,540,545,1,2.7492463694698563
7963,125,625,630,1,2.7492463694698563
8007,126,630,635,1,2.7492463694698563
8170,130,650,655,1,2.7492463694698563
8171,130,650,655,1,2.7492463694698563
8240,132,660,665,1,2.7492463694698563
8365,135,675,680,1,2.7492463694698563
8497,138,690,695,1,2.7492463694698563
9247,158,790,795,1,2.7492463694698563
9323,160,800,805,1,2.7492463694698563
9627,169,845,850,1,2.7492463694698563
9996,180,900,905,1,2.7492463694698563
10074,182,910,915,1,2.7492463694698563
10231,187,935,940,1,2.7492463694698563
10854,204,1020,1025,1,2.7492463694698563
11727,233,1165,1170,1,2.7492463694698563
11817,237,1185,1190,1,2.7492463694698563
12027,245,1225,1230,1,2.7492463694698563
12329,257,1285,1290,1,2.7492463694698563
12367,259,1295,1300,1,2.7492463694698563
12461,263,1315,1320,1,2.7492463694698563
12503,265,1325,1330,1,2.7492463694698563
12528,266,1330,1335,1,2.7492463694698563
12872,282,1410,1415,1,2.7492463694698563
13114,293,1465,1470,1,2.7492463694698563
13190,297,1485,1490,1,2.7492463694698563
13212,298,1490,1495,1,2.7492463694698563
13345,306,1530,1535,1,2.7492463694698563
13365,307,1535,1540,1,2.7492463694698563
13420,310,1550,1555,1,2.7492463694698563
13561,320,1600,1605,1,2.7492463694698563
13562,320,1600,1605,1,2.7492463694698563
13575,321,1605,1610,1,2.7492463694698563
13585,322,1610,1615,1,2.7492463694698563
13596,323,1615,1620,1,2.7492463694698563
13628,325,1625,1630,1,2.7492463694698563
13643,326,1630,1635,1,2.7492463694698563
13815,340,1700,1705,1,2.7492463694698563
13964,352,1760,1765,1,2.7492463694698563
13998,355,1775,1780,1,2.7492463694698563
13999,355,1775,1780,1,2.7492463694698563
14023,357,1785,1790,1,2.7492463694698563
14044,360,1800,1805,1,2.7492463694698563
14064,363,1815,1820,1,2.7492463694698563
14175,377,1885,1890,1,2.7492463694698563
14394,422,2110,2115,1,2.7492463694698563
762,4,20,25,1,2.7486474392558864
2677,18,90,95,1,2.7486474392558864
3690,31,155,160,1,2.7486474392558864
3956,35,175,180,1,2.7486474392558864
4086,37,185,190,1,2.7486474392558864
4087,37,185,190,1,2.7486474392558864
4217,39,195,200,1,2.7486474392558864
4334,41,205,210,1,2.7486474392558864
4488,44,220,225,1,2.7486474392558864
4490,44,220,225,1,2.7486474392558864
4664,47,235,240,1,2.7486474392558864
4827,50,250,255,1,2.7486474392558864
4886,51,255,260,1,2.7486474392558864
4944,52,260,265,1,2.7486474392558864
5102,55,275,280,1,2.7486474392558864
5517,63,315,320,1,2.7486474392558864
5621,65,325,330,1,2.7486474392558864
5812,69,345,350,1,2.7486474392558864
5813,69,345,350,1,2.7486474392558864
5859,70,350,355,1,2.7486474392558864
5901,71,355,360,1,2.7486474392558864
5996,73,365,370,1,2.7486474392558864
6462,84,420,425,1,2.7486474392558864
6648,89,445,450,1,2.7486474392558864
6955,97,485,490,1,2.7486474392558864
7498,112,560,565,1,2.7486474392558864
7573,114,570,575,1,2.7486474392558864
7620,115,575,580,1,2.7486474392558864
8006,126,630,635,1,2.7486474392558864
8082,128,640,645,1,2.7486474392558864
8169,130,650,655,1,2.7486474392558864
8205,131,655,660,1,2.7486474392558864
8409,136,680,685,1,2.7486474392558864
8459,137,685,690,1,2.7486474392558864
8496,138,690,695,1,2.7486474392558864
8591,140,700,705,1,2.7486474392558864
8592,140,700,705,1,2.7486474392558864
8669,142,710,715,1,2.7486474392558864
8815,146,730,735,1,2.7486474392558864
9182,156,780,785,1,2.7486474392558864
9281,159,795,800,1,2.7486474392558864
9352,161,805,810,1,2.7486474392558864
9744,173,865,870,1,2.7486474392558864
9809,175,875,880,1,2.7486474392558864
10037,181,905,910,1,2.7486474392558864
10072,182,910,915,1,2.7486474392558864
10108,183,915,920,1,2.7486474392558864
10488,194,970,975,1,2.7486474392558864
10530,195,975,980,1,2.7486474392558864
10914,206,1030,1035,1,2.7486474392558864
11044,210,1050,1055,1,2.7486474392558864
11184,215,1075,1080,1,2.7486474392558864
11218,216,1080,1085,1,2.7486474392558864
11251,217,1085,1090,1,2.7486474392558864
11321,219,1095,1100,1,2.7486474392558864
11466,224,1120,1125,1,2.7486474392558864
11655,231,1155,1160,1,2.7486474392558864
11726,233,1165,1170,1,2.7486474392558864
11816,237,1185,1190,1,2.7486474392558864
11950,242,1210,1215,1,2.7486474392558864
11951,242,1210,1215,1,2.7486474392558864
12112,248,1240,1245,1,2.7486474392558864
12307,256,1280,1285,1,2.7486474392558864
12366,259,1295,1300,1,2.7486474392558864
12501,265,1325,1330,1,2.7486474392558864
12692,274,1370,1375,1,2.7486474392558864
12796,279,1395,1400,1,2.7486474392558864
12851,281,1405,1410,1,2.7486474392558864
12994,288,1440,1445,1,2.7486474392558864
13088,292,1460,1465,1,2.7486474392558864
13113,293,1465,1470,1,2.7486474392558864
13165,296,1480,1485,1,2.7486474392558864
13189,297,1485,1490,1,2.7486474392558864
13211,298,1490,1495,1,2.7486474392558864
13225,299,1495,1500,1,2.7486474392558864
13226,299,1495,1500,1,2.7486474392558864
13321,305,1525,1530,1,2.7486474392558864
13344,306,1530,1535,1,2.7486474392558864
13656,327,1635,1640,1,2.7486474392558864
13744,334,1670,1675,1,2.7486474392558864
13772,336,1680,1685,1,2.7486474392558864
14092,366,1830,1835,1,2.7486474392558864
14158,374,1870,1875,1,2.7486474392558864
14174,377,1885,1890,1,2.7486474392558864
14222,383,1915,1920,1,2.7486474392558864
14393,422,2110,2115,1,2.7486474392558864
300,2,10,15,1,2.748647439251199
3334,26,130,135,1,2.748647439251199
3763,32,160,165,1,2.748647439251199
4029,36,180,185,1,2.748647439251199
4149,38,190,195,1,2.748647439251199
4150,38,190,195,1,2.748647439251199
4437,43,215,220,1,2.748647439251199
4665,47,235,240,1,2.748647439251199
4717,48,240,245,1,2.748647439251199
4945,52,260,265,1,2.748647439251199
5308,59,295,300,1,2.748647439251199
5425,61,305,310,1,2.748647439251199
5474,62,310,315,1,2.748647439251199
5718,67,335,340,1,2.748647439251199
5900,71,355,360,1,2.748647439251199
6036,74,370,375,1,2.748647439251199
6137,76,380,385,1,2.748647439251199
6183,77,385,390,1,2.748647439251199
6911,96,480,485,1,2.748647439251199
6912,96,480,485,1,2.748647439251199
6956,97,485,490,1,2.748647439251199
7431,110,550,555,1,2.748647439251199
7792,120,600,605,1,2.748647439251199
8081,128,640,645,1,2.748647439251199
8168,130,650,655,1,2.748647439251199
8289,133,665,670,1,2.748647439251199
8408,136,680,685,1,2.748647439251199
8554,139,695,700,1,2.748647439251199
8775,145,725,730,1,2.748647439251199
8990,151,755,760,1,2.748647439251199
9071,153,765,770,1,2.748647439251199
9142,155,775,780,1,2.748647439251199
9181,156,780,785,1,2.748647439251199
9554,167,835,840,1,2.748647439251199
9807,175,875,880,1,2.748647439251199
9808,175,875,880,1,2.748647439251199
10408,192,960,965,1,2.748647439251199
10489,194,970,975,1,2.748647439251199
10707,200,1000,1005,1,2.748647439251199
11017,209,1045,1050,1,2.748647439251199
11550,227,1135,1140,1,2.748647439251199
11636,230,1150,1155,1,2.748647439251199
11654,231,1155,1160,1,2.748647439251199
11656,231,1155,1160,1,2.748647439251199
11657,231,1155,1160,1,2.748647439251199
11752,234,1170,1175,1,2.748647439251199
11918,240,1200,1205,1,2.748647439251199
11999,244,1220,1225,1,2.748647439251199
12153,250,1250,1255,1,2.748647439251199
12236,253,1265,1270,1,2.748647439251199
12351,258,1290,1295,1,2.748647439251199
12722,275,1375,1380,1,2.748647439251199
12723,275,1375,1380,1,2.748647439251199
12754,277,1385,1390,1,2.748647439251199
12780,278,1390,1395,1,2.748647439251199
12852,281,1405,1410,1,2.748647439251199
13066,291,1455,1460,1,2.748647439251199
13089,292,1460,1465,1,2.748647439251199
13417,310,1550,1555,1,2.748647439251199
13418,310,1550,1555,1,2.748647439251199
13438,311,1555,1560,1,2.748647439251199
13514,317,1585,1590,1,2.748647439251199
13642,326,1630,1635,1,2.748647439251199
13734,333,1665,1670,1,2.748647439251199
13743,334,1670,1675,1,2.748647439251199
13745,334,1670,1675,1,2.748647439251199
13760,335,1675,1680,1,2.748647439251199
13761,335,1675,1680,1,2.748647439251199
14162,375,1875,1880,1,2.748647439251199
14168,376,1880,1885,1,2.748647439251199
14291,395,1975,1980,1,2.748647439251199
518,3,15,20,1,2.7480482764558634
1972,11,55,60,1,2.7480482764558634
3839,33,165,170,1,2.7480482764558634
4387,42,210,215,1,2.7480482764558634
4487,44,220,225,1,2.7480482764558634
4663,47,235,240,1,2.7480482764558634
4715,48,240,245,1,2.7480482764558634
4716,48,240,245,1,2.7480482764558634
4943,52,260,265,1,2.7480482764558634
5038,54,270,275,1,2.7480482764558634
5101,55,275,280,1,2.7480482764558634
5424,61,305,310,1,2.7480482764558634
5946,72,360,365,1,2.7480482764558634
6079,75,375,380,1,2.7480482764558634
6182,77,385,390,1,2.7480482764558634
6311,80,400,405,1,2.7480482764558634
6771,92,460,465,1,2.7480482764558634
6910,96,480,485,1,2.7480482764558634
6954,97,485,490,1,2.7480482764558634
7022,99,495,500,1,2.7480482764558634
7249,105,525,530,1,2.7480482764558634
7789,120,600,605,1,2.7480482764558634
7790,120,600,605,1,2.7480482764558634
7791,120,600,605,1,2.7480482764558634
7898,123,615,620,1,2.7480482764558634
8044,127,635,640,1,2.7480482764558634
8080,128,640,645,1,2.7480482764558634
8590,140,700,705,1,2.7480482764558634
8706,143,715,720,1,2.7480482764558634
8774,145,725,730,1,2.7480482764558634
8920,149,745,750,1,2.7480482764558634
8953,150,750,755,1,2.7480482764558634
9107,154,770,775,1,2.7480482764558634
9140,155,775,780,1,2.7480482764558634
9141,155,775,780,1,2.7480482764558634
9776,174,870,875,1,2.7480482764558634
9806,175,875,880,1,2.7480482764558634
9882,177,885,890,1,2.7480482764558634
9995,180,900,905,1,2.7480482764558634
10036,181,905,910,1,2.7480482764558634
10139,184,920,925,1,2.7480482764558634
10169,185,925,930,1,2.7480482764558634
10293,189,945,950,1,2.7480482764558634
10629,198,990,995,1,2.7480482764558634
10670,199,995,1000,1,2.7480482764558634
10776,202,1010,1015,1,2.7480482764558634
10913,206,1030,1035,1,2.7480482764558634
10947,207,1035,1040,1,2.7480482764558634
11125,213,1065,1070,1,2.7480482764558634
11183,215,1075,1080,1,2.7480482764558634
11320,219,1095,1100,1,2.7480482764558634
11725,233,1165,1170,1,2.7480482764558634
11815,237,1185,1190,1,2.7480482764558634
11850,238,1190,1195,1,2.7480482764558634
11940,241,1205,1210,1,2.7480482764558634
12133,249,1245,1250,1,2.7480482764558634
12134,249,1245,1250,1,2.7480482764558634
12152,250,1250,1255,1,2.7480482764558634
12206,252,1260,1265,1,2.7480482764558634
12258,254,1270,1275,1,2.7480482764558634
12365,259,1295,1300,1,2.7480482764558634
12459,263,1315,1320,1,2.7480482764558634
12460,263,1315,1320,1,2.7480482764558634
12571,268,1340,1345,1,2.7480482764558634
12653,272,1360,1365,1,2.7480482764558634
12721,275,1375,1380,1,2.7480482764558634
12795,279,1395,1400,1,2.7480482764558634
12817,280,1400,1405,1,2.7480482764558634
12818,280,1400,1405,1,2.7480482764558634
12929,284,1420,1425,1,2.7480482764558634
13112,293,1465,1470,1,2.7480482764558634
13242,300,1500,1505,1,2.7480482764558634
13258,301,1505,1510,1,2.7480482764558634
13288,303,1515,1520,1,2.7480482764558634
13343,306,1530,1535,1,2.7480482764558634
13460,313,1565,1570,1,2.7480482764558634
13461,313,1565,1570,1,2.7480482764558634
13479,314,1570,1575,1,2.7480482764558634
14116,368,1840,1845,1,2.7480482764558634
14173,377,1885,1890,1,2.7480482764558634
1221,6,30,35,1,2.7480482764511773
2929,21,105,110,1,2.7480482764511773
3955,35,175,180,1,2.7480482764511773
4085,37,185,190,1,2.7480482764511773
4271,40,200,205,1,2.7480482764511773
4548,45,225,230,1,2.7480482764511773
4714,48,240,245,1,2.7480482764511773
4885,51,255,260,1,2.7480482764511773
5099,55,275,280,1,2.7480482764511773
5100,55,275,280,1,2.7480482764511773
5570,64,320,325,1,2.7480482764511773
5672,66,330,335,1,2.7480482764511773
5764,68,340,345,1,2.7480482764511773
6180,77,385,390,1,2.7480482764511773
6181,77,385,390,1,2.7480482764511773
6227,78,390,395,1,2.7480482764511773
7021,99,495,500,1,2.7480482764511773
7057,100,500,505,1,2.7480482764511773
7328,107,535,540,1,2.7480482764511773
7430,110,550,555,1,2.7480482764511773
7464,111,555,560,1,2.7480482764511773
7531,113,565,570,1,2.7480482764511773
7897,123,615,620,1,2.7480482764511773
8288,133,665,670,1,2.7480482764511773
8589,140,700,705,1,2.7480482764511773
8707,143,715,720,1,2.7480482764511773
8813,146,730,735,1,2.7480482764511773
8814,146,730,735,1,2.7480482764511773
8851,147,735,740,1,2.7480482764511773
8954,150,750,755,1,2.7480482764511773
9212,157,785,790,1,2.7480482764511773
9213,157,785,790,1,2.7480482764511773
9415,163,815,820,1,2.7480482764511773
9484,165,825,830,1,2.7480482764511773
9589,168,840,845,1,2.7480482764511773
9682,171,855,860,1,2.7480482764511773
9853,176,880,885,1,2.7480482764511773
10230,187,935,940,1,2.7480482764511773
10369,191,955,960,1,2.7480482764511773
10370,191,955,960,1,2.7480482764511773
10452,193,965,970,1,2.7480482764511773
10453,193,965,970,1,2.7480482764511773
10853,204,1020,1025,1,2.7480482764511773
11016,209,1045,1050,1,2.7480482764511773
11374,221,1105,1110,1,2.7480482764511773
11949,242,1210,1215,1,2.7480482764511773
12132,249,1245,1250,1,2.7480482764511773
12235,253,1265,1270,1,2.7480482764511773
12306,256,1280,1285,1,2.7480482764511773
12350,258,1290,1295,1,2.7480482764511773
12388,260,1300,1305,1,2.7480482764511773
12389,260,1300,1305,1,2.7480482764511773
12483,264,1320,1325,1,2.7480482764511773
12527,266,1330,1335,1,2.7480482764511773
12638,271,1355,1360,1,2.7480482764511773
12794,279,1395,1400,1,2.7480482764511773
12903,283,1415,1420,1,2.7480482764511773
12904,283,1415,1420,1,2.7480482764511773
12976,287,1435,1440,1,2.7480482764511773
13087,292,1460,1465,1,2.7480482764511773
13111,293,1465,1470,1,2.7480482764511773
13301,304,1520,1525,1,2.7480482764511773
13364,307,1535,1540,1,2.7480482764511773
13513,317,1585,1590,1,2.7480482764511773
13615,324,1620,1625,1,2.7480482764511773
13685,329,1645,1650,1,2.7480482764511773
13759,335,1675,1680,1,2.7480482764511773
13980,353,1765,1770,1,2.7480482764511773
123,1,5,10,1,2.747448881129532
2199,13,65,70,1,2.747448881129532
4027,36,180,185,1,2.747448881129532
4028,36,180,185,1,2.747448881129532
4332,41,205,210,1,2.747448881129532
4486,44,220,225,1,2.747448881129532
4604,46,230,235,1,2.747448881129532
4825,50,250,255,1,2.747448881129532
5037,54,270,275,1,2.747448881129532
5148,56,280,285,1,2.747448881129532
5763,68,340,345,1,2.747448881129532
5810,69,345,350,1,2.747448881129532
6277,79,395,400,1,2.747448881129532
6381,82,410,415,1,2.747448881129532
6803,93,465,470,1,2.747448881129532
7130,102,510,515,1,2.747448881129532
7165,103,515,520,1,2.747448881129532
7248,105,525,530,1,2.747448881129532
7572,114,570,575,1,2.747448881129532
7788,120,600,605,1,2.747448881129532
7860,122,610,615,1,2.747448881129532
8005,126,630,635,1,2.747448881129532
8043,127,635,640,1,2.747448881129532
8167,130,650,655,1,2.747448881129532
8773,145,725,730,1,2.747448881129532
8988,151,755,760,1,2.747448881129532
8989,151,755,760,1,2.747448881129532
9211,157,785,790,1,2.747448881129532
9319,160,800,805,1,2.747448881129532
9321,160,800,805,1,2.747448881129532
9322,160,800,805,1,2.747448881129532
9588,168,840,845,1,2.747448881129532
9743,173,865,870,1,2.747448881129532
9775,174,870,875,1,2.747448881129532
9804,175,875,880,1,2.747448881129532
9959,179,895,900,1,2.747448881129532
10200,186,930,935,1,2.747448881129532
10229,187,935,940,1,2.747448881129532
10528,195,975,980,1,2.747448881129532
10529,195,975,980,1,2.747448881129532
10562,196,980,985,1,2.747448881129532
10563,196,980,985,1,2.747448881129532
10596,197,985,990,1,2.747448881129532
10706,200,1000,1005,1,2.747448881129532
10880,205,1025,1030,1,2.747448881129532
10982,208,1040,1045,1,2.747448881129532
11123,213,1065,1070,1,2.747448881129532
11182,215,1075,1080,1,2.747448881129532
11724,233,1165,1170,1,2.747448881129532
11751,234,1170,1175,1,2.747448881129532
11769,235,1175,1180,1,2.747448881129532
11814,237,1185,1190,1,2.747448881129532
11917,240,1200,1205,1,2.747448881129532
12111,248,1240,1245,1,2.747448881129532
12458,263,1315,1320,1,2.747448881129532
12570,268,1340,1345,1,2.747448881129532
12669,273,1365,1370,1,2.747448881129532
12736,276,1380,1385,1,2.747448881129532
12737,276,1380,1385,1,2.747448881129532
12753,277,1385,1390,1,2.747448881129532
12779,278,1390,1395,1,2.747448881129532
12816,280,1400,1405,1,2.747448881129532
12850,281,1405,1410,1,2.747448881129532
12975,287,1435,1440,1,2.747448881129532
13040,290,1450,1455,1,2.747448881129532
13133,294,1470,1475,1,2.747448881129532
13320,305,1525,1530,1,2.747448881129532
13383,308,1540,1545,1,2.747448881129532
13416,310,1550,1555,1,2.747448881129532
13459,313,1565,1570,1,2.747448881129532
13536,318,1590,1595,1,2.747448881129532
13594,323,1615,1620,1,2.747448881129532
13595,323,1615,1620,1,2.747448881129532
13979,353,1765,1770,1,2.747448881129532
14091,366,1830,1835,1,2.747448881129532
14224,384,1920,1925,1,2.747448881129532
3261,25,125,130,1,2.747448881124847
4084,37,185,190,1,2.747448881124847
4148,38,190,195,1,2.747448881124847
4436,43,215,220,1,2.747448881124847
4712,48,240,245,1,2.747448881124847
4713,48,240,245,1,2.747448881124847
4826,50,250,255,1,2.747448881124847
4942,52,260,265,1,2.747448881124847
5203,57,285,290,1,2.747448881124847
5516,63,315,320,1,2.747448881124847
5619,65,325,330,1,2.747448881124847
5620,65,325,330,1,2.747448881124847
5811,69,345,350,1,2.747448881124847
6380,82,410,415,1,2.747448881124847
6425,83,415,420,1,2.747448881124847
6535,86,430,435,1,2.747448881124847
6869,95,475,480,1,2.747448881124847
7089,101,505,510,1,2.747448881124847
7429,110,550,555,1,2.747448881124847
7896,123,615,620,1,2.747448881124847
8004,126,630,635,1,2.747448881124847
8042,127,635,640,1,2.747448881124847
8239,132,660,665,1,2.747448881124847
8458,137,685,690,1,2.747448881124847
8633,141,705,710,1,2.747448881124847
8705,143,715,720,1,2.747448881124847
8850,147,735,740,1,2.747448881124847
9070,153,765,770,1,2.747448881124847
9246,158,790,795,1,2.747448881124847
9280,159,795,800,1,2.747448881124847
9320,160,800,805,1,2.747448881124847
9414,163,815,820,1,2.747448881124847
9512,166,830,835,1,2.747448881124847
9707,172,860,865,1,2.747448881124847
9805,175,875,880,1,2.747448881124847
9994,180,900,905,1,2.747448881124847
10034,181,905,910,1,2.747448881124847
10035,181,905,910,1,2.747448881124847
10071,182,910,915,1,2.747448881124847
10407,192,960,965,1,2.747448881124847
10527,195,975,980,1,2.747448881124847
10705,200,1000,1005,1,2.747448881124847
11069,211,1055,1060,1,2.747448881124847
11124,213,1065,1070,1,2.747448881124847
11158,214,1070,1075,1,2.747448881124847
11319,219,1095,1100,1,2.747448881124847
11352,220,1100,1105,1,2.747448881124847
11465,224,1120,1125,1,2.747448881124847
11549,227,1135,1140,1,2.747448881124847
11690,232,1160,1165,1,2.747448881124847
11998,244,1220,1225,1,2.747448881124847
12026,245,1225,1230,1,2.747448881124847
12052,246,1230,1235,1,2.747448881124847
12257,254,1270,1275,1,2.747448881124847
12279,255,1275,1280,1,2.747448881124847
12423,261,1305,1310,1,2.747448881124847
12637,271,1355,1360,1,2.747448881124847
12691,274,1370,1375,1,2.747448881124847
12902,283,1415,1420,1,2.747448881124847
13132,294,1470,1475,1,2.747448881124847
13241,300,1500,1505,1,2.747448881124847
13287,303,1515,1520,1,2.747448881124847
13498,316,1580,1585,1,2.747448881124847
13614,324,1620,1625,1,2.747448881124847
13674,328,1640,1645,1,2.747448881124847
13684,329,1645,1650,1,2.747448881124847
13780,337,1685,1690,1,2.747448881124847
13804,339,1695,1700,1,2.747448881124847
14082,365,1825,1830,1,2.747448881124847
14192,380,1900,1905,1,2.747448881124847
517,3,15,20,1,2.7468492533240823
4147,38,190,195,1,2.7468492533240823
4330,41,205,210,1,2.7468492533240823
4485,44,220,225,1,2.7468492533240823
4547,45,225,230,1,2.7468492533240823
4711,48,240,245,1,2.7468492533240823
4774,49,245,250,1,2.7468492533240823
4775,49,245,250,1,2.7468492533240823
4992,53,265,270,1,2.7468492533240823
5201,57,285,290,1,2.7468492533240823
5202,57,285,290,1,2.7468492533240823
5762,68,340,345,1,2.7468492533240823
5945,72,360,365,1,2.7468492533240823
6136,76,380,385,1,2.7468492533240823
6424,83,415,420,1,2.7468492533240823
6647,89,445,450,1,2.7468492533240823
7055,100,500,505,1,2.7468492533240823
7163,103,515,520,1,2.7468492533240823
7400,109,545,550,1,2.7468492533240823
7496,112,560,565,1,2.7468492533240823
7497,112,560,565,1,2.7468492533240823
7530,113,565,570,1,2.7468492533240823
7619,115,575,580,1,2.7468492533240823
7685,117,585,590,1,2.7468492533240823
7686,117,585,590,1,2.7468492533240823
7787,120,600,605,1,2.7468492533240823
8457,137,685,690,1,2.7468492533240823
8553,139,695,700,1,2.7468492533240823
8588,140,700,705,1,2.7468492533240823
8704,143,715,720,1,2.7468492533240823
8848,147,735,740,1,2.7468492533240823
8849,147,735,740,1,2.7468492533240823
8917,149,745,750,1,2.7468492533240823
9069,153,765,770,1,2.7468492533240823
9106,154,770,775,1,2.7468492533240823
9138,155,775,780,1,2.7468492533240823
9139,155,775,780,1,2.7468492533240823
9774,174,870,875,1,2.7468492533240823
9852,176,880,885,1,2.7468492533240823
10487,194,970,975,1,2.7468492533240823
10526,195,975,980,1,2.7468492533240823
10628,198,990,995,1,2.7468492533240823
10704,200,1000,1005,1,2.7468492533240823
10774,202,1010,1015,1,2.7468492533240823
10775,202,1010,1015,1,2.7468492533240823
10852,204,1020,1025,1,2.7468492533240823
10981,208,1040,1045,1,2.7468492533240823
11015,209,1045,1050,1,2.7468492533240823
11043,210,1050,1055,1,2.7468492533240823
11157,214,1070,1075,1,2.7468492533240823
11250,217,1085,1090,1,2.7468492533240823
11278,218,1090,1095,1,2.7468492533240823
11601,229,1145,1150,1,2.7468492533240823
12025,245,1225,1230,1,2.7468492533240823
12080,247,1235,1240,1,2.7468492533240823
12081,247,1235,1240,1,2.7468492533240823
12256,254,1270,1275,1,2.7468492533240823
12482,264,1320,1325,1,2.7468492533240823
12526,266,1330,1335,1,2.7468492533240823
12651,272,1360,1365,1,2.7468492533240823
12652,272,1360,1365,1,2.7468492533240823
12735,276,1380,1385,1,2.7468492533240823
12778,278,1390,1395,1,2.7468492533240823
12815,280,1400,1405,1,2.7468492533240823
12962,286,1430,1435,1,2.7468492533240823
13110,293,1465,1470,1,2.7468492533240823
13130,294,1470,1475,1,2.7468492533240823
13131,294,1470,1475,1,2.7468492533240823
13224,299,1495,1500,1,2.7468492533240823
13257,301,1505,1510,1,2.7468492533240823
13286,303,1515,1520,1,2.7468492533240823
13342,306,1530,1535,1,2.7468492533240823
13715,332,1660,1665,1,2.7468492533240823
13788,338,1690,1695,1,2.7468492533240823
13814,340,1700,1705,1,2.7468492533240823
13892,346,1730,1735,1,2.7468492533240823
14199,381,1905,1910,1,2.7468492533240823
14235,386,1930,1935,1,2.7468492533240823
14436,439,2195,2200,1,2.7468492533240823
4215,39,195,200,1,2.7468492533193984
4386,42,210,215,1,2.7468492533193984
4435,43,215,220,1,2.7468492533193984
4546,45,225,230,1,2.7468492533193984
4884,51,255,260,1,2.7468492533193984
5098,55,275,280,1,2.7468492533193984
5259,58,290,295,1,2.7468492533193984
5307,59,295,300,1,2.7468492533193984
5423,61,305,310,1,2.7468492533193984
5761,68,340,345,1,2.7468492533193984
5858,70,350,355,1,2.7468492533193984
5898,71,355,360,1,2.7468492533193984
6534,86,430,435,1,2.7468492533193984
6578,87,435,440,1,2.7468492533193984
6616,88,440,445,1,2.7468492533193984
6770,92,460,465,1,2.7468492533193984
6990,98,490,495,1,2.7468492533193984
7056,100,500,505,1,2.7468492533193984
7164,103,515,520,1,2.7468492533193984
7327,107,535,540,1,2.7468492533193984
7528,113,565,570,1,2.7468492533193984
7529,113,565,570,1,2.7468492533193984
7723,118,590,595,1,2.7468492533193984
7931,124,620,625,1,2.7468492533193984
8204,131,655,660,1,2.7468492533193984
8287,133,665,670,1,2.7468492533193984
8495,138,690,695,1,2.7468492533193984
8632,141,705,710,1,2.7468492533193984
8742,144,720,725,1,2.7468492533193984
8918,149,745,750,1,2.7468492533193984
8919,149,745,750,1,2.7468492533193984
8952,150,750,755,1,2.7468492533193984
9180,156,780,785,1,2.7468492533193984
9452,164,820,825,1,2.7468492533193984
9453,164,820,825,1,2.7468492533193984
9655,170,850,855,1,2.7468492533193984
9681,171,855,860,1,2.7468492533193984
9706,172,860,865,1,2.7468492533193984
10107,183,915,920,1,2.7468492533193984
10138,184,920,925,1,2.7468492533193984
10228,187,935,940,1,2.7468492533193984
10486,194,970,975,1,2.7468492533193984
10525,195,975,980,1,2.7468492533193984
11103,212,1060,1065,1,2.7468492533193984
11318,219,1095,1100,1,2.7468492533193984
11571,228,1140,1145,1,2.7468492533193984
11722,233,1165,1170,1,2.7468492533193984
11723,233,1165,1170,1,2.7468492533193984
11849,238,1190,1195,1,2.7468492533193984
11916,240,1200,1205,1,2.7468492533193984
11948,242,1210,1215,1,2.7468492533193984
12110,248,1240,1245,1,2.7468492533193984
12255,254,1270,1275,1,2.7468492533193984
12387,260,1300,1305,1,2.7468492533193984
12720,275,1375,1380,1,2.7468492533193984
12734,276,1380,1385,1,2.7468492533193984
13039,290,1450,1455,1,2.7468492533193984
13064,291,1455,1460,1,2.7468492533193984
13149,295,1475,1480,1,2.7468492533193984
13210,298,1490,1495,1,2.7468492533193984
13341,306,1530,1535,1,2.7468492533193984
13403,309,1545,1550,1,2.7468492533193984
13574,321,1605,1610,1,2.7468492533193984
13613,324,1620,1625,1,2.7468492533193984
13627,325,1625,1630,1,2.7468492533193984
13694,330,1650,1655,1,2.7468492533193984
13951,351,1755,1760,1,2.7468492533193984
13997,355,1775,1780,1,2.7468492533193984
14030,358,1790,1795,1,2.7468492533193984
14115,368,1840,1845,1,2.7468492533193984
14244,387,1935,1940,1,2.7468492533193984
14290,395,1975,1980,1,2.7468492533193984
4545,45,225,230,1,2.7462493930906375
4662,47,235,240,1,2.7462493930906375
4773,49,245,250,1,2.7462493930906375
4823,50,250,255,1,2.7462493930906375
4941,52,260,265,1,2.7462493930906375
5147,56,280,285,1,2.7462493930906375
5200,57,285,290,1,2.7462493930906375
5421,61,305,310,1,2.7462493930906375
5422,61,305,310,1,2.7462493930906375
5515,63,315,320,1,2.7462493930906375
6135,76,380,385,1,2.7462493930906375
6379,82,410,415,1,2.7462493930906375
6461,84,420,425,1,2.7462493930906375
6867,95,475,480,1,2.7462493930906375
6989,98,490,495,1,2.7462493930906375
7088,101,505,510,1,2.7462493930906375
7198,104,520,525,1,2.7462493930906375
7284,106,530,535,1,2.7462493930906375
7399,109,545,550,1,2.7462493930906375
7462,111,555,560,1,2.7462493930906375
7463,111,555,560,1,2.7462493930906375
7495,112,560,565,1,2.7462493930906375
7527,113,565,570,1,2.7462493930906375
7618,115,575,580,1,2.7462493930906375
7650,116,580,585,1,2.7462493930906375
7786,120,600,605,1,2.7462493930906375
7961,125,625,630,1,2.7462493930906375
7962,125,625,630,1,2.7462493930906375
8040,127,635,640,1,2.7462493930906375
8041,127,635,640,1,2.7462493930906375
8407,136,680,685,1,2.7462493930906375
8456,137,685,690,1,2.7462493930906375
8587,140,700,705,1,2.7462493930906375
8668,142,710,715,1,2.7462493930906375
8703,143,715,720,1,2.7462493930906375
8772,145,725,730,1,2.7462493930906375
8951,150,750,755,1,2.7462493930906375
8986,151,755,760,1,2.7462493930906375
9035,152,760,765,1,2.7462493930906375
9680,171,855,860,1,2.7462493930906375
9742,173,865,870,1,2.7462493930906375
9915,178,890,895,1,2.7462493930906375
9958,179,895,900,1,2.7462493930906375
10227,187,935,940,1,2.7462493930906375
10335,190,950,955,1,2.7462493930906375
10336,190,950,955,1,2.7462493930906375
10946,207,1035,1040,1,2.7462493930906375
11122,213,1065,1070,1,2.7462493930906375
11350,220,1100,1105,1,2.7462493930906375
11501,225,1125,1130,1,2.7462493930906375
11502,225,1125,1130,1,2.7462493930906375
11525,226,1130,1135,1,2.7462493930906375
11599,229,1145,1150,1,2.7462493930906375
11813,237,1185,1190,1,2.7462493930906375
11848,238,1190,1195,1,2.7462493930906375
11883,239,1195,1200,1,2.7462493930906375
11947,242,1210,1215,1,2.7462493930906375
11975,243,1215,1220,1,2.7462493930906375
12023,245,1225,1230,1,2.7462493930906375
12024,245,1225,1230,1,2.7462493930906375
12051,246,1230,1235,1,2.7462493930906375
12277,255,1275,1280,1,2.7462493930906375
12305,256,1280,1285,1,2.7462493930906375
12422,261,1305,1310,1,2.7462493930906375
12569,268,1340,1345,1,2.7462493930906375
12599,269,1345,1350,1,2.7462493930906375
12777,278,1390,1395,1,2.7462493930906375
13109,293,1465,1470,1,2.7462493930906375
13256,301,1505,1510,1,2.7462493930906375
13340,306,1530,1535,1,2.7462493930906375
13402,309,1545,1550,1,2.7462493930906375
13573,321,1605,1610,1,2.7462493930906375
13626,325,1625,1630,1,2.7462493930906375
13852,343,1715,1720,1,2.7462493930906375
14012,356,1780,1785,1,2.7462493930906375
14221,383,1915,1920,1,2.7462493930906375
14250,388,1940,1945,1,2.7462493930906375
14263,391,1955,1960,1,2.7462493930906375
14268,392,1960,1965,1,2.7462493930906375
14297,397,1985,1990,1,2.7462493930906375
4214,39,195,200,1,2.7462493930859546
4433,43,215,220,1,2.7462493930859546
4603,46,230,235,1,2.7462493930859546
4772,49,245,250,1,2.7462493930859546
5036,54,270,275,1,2.7462493930859546
5306,59,295,300,1,2.7462493930859546
5473,62,310,315,1,2.7462493930859546
5568,64,320,325,1,2.7462493930859546
5618,65,325,330,1,2.7462493930859546
6035,74,370,375,1,2.7462493930859546
6309,80,400,405,1,2.7462493930859546
6310,80,400,405,1,2.7462493930859546
6460,84,420,425,1,2.7462493930859546
6577,87,435,440,1,2.7462493930859546
6868,95,475,480,1,2.7462493930859546
6952,97,485,490,1,2.7462493930859546
6953,97,485,490,1,2.7462493930859546
7020,99,495,500,1,2.7462493930859546
7162,103,515,520,1,2.7462493930859546
7374,108,540,545,1,2.7462493930859546
7526,113,565,570,1,2.7462493930859546
7722,118,590,595,1,2.7462493930859546
7751,119,595,600,1,2.7462493930859546
7858,122,610,615,1,2.7462493930859546
8121,129,645,650,1,2.7462493930859546
8203,131,655,660,1,2.7462493930859546
8286,133,665,670,1,2.7462493930859546
8363,135,675,680,1,2.7462493930859546
8455,137,685,690,1,2.7462493930859546
8494,138,690,695,1,2.7462493930859546
8812,146,730,735,1,2.7462493930859546
8987,151,755,760,1,2.7462493930859546
9034,152,760,765,1,2.7462493930859546
9179,156,780,785,1,2.7462493930859546
9705,172,860,865,1,2.7462493930859546
9773,174,870,875,1,2.7462493930859546
9803,175,875,880,1,2.7462493930859546
9851,176,880,885,1,2.7462493930859546
10292,189,945,950,1,2.7462493930859546
10485,194,970,975,1,2.7462493930859546
10595,197,985,990,1,2.7462493930859546
10703,200,1000,1005,1,2.7462493930859546
11121,213,1065,1070,1,2.7462493930859546
11181,215,1075,1080,1,2.7462493930859546
11351,220,1100,1105,1,2.7462493930859546
11408,222,1110,1115,1,2.7462493930859546
11600,229,1145,1150,1,2.7462493930859546
11634,230,1150,1155,1,2.7462493930859546
11635,230,1150,1155,1,2.7462493930859546
11721,233,1165,1170,1,2.7462493930859546
11997,244,1220,1225,1,2.7462493930859546
12022,245,1225,1230,1,2.7462493930859546
12278,255,1275,1280,1,2.7462493930859546
12568,268,1340,1345,1,2.7462493930859546
13038,290,1450,1455,1,2.7462493930859546
13188,297,1485,1490,1,2.7462493930859546
13266,302,1510,1515,1,2.7462493930859546
13285,303,1515,1520,1,2.7462493930859546
13478,314,1570,1575,1,2.7462493930859546
13655,327,1635,1640,1,2.7462493930859546
13733,333,1665,1670,1,2.7462493930859546
13787,338,1690,1695,1,2.7462493930859546
13853,343,1715,1720,1,2.7462493930859546
13915,348,1740,1745,1,2.7462493930859546
13940,350,1750,1755,1,2.7462493930859546
14102,367,1835,1840,1,2.7462493930859546
14143,372,1860,1865,1,2.7462493930859546
14220,383,1915,1920,1,2.7462493930859546
14346,409,2045,2050,1,2.7462493930859546
299,2,10,15,1,2.7456493004829423
991,5,25,30,1,2.7456493004829423
4661,47,235,240,1,2.7456493004829423
4710,48,240,245,1,2.7456493004829423
4771,49,245,250,1,2.7456493004829423
5035,54,270,275,1,2.7456493004829423
5146,56,280,285,1,2.7456493004829423
5364,60,300,305,1,2.7456493004829423
5420,61,305,310,1,2.7456493004829423
5567,64,320,325,1,2.7456493004829423
5671,66,330,335,1,2.7456493004829423
5808,69,345,350,1,2.7456493004829423
5856,70,350,355,1,2.7456493004829423
5943,72,360,365,1,2.7456493004829423
5944,72,360,365,1,2.7456493004829423
6422,83,415,420,1,2.7456493004829423
6423,83,415,420,1,2.7456493004829423
6533,86,430,435,1,2.7456493004829423
6576,87,435,440,1,2.7456493004829423
6645,89,445,450,1,2.7456493004829423
6729,91,455,460,1,2.7456493004829423
6730,91,455,460,1,2.7456493004829423
6838,94,470,475,1,2.7456493004829423
6951,97,485,490,1,2.7456493004829423
7129,102,510,515,1,2.7456493004829423
7197,104,520,525,1,2.7456493004829423
7373,108,540,545,1,2.7456493004829423
7616,115,575,580,1,2.7456493004829423
7617,115,575,580,1,2.7456493004829423
7785,120,600,605,1,2.7456493004829423
8003,126,630,635,1,2.7456493004829423
8038,127,635,640,1,2.7456493004829423
8039,127,635,640,1,2.7456493004829423
8079,128,640,645,1,2.7456493004829423
8166,130,650,655,1,2.7456493004829423
8323,134,670,675,1,2.7456493004829423
8362,135,675,680,1,2.7456493004829423
8493,138,690,695,1,2.7456493004829423
8631,141,705,710,1,2.7456493004829423
8950,150,750,755,1,2.7456493004829423
8985,151,755,760,1,2.7456493004829423
9105,154,770,775,1,2.7456493004829423
9137,155,775,780,1,2.7456493004829423
9316,160,800,805,1,2.7456493004829423
9317,160,800,805,1,2.7456493004829423
9511,166,830,835,1,2.7456493004829423
9624,169,845,850,1,2.7456493004829423
9625,169,845,850,1,2.7456493004829423
9914,178,890,895,1,2.7456493004829423
10333,190,950,955,1,2.7456493004829423
10451,193,965,970,1,2.7456493004829423
10524,195,975,980,1,2.7456493004829423
10702,200,1000,1005,1,2.7456493004829423
10849,204,1020,1025,1,2.7456493004829423
10850,204,1020,1025,1,2.7456493004829423
10912,206,1030,1035,1,2.7456493004829423
11180,215,1075,1080,1,2.7456493004829423
11317,219,1095,1100,1,2.7456493004829423
11372,221,1105,1110,1,2.7456493004829423
11750,234,1170,1175,1,2.7456493004829423
11767,235,1175,1180,1,2.7456493004829423
12021,245,1225,1230,1,2.7456493004829423
12109,248,1240,1245,1,2.7456493004829423
12180,251,1255,1260,1,2.7456493004829423
12181,251,1255,1260,1,2.7456493004829423
12418,261,1305,1310,1,2.7456493004829423
12420,261,1305,1310,1,2.7456493004829423
12421,261,1305,1310,1,2.7456493004829423
12481,264,1320,1325,1,2.7456493004829423
12546,267,1335,1340,1,2.7456493004829423
12814,280,1400,1405,1,2.7456493004829423
12849,281,1405,1410,1,2.7456493004829423
12974,287,1435,1440,1,2.7456493004829423
13037,290,1450,1455,1,2.7456493004829423
13128,294,1470,1475,1,2.7456493004829423
13164,296,1480,1485,1,2.7456493004829423
13382,308,1540,1545,1,2.7456493004829423
13415,310,1550,1555,1,2.7456493004829423
13497,316,1580,1585,1,2.7456493004829423
13925,349,1745,1750,1,2.7456493004829423
13950,351,1755,1760,1,2.7456493004829423
14011,356,1780,1785,1,2.7456493004829423
14101,367,1835,1840,1,2.7456493004829423
14208,382,1910,1915,1,2.7456493004829423
14404,426,2130,2135,1,2.7456493004829423
1219,6,30,35,1,2.7456493004782603
1220,6,30,35,1,2.7456493004782603
3104,23,115,120,1,2.7456493004782603
4328,41,205,210,1,2.7456493004782603
4602,46,230,235,1,2.7456493004782603
4939,52,260,265,1,2.7456493004782603
4940,52,260,265,1,2.7456493004782603
5258,58,290,295,1,2.7456493004782603
5471,62,310,315,1,2.7456493004782603
5566,64,320,325,1,2.7456493004782603
5717,67,335,340,1,2.7456493004782603
5809,69,345,350,1,2.7456493004782603
5995,73,365,370,1,2.7456493004782603
6076,75,375,380,1,2.7456493004782603
6077,75,375,380,1,2.7456493004782603
6078,75,375,380,1,2.7456493004782603
6226,78,390,395,1,2.7456493004782603
6459,84,420,425,1,2.7456493004782603
6500,85,425,430,1,2.7456493004782603
6646,89,445,450,1,2.7456493004782603
6769,92,460,465,1,2.7456493004782603
7054,100,500,505,1,2.7456493004782603
7161,103,515,520,1,2.7456493004782603
7326,107,535,540,1,2.7456493004782603
7398,109,545,550,1,2.7456493004782603
7461,111,555,560,1,2.7456493004782603
7525,113,565,570,1,2.7456493004782603
7750,119,595,600,1,2.7456493004782603
7826,121,605,610,1,2.7456493004782603
7929,124,620,625,1,2.7456493004782603
7930,124,620,625,1,2.7456493004782603
8119,129,645,650,1,2.7456493004782603
8202,131,655,660,1,2.7456493004782603
8238,132,660,665,1,2.7456493004782603
8406,136,680,685,1,2.7456493004782603
8454,137,685,690,1,2.7456493004782603
8949,150,750,755,1,2.7456493004782603
9245,158,790,795,1,2.7456493004782603
9279,159,795,800,1,2.7456493004782603
9318,160,800,805,1,2.7456493004782603
9623,169,845,850,1,2.7456493004782603
9626,169,845,850,1,2.7456493004782603
9741,173,865,870,1,2.7456493004782603
10033,181,905,910,1,2.7456493004782603
10168,185,925,930,1,2.7456493004782603
10199,186,930,935,1,2.7456493004782603
10334,190,950,955,1,2.7456493004782603
10450,193,965,970,1,2.7456493004782603
10772,202,1010,1015,1,2.7456493004782603
10851,204,1020,1025,1,2.7456493004782603
11156,214,1070,1075,1,2.7456493004782603
11373,221,1105,1110,1,2.7456493004782603
11436,223,1115,1120,1,2.7456493004782603
11464,224,1120,1125,1,2.7456493004782603
11653,231,1155,1160,1,2.7456493004782603
11768,235,1175,1180,1,2.7456493004782603
11882,239,1195,1200,1,2.7456493004782603
11996,244,1220,1225,1,2.7456493004782603
12079,247,1235,1240,1,2.7456493004782603
12419,261,1305,1310,1,2.7456493004782603
12776,278,1390,1395,1,2.7456493004782603
12848,281,1405,1410,1,2.7456493004782603
12973,287,1435,1440,1,2.7456493004782603
13129,294,1470,1475,1,2.7456493004782603
13148,295,1475,1480,1,2.7456493004782603
13187,297,1485,1490,1,2.7456493004782603
13732,333,1665,1670,1,2.7456493004782603
13758,335,1675,1680,1,2.7456493004782603
13963,352,1760,1765,1,2.7456493004782603
14130,370,1850,1855,1,2.7456493004782603
14166,376,1880,1885,1,2.7456493004782603
14167,376,1880,1885,1,2.7456493004782603
14184,379,1895,1900,1,2.7456493004782603
14303,398,1990,1995,1,2.7456493004782603
297,2,10,15,1,2.7450489755481873
1415,7,35,40,1,2.7450489755481873
2091,12,60,65,1,2.7450489755481873
4601,46,230,235,1,2.7450489755481873
4660,47,235,240,1,2.7450489755481873
4709,48,240,245,1,2.7450489755481873
4882,51,255,260,1,2.7450489755481873
4883,51,255,260,1,2.7450489755481873
5034,54,270,275,1,2.7450489755481873
5144,56,280,285,1,2.7450489755481873
5257,58,290,295,1,2.7450489755481873
5363,60,300,305,1,2.7450489755481873
5419,61,305,310,1,2.7450489755481873
5470,62,310,315,1,2.7450489755481873
5514,63,315,320,1,2.7450489755481873
5565,64,320,325,1,2.7450489755481873
5716,67,335,340,1,2.7450489755481873
5760,68,340,345,1,2.7450489755481873
5994,73,365,370,1,2.7450489755481873
6034,74,370,375,1,2.7450489755481873
6176,77,385,390,1,2.7450489755481873
6178,77,385,390,1,2.7450489755481873
6458,84,420,425,1,2.7450489755481873
6615,88,440,445,1,2.7450489755481873
6728,91,455,460,1,2.7450489755481873
6988,98,490,495,1,2.7450489755481873
7127,102,510,515,1,2.7450489755481873
7128,102,510,515,1,2.7450489755481873
7247,105,525,530,1,2.7450489755481873
7524,113,565,570,1,2.7450489755481873
7721,118,590,595,1,2.7450489755481873
7857,122,610,615,1,2.7450489755481873
7895,123,615,620,1,2.7450489755481873
7960,125,625,630,1,2.7450489755481873
8001,126,630,635,1,2.7450489755481873
8002,126,630,635,1,2.7450489755481873
8165,130,650,655,1,2.7450489755481873
8404,136,680,685,1,2.7450489755481873
8452,137,685,690,1,2.7450489755481873
8453,137,685,690,1,2.7450489755481873
8741,144,720,725,1,2.7450489755481873
8810,146,730,735,1,2.7450489755481873
8811,146,730,735,1,2.7450489755481873
8883,148,740,745,1,2.7450489755481873
9104,154,770,775,1,2.7450489755481873
9136,155,775,780,1,2.7450489755481873
9210,157,785,790,1,2.7450489755481873
9244,158,790,795,1,2.7450489755481873
9278,159,795,800,1,2.7450489755481873
9377,162,810,815,1,2.7450489755481873
9413,163,815,820,1,2.7450489755481873
9552,167,835,840,1,2.7450489755481873
9553,167,835,840,1,2.7450489755481873
9587,168,840,845,1,2.7450489755481873
9679,171,855,860,1,2.7450489755481873
9802,175,875,880,1,2.7450489755481873
9957,179,895,900,1,2.7450489755481873
10137,184,920,925,1,2.7450489755481873
10405,192,960,965,1,2.7450489755481873
10626,198,990,995,1,2.7450489755481873
10737,201,1005,1010,1,2.7450489755481873
11316,219,1095,1100,1,2.7450489755481873
11407,222,1110,1115,1,2.7450489755481873
11435,223,1115,1120,1,2.7450489755481873
11463,224,1120,1125,1,2.7450489755481873
11689,232,1160,1165,1,2.7450489755481873
11766,235,1175,1180,1,2.7450489755481873
11881,239,1195,1200,1,2.7450489755481873
11974,243,1215,1220,1,2.7450489755481873
12078,247,1235,1240,1,2.7450489755481873
12443,262,1310,1315,1,2.7450489755481873
12719,275,1375,1380,1,2.7450489755481873
12901,283,1415,1420,1,2.7450489755481873
13086,292,1460,1465,1,2.7450489755481873
13163,296,1480,1485,1,2.7450489755481873
13255,301,1505,1510,1,2.7450489755481873
13339,306,1530,1535,1,2.7450489755481873
13362,307,1535,1540,1,2.7450489755481873
13625,325,1625,1630,1,2.7450489755481873
13731,333,1665,1670,1,2.7450489755481873
13786,338,1690,1695,1,2.7450489755481873
13850,343,1715,1720,1,2.7450489755481873
13851,343,1715,1720,1,2.7450489755481873
13902,347,1735,1740,1,2.7450489755481873
14090,366,1830,1835,1,2.7450489755481873
761,4,20,25,1,2.7450489755435066
2849,20,100,105,1,2.7450489755435066
4213,39,195,200,1,2.7450489755435066
4769,49,245,250,1,2.7450489755435066
4770,49,245,250,1,2.7450489755435066
4821,50,250,255,1,2.7450489755435066
4938,52,260,265,1,2.7450489755435066
4991,53,265,270,1,2.7450489755435066
5097,55,275,280,1,2.7450489755435066
5145,56,280,285,1,2.7450489755435066
5513,63,315,320,1,2.7450489755435066
5564,64,320,325,1,2.7450489755435066
5670,66,330,335,1,2.7450489755435066
5855,70,350,355,1,2.7450489755435066
5993,73,365,370,1,2.7450489755435066
6075,75,375,380,1,2.7450489755435066
6177,77,385,390,1,2.7450489755435066
6179,77,385,390,1,2.7450489755435066
6499,85,425,430,1,2.7450489755435066
6726,91,455,460,1,2.7450489755435066
6727,91,455,460,1,2.7450489755435066
6909,96,480,485,1,2.7450489755435066
7087,101,505,510,1,2.7450489755435066
7283,106,530,535,1,2.7450489755435066
7324,107,535,540,1,2.7450489755435066
7325,107,535,540,1,2.7450489755435066
7494,112,560,565,1,2.7450489755435066
7571,114,570,575,1,2.7450489755435066
7683,117,585,590,1,2.7450489755435066
7684,117,585,590,1,2.7450489755435066
7784,120,600,605,1,2.7450489755435066
8164,130,650,655,1,2.7450489755435066
8201,131,655,660,1,2.7450489755435066
8283,133,665,670,1,2.7450489755435066
8284,133,665,670,1,2.7450489755435066
8285,133,665,670,1,2.7450489755435066
8492,138,690,695,1,2.7450489755435066
8551,139,695,700,1,2.7450489755435066
8667,142,710,715,1,2.7450489755435066
8809,146,730,735,1,2.7450489755435066
8948,150,750,755,1,2.7450489755435066
9033,152,760,765,1,2.7450489755435066
9068,153,765,770,1,2.7450489755435066
9450,164,820,825,1,2.7450489755435066
9482,165,825,830,1,2.7450489755435066
9483,165,825,830,1,2.7450489755435066
9850,176,880,885,1,2.7450489755435066
10069,182,910,915,1,2.7450489755435066
10070,182,910,915,1,2.7450489755435066
10198,186,930,935,1,2.7450489755435066
10332,190,950,955,1,2.7450489755435066
10406,192,960,965,1,2.7450489755435066
10449,193,965,970,1,2.7450489755435066
10484,194,970,975,1,2.7450489755435066
10627,198,990,995,1,2.7450489755435066
10700,200,1000,1005,1,2.7450489755435066
10701,200,1000,1005,1,2.7450489755435066
10738,201,1005,1010,1,2.7450489755435066
11315,219,1095,1100,1,2.7450489755435066
11914,240,1200,1205,1,2.7450489755435066
12304,256,1280,1285,1,2.7450489755435066
12650,272,1360,1365,1,2.7450489755435066
12946,285,1425,1430,1,2.7450489755435066
13021,289,1445,1450,1,2.7450489755435066
13300,304,1520,1525,1,2.7450489755435066
13338,306,1530,1535,1,2.7450489755435066
13363,307,1535,1540,1,2.7450489755435066
13414,310,1550,1555,1,2.7450489755435066
13654,327,1635,1640,1,2.7450489755435066
13703,331,1655,1660,1,2.7450489755435066
13803,339,1695,1700,1,2.7450489755435066
13864,344,1720,1725,1,2.7450489755435066
13882,345,1725,1730,1,2.7450489755435066
13962,352,1760,1765,1,2.7450489755435066
14114,368,1840,1845,1,2.7450489755435066
1,0,0,5,1,2.744448418337496
1218,6,30,35,1,2.744448418337496
1414,7,35,40,1,2.744448418337496
1573,8,40,45,1,2.744448418337496
2198,13,65,70,1,2.744448418337496
3103,23,115,120,1,2.744448418337496
4384,42,210,215,1,2.744448418337496
4484,44,220,225,1,2.744448418337496
4768,49,245,250,1,2.744448418337496
4990,53,265,270,1,2.744448418337496
5033,54,270,275,1,2.744448418337496
5096,55,275,280,1,2.744448418337496
5143,56,280,285,1,2.744448418337496
5256,58,290,295,1,2.744448418337496
5467,62,310,315,1,2.744448418337496
5468,62,310,315,1,2.744448418337496
5616,65,325,330,1,2.744448418337496
5617,65,325,330,1,2.744448418337496
5715,67,335,340,1,2.744448418337496
5942,72,360,365,1,2.744448418337496
6275,79,395,400,1,2.744448418337496
6342,81,405,410,1,2.744448418337496
6378,82,410,415,1,2.744448418337496
6421,83,415,420,1,2.744448418337496
6766,92,460,465,1,2.744448418337496
6767,92,460,465,1,2.744448418337496
6865,95,475,480,1,2.744448418337496
6949,97,485,490,1,2.744448418337496
7086,101,505,510,1,2.744448418337496
7160,103,515,520,1,2.744448418337496
7244,105,525,530,1,2.744448418337496
7282,106,530,535,1,2.744448418337496
7613,115,575,580,1,2.744448418337496
7614,115,575,580,1,2.744448418337496
7615,115,575,580,1,2.744448418337496
7649,116,580,585,1,2.744448418337496
7720,118,590,595,1,2.744448418337496
7997,126,630,635,1,2.744448418337496
7999,126,630,635,1,2.744448418337496
8162,130,650,655,1,2.744448418337496
8200,131,655,660,1,2.744448418337496
8281,133,665,670,1,2.744448418337496
8282,133,665,670,1,2.744448418337496
8359,135,675,680,1,2.744448418337496
8400,136,680,685,1,2.744448418337496
8401,136,680,685,1,2.744448418337496
8402,136,680,685,1,2.744448418337496
8403,136,680,685,1,2.744448418337496
8550,139,695,700,1,2.744448418337496
8585,140,700,705,1,2.744448418337496
8666,142,710,715,1,2.744448418337496
8739,144,720,725,1,2.744448418337496
9276,159,795,800,1,2.744448418337496
9277,159,795,800,1,2.744448418337496
9449,164,820,825,1,2.744448418337496
9480,165,825,830,1,2.744448418337496
9739,173,865,870,1,2.744448418337496
9849,176,880,885,1,2.744448418337496
10032,181,905,910,1,2.744448418337496
10068,182,910,915,1,2.744448418337496
10136,184,920,925,1,2.744448418337496
10330,190,950,955,1,2.744448418337496
10331,190,950,955,1,2.744448418337496
10699,200,1000,1005,1,2.744448418337496
10980,208,1040,1045,1,2.744448418337496
11101,212,1060,1065,1,2.744448418337496
11314,219,1095,1100,1,2.744448418337496
11405,222,1110,1115,1,2.744448418337496
11406,222,1110,1115,1,2.744448418337496
11500,225,1125,1130,1,2.744448418337496
11748,234,1170,1175,1,2.744448418337496
11749,234,1170,1175,1,2.744448418337496
11880,239,1195,1200,1,2.744448418337496
12417,261,1305,1310,1,2.744448418337496
12442,262,1310,1315,1,2.744448418337496
12813,280,1400,1405,1,2.744448418337496
13019,289,1445,1450,1,2.744448418337496
13147,295,1475,1480,1,2.744448418337496
13239,300,1500,1505,1,2.744448418337496
13511,317,1585,1590,1,2.744448418337496
13673,328,1640,1645,1,2.744448418337496
13730,333,1665,1670,1,2.744448418337496
13986,354,1770,1775,1,2.744448418337496
14021,357,1785,1790,1,2.744448418337496
14022,357,1785,1790,1,2.744448418337496
14089,366,1830,1835,1,2.744448418337496
14352,411,2055,2060,1,2.744448418337496
295,2,10,15,1,2.744448418332816
296,2,10,15,1,2.744448418332816
760,4,20,25,1,2.744448418332816
1847,10,50,55,1,2.744448418332816
1848,10,50,55,1,2.744448418332816
3689,31,155,160,1,2.744448418332816
4385,42,210,215,1,2.744448418332816
4431,43,215,220,1,2.744448418332816
4819,50,250,255,1,2.744448418332816
4820,50,250,255,1,2.744448418332816
4881,51,255,260,1,2.744448418332816
5141,56,280,285,1,2.744448418332816
5142,56,280,285,1,2.744448418332816
5305,59,295,300,1,2.744448418332816
5362,60,300,305,1,2.744448418332816
5469,62,310,315,1,2.744448418332816
5759,68,340,345,1,2.744448418332816
6033,74,370,375,1,2.744448418332816
6134,76,380,385,1,2.744448418332816
6175,77,385,390,1,2.744448418332816
6341,81,405,410,1,2.744448418332816
6377,82,410,415,1,2.744448418332816
6420,83,415,420,1,2.744448418332816
6532,86,430,435,1,2.744448418332816
6691,90,450,455,1,2.744448418332816
6768,92,460,465,1,2.744448418332816
6866,95,475,480,1,2.744448418332816
7084,101,505,510,1,2.744448418332816
7085,101,505,510,1,2.744448418332816
7245,105,525,530,1,2.744448418332816
7246,105,525,530,1,2.744448418332816
7372,108,540,545,1,2.744448418332816
7428,110,550,555,1,2.744448418332816
7783,120,600,605,1,2.744448418332816
7998,126,630,635,1,2.744448418332816
8000,126,630,635,1,2.744448418332816
8118,129,645,650,1,2.744448418332816
8163,130,650,655,1,2.744448418332816
8280,133,665,670,1,2.744448418332816
8322,134,670,675,1,2.744448418332816
8360,135,675,680,1,2.744448418332816
8361,135,675,680,1,2.744448418332816
8399,136,680,685,1,2.744448418332816
8451,137,685,690,1,2.744448418332816
8586,140,700,705,1,2.744448418332816
8740,144,720,725,1,2.744448418332816
8771,145,725,730,1,2.744448418332816
8882,148,740,745,1,2.744448418332816
9243,158,790,795,1,2.744448418332816
9481,165,825,830,1,2.744448418332816
9510,166,830,835,1,2.744448418332816
9704,172,860,865,1,2.744448418332816
9740,173,865,870,1,2.744448418332816
9956,179,895,900,1,2.744448418332816
10262,188,940,945,1,2.744448418332816
10291,189,945,950,1,2.744448418332816
10329,190,950,955,1,2.744448418332816
10404,192,960,965,1,2.744448418332816
10625,198,990,995,1,2.744448418332816
10848,204,1020,1025,1,2.744448418332816
11102,212,1060,1065,1,2.744448418332816
11248,217,1085,1090,1,2.744448418332816
11249,217,1085,1090,1,2.744448418332816
11570,228,1140,1145,1,2.744448418332816
11652,231,1155,1160,1,2.744448418332816
11973,243,1215,1220,1,2.744448418332816
12328,257,1285,1290,1,2.744448418332816
12598,269,1345,1350,1,2.744448418332816
13020,289,1445,1450,1,2.744448418332816
13085,292,1460,1465,1,2.744448418332816
13209,298,1490,1495,1,2.744448418332816
13512,317,1585,1590,1,2.744448418332816
13572,321,1605,1610,1,2.744448418332816
13771,336,1680,1685,1,2.744448418332816
13779,337,1685,1690,1,2.744448418332816
13880,345,1725,1730,1,2.744448418332816
13881,345,1725,1730,1,2.744448418332816
14010,356,1780,1785,1,2.744448418332816
14056,362,1810,1815,1,2.744448418332816
294,2,10,15,1,2.743847628903302
989,5,25,30,1,2.743847628903302
990,5,25,30,1,2.743847628903302
1970,11,55,60,1,2.743847628903302
2197,13,65,70,1,2.743847628903302
2396,15,75,80,1,2.743847628903302
2765,19,95,100,1,2.743847628903302
4026,36,180,185,1,2.743847628903302
4818,50,250,255,1,2.743847628903302
5031,54,270,275,1,2.743847628903302
5095,55,275,280,1,2.743847628903302
5198,57,285,290,1,2.743847628903302
5199,57,285,290,1,2.743847628903302
5303,59,295,300,1,2.743847628903302
5466,62,310,315,1,2.743847628903302
5669,66,330,335,1,2.743847628903302
5713,67,335,340,1,2.743847628903302
5807,69,345,350,1,2.743847628903302
5854,70,350,355,1,2.743847628903302
6032,74,370,375,1,2.743847628903302
6131,76,380,385,1,2.743847628903302
6133,76,380,385,1,2.743847628903302
6173,77,385,390,1,2.743847628903302
6174,77,385,390,1,2.743847628903302
6338,81,405,410,1,2.743847628903302
6339,81,405,410,1,2.743847628903302
6497,85,425,430,1,2.743847628903302
6498,85,425,430,1,2.743847628903302
6574,87,435,440,1,2.743847628903302
6644,89,445,450,1,2.743847628903302
6725,91,455,460,1,2.743847628903302
6765,92,460,465,1,2.743847628903302
6800,93,465,470,1,2.743847628903302
6837,94,470,475,1,2.743847628903302
6948,97,485,490,1,2.743847628903302
7196,104,520,525,1,2.743847628903302
7243,105,525,530,1,2.743847628903302
7397,109,545,550,1,2.743847628903302
7492,112,560,565,1,2.743847628903302
7522,113,565,570,1,2.743847628903302
7523,113,565,570,1,2.743847628903302
7718,118,590,595,1,2.743847628903302
7749,119,595,600,1,2.743847628903302
7782,120,600,605,1,2.743847628903302
7959,125,625,630,1,2.743847628903302
8078,128,640,645,1,2.743847628903302
8161,130,650,655,1,2.743847628903302
8199,131,655,660,1,2.743847628903302
8320,134,670,675,1,2.743847628903302
8321,134,670,675,1,2.743847628903302
8702,143,715,720,1,2.743847628903302
8881,148,740,745,1,2.743847628903302
8947,150,750,755,1,2.743847628903302
9067,153,765,770,1,2.743847628903302
9586,168,840,845,1,2.743847628903302
9654,170,850,855,1,2.743847628903302
9771,174,870,875,1,2.743847628903302
9913,178,890,895,1,2.743847628903302
9955,179,895,900,1,2.743847628903302
10135,184,920,925,1,2.743847628903302
10289,189,945,950,1,2.743847628903302
10290,189,945,950,1,2.743847628903302
10327,190,950,955,1,2.743847628903302
10771,202,1010,1015,1,2.743847628903302
11042,210,1050,1055,1,2.743847628903302
11247,217,1085,1090,1,2.743847628903302
11434,223,1115,1120,1,2.743847628903302
12416,261,1305,1310,1,2.743847628903302
12440,262,1310,1315,1,2.743847628903302
12441,262,1310,1315,1,2.743847628903302
12457,263,1315,1320,1,2.743847628903302
12567,268,1340,1345,1,2.743847628903302
12597,269,1345,1350,1,2.743847628903302
12648,272,1360,1365,1,2.743847628903302
12992,288,1440,1445,1,2.743847628903302
12993,288,1440,1445,1,2.743847628903302
13017,289,1445,1450,1,2.743847628903302
13018,289,1445,1450,1,2.743847628903302
13161,296,1480,1485,1,2.743847628903302
13162,296,1480,1485,1,2.743847628903302
13254,301,1505,1510,1,2.743847628903302
13672,328,1640,1645,1,2.743847628903302
13785,338,1690,1695,1,2.743847628903302
13879,345,1725,1730,1,2.743847628903302
13924,349,1745,1750,1,2.743847628903302
13978,353,1765,1770,1,2.743847628903302
121,1,5,10,1,2.743847628898623
1217,6,30,35,1,2.743847628898623
1413,7,35,40,1,2.743847628898623
2090,12,60,65,1,2.743847628898623
3630,30,150,155,1,2.743847628898623
4767,49,245,250,1,2.743847628898623
4880,51,255,260,1,2.743847628898623
5255,58,290,295,1,2.743847628898623
5304,59,295,300,1,2.743847628898623
5418,61,305,310,1,2.743847628898623
5563,64,320,325,1,2.743847628898623
5615,65,325,330,1,2.743847628898623
5712,67,335,340,1,2.743847628898623
5714,67,335,340,1,2.743847628898623
5806,69,345,350,1,2.743847628898623
5897,71,355,360,1,2.743847628898623
5992,73,365,370,1,2.743847628898623
6132,76,380,385,1,2.743847628898623
6225,78,390,395,1,2.743847628898623
6274,79,395,400,1,2.743847628898623
6340,81,405,410,1,2.743847628898623
6575,87,435,440,1,2.743847628898623
6614,88,440,445,1,2.743847628898623
6801,93,465,470,1,2.743847628898623
6802,93,465,470,1,2.743847628898623
6836,94,470,475,1,2.743847628898623
6908,96,480,485,1,2.743847628898623
6947,97,485,490,1,2.743847628898623
7083,101,505,510,1,2.743847628898623
7158,103,515,520,1,2.743847628898623
7159,103,515,520,1,2.743847628898623
7681,117,585,590,1,2.743847628898623
7716,118,590,595,1,2.743847628898623
7717,118,590,595,1,2.743847628898623
7719,118,590,595,1,2.743847628898623
7779,120,600,605,1,2.743847628898623
7780,120,600,605,1,2.743847628898623
8036,127,635,640,1,2.743847628898623
8077,128,640,645,1,2.743847628898623
8236,132,660,665,1,2.743847628898623
8279,133,665,670,1,2.743847628898623
8584,140,700,705,1,2.743847628898623
8665,142,710,715,1,2.743847628898623
8880,148,740,745,1,2.743847628898623
8915,149,745,750,1,2.743847628898623
8916,149,745,750,1,2.743847628898623
9772,174,870,875,1,2.743847628898623
9848,176,880,885,1,2.743847628898623
9881,177,885,890,1,2.743847628898623
10067,182,910,915,1,2.743847628898623
10134,184,920,925,1,2.743847628898623
10167,185,925,930,1,2.743847628898623
10328,190,950,955,1,2.743847628898623
11014,209,1045,1050,1,2.743847628898623
11120,213,1065,1070,1,2.743847628898623
11461,224,1120,1125,1,2.743847628898623
11462,224,1120,1125,1,2.743847628898623
11879,239,1195,1200,1,2.743847628898623
12077,247,1235,1240,1,2.743847628898623
12205,252,1260,1265,1,2.743847628898623
12545,267,1335,1340,1,2.743847628898623
12620,270,1350,1355,1,2.743847628898623
12649,272,1360,1365,1,2.743847628898623
13016,289,1445,1450,1,2.743847628898623
13108,293,1465,1470,1,2.743847628898623
13222,299,1495,1500,1,2.743847628898623
13223,299,1495,1500,1,2.743847628898623
13284,303,1515,1520,1,2.743847628898623
13477,314,1570,1575,1,2.743847628898623
13593,323,1615,1620,1,2.743847628898623
13757,335,1675,1680,1,2.743847628898623
13770,336,1680,1685,1,2.743847628898623
13996,355,1775,1780,1,2.743847628898623
292,2,10,15,1,2.743246607296728
1412,7,35,40,1,2.743246607296728
1719,9,45,50,1,2.743246607296728
1846,10,50,55,1,2.743246607296728
2196,13,65,70,1,2.743246607296728
2848,20,100,105,1,2.743246607296728
3179,24,120,125,1,2.743246607296728
4083,37,185,190,1,2.743246607296728
4327,41,205,210,1,2.743246607296728
4598,46,230,235,1,2.743246607296728
4599,46,230,235,1,2.743246607296728
4658,47,235,240,1,2.743246607296728
4879,51,255,260,1,2.743246607296728
4936,52,260,265,1,2.743246607296728
5254,58,290,295,1,2.743246607296728
5302,59,295,300,1,2.743246607296728
5511,63,315,320,1,2.743246607296728
5561,64,320,325,1,2.743246607296728
5614,65,325,330,1,2.743246607296728
5711,67,335,340,1,2.743246607296728
5851,70,350,355,1,2.743246607296728
5991,73,365,370,1,2.743246607296728
6128,76,380,385,1,2.743246607296728
6129,76,380,385,1,2.743246607296728
6271,79,395,400,1,2.743246607296728
6272,79,395,400,1,2.743246607296728
6337,81,405,410,1,2.743246607296728
6376,82,410,415,1,2.743246607296728
6419,83,415,420,1,2.743246607296728
6457,84,420,425,1,2.743246607296728
6495,85,425,430,1,2.743246607296728
6531,86,430,435,1,2.743246607296728
6573,87,435,440,1,2.743246607296728
6643,89,445,450,1,2.743246607296728
6689,90,450,455,1,2.743246607296728
6724,91,455,460,1,2.743246607296728
6764,92,460,465,1,2.743246607296728
6946,97,485,490,1,2.743246607296728
6987,98,490,495,1,2.743246607296728
7157,103,515,520,1,2.743246607296728
7240,105,525,530,1,2.743246607296728
7242,105,525,530,1,2.743246607296728
7323,107,535,540,1,2.743246607296728
7371,108,540,545,1,2.743246607296728
7396,109,545,550,1,2.743246607296728
7570,114,570,575,1,2.743246607296728
7611,115,575,580,1,2.743246607296728
7648,116,580,585,1,2.743246607296728
7680,117,585,590,1,2.743246607296728
7715,118,590,595,1,2.743246607296728
7856,122,610,615,1,2.743246607296728
7894,123,615,620,1,2.743246607296728
7928,124,620,625,1,2.743246607296728
8117,129,645,650,1,2.743246607296728
8398,136,680,685,1,2.743246607296728
8914,149,745,750,1,2.743246607296728
9275,159,795,800,1,2.743246607296728
9411,163,815,820,1,2.743246607296728
9412,163,815,820,1,2.743246607296728
9448,164,820,825,1,2.743246607296728
9737,173,865,870,1,2.743246607296728
9880,177,885,890,1,2.743246607296728
9993,180,900,905,1,2.743246607296728
10133,184,920,925,1,2.743246607296728
10403,192,960,965,1,2.743246607296728
10945,207,1035,1040,1,2.743246607296728
11348,220,1100,1105,1,2.743246607296728
11349,220,1100,1105,1,2.743246607296728
11371,221,1105,1110,1,2.743246607296728
11460,224,1120,1125,1,2.743246607296728
11720,233,1165,1170,1,2.743246607296728
11812,237,1185,1190,1,2.743246607296728
11972,243,1215,1220,1,2.743246607296728
11994,244,1220,1225,1,2.743246607296728
12076,247,1235,1240,1,2.743246607296728
12179,251,1255,1260,1,2.743246607296728
12276,255,1275,1280,1,2.743246607296728
12302,256,1280,1285,1,2.743246607296728
12900,283,1415,1420,1,2.743246607296728
13036,290,1450,1455,1,2.743246607296728
13160,296,1480,1485,1,2.743246607296728
13238,300,1500,1505,1,2.743246607296728
13265,302,1510,1515,1,2.743246607296728
13299,304,1520,1525,1,2.743246607296728
13319,305,1525,1530,1,2.743246607296728
13653,327,1635,1640,1,2.743246607296728
14038,359,1795,1800,1,2.743246607296728
293,2,10,15,1,2.7432466072920505
759,4,20,25,1,2.7432466072920505
1411,7,35,40,1,2.7432466072920505
2290,14,70,75,1,2.7432466072920505
2395,15,75,80,1,2.7432466072920505
3549,29,145,150,1,2.7432466072920505
4146,38,190,195,1,2.7432466072920505
4766,49,245,250,1,2.7432466072920505
4937,52,260,265,1,2.7432466072920505
5093,55,275,280,1,2.7432466072920505
5094,55,275,280,1,2.7432466072920505
5140,56,280,285,1,2.7432466072920505
5301,59,295,300,1,2.7432466072920505
5361,60,300,305,1,2.7432466072920505
5417,61,305,310,1,2.7432466072920505
5465,62,310,315,1,2.7432466072920505
5512,63,315,320,1,2.7432466072920505
5805,69,345,350,1,2.7432466072920505
5852,70,350,355,1,2.7432466072920505
6031,74,370,375,1,2.7432466072920505
6127,76,380,385,1,2.7432466072920505
6130,76,380,385,1,2.7432466072920505
6171,77,385,390,1,2.7432466072920505
6172,77,385,390,1,2.7432466072920505
6224,78,390,395,1,2.7432466072920505
6273,79,395,400,1,2.7432466072920505
6494,85,425,430,1,2.7432466072920505
6496,85,425,430,1,2.7432466072920505
6690,90,450,455,1,2.7432466072920505
6799,93,465,470,1,2.7432466072920505
6835,94,470,475,1,2.7432466072920505
6985,98,490,495,1,2.7432466072920505
6986,98,490,495,1,2.7432466072920505
7018,99,495,500,1,2.7432466072920505
7019,99,495,500,1,2.7432466072920505
7125,102,510,515,1,2.7432466072920505
7126,102,510,515,1,2.7432466072920505
7239,105,525,530,1,2.7432466072920505
7241,105,525,530,1,2.7432466072920505
7459,111,555,560,1,2.7432466072920505
7460,111,555,560,1,2.7432466072920505
7612,115,575,580,1,2.7432466072920505
7825,121,605,610,1,2.7432466072920505
8035,127,635,640,1,2.7432466072920505
8076,128,640,645,1,2.7432466072920505
8235,132,660,665,1,2.7432466072920505
8450,137,685,690,1,2.7432466072920505
8664,142,710,715,1,2.7432466072920505
8808,146,730,735,1,2.7432466072920505
9066,153,765,770,1,2.7432466072920505
9178,156,780,785,1,2.7432466072920505
9376,162,810,815,1,2.7432466072920505
9622,169,845,850,1,2.7432466072920505
9738,173,865,870,1,2.7432466072920505
10066,182,910,915,1,2.7432466072920505
10166,185,925,930,1,2.7432466072920505
10226,187,935,940,1,2.7432466072920505
10288,189,945,950,1,2.7432466072920505
10698,200,1000,1005,1,2.7432466072920505
11569,228,1140,1145,1,2.7432466072920505
11913,240,1200,1205,1,2.7432466072920505
11995,244,1220,1225,1,2.7432466072920505
12020,245,1225,1230,1,2.7432466072920505
12151,250,1250,1255,1,2.7432466072920505
12349,258,1290,1295,1,2.7432466072920505
12415,261,1305,1310,1,2.7432466072920505
12525,266,1330,1335,1,2.7432466072920505
12544,267,1335,1340,1,2.7432466072920505
12690,274,1370,1375,1,2.7432466072920505
12793,279,1395,1400,1,2.7432466072920505
13186,297,1485,1490,1,2.7432466072920505
13208,298,1490,1495,1,2.7432466072920505
13401,309,1545,1550,1,2.7432466072920505
13476,314,1570,1575,1,2.7432466072920505
13692,330,1650,1655,1,2.7432466072920505
13693,330,1650,1655,1,2.7432466072920505
