lower,upper,layer_jump
1,294,2
1,296,2
1,516,3
2,299,2
2,516,3
2,761,4
3,122,1
3,123,1
3,298,2
3,1219,6
3,1220,6
3,1720,9
4,300,2
4,762,4
4,1575,8
5,124,1
5,519,3
6,303,2
6,766,4
7,128,1
7,129,1
7,525,3
7,527,3
8,129,1
8,130,1
8,307,2
8,527,3
8,1729,9
9,130,1
9,133,1
9,309,2
9,1005,5
10,134,1
10,135,1
10,311,2
10,536,3
11,135,1
11,136,1
11,137,1
11,311,2
11,315,2
11,537,3
12,136,1
12,137,1
12,138,1
12,139,1
12,141,1
12,315,2
12,316,2
12,541,3
13,316,2
13,541,3
14,545,3
14,794,4
14,796,4
14,1011,5
14,1026,5
15,561,3
15,1452,7
16,143,1
16,321,2
16,557,3
16,568,3
16,804,4
16,821,4
17,321,2
17,568,3
17,570,3
18,325,2
18,569,3
19,333,2
20,147,1
20,150,1
20,154,1
20,337,2
20,828,4
21,150,1
21,335,2
21,828,4
22,150,1
22,154,1
22,340,2
23,576,3
24,838,4
24,1463,7
25,344,2
25,817,4
26,159,1
26,593,3
26,842,4
27,345,2
27,1057,5
28,845,4
28,1269,6
29,148,1
30,160,1
30,351,2
30,593,3
31,160,1
32,352,2
32,594,3
33,602,3
33,1065,5
34,852,4
34,1273,6
35,148,1
35,166,1
35,171,1
35,172,1
35,174,1
35,178,1
35,180,1
35,184,1
35,186,1
35,187,1
35,192,1
35,195,1
35,198,1
35,201,1
35,202,1
35,206,1
35,207,1
35,213,1
35,215,1
35,216,1
35,219,1
35,220,1
35,221,1
35,222,1
35,223,1
35,224,1
35,225,1
35,226,1
35,227,1
35,229,1
35,342,2
35,379,2
35,380,2
35,396,2
35,400,2
35,409,2
35,416,2
35,419,2
35,422,2
35,425,2
35,433,2
35,435,2
35,440,2
35,441,2
35,633,3
35,641,3
35,642,3
35,663,3
35,686,3
35,881,4
35,882,4
36,165,1
36,167,1
36,601,3
37,161,1
37,168,1
37,169,1
37,173,1
37,175,1
37,176,1
37,179,1
37,181,1
37,182,1
37,185,1
37,188,1
37,189,1
37,190,1
37,193,1
37,196,1
37,209,1
37,355,2
37,356,2
37,362,2
37,367,2
37,370,2
37,371,2
37,372,2
37,376,2
37,377,2
37,381,2
37,382,2
37,383,2
37,384,2
37,387,2
37,393,2
37,394,2
37,398,2
37,402,2
37,407,2
37,413,2
37,598,3
37,607,3
37,608,3
37,611,3
37,612,3
37,614,3
37,615,3
37,624,3
37,634,3
37,646,3
37,856,4
37,859,4
37,861,4
37,873,4
37,889,4
37,900,4
37,1072,5
38,148,1
39,167,1
39,361,2
39,372,2
39,601,3
39,1069,5
40,148,1
41,161,1
41,350,2
41,366,2
42,170,1
42,183,1
42,191,1
42,194,1
42,388,2
42,391,2
42,608,3
42,619,3
42,631,3
42,632,3
42,635,3
42,859,4
42,871,4
42,1088,5
42,1476,7
43,170,1
44,170,1
45,157,1
45,161,1
45,375,2
45,599,3
46,170,1
46,183,1
47,183,1
48,161,1
48,188,1
48,629,3
49,183,1
50,148,1
50,192,1
50,392,2
51,200,1
51,210,1
51,399,2
51,408,2
51,655,3
51,880,4
51,891,4
51,897,4
51,1097,5
51,1297,6
51,1481,7
52,183,1
53,204,1
53,407,2
53,653,3
53,1094,5
54,204,1
54,208,1
54,412,2
54,659,3
55,211,1
55,1102,5
55,1768,9
56,214,1
56,414,2
56,417,2
57,210,1
57,228,1
57,230,1
57,232,1
57,233,1
57,431,2
57,458,2
58,667,3
58,1483,7
59,901,4
60,225,1
61,226,1
61,231,1
61,234,1
61,235,1
61,236,1
61,237,1
61,436,2
61,444,2
61,689,3
62,239,1
62,441,2
62,443,2
62,447,2
63,237,1
63,240,1
65,240,1
65,242,1
65,245,1
65,247,1
65,448,2
65,707,3
65,926,4
65,937,4
66,241,1
66,452,2
67,243,1
67,1345,6
68,243,1
68,1155,5
68,1159,5
69,246,1
69,1159,5
70,247,1
70,249,1
70,253,1
70,461,2
70,714,3
71,458,2
71,463,2
71,1167,5
72,244,1
72,248,1
73,246,1
73,252,1
74,463,2
74,466,2
75,252,1
75,256,1
76,254,1
76,257,1
76,463,2
76,466,2
77,256,1
77,468,2
78,253,1
78,464,2
79,1175,5
79,2059,11
80,2059,11
80,2174,12
81,470,2
82,725,3
82,726,3
83,953,4
83,1944,10
84,471,2
84,473,2
84,1182,5
85,473,2
86,1180,5
86,2066,11
87,2066,11
88,261,1
88,262,1
88,265,1
88,476,2
88,478,2
88,1815,9
88,1816,9
88,1945,10
88,2661,17
89,261,1
89,264,1
89,265,1
90,263,1
90,479,2
91,266,1
91,477,2
92,268,1
92,960,4
93,483,2
93,961,4
94,2749,18
95,268,1
95,1551,7
96,962,4
96,1381,6
96,2277,13
97,2467,15
97,2754,18
97,4534,44
98,487,2
98,736,3
99,2070,11
99,2377,14
100,272,1
100,276,1
100,487,2
100,492,2
101,4474,43
102,495,2
102,1389,6
103,740,3
103,969,4
103,1390,6
104,277,1
104,278,1
105,278,1
105,1194,5
106,281,1
106,282,1
106,1561,7
107,281,1
107,283,1
108,283,1
108,507,2
108,508,2
108,1566,7
109,508,2
109,2083,11
110,2925,20
110,3548,28
111,285,1
111,287,1
111,289,1
111,753,3
112,288,1
112,1205,5
112,1842,9
113,287,1
113,288,1
113,289,1
114,754,3
114,983,4
114,1208,5
115,511,2
115,1569,7
116,756,3
116,985,4
117,291,1
118,1409,6
119,514,2
119,4024,35
120,4326,40
121,294,1
121,516,2
121,989,4
121,1216,5
122,298,1
122,517,2
122,1416,6
122,1971,10
123,518,2
123,1971,10
124,519,2
124,763,3
124,764,3
124,1849,9
125,519,2
125,520,2
126,994,4
126,1420,6
127,996,4
127,1423,6
128,305,1
128,306,1
128,523,2
128,525,2
128,529,2
128,768,3
128,774,3
128,999,4
129,306,1
129,775,3
130,531,2
131,308,1
131,310,1
131,776,3
131,1003,4
131,1006,4
131,1228,5
132,533,2
132,534,2
132,535,2
132,778,3
133,780,3
133,1229,5
134,314,1
134,534,2
134,535,2
134,536,2
134,1005,4
135,314,1
135,1011,4
136,312,1
136,538,2
136,781,3
137,315,1
138,538,2
138,539,2
139,315,1
139,1011,4
140,317,1
140,540,2
140,545,2
140,789,3
140,794,3
140,1026,4
141,541,2
141,1027,4
142,320,1
142,816,3
142,1038,4
142,1453,6
143,324,1
143,556,2
143,557,2
143,804,3
143,821,3
144,321,1
144,325,1
144,558,2
145,329,1
145,566,2
145,824,3
145,1042,4
146,327,1
146,1040,4
146,1257,5
147,329,1
147,817,3
147,819,3
147,824,3
147,825,3
147,828,3
148,319,1
148,339,1
148,342,1
148,353,1
148,357,1
148,358,1
148,363,1
148,374,1
148,378,1
148,379,1
148,386,1
148,389,1
148,392,1
148,613,2
148,616,2
148,626,2
149,571,2
149,822,3
150,828,3
151,822,3
151,831,3
151,1051,4
152,833,3
152,1461,6
153,331,1
153,332,1
153,547,2
154,337,1
154,581,2
155,576,2
156,1052,4
156,1261,5
157,319,1
157,342,1
157,348,1
157,349,1
157,354,1
157,359,1
157,364,1
157,369,1
157,373,1
157,375,1
157,599,2
157,604,2
158,586,2
159,346,1
159,842,3
161,332,1
161,350,1
161,360,1
161,365,1
161,366,1
161,370,1
161,375,1
161,381,1
161,390,1
161,595,2
161,599,2
161,600,2
161,623,2
161,629,2
161,817,3
161,869,3
161,873,3
162,586,2
162,844,3
162,1272,5
163,347,1
163,1061,4
164,319,1
164,353,1
165,355,1
165,1067,4
166,342,1
167,1067,4
167,1069,4
168,355,1
168,611,2
168,854,3
169,356,1
169,851,3
170,385,1
170,852,3
170,1277,5
172,342,1
173,851,3
174,368,1
174,604,2
175,361,1
175,367,1
175,372,1
175,610,2
176,372,1
176,1069,4
177,353,1
177,357,1
178,368,1
178,604,2
179,612,2
181,376,1
181,862,3
182,614,2
182,617,2
183,385,1
184,379,1
185,624,2
186,379,1
187,380,1
188,873,3
188,1083,4
189,624,2
189,874,3
190,387,1
190,394,1
190,630,2
191,878,3
191,1087,4
192,392,1
192,636,2
193,402,1
193,874,3
193,877,3
194,395,1
194,878,3
194,1295,5
195,636,2
195,1296,5
196,398,1
196,646,2
197,1637,7
197,1640,7
198,642,2
198,649,2
199,401,1
199,644,2
199,873,3
199,888,3
200,1476,6
200,1481,6
201,649,2
201,893,3
202,882,3
203,405,1
203,406,1
203,411,1
203,873,3
204,406,1
204,412,1
204,645,2
204,873,3
205,415,1
206,656,2
206,893,3
207,404,1
207,409,1
207,410,1
208,406,1
208,411,1
208,659,2
209,407,1
209,653,2
209,900,3
210,417,1
210,428,1
210,431,1
210,655,2
210,665,2
210,666,2
210,671,2
210,897,3
210,907,3
210,1109,4
210,1110,4
210,1766,8
211,415,1
211,1106,4
212,901,3
213,410,1
213,657,2
214,417,1
214,903,3
214,1099,4
214,1105,4
215,416,1
215,422,1
215,656,2
216,419,1
216,657,2
217,412,1
217,420,1
217,423,1
217,888,3
218,415,1
218,421,1
218,662,2
218,901,3
219,663,2
220,656,2
220,670,2
221,424,1
221,668,2
222,426,1
222,668,2
223,425,1
223,673,2
224,426,1
224,674,2
226,427,1
226,430,1
226,674,2
226,679,2
227,429,1
227,432,1
227,435,1
227,680,2
227,681,2
227,684,2
227,685,2
227,686,2
227,688,2
227,914,3
227,919,3
227,1125,4
227,1137,4
227,1328,5
228,434,1
228,677,2
229,435,1
229,678,2
230,434,1
230,437,1
231,436,1
231,682,2
231,687,2
231,1132,4
232,437,1
232,438,1
232,439,1
232,449,1
232,453,1
232,455,1
232,683,2
232,690,2
232,704,2
232,1152,4
232,1165,4
232,1676,7
234,687,2
234,920,3
235,442,1
235,920,3
236,442,1
236,445,1
237,444,1
237,1142,4
237,1339,5
238,442,1
238,445,1
238,446,1
238,1657,7
239,443,1
239,447,1
239,1141,4
239,1337,5
240,1142,4
240,1145,4
241,447,1
241,452,1
242,454,1
242,696,2
242,1148,4
243,695,2
243,1666,7
244,450,1
244,456,1
244,457,1
244,698,2
244,701,2
244,708,2
244,715,2
245,454,1
245,707,2
246,713,2
246,940,3
246,1172,4
246,1525,6
247,937,3
247,1357,5
248,459,1
248,460,1
248,708,2
248,711,2
248,939,3
249,461,1
249,462,1
249,464,1
249,714,2
249,717,2
249,2055,10
250,939,3
250,945,3
251,1171,4
251,1529,6
251,1803,8
252,948,3
252,1172,4
253,464,1
254,716,2
254,719,2
254,723,2
255,721,2
255,1171,4
256,948,3
256,1366,5
257,469,1
257,723,2
258,467,1
258,720,2
259,469,1
259,470,1
259,952,3
260,472,1
260,726,2
261,475,1
261,1544,6
262,476,1
262,2461,14
263,1186,4
264,475,1
264,477,1
266,730,2
266,2182,11
267,481,1
267,1374,5
268,482,1
268,1187,4
269,1551,6
269,2571,15
270,486,1
270,2750,17
271,485,1
271,963,3
272,492,1
272,737,2
272,1384,5
272,1552,6
272,2186,11
273,488,1
273,963,3
274,493,1
274,495,1
274,965,3
275,966,3
275,1191,4
276,1193,4
276,2072,10
277,497,1
277,498,1
277,739,2
278,497,1
278,742,2
278,971,3
279,500,1
279,501,1
279,1391,5
280,1197,4
280,3171,22
281,502,1
281,504,1
281,743,2
281,1198,4
281,1561,6
281,2383,13
282,503,1
282,1827,8
283,504,1
283,505,1
283,507,1
284,3255,23
285,509,1
285,749,2
285,753,2
285,980,3
285,981,3
286,510,1
286,1712,7
287,509,1
287,752,2
288,752,2
289,1569,6
290,985,3
290,1212,4
291,1212,4
292,989,3
292,1216,4
292,1411,5
293,1412,5
294,1216,4
294,1413,5
295,516,1
295,761,2
295,1217,4
295,1573,6
296,1218,4
296,1413,5
297,1218,4
298,991,3
298,1219,4
298,1415,5
298,1416,5
298,1574,6
299,1220,4
300,762,2
300,1221,4
300,1417,5
301,520,1
301,521,1
301,993,3
302,521,1
302,522,1
303,522,1
303,1578,6
304,766,2
304,2093,10
305,524,1
305,770,2
305,773,2
305,774,2
305,1428,5
306,529,1
306,1001,3
307,531,1
307,775,2
308,776,2
308,1427,5
308,1428,5
309,531,1
309,532,1
309,1005,3
310,533,1
310,778,2
310,1003,3
311,537,1
311,1005,3
312,537,1
312,779,2
312,781,2
313,1009,3
314,783,2
314,1011,3
315,784,2
315,1011,3
316,539,1
317,544,1
317,1011,3
317,1026,3
318,541,1
318,797,2
318,1027,3
319,542,1
319,543,1
319,548,1
319,550,1
319,578,1
319,582,1
319,583,1
319,587,1
319,591,1
319,806,2
320,556,1
320,804,2
320,1035,3
321,554,1
321,558,1
321,804,2
322,550,1
322,562,1
323,566,1
323,815,2
323,1037,3
323,1042,3
324,556,1
324,563,1
324,821,2
325,558,1
325,1026,3
326,564,1
326,1031,3
326,1043,3
327,560,1
327,564,1
327,823,2
327,826,2
327,1040,3
328,550,1
328,562,1
328,565,1
329,819,2
329,3458,25
330,550,1
330,565,1
331,547,1
331,550,1
331,565,1
331,584,1
332,547,1
332,574,1
332,579,1
332,580,1
332,584,1
332,595,1
332,599,1
332,817,2
332,840,2
333,573,1
333,829,2
334,827,2
334,1460,5
335,821,2
335,1047,3
336,577,1
336,830,2
336,835,2
337,581,1
337,817,2
338,821,2
339,542,1
339,588,1
339,589,1
339,590,1
339,591,1
339,609,1
339,613,1
339,834,2
339,837,2
339,839,2
339,1263,4
340,581,1
340,585,1
341,831,2
341,1056,3
342,604,1
343,550,1
343,583,1
343,584,1
344,585,1
344,817,2
345,1056,3
345,1057,3
346,592,1
346,817,2
347,1266,4
347,1463,5
348,583,1
348,584,1
349,584,1
350,580,1
350,596,1
350,605,1
350,817,2
350,849,2
351,593,1
351,601,1
352,843,2
352,847,2
353,591,1
353,603,1
354,584,1
354,599,1
355,854,2
356,847,2
356,851,2
356,1272,4
357,591,1
357,603,1
359,599,1
360,599,1
361,610,1
361,850,2
361,853,2
362,602,1
362,851,2
362,1275,4
364,604,1
365,599,1
366,605,1
366,817,2
367,607,1
367,1064,3
367,1068,3
368,604,1
369,599,1
370,612,1
370,817,2
371,607,1
371,612,1
371,817,2
373,604,1
374,613,1
374,857,2
374,860,2
375,604,1
375,622,1
375,627,1
375,864,2
375,869,2
376,862,2
377,614,1
377,618,1
378,616,1
378,620,1
380,604,1
380,633,1
382,861,2
382,1075,3
383,617,1
383,621,1
383,862,2
384,618,1
384,863,2
384,1283,4
386,620,1
386,867,2
387,625,1
387,630,1
387,1075,3
388,866,2
389,626,1
389,867,2
389,1081,3
389,1089,3
390,623,1
390,628,1
391,866,2
391,1080,3
391,1087,3
392,626,1
392,1089,3
392,1091,3
392,1292,4
393,634,1
393,1083,3
394,638,1
394,639,1
394,647,1
394,877,2
394,1090,3
395,631,1
395,640,1
395,1288,4
396,882,2
396,1092,3
397,628,1
397,637,1
397,869,2
398,873,2
398,1094,3
399,880,2
399,1288,4
399,1476,5
400,641,1
400,642,1
400,1098,3
401,637,1
401,652,1
401,658,1
401,869,2
401,873,2
401,888,2
402,889,2
402,1095,3
403,1640,6
403,1763,7
404,643,1
404,882,2
404,886,2
405,644,1
405,888,2
406,873,2
407,646,1
408,891,2
408,1636,6
409,882,2
410,650,1
410,657,1
410,886,2
410,887,2
411,888,2
412,653,1
412,659,1
413,889,2
413,900,2
413,1303,4
414,890,2
414,896,2
414,1099,3
415,662,1
415,1106,3
416,656,1
417,660,1
417,666,1
417,896,2
417,903,2
417,907,2
417,1304,4
418,661,1
418,897,2
418,1105,3
418,1109,3
419,657,1
419,663,1
420,653,1
420,664,1
420,1113,3
421,1106,3
421,1307,4
422,656,1
423,669,1
423,1112,3
423,1113,3
424,663,1
424,668,1
424,904,2
424,1103,3
425,670,1
425,909,2
426,668,1
426,906,2
427,674,1
427,906,2
427,912,2
428,1121,3
428,1495,5
429,675,1
429,680,1
429,1125,3
429,1128,3
429,1319,4
430,676,1
430,679,1
430,912,2
431,677,1
431,1495,5
432,914,2
432,1322,4
433,673,1
433,678,1
434,677,1
434,1316,4
435,678,1
436,679,1
436,915,2
437,1316,4
437,1780,7
438,1329,4
438,1330,4
439,922,2
439,1330,4
439,1335,4
439,1338,4
439,1783,7
440,1136,3
441,919,2
441,921,2
441,1136,3
442,1138,3
443,921,2
443,1337,4
444,689,1
444,1506,5
445,689,1
445,1788,7
446,692,1
446,1138,3
446,1143,3
446,1657,6
446,1784,7
447,695,1
447,1141,3
447,1345,4
448,696,1
448,926,2
449,690,1
449,693,1
450,691,1
450,694,1
450,698,1
450,699,1
450,702,1
450,925,2
450,934,2
451,695,1
451,1141,3
451,1344,4
451,1666,6
452,1345,4
453,693,1
453,697,1
453,933,2
454,700,1
454,703,1
454,1160,3
454,1161,3
454,1346,4
454,1352,4
454,1353,4
454,1671,6
455,704,1
455,710,1
455,1163,3
456,701,1
456,705,1
457,705,1
457,1164,3
457,2051,9
457,2053,9
458,1167,3
458,1676,6
459,711,1
459,1350,4
460,711,1
460,712,1
460,1154,3
460,1355,4
461,714,1
462,941,2
462,1357,4
462,1362,4
463,716,1
464,717,1
464,1176,3
465,719,1
465,722,1
465,949,2
465,1359,4
465,1364,4
465,1680,6
467,720,1
467,1684,6
467,2274,11
468,950,2
468,1366,4
469,1538,5
470,1180,3
470,1540,5
471,1371,4
471,2174,10
471,2739,16
472,1542,5
472,1941,8
473,955,2
473,1184,3
474,727,1
474,1186,3
474,1691,6
475,729,1
475,956,2
476,1816,7
476,3160,21
477,729,1
477,730,1
478,1374,4
478,3825,30
479,731,1
479,1186,3
480,1373,4
481,960,2
481,2179,10
482,735,1
482,1375,4
482,1379,4
482,1551,5
483,1549,5
483,1694,6
483,1947,8
484,735,1
484,738,1
484,1189,3
484,1378,4
484,1379,4
484,1380,4
484,1695,6
484,2571,14
484,2834,17
484,3166,21
485,2068,9
485,2277,11
486,1948,8
486,2835,17
487,737,1
487,2751,16
487,3947,32
488,965,2
488,1696,6
489,966,2
489,1554,5
490,739,1
490,968,2
490,1555,5
490,1698,6
490,2279,11
491,739,1
491,1384,4
491,2071,9
491,2186,10
492,1384,4
492,2072,9
493,965,2
493,967,2
493,1386,4
494,739,1
494,2071,9
495,970,2
495,1386,4
496,969,2
497,742,1
497,968,2
498,739,1
498,2471,13
499,1952,8
499,3899,31
500,1705,6
500,2075,9
501,1559,5
502,743,1
502,974,2
502,1198,3
502,1199,3
503,2281,11
504,743,1
504,744,1
504,974,2
505,744,1
505,745,1
506,977,2
506,4322,38
507,745,1
507,978,2
508,1203,3
508,1566,5
509,980,2
509,1403,4
510,1207,3
510,1402,4
510,2392,12
511,755,1
511,1405,4
512,984,2
512,1211,3
513,3331,23
513,4082,34
514,1215,3
514,3333,23
515,1410,4
515,4270,37
516,989,2
517,1416,4
517,1971,8
518,762,1
518,1221,3
519,1222,3
519,1418,4
520,1222,3
520,1850,7
521,765,1
521,1577,5
522,765,1
522,1722,6
523,768,1
523,999,2
523,1583,5
523,1727,6
524,769,1
524,770,1
524,997,2
524,1224,3
524,1226,3
524,1426,4
525,1586,5
525,2490,13
525,2682,15
526,772,1
526,1225,3
526,1424,4
526,1425,4
527,1729,6
527,2682,15
528,772,1
528,1425,4
528,1587,5
528,1588,5
529,774,1
529,1227,3
530,776,1
530,1427,4
530,1587,5
530,1588,5
531,775,1
532,775,1
532,777,1
532,1005,2
533,1006,2
533,1230,3
534,1005,2
534,1227,3
535,783,1
535,1008,2
535,1011,2
535,1230,3
536,1005,2
537,779,1
538,1009,2
538,1229,3
540,789,1
540,1011,2
542,785,1
542,786,1
542,790,1
542,834,1
542,1019,2
542,1053,2
542,1263,3
543,787,1
543,790,1
543,791,1
543,795,1
543,798,1
543,1023,2
544,788,1
544,1011,2
544,1026,2
544,1240,3
545,1011,2
546,796,1
546,803,1
546,1245,3
547,793,1
547,799,1
547,808,1
547,809,1
547,813,1
547,817,1
547,1021,2
547,1033,2
547,1037,2
548,798,1
548,806,1
549,810,1
549,1030,2
549,1451,4
549,1615,5
550,798,1
550,806,1
550,808,1
551,798,1
551,808,1
551,1023,2
552,804,1
552,811,1
553,800,1
553,815,1
553,1037,2
553,1251,3
553,1455,4
554,804,1
554,811,1
554,1026,2
555,812,1
555,1039,2
555,1041,2
555,1254,3
556,816,1
557,804,1
558,1026,2
559,1031,2
559,1039,2
559,1041,2
559,1043,2
560,814,1
560,1031,2
560,1040,2
561,1044,2
561,1619,5
562,808,1
563,816,1
563,821,1
563,1038,2
564,823,1
564,1031,2
565,808,1
566,1037,2
567,820,1
567,821,1
567,1038,2
567,1047,2
568,821,1
569,1026,2
569,1046,2
570,821,1
571,822,1
571,1046,2
572,1260,3
572,1458,4
573,821,1
573,1050,2
574,817,1
575,821,1
576,821,1
576,829,1
576,1050,2
577,830,1
577,832,1
577,1057,2
578,834,1
578,1059,2
580,817,1
580,840,1
580,849,1
581,817,1
582,834,1
582,1059,2
585,817,1
586,835,1
586,844,1
586,1057,2
587,834,1
587,841,1
588,839,1
588,855,1
588,1066,2
589,834,1
590,834,1
590,841,1
591,841,1
592,817,1
592,842,1
592,846,1
593,842,1
593,850,1
594,843,1
594,1057,2
595,840,1
596,817,1
597,817,1
598,848,1
598,1061,2
598,1276,3
600,840,1
600,849,1
601,850,1
602,1275,3
604,858,1
604,864,1
604,868,1
604,876,1
604,1082,2
605,817,1
606,817,1
607,817,1
607,1064,2
608,1276,3
608,1277,3
609,855,1
609,857,1
610,853,1
610,1068,2
611,854,1
611,856,1
612,817,1
613,857,1
614,1073,2
615,859,1
615,863,1
615,1279,3
616,860,1
616,1074,2
617,1073,2
617,1076,2
618,865,1
618,1073,2
619,866,1
619,1279,3
620,1074,2
620,1078,2
621,862,1
621,1076,2
621,1079,2
621,1085,2
621,1286,3
621,1472,4
622,864,1
622,868,1
622,872,1
623,869,1
624,874,1
624,877,1
625,870,1
625,1075,2
625,1084,2
626,1089,2
627,869,1
627,872,1
628,869,1
628,873,1
629,873,1
630,1084,2
630,1090,2
631,1288,3
632,1288,3
633,876,1
633,1092,2
634,873,1
635,1633,5
635,1637,5
636,1091,2
636,1296,3
637,869,1
637,873,1
638,877,1
638,1095,2
639,1090,2
639,1093,2
639,1096,2
640,880,1
640,1097,2
640,1295,3
641,881,1
641,1098,2
642,885,1
643,876,1
643,882,1
643,883,1
643,886,1
643,1092,2
644,873,1
645,873,1
645,1094,2
646,1094,2
647,1095,2
647,1096,2
647,1299,3
648,879,1
648,884,1
648,1086,2
648,1099,2
648,1293,3
648,1301,3
649,885,1
649,1101,2
650,883,1
650,886,1
650,887,1
650,1082,2
651,869,1
651,894,1
651,1082,2
651,1103,2
652,869,1
652,899,1
653,900,1
654,897,1
654,1099,2
654,1105,2
654,1301,3
655,1481,4
655,1892,7
656,893,1
656,902,1
656,905,1
656,1101,2
656,1111,2
657,887,1
657,898,1
658,888,1
658,899,1
658,1103,2
659,888,1
660,895,1
660,1114,2
660,1300,3
660,1304,3
660,1486,4
661,897,1
661,1109,2
662,901,1
663,898,1
663,904,1
663,1103,2
664,900,1
665,897,1
665,1109,2
666,1109,2
667,1643,5
668,906,1
668,1103,2
669,888,1
669,908,1
669,1113,2
669,1117,2
669,1309,3
670,905,1
670,1116,2
671,907,1
671,1121,2
671,1311,3
672,910,1
672,911,1
672,1124,2
672,1313,3
673,909,1
674,906,1
675,911,1
675,1124,2
675,1128,2
676,913,1
676,915,1
676,1115,2
677,1316,3
677,1321,3
677,1494,4
678,909,1
678,914,1
678,1323,3
679,915,1
680,1128,2
680,1328,3
681,1328,3
682,915,1
682,1325,3
683,1329,3
683,1780,6
684,916,1
684,1130,2
685,918,1
685,1130,2
685,1134,2
685,1504,4
686,1136,2
687,1132,2
687,1135,2
687,1334,3
687,1653,5
688,919,1
688,921,1
689,1788,6
690,1144,2
690,1338,3
691,923,1
691,924,1
691,925,1
692,1149,2
692,1509,4
692,1792,6
693,927,1
693,1144,2
694,924,1
694,1146,2
695,1345,3
696,1148,2
697,927,1
697,928,1
697,1151,2
698,929,1
698,1146,2
699,925,1
699,930,1
700,1516,4
700,1795,6
701,929,1
701,1349,3
702,930,1
702,934,1
702,1153,2
703,938,1
703,1161,2
703,1162,2
703,1516,4
703,1667,5
704,1152,2
704,1163,2
705,1157,2
705,1164,2
705,1349,3
706,936,1
706,1158,2
706,1351,3
706,1798,6
707,1160,2
707,1799,6
708,934,1
708,1350,3
709,936,1
709,1158,2
709,1524,4
709,1527,4
710,1163,2
710,1165,2
710,1526,4
710,1801,6
711,1523,4
712,936,1
712,939,1
712,1168,2
712,1355,3
712,1527,4
712,1529,4
712,1674,5
713,940,1
713,2161,9
713,2452,12
714,1357,3
715,2053,8
716,942,1
716,1167,2
717,1533,4
717,1536,4
717,2055,8
718,941,1
718,946,1
718,1362,3
718,1683,5
719,942,1
719,1174,2
719,1359,3
720,943,1
720,947,1
720,1531,4
720,2653,14
720,3153,20
721,1175,2
721,1532,4
721,1682,5
722,949,1
722,1535,4
722,1686,5
723,1174,2
723,1538,4
724,950,1
724,1178,2
724,1369,3
724,1687,5
724,1941,7
725,1369,3
725,1687,5
726,1369,3
726,1941,7
727,955,1
727,1943,7
728,1942,7
728,2065,8
728,2066,8
729,1183,2
729,1185,2
730,1185,2
730,3618,26
731,958,1
731,1817,6
732,1547,4
732,2747,15
733,1550,4
733,2373,11
733,2749,15
734,2181,9
734,3001,18
735,1376,3
735,1378,3
735,1548,4
736,2067,8
736,3947,31
737,1552,4
737,2183,9
738,964,1
738,1553,4
738,2185,9
739,968,1
739,1949,7
739,2573,13
739,3008,18
740,1388,3
740,1955,7
741,1387,3
741,1826,6
741,2189,9
741,3093,19
742,1192,2
742,1704,5
743,974,1
744,974,1
744,976,1
745,976,1
745,1396,3
746,4323,37
746,5300,55
747,1564,4
747,2388,11
747,2673,14
748,2479,12
748,3629,26
749,979,1
749,1204,2
749,1401,3
749,1709,5
750,2925,17
750,3178,20
751,1404,3
751,2580,13
751,3257,21
752,1403,3
752,1842,6
753,1206,2
753,1569,4
754,1210,2
754,2085,8
755,982,1
755,1211,2
756,984,1
756,985,1
756,1843,6
757,1213,2
758,1410,3
758,4483,40
759,1216,2
759,1413,3
759,1846,6
760,1218,2
760,2090,8
761,1220,2
761,1720,5
763,1576,4
763,1721,5
763,1849,6
764,1418,3
764,1576,4
764,3181,20
765,1577,4
765,1974,7
766,1578,4
766,2934,17
767,1422,3
767,1723,5
767,1726,5
767,2095,8
768,995,1
768,1586,4
769,1226,2
769,1422,3
770,999,1
770,1585,4
771,1000,1
771,1729,5
772,1730,5
772,1854,6
773,1426,3
773,1428,3
774,1227,2
775,1001,1
775,1227,2
776,1002,1
776,1228,2
776,1429,3
777,1004,1
777,1005,1
777,1227,2
778,1227,2
778,1428,3
779,1005,1
779,1007,1
780,1009,1
780,1229,2
781,1007,1
781,1229,2
782,1008,1
782,1010,1
782,1011,1
782,1230,2
783,1011,1
784,1011,1
785,1015,1
785,1016,1
785,1459,3
785,1622,4
785,1881,6
785,2521,12
786,1012,1
786,1016,1
786,2424,11
787,1013,1
787,1018,1
787,1023,1
787,1238,2
788,1011,1
788,1014,1
788,1022,1
788,1230,2
788,1232,2
788,1240,2
789,1011,1
790,1017,1
790,1019,1
790,1020,1
791,1018,1
791,1020,1
792,1011,1
793,1021,1
793,1024,1
794,1026,1
795,1023,1
796,1026,1
796,1031,1
796,1247,2
797,1032,1
797,1245,2
798,1023,1
799,1024,1
799,1449,3
800,1029,1
800,1037,1
800,1248,2
800,1251,2
800,2878,16
800,3379,22
801,1025,1
801,1030,1
801,1450,3
801,1615,4
802,1026,1
803,1031,1
803,1452,3
804,1026,1
804,1035,1
805,1026,1
807,1023,1
808,1021,1
808,1023,1
809,1021,1
810,1036,1
810,1750,5
810,2622,13
811,1026,1
812,1026,1
812,1247,2
812,1254,2
813,1253,2
814,1031,1
814,1040,1
815,1256,2
815,1455,3
816,1038,1
817,1037,1
817,1055,1
817,1063,1
817,1064,1
818,1026,1
818,1046,1
818,1254,2
819,1045,1
819,3661,26
820,1045,1
820,1047,1
820,1457,3
820,2323,10
820,2531,12
821,1047,1
821,1048,1
821,1050,1
822,1046,1
822,1254,2
823,1043,1
823,1254,2
824,1037,1
825,1045,1
825,1047,1
826,1254,2
826,1259,2
827,1257,2
827,1258,2
828,1047,1
829,1050,1
830,1049,1
830,1259,2
831,1051,1
831,1254,2
832,1049,1
832,1054,1
832,1264,2
833,1461,3
833,1463,3
834,1059,1
835,1057,1
836,1261,2
836,1624,4
837,1263,2
837,1265,2
838,1269,2
838,1463,3
839,1058,1
839,1060,1
839,1062,1
839,1265,2
839,1270,2
839,1274,2
842,1064,1
843,1268,2
843,1271,2
844,1271,2
844,1272,2
845,1269,2
845,1273,2
846,1063,1
846,1064,1
847,1271,2
847,1272,2
848,1269,2
848,1273,2
848,1276,2
850,1064,1
851,1272,2
851,1275,2
852,1277,2
852,1466,3
853,1064,1
853,1068,1
854,1067,1
855,1066,1
855,1070,1
856,1067,1
856,1069,1
857,1070,1
857,1071,1
857,1278,2
859,1279,2
860,1071,1
860,1280,2
861,1072,1
861,1075,1
862,1072,1
862,1470,3
863,1077,1
863,1279,2
863,1283,2
863,1473,3
865,1282,2
865,1283,2
866,1471,3
867,1078,1
867,1081,1
868,1082,1
869,1082,1
869,1103,1
870,1075,1
870,1281,2
871,1288,2
872,1082,1
873,1083,1
875,1081,1
875,1089,1
875,1477,3
875,1631,4
876,1082,1
876,1092,1
877,1095,1
878,1291,2
878,1636,4
879,1086,1
879,1294,2
880,1097,1
880,1288,2
881,1296,2
881,1298,2
883,1082,1
884,1100,1
884,1294,2
884,1297,2
885,1098,1
885,1302,2
887,1082,1
888,1103,1
888,1112,1
888,1115,1
888,1117,1
888,1314,2
889,1095,1
890,1099,1
890,1293,2
890,1475,3
891,1297,2
891,1636,4
892,1641,4
892,1763,5
893,1101,1
894,1082,1
894,1103,1
895,1300,2
895,1304,2
896,1304,2
896,1475,3
897,1100,1
897,1297,2
898,1082,1
898,1103,1
899,1103,1
900,1104,1
900,1108,1
900,1113,1
900,1306,2
900,1309,2
902,1107,1
902,1302,2
902,1484,3
903,1105,1
903,1109,1
904,1103,1
905,1111,1
905,1308,2
906,1103,1
906,1115,1
907,1486,3
908,1117,1
908,1118,1
908,1123,1
909,1116,1
909,1122,1
909,1310,2
909,1323,2
910,1120,1
910,1492,3
910,1496,3
910,2025,7
911,1319,2
911,1638,4
912,1115,1
913,1115,1
913,1127,1
913,1129,1
914,1126,1
915,1129,1
915,1325,2
916,1128,1
916,1130,1
916,1328,2
917,1131,1
917,1133,1
917,1331,2
917,1333,2
918,1134,1
918,1331,2
918,1333,2
918,1914,6
918,2149,8
919,1136,1
920,1138,1
920,1334,2
921,1137,1
922,1335,2
922,1338,2
922,2151,8
923,1139,1
923,1140,1
924,1140,1
924,1659,4
925,1139,1
925,1341,2
925,1660,4
926,1145,1
926,1148,1
927,1340,2
927,1507,3
928,1150,1
928,1151,1
928,1340,2
929,1512,3
929,1793,5
930,1341,2
930,1510,3
931,1147,1
931,1351,2
931,1514,3
931,1515,3
932,1344,2
932,1519,3
932,1666,4
932,1796,5
933,1151,1
933,1152,1
933,1520,3
934,1350,2
935,1348,2
935,1355,2
935,1521,3
935,1798,5
936,1674,4
937,1677,4
937,1799,5
938,1166,1
938,1356,2
938,2047,7
939,1168,1
940,2169,8
940,2360,10
941,1677,4
941,2054,7
942,1359,2
942,1801,5
943,1169,1
943,1531,3
943,1802,5
944,1170,1
944,2053,7
945,1168,1
945,1529,3
946,1363,2
946,1806,5
946,2054,7
947,1169,1
947,1684,4
947,1936,6
948,1937,6
948,2365,10
949,1174,1
949,1537,3
950,1178,1
950,1366,2
951,1174,1
951,1811,5
951,1939,6
951,1940,6
952,1538,3
952,1540,3
952,1939,6
953,1179,1
953,1370,2
953,1813,5
954,1944,6
954,2828,15
955,1182,1
955,1691,4
956,1183,1
956,1544,3
956,2370,10
957,2746,14
957,5084,50
958,1184,1
958,1817,5
959,1692,4
959,2462,11
959,3402,22
960,1187,1
960,2909,16
961,1549,3
961,1819,5
961,3084,18
962,1692,4
962,2375,10
963,1696,4
963,2068,7
964,1557,3
964,2379,10
964,2666,13
965,1556,3
965,1821,5
965,2664,13
966,1191,1
966,2069,7
967,1385,2
967,1556,3
967,1699,4
968,1192,1
969,1954,6
970,1389,2
970,1703,4
970,2188,8
971,1194,1
971,1704,4
971,3169,19
972,1194,1
972,4539,40
973,1196,1
973,1393,2
973,2076,7
974,1199,1
974,1200,1
974,1394,2
975,4266,35
975,4878,46
976,1200,1
976,1201,1
977,1563,3
977,3328,21
978,1396,2
978,1566,3
978,1837,5
979,1398,2
979,1400,2
979,1839,5
980,1204,1
980,1711,4
981,1206,1
981,1401,2
981,2287,9
982,1405,2
982,1713,4
982,1714,4
983,2289,9
983,2581,12
984,1211,1
984,1843,5
984,2195,8
985,1207,1
985,1212,1
985,1843,5
986,1209,1
986,3330,21
987,1716,4
987,1845,5
987,4544,40
988,3332,21
988,3688,26
989,1217,1
990,1412,2
990,2090,7
991,1416,2
991,2091,7
991,3104,18
992,1575,3
992,1849,5
993,1577,3
993,1850,5
993,2200,8
994,2093,7
994,2484,11
995,1580,3
995,1583,3
995,2679,13
996,1420,2
996,1852,5
997,1224,1
997,1582,3
997,1585,3
998,1225,1
998,1424,2
998,1853,5
998,2491,11
999,1727,4
1000,1423,2
1000,3199,19
1001,1227,1
1002,1429,2
1002,1430,2
1002,1857,5
1003,1428,2
1004,1227,1
1005,1227,1
1005,1229,1
1006,1230,1
1006,1591,3
1007,1229,1
1008,1230,1
1009,1229,1
1010,1230,1
1011,1230,1
1012,1441,2
1012,1744,4
1012,2312,9
1013,1231,1
1013,1236,1
1013,1238,1
1013,1433,2
1014,1230,1
1014,1232,1
1014,1605,3
1015,1233,1
1015,1237,1
1015,1241,1
1015,1255,1
1015,1442,2
1015,1456,2
1015,1459,2
1015,1607,3
1016,1234,1
1016,1441,2
1016,2315,9
1017,1235,1
1017,1236,1
1017,1608,3
1017,2424,10
1018,1236,1
1019,2424,10
1020,1236,1
1021,1239,1
1021,1246,1
1022,1232,1
1022,1240,1
1023,1238,1
1023,1242,1
1023,1246,1
1024,1239,1
1025,1243,1
1025,1244,1
1025,1446,2
1025,1447,2
1025,1997,6
1026,1232,1
1026,1240,1
1026,1247,1
1026,1254,1
1026,1448,2
1027,1245,1
1028,1239,1
1028,1242,1
1028,1246,1
1029,1239,1
1029,1248,1
1029,1449,2
1030,1244,1
1030,1451,2
1031,1247,1
1031,1252,1
1031,1452,2
1032,1250,1
1032,1452,2
1033,1248,1
1033,1253,1
1033,1449,2
1034,1249,1
1034,2121,7
1034,2526,11
1034,2618,12
1035,1448,2
1035,1453,2
1035,1874,5
1036,1615,3
1036,1616,3
1036,3457,22
1037,1248,1
1037,1253,1
1038,1457,2
1038,1750,4
1038,2233,8
1038,2622,12
1039,1247,1
1040,1252,1
1040,1257,1
1040,1452,2
1041,1254,1
1042,1256,1
1042,3458,22
1043,1254,1
1044,1458,2
1045,1752,4
1049,1254,1
1049,1259,1
1051,1254,1
1052,1460,2
1052,1461,2
1053,1622,3
1053,1755,4
1054,1254,1
1054,1264,1
1056,1254,1
1056,1264,1
1057,1264,1
1057,1268,1
1057,1271,1
1058,1262,1
1058,1265,1
1058,1462,2
1060,1267,1
1060,1270,1
1060,1462,2
1061,1269,1
1061,1463,2
1062,1270,1
1062,2240,8
1065,1272,1
1065,1275,1
1066,1274,1
1066,1278,1
1066,1468,2
1070,1278,1
1071,1469,2
1071,1628,3
1072,1281,1
1073,1282,1
1074,1280,1
1074,1284,1
1075,1281,1
1076,1282,1
1076,1472,2
1077,1279,1
1077,1285,1
1077,1471,2
1078,1284,1
1078,1474,2
1079,1281,1
1079,1470,2
1080,1285,1
1080,1287,1
1080,1471,2
1081,1474,2
1084,1281,1
1084,1289,1
1085,1281,1
1085,1286,1
1085,1290,1
1086,1283,1
1086,1293,1
1086,1472,2
1086,1473,2
1087,1287,1
1087,1291,1
1088,1633,3
1089,1292,1
1089,1479,2
1089,1634,3
1090,1289,1
1091,1292,1
1091,1480,2
1093,1289,1
1093,1475,2
1095,1303,1
1095,1475,2
1096,1299,1
1096,1475,2
1097,1636,3
1098,1298,1
1098,1302,1
1099,1301,1
1100,1297,1
1100,1301,1
1101,1302,1
1102,1641,3
1102,1768,4
1104,1303,1
1104,1305,1
1104,1306,1
1104,1475,2
1106,1768,4
1107,1302,1
1107,1484,2
1108,1306,1
1110,1643,3
1110,1893,5
1111,1308,1
1111,1484,2
1114,1300,1
1114,1486,2
1115,1314,1
1115,1320,1
1116,1308,1
1116,1310,1
1117,1314,1
1117,1320,1
1118,1309,1
1118,1315,1
1118,1485,2
1118,1493,2
1119,1311,1
1119,1318,1
1119,1486,2
1119,1490,2
1120,1312,1
1120,1313,1
1120,1487,2
1120,1492,2
1121,1311,1
1121,1318,1
1122,1310,1
1122,1323,1
1123,1320,1
1123,1493,2
1123,1497,2
1124,1496,2
1124,1498,2
1125,1322,1
1125,1488,2
1126,1310,1
1126,1322,1
1126,1323,1
1127,1320,1
1127,1497,2
1128,1498,2
1129,1325,1
1129,1497,2
1130,1327,1
1130,1498,2
1130,1501,2
1131,1651,3
1131,1652,3
1131,1782,4
1132,1325,1
1132,1781,4
1133,1651,3
1133,1911,5
1134,1331,1
1134,1501,2
1135,1502,2
1135,1503,2
1135,1781,4
1137,1337,1
1137,1504,2
1138,1784,4
1139,1332,1
1139,1336,1
1139,1654,3
1139,1787,4
1139,2035,6
1140,1336,1
1140,1786,4
1141,1344,1
1141,1656,3
1141,1790,4
1141,1918,5
1142,1339,1
1142,1508,2
1143,1784,4
1143,1792,4
1143,2350,9
1144,1338,1
1144,1507,2
1145,1346,1
1145,1508,2
1146,1659,3
1146,1793,4
1147,1342,1
1147,1343,1
1147,2154,7
1148,1346,1
1149,1347,1
1149,1517,2
1149,2042,6
1149,2354,9
1149,2448,10
1150,1518,2
1150,1664,3
1150,2040,6
1151,1518,2
1151,1669,3
1151,1924,5
1152,1354,1
1152,1520,2
1153,1350,1
1153,1510,2
1154,1348,1
1154,1350,1
1154,1355,1
1154,1521,2
1154,1523,2
1155,1519,2
1155,1666,3
1155,1670,3
1156,1517,2
1156,1668,3
1156,2159,7
1156,2448,10
1157,1673,3
1157,2556,11
1157,2643,12
1158,1351,1
1158,1796,4
1159,1525,2
1159,1670,3
1160,1352,1
1160,1675,3
1161,1353,1
1161,2047,6
1162,1356,1
1162,1667,3
1162,2158,7
1163,1354,1
1164,1673,3
1164,2051,6
1165,1676,3
1165,1801,4
1166,1530,2
1166,2052,6
1166,2453,10
1167,1801,4
1168,1529,2
1169,1360,1
1169,1528,2
1170,1934,5
1170,2167,7
1170,2732,13
1171,1358,1
1171,1532,2
1172,1937,5
1172,2169,7
1173,1365,1
1173,1534,2
1173,2056,6
1173,2058,6
1174,1537,2
1174,1939,5
1175,2364,9
1176,1368,1
1176,1536,2
1177,1368,1
1177,1370,1
1177,1536,2
1177,1539,2
1178,2062,6
1178,2176,7
1179,1372,1
1179,1690,3
1179,2063,6
1180,1689,3
1180,1814,4
1181,1541,2
1181,4639,41
1182,1371,1
1182,1943,5
1183,2370,9
1183,2371,9
1184,1691,3
1185,2371,9
1185,4373,36
1186,1817,4
1187,1375,1
1187,2909,15
1188,1377,1
1188,1549,2
1188,1947,5
1188,2831,14
1188,3000,16
1188,3621,24
1189,1553,2
1189,4377,36
1190,3250,19
1190,3751,26
1191,1387,1
1191,1697,3
1191,1823,4
1191,1950,5
1192,1698,3
1192,1704,3
1192,1825,4
1193,3899,28
1194,3950,29
1195,3093,17
1195,3171,18
1196,1559,2
1196,1706,3
1197,1393,1
1197,2838,14
1198,1392,1
1198,1560,2
1199,1560,2
1199,1958,5
1200,1394,1
1200,1395,1
1200,1562,2
1201,1395,1
1201,1396,1
1201,1833,4
1202,1397,1
1202,1708,3
1202,2192,7
1203,1566,2
1203,2083,6
1203,2480,10
1204,1400,1
1204,1964,5
1205,1842,4
1205,2844,14
1206,1405,1
1206,1713,3
1207,2195,7
1207,2762,13
1208,2085,6
1208,2288,8
1208,2581,11
1209,2394,9
1209,2763,13
1210,1404,1
1211,1714,3
1213,4082,31
1214,1570,2
1214,6074,69
1215,2582,11
1217,1411,1
1217,2396,9
1218,1970,5
1219,1720,3
1220,1720,3
1221,1417,1
1221,1971,5
1222,1418,1
1222,1419,1
1222,1973,5
1223,1579,2
1223,1723,3
1223,1726,3
1223,2295,8
1224,1421,1
1224,1422,1
1225,2401,9
1225,2402,9
1226,1728,3
1226,1855,4
1227,1428,1
1228,1591,2
1228,1857,4
1230,1431,1
1230,1432,1
1230,1434,1
1230,1439,1
1230,1592,2
1230,1605,2
1230,1735,3
1231,1433,1
1231,1436,1
1232,1444,1
1232,1448,1
1232,1605,2
1232,1742,3
1232,2111,6
1232,2226,7
1233,1435,1
1233,1440,1
1233,1607,2
1234,1441,1
1234,1600,2
1234,1740,3
1234,2315,8
1235,1608,2
1235,1744,3
1235,1992,5
1236,1436,1
1236,1608,2
1236,1868,4
1237,1440,1
1237,1442,1
1238,1433,1
1238,1437,1
1238,1438,1
1239,1438,1
1239,1443,1
1239,1445,1
1239,1449,1
1239,1604,2
1239,1748,3
1239,2428,9
1239,2878,14
1241,1442,1
1241,1454,1
1241,1456,1
1241,1617,2
1242,1438,1
1243,1450,1
1243,1997,5
1243,2707,12
1244,1447,1
1244,1872,4
1245,1452,1
1249,1450,1
1249,1615,2
1249,1616,2
1250,1452,1
1251,3218,18
1251,3379,20
1252,1452,1
1255,1456,1
1256,2621,11
1256,4360,35
1257,1452,1
1257,1458,1
1258,1458,1
1258,1460,1
1260,1461,1
1260,1621,2
1261,1461,1
1262,1462,1
1262,1622,2
1262,1755,3
1263,1755,3
1265,1755,3
1266,1463,1
1266,1624,2
1267,1464,1
1267,1623,2
1267,2010,5
1269,1463,1
1270,2010,5
1273,1466,1
1274,1465,1
1274,1467,1
1274,1468,1
1274,1625,2
1274,2240,7
1276,1466,1
1277,1466,1
1278,1468,1
1278,1469,1
1278,1627,2
1278,1759,3
1278,1760,3
1279,1471,1
1280,1628,2
1280,1629,2
1281,1470,1
1281,1475,1
1282,1472,1
1283,1472,1
1283,1473,1
1284,1629,2
1284,1630,2
1285,1473,1
1286,1472,1
1286,1632,2
1287,1473,1
1288,1476,1
1289,1475,1
1290,1475,1
1290,1632,2
1291,1473,1
1291,1478,1
1292,1638,2
1293,1472,1
1293,1475,1
1293,1632,2
1294,1473,1
1295,1636,2
1296,1480,1
1296,1482,1
1296,1638,2
1297,1473,1
1297,1478,1
1297,1635,2
1298,1482,1
1299,1475,1
1300,1475,1
1300,1486,1
1300,1490,1
1300,1639,2
1300,1642,2
1302,1482,1
1302,1484,1
1303,1475,1
1304,1475,1
1305,1475,1
1306,1475,1
1306,1485,1
1307,1768,3
1308,1484,1
1309,1485,1
1310,1484,1
1310,1488,1
1311,1486,1
1312,1487,1
1312,2337,8
1313,1638,2
1313,1765,3
1315,1485,1
1315,1647,2
1316,1491,1
1316,1494,1
1316,1499,1
1316,1642,2
1316,1645,2
1316,1648,2
1316,1773,3
1317,1494,1
1317,1642,2
1317,1645,2
1317,1646,2
1318,1495,1
1318,1646,2
1319,1488,1
1319,1638,2
1320,1497,1
1321,1494,1
1321,1495,1
1321,1646,2
1322,1488,1
1324,1493,1
1324,1497,1
1324,1772,3
1325,1649,2
1325,1781,3
1326,1651,2
1326,1652,2
1326,1776,3
1327,1501,1
1327,1652,2
1327,1777,3
1327,1782,3
1327,1904,4
1329,1650,2
1329,2144,6
1330,2144,6
1330,2257,7
1331,1782,3
1332,1654,2
1332,1913,4
1332,2031,5
1332,2345,8
1332,2346,8
1333,1911,4
1333,2149,6
1334,1653,2
1334,1655,2
1334,1784,3
1335,1783,3
1335,2551,10
1336,1913,4
1336,1915,4
1337,1656,2
1338,2151,6
1338,2447,9
1339,1506,1
1339,1791,3
1340,1658,2
1340,2040,5
1341,1660,2
1341,1661,2
1342,1514,1
1342,1794,3
1342,2039,5
1343,1515,1
1343,1921,4
1343,2154,6
1344,1921,4
1346,1795,3
1347,1509,1
1347,2042,5
1347,2554,10
1348,1510,1
1348,1511,1
1348,1513,1
1348,1521,1
1348,1662,2
1348,1665,2
1349,1512,1
1349,2156,6
1349,2556,10
1350,1510,1
1350,1523,1
1351,1514,1
1351,1665,2
1351,2044,5
1352,1671,2
1352,1927,4
1353,1671,2
1353,1928,4
1354,1520,1
1354,1522,1
1354,1526,1
1354,1929,4
1355,1521,1
1355,1674,2
1356,2052,5
1356,2646,11
1357,1677,2
1358,1803,3
1358,1933,4
1358,2356,8
1359,1680,2
1359,1801,3
1360,1679,2
1360,1936,4
1360,2271,7
1361,1532,1
1361,1682,2
1361,2169,6
1361,2360,8
1362,1805,3
1362,2055,5
1363,1935,4
1363,2363,8
1363,2650,11
1364,1535,1
1364,2168,6
1364,2170,6
1365,1535,1
1365,1938,4
1365,2170,6
1366,2060,5
1366,2062,5
1366,2365,8
1367,1535,1
1367,1686,2
1367,1938,4
1367,2173,6
1370,2063,5
1371,2656,11
1371,2659,11
1372,1812,3
1372,3674,24
1373,2276,7
1373,2660,11
1374,2179,6
1374,4132,31
1375,1548,1
1375,2180,6
1375,2567,10
1376,1548,1
1376,2374,8
1376,2568,10
1377,1818,3
1377,3162,17
1377,4134,31
1378,2374,8
1378,2465,9
1379,1551,1
1379,2571,10
1380,2465,9
1380,2569,10
1381,2375,8
1381,3088,16
1381,3164,17
1382,1694,2
1382,2750,12
1383,4870,44
1384,2836,13
1385,1822,3
1385,1823,3
1385,1824,3
1386,1699,2
1386,1703,2
1387,1700,2
1388,1702,2
1388,2075,5
1389,1702,2
1389,2575,10
1390,1954,4
1390,1955,4
1391,1559,1
1391,1705,2
1391,1706,2
1392,1957,4
1392,2383,8
1392,2576,10
1393,2382,8
1394,1958,4
1394,2473,9
1395,1562,1
1395,1707,2
1396,2387,8
1397,1834,3
1397,1835,3
1397,2082,5
1398,1961,4
1398,1963,4
1398,2079,5
1398,2285,7
1399,1566,1
1399,1962,4
1399,2480,9
1399,2759,12
1400,1963,4
1400,1964,4
1401,1709,2
1401,1841,3
1402,1567,1
1402,1712,2
1402,2390,8
1403,1711,2
1403,3177,17
1404,2085,5
1405,1569,1
1406,2086,5
1406,3102,16
1407,1715,2
1407,3101,16
1408,3903,27
1410,5092,48
1411,1719,2
1412,2290,7
1413,1970,4
1414,1574,1
1414,1847,3
1414,2197,6
1414,3103,16
1415,1574,1
1415,1720,2
1415,2198,6
1416,2199,6
1416,2766,12
1417,1575,1
1417,1971,4
1417,1972,4
1417,2677,11
1418,2292,7
1419,1850,3
1419,1973,4
1419,2584,10
1420,2484,9
1420,2858,13
1421,1582,1
1421,2095,5
1421,2203,6
1422,1726,2
1422,1728,2
1422,2095,5
1422,2096,5
1423,1852,3
1423,3277,18
1424,1854,3
1424,2207,6
1425,2208,6
1425,2402,8
1426,1589,1
1426,1855,3
1427,1978,4
1427,2097,5
1428,1589,1
1428,1978,4
1429,1588,1
1429,1590,1
1430,1590,1
1430,1856,3
1430,2606,10
1431,1591,1
1431,1592,1
1432,1735,2
1432,1988,4
1433,1593,1
1433,1602,1
1433,1732,2
1433,2104,5
1434,1738,2
1434,2308,7
1435,1595,1
1435,2222,6
1435,2516,9
1435,3373,19
1436,1868,3
1436,2104,5
1436,3590,22
1437,1596,1
1437,1602,1
1438,1596,1
1438,1597,1
1438,1598,1
1438,1603,1
1438,1604,1
1438,1741,2
1440,1606,1
1440,1739,2
1440,2222,6
1441,1600,1
1441,2421,8
1442,1606,1
1442,1610,1
1442,1611,1
1442,1612,1
1442,1613,1
1442,1743,2
1442,1746,2
1442,1747,2
1442,1751,2
1442,1876,3
1442,2002,4
1443,1604,1
1443,1609,1
1443,1748,2
1443,1994,4
1443,3376,19
1444,2226,6
1444,2317,7
1444,2425,8
1444,3217,17
1445,1604,1
1446,2116,5
1446,2522,9
1446,3522,21
1447,2522,9
1447,2706,11
1448,1614,1
1448,1998,4
1448,2317,7
1450,2526,9
1451,1614,1
1451,1750,2
1451,1872,3
1451,1874,3
1452,1619,1
1453,1750,2
1453,1874,3
1454,1617,1
1454,1618,1
1455,2621,10
1455,3218,17
1456,1618,1
1456,1620,1
1456,1754,2
1456,1880,3
1457,2233,6
1457,2531,9
1458,1619,1
1458,1621,1
1459,1880,3
1459,2006,4
1460,1621,1
1461,1621,1
1461,1624,1
1462,1623,1
1462,1881,3
1463,1624,1
1464,1756,2
1464,1883,3
1464,2434,8
1465,1625,1
1465,2535,9
1467,1625,1
1467,1626,1
1467,1757,2
1468,1626,1
1468,1758,2
1468,1759,2
1469,1628,1
1469,1760,2
1472,1632,1
1473,1635,1
1474,1630,1
1474,1631,1
1475,1632,1
1475,1639,1
1475,1642,1
1476,1633,1
1476,1761,2
1477,1631,1
1477,1634,1
1477,1762,2
1478,1635,1
1478,1636,1
1479,1634,1
1479,1638,1
1479,1762,2
1480,1638,1
1481,1761,2
1481,1763,2
1482,1638,1
1483,1643,1
1483,1768,2
1483,1894,3
1484,1638,1
1485,1642,1
1485,1647,1
1487,1644,1
1487,1765,2
1487,1769,2
1487,1897,3
1487,2251,6
1487,2890,13
1488,1638,1
1489,1642,1
1489,1645,1
1490,1642,1
1490,1646,1
1491,1642,1
1491,1648,1
1491,1771,2
1492,2139,5
1492,2337,7
1493,1647,1
1496,1774,2
1496,2025,4
1497,1649,1
1497,1772,2
1497,1778,2
1497,1779,2
1497,1905,3
1498,1774,2
1498,1904,3
1499,1773,2
1499,1780,2
1499,1902,3
1500,1651,1
1500,1775,2
1500,1776,2
1500,1901,3
1501,1782,2
1502,1909,3
1502,1910,3
1502,1912,3
1503,1653,1
1503,1912,3
1503,2150,5
1504,1656,1
1504,1914,3
1505,1656,1
1505,1785,2
1505,1914,3
1505,1918,3
1506,1788,2
1506,1920,3
1507,1658,1
1507,2447,8
1508,1791,2
1508,1795,2
1509,1657,1
1509,2351,7
1510,1661,1
1510,1662,1
1510,1789,2
1511,1662,1
1511,1663,1
1511,1789,2
1512,2156,5
1512,2352,7
1513,1663,1
1513,1665,1
1514,1665,1
1515,1796,2
1515,2044,4
1516,1922,3
1516,2041,4
1517,2354,7
1517,2555,9
1518,1797,2
1518,1923,3
1519,1796,2
1519,1925,3
1520,1669,1
1522,1669,1
1522,1672,1
1522,2049,4
1524,1796,2
1524,1926,3
1524,2356,7
1525,2161,5
1526,1678,1
1526,1929,3
1527,1803,2
1527,2356,7
1528,1679,1
1528,1802,2
1528,2050,4
1529,1803,2
1530,2052,4
1530,2361,7
1530,2561,9
1530,2651,10
1530,2734,11
1531,3153,16
1531,3470,20
1532,1933,3
1533,1805,2
1533,1808,2
1533,2055,4
1534,1685,1
1534,2056,4
1534,2903,13
1536,1808,2
1537,1686,1
1537,1940,3
1538,1939,3
1539,1808,2
1539,2063,4
1539,2366,7
1540,1689,1
1540,1811,2
1541,1810,2
1541,4928,44
1542,1943,3
1542,2176,5
1543,1946,3
1543,2566,9
1543,2828,12
1544,1815,2
1544,3076,15
1545,2065,4
1545,2660,10
1546,3242,17
1546,3482,20
1547,2181,5
1547,2908,13
1547,2999,14
1548,2180,5
1549,2911,13
1550,1819,2
1550,2832,12
1550,3404,19
1552,3004,14
1552,4758,41
1553,2666,10
1553,4471,36
1554,2069,4
1554,2070,4
1554,3003,14
1555,1949,3
1555,2468,8
1555,2914,13
1556,1822,2
1556,2278,6
1557,2073,4
1557,3089,15
1557,4203,31
1558,1701,1
1558,2187,5
1558,4761,41
1560,1957,3
1560,2384,7
1561,1827,2
1561,4814,42
1562,1959,3
1562,2473,8
1563,3328,18
1564,2923,13
1564,4322,33
1565,1838,2
1565,3255,17
1566,1837,2
1567,1710,1
1567,2392,7
1567,2843,12
1568,2845,12
1568,5360,52
1570,4024,28
1571,1717,1
1571,4656,39
1572,3762,24
1572,4270,32
1573,1720,1
1573,1848,2
1573,2396,7
1574,1847,2
1574,2091,4
1575,2583,9
1576,2291,6
1576,3551,21
1577,1974,3
1578,1722,1
1578,3560,21
1579,2201,5
1579,2202,5
1579,2398,7
1579,2399,7
1579,2772,11
1580,2293,6
1580,2773,11
1580,3979,27
1581,2204,5
1581,2205,5
1581,2678,10
1581,3355,18
1582,1851,2
1582,2487,8
1583,1976,3
1583,2773,11
1584,1725,1
1584,1853,2
1584,2491,8
1584,3033,14
1585,1727,1
1585,1851,2
1586,2490,8
1586,2679,10
1587,2097,4
1587,2208,5
1588,1730,1
1589,1978,3
1590,1730,1
1590,2098,4
1591,1984,3
1592,1984,3
1592,1988,3
1592,2413,7
1593,1731,1
1593,1732,1
1593,1861,2
1593,2104,4
1594,1866,2
1594,1987,3
1594,2107,4
1595,2220,5
1595,2516,8
1595,2697,10
1596,1732,1
1596,1733,1
1597,1733,1
1597,1734,1
1597,1864,2
1598,1734,1
1598,1736,1
1598,1741,1
1599,1737,1
1599,2105,4
1599,2109,4
1599,2313,6
1600,1740,1
1600,1990,3
1600,2421,7
1601,1744,1
1601,1992,3
1601,2108,4
1601,2312,6
1602,1732,1
1603,1734,1
1604,1737,1
1604,1741,1
1604,1994,3
1604,2313,6
1605,1738,1
1606,1739,1
1606,1743,1
1607,2521,8
1607,3373,18
1608,3453,19
1609,1994,3
1609,4295,32
1610,1745,1
1610,1746,1
1610,1869,2
1611,1746,1
1611,1747,1
1611,1869,2
1612,1747,1
1612,1869,2
1612,2615,9
1613,1745,1
1613,1749,1
1613,1873,2
1613,2001,3
1614,1874,2
1614,1998,3
1616,1877,2
1616,2121,4
1617,1751,1
1617,1878,2
1618,1878,2
1618,1879,2
1620,1753,1
1620,1754,1
1620,1879,2
1620,2004,3
1622,1881,2
1623,1756,1
1623,1882,2
1623,2006,3
1625,1884,2
1625,1885,2
1625,2130,4
1625,2239,5
1625,2327,6
1626,1757,1
1626,1758,1
1627,1759,1
1627,1760,1
1627,2132,4
1628,1887,2
1628,1888,2
1628,2015,3
1629,1888,2
1629,1889,2
1630,1889,2
1630,1890,2
1631,1890,2
1633,1761,1
1637,1761,1
1637,1763,1
1638,1762,1
1638,1764,1
1638,1765,1
1640,1763,1
1641,1763,1
1641,1767,1
1641,1894,2
1642,1771,1
1643,1767,1
1644,1770,1
1644,1896,2
1644,2251,5
1647,1771,1
1647,1772,1
1647,1899,2
1648,1771,1
1648,1773,1
1649,1778,1
1649,1781,1
1650,1780,1
1650,1907,2
1650,2026,3
1651,1908,2
1651,2030,3
1651,2032,3
1651,2146,4
1652,1903,2
1653,2034,3
1654,2346,6
1654,2347,6
1655,1784,1
1655,2034,3
1655,2264,5
1657,1788,1
1658,2447,7
1658,2982,13
1659,1786,1
1659,2153,4
1660,1787,1
1660,1789,1
1661,1789,1
1662,1789,1
1663,1794,1
1663,1919,2
1664,1923,2
1664,2043,3
1664,2640,9
1664,2641,9
1664,2894,12
1665,1794,1
1665,1798,1
1667,1922,2
1667,2557,8
1668,1800,1
1668,2045,3
1668,2159,4
1668,2355,6
1668,2555,8
1669,1924,2
1670,1925,2
1670,2161,4
1671,2269,5
1672,1924,2
1672,2046,3
1672,2270,5
1673,2160,4
1673,2818,11
1674,1798,1
1675,1799,1
1675,1927,2
1675,2164,4
1676,1801,1
1677,1931,2
1678,1801,1
1678,2166,4
1678,2168,4
1679,1930,2
1679,1932,2
1680,1801,1
1680,2168,4
1681,1804,1
1681,1934,2
1681,2455,7
1681,3535,20
1682,2272,5
1682,2364,6
1683,1805,1
1683,1806,1
1683,2273,5
1684,2274,5
1684,3071,14
1685,2058,3
1685,2655,9
1685,2738,10
1686,2061,3
1688,2058,3
1688,2175,4
1688,2738,10
1688,2822,11
1689,1814,1
1689,1942,2
1690,1812,1
1690,1813,1
1690,2565,8
1691,1817,1
1692,2375,6
1693,3619,21
1693,5086,46
1694,2570,8
1695,2185,4
1695,3166,15
1696,2184,4
1696,2664,9
1697,2069,3
1697,2376,6
1697,2378,6
1698,1951,2
1698,2279,5
1698,3168,15
1699,1824,1
1699,2470,7
1700,1823,1
1700,1824,1
1700,1826,1
1701,1953,2
1701,5411,52
1702,2380,6
1703,2381,6
1703,2470,7
1704,3753,23
1705,2380,6
1705,2575,8
1706,2076,3
1706,2575,8
1707,1831,1
1707,1833,1
1707,1959,2
1708,1832,1
1708,1834,1
1709,1839,1
1709,2675,9
1710,2193,4
1710,2390,6
1710,2579,8
1711,1964,2
1711,2761,10
1712,2083,3
1713,2194,4
1713,2287,5
1714,2194,4
1714,2195,4
1715,3954,26
1716,2764,10
1716,3332,17
1717,6074,66
1718,2847,11
1718,4483,35
1719,2395,6
1719,2396,6
1720,1848,1
1721,2291,5
1721,2583,8
1721,3334,17
1722,1974,2
1722,4100,28
1723,2202,4
1723,2482,7
1724,1851,1
1724,2483,7
1724,2487,7
1724,2488,7
1725,2205,4
1725,2486,7
1725,2593,8
1726,2094,3
1726,2096,3
1726,2206,4
1727,1976,2
1728,2097,3
1728,2208,4
1729,3199,15
1730,1977,2
1731,1858,1
1731,1860,1
1731,1861,1
1731,1981,2
1732,1859,1
1732,1861,1
1733,1859,1
1733,1862,1
1733,1864,1
1733,1982,2
1734,1863,1
1734,1864,1
1734,1986,2
1734,2216,4
1735,2305,5
1735,2308,5
1736,1865,1
1736,2216,4
1737,1865,1
1737,2789,10
1738,2111,3
1738,2218,4
1739,1867,1
1739,2222,4
1739,2515,7
1739,3288,16
1740,1990,2
1740,2796,10
1741,1865,1
1742,1866,1
1742,2111,3
1742,2226,4
1742,2798,10
1742,3792,23
1743,1867,1
1743,2615,8
1743,2705,9
1744,2424,6
1745,1869,1
1745,1870,1
1745,1871,1
1745,1873,1
1745,1995,2
1745,1999,2
1746,1869,1
1747,1869,1
1748,3659,21
1748,4114,28
1749,1875,1
1749,2000,2
1751,2002,2
1751,2123,3
1752,2323,5
1752,3661,21
1752,4361,32
1753,1879,1
1753,2003,2
1753,2126,3
1754,2004,2
1754,2005,2
1756,1882,1
1756,2009,2
1757,1885,1
1757,1886,1
1758,1886,1
1758,2013,2
1759,2013,2
1759,2014,2
1759,2244,4
1760,1887,1
1762,1890,1
1762,1891,1
1762,2020,2
1763,1892,1
1763,1893,1
1764,1891,1
1765,1891,1
1765,1897,1
1766,1892,1
1766,1893,1
1767,1893,1
1767,1894,1
1768,1894,1
1769,1895,1
1769,1896,1
1769,1897,1
1769,2137,3
1770,1898,1
1770,2023,2
1770,3062,13
1771,1899,1
1771,1900,1
1771,2026,2
1772,1899,1
1772,1906,1
1773,1900,1
1773,1902,1
1774,1904,1
1774,2141,3
1775,1901,1
1775,1908,1
1775,2027,2
1776,1903,1
1776,2339,5
1777,1903,1
1777,1904,1
1777,2141,3
1778,1905,1
1778,1909,1
1779,1905,1
1779,1906,1
1779,2029,2
1780,1902,1
1781,1909,1
1783,2257,4
1783,2638,8
1784,2264,4
1785,1916,1
1785,2149,3
1785,2265,4
1786,1915,1
1786,2153,3
1787,2035,2
1787,2037,2
1788,2155,3
1788,2351,5
1789,1917,1
1789,1919,1
1789,2037,2
1790,1918,1
1790,1921,1
1790,2154,3
1791,1920,1
1791,2041,2
1792,2350,5
1792,2354,5
1793,2153,3
1793,2352,5
1794,2039,2
1795,2041,2
1796,1921,1
1796,1925,1
1796,1926,1
1796,2044,2
1797,1924,1
1797,2046,2
1797,2268,4
1799,1931,1
1800,2048,2
1800,2165,3
1800,2450,6
1802,3228,15
1802,3470,18
1804,2653,8
1805,2171,3
1806,2363,5
1806,2904,11
1807,2361,5
1807,2561,7
1807,2736,9
1807,2821,10
1808,2171,3
1809,2057,2
1809,2737,9
1809,3154,14
1809,3396,17
1810,2274,4
1810,3074,13
1811,1939,1
1811,1942,1
1811,2458,6
1811,2825,10
1812,2064,2
1812,2177,3
1812,2997,12
1812,4310,31
1813,1944,1
1813,2829,10
1814,1942,1
1814,2066,2
1815,1945,1
1815,3480,18
1816,2661,8
1816,4754,39
1818,2372,5
1818,2662,8
1818,4375,32
1819,3679,21
1820,2467,6
1820,4201,29
1820,4263,30
1821,2278,4
1821,2664,8
1821,2752,9
1822,1950,1
1822,2378,5
1823,1950,1
1824,2074,2
1825,3007,12
1825,3168,14
1825,3753,22
1826,2074,2
1826,2189,3
1827,2281,4
1827,4934,42
1828,5138,46
1828,5252,48
1829,5138,46
1830,4142,28
1830,4266,30
1831,1960,1
1831,2475,6
1831,2672,8
1832,2078,2
1832,3174,14
1833,2387,5
1833,2672,8
1834,2078,2
1834,2191,3
1835,2079,2
1835,2082,2
1835,2191,3
1836,1961,1
1836,2285,4
1836,2577,7
1836,2578,7
1837,1962,1
1837,2387,5
1838,2391,5
1838,4480,34
1838,5710,57
1839,2285,4
1839,2924,11
1840,3098,13
1840,3686,21
1841,2287,4
1841,2675,8
1841,3176,14
1842,3177,14
1843,2195,3
1844,1968,1
1844,2086,2
1844,2289,4
1845,3331,16
1845,3332,16
1846,1970,1
1846,2290,4
1847,2198,3
1847,2928,11
1848,2089,2
1848,2198,3
1849,2583,7
1850,2767,9
1851,1976,1
1852,2858,10
1852,3782,22
1853,2401,5
1853,2593,7
1854,1977,1
1854,2497,6
1855,1978,1
1855,2097,2
1856,2098,2
1856,2604,7
1856,2690,8
1857,1984,1
1857,2606,7
1858,1979,1
1858,1981,1
1859,1979,1
1859,1980,1
1859,1982,1
1859,1985,1
1859,2100,2
1859,2101,2
1860,2104,2
1860,2212,3
1860,2214,3
1861,1979,1
1862,1982,1
1862,1986,1
1863,1983,1
1863,1986,1
1863,2102,2
1863,2216,3
1863,2694,8
1864,1986,1
1865,3131,13
1865,3520,18
1866,1987,1
1866,2111,2
1866,2793,9
1866,2798,9
1867,1989,1
1867,2219,3
1868,3453,17
1868,4511,34
1869,1993,1
1869,1995,1
1869,2113,2
1869,2114,2
1869,2115,2
1869,2225,3
1869,2615,7
1870,1995,1
1871,1995,1
1871,1996,1
1871,2118,2
1871,2119,2
1872,1998,1
1872,2706,8
1873,1999,1
1873,2000,1
1875,2000,1
1875,2001,1
1875,2321,4
1876,2001,1
1876,2232,3
1877,3050,12
1877,3457,17
1877,4361,31
1878,2123,2
1878,2124,2
1879,2124,2
1880,2005,1
1880,2006,1
1881,2006,1
1882,2006,1
1882,2007,1
1882,2128,2
1883,2009,1
1883,2129,2
1883,2238,3
1883,2326,4
1884,2012,1
1884,2242,3
1885,2012,1
1885,2131,2
1886,2131,2
1886,2243,3
1887,2132,2
1887,2133,2
1888,2015,1
1888,2016,1
1889,2016,1
1889,2017,1
1890,2017,1
1890,2018,1
1890,2019,1
1890,2134,2
1890,2136,2
1891,2020,1
1891,2021,1
1895,2022,1
1895,2137,2
1895,2335,4
1896,2022,1
1896,2023,1
1897,2021,1
1897,2137,2
1898,2024,1
1898,2138,2
1898,2632,7
1899,2026,1
1899,2028,1
1900,2026,1
1901,2140,2
1901,2338,4
1901,2339,4
1901,2441,5
1902,2026,1
1903,2253,3
1905,2029,1
1906,2028,1
1906,2255,3
1907,2026,1
1907,2142,2
1907,2144,2
1908,2254,3
1909,2029,1
1909,2145,2
1910,2033,1
1910,2145,2
1910,2147,2
1911,2146,2
1911,2149,2
1912,2147,2
1912,2348,4
1913,2148,2
1913,2345,4
1914,2149,2
1915,2148,2
1915,2262,3
1916,2149,2
1916,2265,3
1917,2036,1
1917,2037,1
1917,2038,1
1918,2265,3
1919,2038,1
1919,2039,1
1920,2155,2
1920,2266,3
1922,2157,2
1922,2266,3
1923,2043,1
1923,2268,3
1925,2645,7
1926,2645,7
1926,2647,7
1927,2164,2
1927,2269,3
1928,2047,1
1928,2269,3
1928,2648,7
1929,2049,1
1929,2166,2
1930,2050,1
1930,2163,2
1930,4697,37
1931,2054,1
1931,2164,2
1932,2163,2
1932,2271,3
1932,2898,10
1933,2360,4
1933,2647,7
1934,2816,9
1934,3151,13
1935,2057,1
1935,2362,4
1935,2819,9
1936,3071,12
1936,3609,19
1937,2272,3
1937,2990,11
1938,2058,1
1938,2822,9
1940,2061,1
1940,2458,5
1941,2176,2
1942,2065,1
1942,2564,6
1943,2659,7
1944,2178,2
1945,2461,5
1945,3740,21
1946,3402,16
1947,2570,6
1947,3621,19
1948,2377,4
1948,2835,9
1949,2573,6
1949,3830,22
1950,2378,4
1951,2279,3
1951,2665,7
1951,4136,27
1952,2471,5
1952,4137,27
1953,3009,11
1953,3626,19
1953,4872,40
1955,2075,1
1956,4015,25
1956,4427,32
1957,2190,2
1957,3327,15
1958,2282,3
1958,2384,4
1959,2475,5
1959,3173,13
1960,2283,3
1960,2284,3
1960,2922,10
1961,2079,1
1961,2757,8
1962,2080,1
1962,2478,5
1963,2079,1
1963,2082,1
1964,2082,1
1964,2674,7
1964,2760,8
1965,2673,7
1965,3548,18
1966,2289,3
1966,2581,6
1966,2927,10
1966,3953,24
1967,2676,7
1967,2846,9
1967,3016,11
1967,3017,11
1968,2289,3
1969,3101,12
1969,3902,23
1970,2090,1
1971,2199,2
1972,2199,2
1972,2677,7
1972,2929,10
1973,2292,3
1973,3845,22
1974,2200,2
1974,3556,18
1974,3973,24
1975,2400,4
1975,2485,5
1975,3030,11
1975,3511,17
1976,2488,5
1977,2098,1
1977,2604,6
1979,2099,1
1979,2100,1
1979,2209,2
1980,2100,1
1980,2101,1
1980,2209,2
1981,2099,1
1981,2212,2
1982,2101,1
1982,2103,1
1983,2102,1
1983,2211,2
1984,2413,4
1985,2101,1
1986,2103,1
1986,2211,2
1987,2215,2
1987,2307,3
1987,2506,5
1987,2510,5
1987,3044,11
1988,2305,3
1988,2507,5
1989,2219,2
1989,2515,5
1989,2964,10
1990,2306,3
1990,2415,4
1990,2512,5
1990,2517,5
1990,2518,5
1991,2106,1
1991,2109,1
1991,2611,6
1991,2614,6
1992,3289,14
1992,3453,16
1993,2114,1
1993,2115,1
1993,2311,3
1994,2313,3
1994,3213,13
1994,4182,27
1995,2112,1
1995,2224,2
1996,2112,1
1996,2117,1
1996,2118,1
1996,2229,2
1997,2116,1
1997,5067,43
1998,3794,21
1999,2119,1
1999,2120,1
2000,2120,1
2000,2122,1
2000,2320,3
2001,2232,2
2002,2232,2
2002,2322,3
2003,2124,1
2003,2125,1
2003,2126,1
2004,2126,1
2004,2127,1
2005,2127,1
2005,2237,2
2006,2237,2
2007,2128,1
2007,2237,2
2007,2325,3
2008,2128,1
2008,2129,1
2008,2325,3
2009,2128,1
2009,2129,1
2010,2240,2
2010,2434,4
2011,2239,2
2011,2326,3
2011,2327,3
2011,2534,5
2012,2328,3
2012,2536,5
2013,2243,2
2013,2244,2
2014,2132,1
2014,2244,2
2014,2330,3
2014,2629,6
2015,2133,1
2015,2245,2
2016,2245,2
2016,2246,2
2017,2134,1
2017,2246,2
2018,2134,1
2018,2135,1
2018,2247,2
2019,2247,2
2020,2136,1
2020,2137,1
2021,2137,1
2022,2249,2
2022,2335,3
2023,2138,1
2023,2249,2
2024,2138,1
2024,2440,4
2024,2543,5
2025,2139,1
2025,2141,1
2026,2142,1
2027,2140,1
2027,2254,2
2027,2340,3
2028,2142,1
2028,2143,1
2029,2145,1
2029,2255,2
2029,2256,2
2030,2254,2
2030,2258,2
2030,2343,3
2031,2345,3
2031,2548,5
2031,2636,6
2031,2637,6
2031,2726,7
2032,2258,2
2032,2347,3
2033,2256,2
2033,2259,2
2033,2445,4
2034,2150,1
2034,2264,2
2035,2152,1
2035,2347,3
2036,2152,1
2036,2260,2
2036,2263,2
2037,2152,1
2038,2263,2
2038,2265,2
2039,2154,1
2039,2265,2
2040,2640,6
2040,2982,10
2041,2266,2
2042,2642,6
2043,2267,2
2043,2449,4
2045,2355,3
2045,2450,4
2045,2731,7
2046,2162,1
2046,2644,6
2047,2453,4
2048,2159,1
2048,2358,3
2048,3150,12
2049,2270,2
2049,2359,3
2050,3228,13
2050,5594,53
2051,2167,1
2051,2818,8
2052,2897,9
2053,2167,1
2054,2650,6
2056,2170,1
2056,2901,9
2056,2988,10
2056,3230,13
2057,2362,3
2057,2363,3
2057,3154,12
2057,4062,25
2059,2364,3
2059,2905,9
2060,2365,3
2060,2656,6
2060,3233,13
2061,2173,1
2061,2658,6
2062,2656,6
2062,2659,6
2063,3674,19
2064,2177,1
2064,2744,7
2064,2830,8
2065,2460,4
2067,3087,11
2067,4262,28
2067,4470,32
2068,2184,1
2068,2277,2
2069,3248,13
2070,3249,13
2071,2836,8
2071,3008,10
2072,2836,8
2072,3899,22
2073,2837,8
2073,2916,9
2073,3090,11
2074,2470,4
2074,2667,6
2075,2380,3
2076,2382,3
2076,2472,4
2077,3408,15
2077,3683,19
2077,5252,46
2078,2670,6
2078,2671,6
2079,2386,3
2080,2758,7
2080,2759,7
2080,3175,12
2081,3629,18
2081,5462,50
2082,2192,1
2082,2760,7
2083,2390,3
2084,3258,13
2084,4081,25
2085,3257,13
2086,2846,8
2086,3017,10
2087,2847,8
2087,5850,58
2088,4145,26
2088,5850,58
2089,2196,1
2089,2198,1
2089,2395,3
2089,2396,3
2089,2928,9
2090,2290,2
2091,2849,8
2091,3103,11
2092,2397,3
2092,2587,5
2092,3022,10
2092,3430,15
2093,2934,9
2093,3184,12
2094,2206,1
2094,2295,2
2094,2489,4
2095,2482,4
2096,2208,1
2096,2402,3
2098,2604,5
2099,2209,1
2099,2301,2
2099,2952,9
2100,2209,1
2101,2209,1
2101,2211,1
2102,2210,1
2102,2211,1
2102,2213,1
2102,2412,3
2103,2211,1
2104,3212,12
2104,3590,17
2105,2217,1
2105,2789,7
2105,3933,22
2106,2217,1
2106,2416,3
2106,3206,12
2107,2215,1
2107,2417,3
2107,2793,7
2108,3289,13
2108,3518,16
2108,3723,19
2109,2217,1
2109,3213,12
2109,4512,32
2110,2417,3
2110,2612,5
2110,2793,7
2110,3374,14
2111,2307,2
2112,2221,1
2112,2223,1
2112,2224,1
2112,2227,1
2112,2228,1
2112,2310,2
2113,2224,1
2113,2225,1
2113,2420,3
2114,2225,1
2114,2311,2
2114,2420,3
2115,2705,6
2115,2795,7
2116,2316,2
2116,5278,46
2117,2228,1
2117,2318,2
2118,2229,1
2118,2230,1
2119,2230,1
2119,2231,1
2120,2231,1
2120,2320,2
2121,3050,10
2121,4117,25
2122,2320,2
2122,2321,2
2122,2431,3
2123,2234,1
2123,2322,2
2124,2234,1
2125,2234,1
2125,2235,1
2125,2322,2
2126,2235,1
2126,2324,2
2126,2433,3
2127,2236,1
2127,2237,1
2127,2324,2
2127,2325,2
2129,2713,6
2130,2241,1
2130,2242,1
2130,2327,2
2131,2328,2
2131,2329,2
2132,2331,2
2133,2331,2
2133,2436,3
2134,2333,2
2135,2333,2
2135,2334,2
2135,2437,3
2136,2247,1
2136,2248,1
2137,2248,1
2138,2250,1
2138,2336,2
2138,2439,3
2138,2543,4
2139,2253,1
2139,2545,4
2140,2252,1
2140,2544,4
2141,2253,1
2142,2341,2
2143,2255,1
2143,2341,2
2143,2443,3
2144,2341,2
2145,2256,1
2146,2261,1
2146,2347,2
2147,2445,3
2147,2446,3
2148,2549,4
2148,2727,6
2149,2261,1
2149,2265,1
2149,2349,2
2150,2348,2
2150,2728,6
2151,2551,4
2151,2552,4
2152,2347,2
2153,2262,1
2153,2553,4
2153,2814,7
2154,2265,1
2155,2351,2
2155,2353,2
2156,2729,6
2156,3672,18
2157,2353,2
2157,2557,4
2157,2642,5
2158,2557,4
2158,2646,5
2158,2730,6
2159,2984,9
2160,2451,3
2160,2643,5
2160,2816,7
2161,2645,5
2162,2270,1
2162,2454,3
2162,2985,9
2163,2898,8
2163,3606,17
2164,2357,2
2164,2650,5
2164,2819,7
2165,2358,2
2165,2558,4
2165,2820,7
2166,2359,2
2166,2456,3
2167,2732,6
2168,2456,3
2169,2272,1
2170,2456,3
2171,2273,1
2171,2366,2
2172,2367,2
2172,2561,4
2172,2736,6
2172,3537,16
2173,2822,7
2173,2906,8
2174,2739,6
2174,2905,8
2175,2369,2
2175,2743,6
2175,3311,13
2176,2659,5
2177,2562,4
2177,4194,26
2178,2828,7
2178,2829,7
2178,3078,10
2179,2909,8
2179,4070,24
2180,2567,4
2180,2568,4
2180,2907,8
2180,3081,10
2181,3245,12
2181,3246,12
2182,3320,13
2182,3618,17
2183,2751,6
2183,3624,17
2183,4758,36
2184,3088,10
2184,3247,12
2185,2379,2
2185,2572,4
2186,2573,4
2186,3004,9
2187,2469,3
2187,4202,26
2188,2381,2
2188,2472,3
2188,2575,4
2189,2667,5
2189,3093,10
2190,2384,2
2190,3011,9
2190,3833,20
2191,2386,2
2191,2671,5
2192,3837,20
2193,2389,2
2193,2843,7
2193,3413,14
2194,2393,2
2194,3176,11
2195,2393,2
2195,2762,6
2196,2395,2
2196,2928,8
2197,2765,6
2197,2928,8
2197,3179,11
2199,3261,12
2200,2767,6
2200,4553,32
2201,2398,2
2201,2399,2
2201,2771,6
2202,2482,3
2202,2772,6
2203,2482,3
2203,2487,3
2203,3435,14
2204,2296,1
2204,2678,5
2204,3573,16
2205,2294,1
2205,3033,9
2206,2401,2
2206,2402,2
2207,2491,3
2207,2497,3
2207,2949,8
2209,2298,1
2209,2299,1
2209,2300,1
2209,2301,1
2209,2407,2
2209,2408,2
2209,2409,2
2210,2297,1
2210,2300,1
2210,2410,2
2210,2504,3
2211,2300,1
2212,2303,1
2212,2952,8
2213,2694,5
2213,3042,9
2214,2303,1
2214,2508,3
2214,3212,11
2215,2784,6
2215,2962,8
2216,3131,10
2217,2509,3
2217,4572,32
2218,2307,1
2218,2308,1
2218,2608,4
2219,2414,2
2219,2705,5
2219,2795,6
2219,3656,17
2220,3130,10
2220,3373,13
2220,3589,16
2221,2309,1
2221,2310,1
2221,2418,2
2222,3588,16
2223,2309,1
2223,2314,1
2224,2420,2
2225,2420,2
2226,3792,19
2227,2314,1
2228,2314,1
2228,2318,1
2229,2318,1
2229,2319,1
2230,2319,1
2230,2430,2
2231,2320,1
2231,2430,2
2232,2321,1
2232,2322,1
2233,2622,4
2233,3799,19
2234,2322,1
2235,2322,1
2235,2432,2
2235,2624,4
2235,2712,5
2236,2324,1
2236,2325,1
2236,2533,3
2238,2326,1
2238,2713,5
2238,3526,15
2239,2326,1
2239,2535,3
2240,2535,3
2241,2435,2
2241,2882,7
2241,3297,12
2242,2435,2
2242,2536,3
2243,2329,1
2243,2330,1
2244,2330,1
2245,2332,1
2245,2436,2
2246,2332,1
2246,2333,1
2247,2334,1
2247,2335,1
2247,2438,2
2248,2335,1
2249,2336,1
2249,2438,2
2250,2439,2
2250,2723,5
2250,2724,5
2251,2633,4
2251,3062,9
2252,2340,1
2252,2546,3
2252,2891,7
2253,2339,1
2254,2442,2
2255,2344,1
2256,2344,1
2257,2341,1
2257,2443,2
2258,2347,1
2258,2444,2
2259,2344,1
2259,2445,2
2259,2551,3
2259,2552,3
2259,2638,4
2260,2347,1
2261,2347,1
2261,2349,1
2262,2727,5
2262,2981,8
2263,2347,1
2263,2349,1
2264,2350,1
2264,2728,5
2264,2815,6
2265,2349,1
2266,2353,1
2267,2355,1
2267,2555,3
2267,2641,4
2268,2449,2
2268,2644,4
2269,2357,1
2270,2559,3
2271,3609,16
2271,4129,24
2272,2654,4
2273,2904,7
2273,3817,19
2274,3538,15
2275,2827,6
2275,3479,14
2275,3616,16
2275,3738,18
2276,2747,5
2276,3077,9
2277,3088,9
2278,2378,1
2278,3002,8
2279,2468,2
2280,2574,3
2280,3752,18
2280,4762,35
2281,4539,31
2282,2473,2
2282,2919,7
2282,3253,11
2283,2474,2
2283,2475,2
2283,2840,6
2284,2385,1
2284,2474,2
2284,3411,13
2285,3096,9
2286,2391,1
2286,3761,18
2287,3176,10
2288,2926,7
2288,3257,11
2288,3488,14
2289,2927,7
2289,3017,8
2291,3690,17
2291,3959,21
2292,3181,10
2292,4549,31
2293,2588,3
2293,4230,25
2293,4562,31
2294,2486,2
2294,2589,3
2294,2678,4
2295,2399,1
2295,2486,2
2295,2489,2
2295,2590,3
2296,2400,1
2296,2592,3
2296,3442,13
2297,2405,1
2297,2410,1
2297,2411,1
2297,2492,2
2297,2502,2
2297,2504,2
2298,2407,1
2298,2408,1
2298,2498,2
2299,2403,1
2299,2408,1
2299,2409,1
2300,2404,1
2300,2409,1
2300,2501,2
2301,2407,1
2301,2783,5
2302,2411,1
2302,2504,2
2302,2505,2
2302,2689,4
2303,2952,7
2303,3653,16
2304,2506,2
2304,2510,2
2304,2691,4
2304,3281,11
2305,2608,3
2305,2692,4
2306,2415,1
2306,2512,2
2306,3586,15
2307,2510,2
2307,2691,4
2308,2608,3
2309,2418,1
2309,2419,1
2310,2420,1
2310,2514,2
2310,2610,3
2311,2420,1
2311,2795,5
2311,2967,7
2311,3722,17
2312,2421,1
2312,3723,17
2313,3213,10
2314,2419,1
2314,2422,1
2314,2423,1
2314,2426,1
2314,2427,1
2314,2524,2
2315,2521,2
2315,2796,5
2316,3290,11
2316,3522,14
2316,5066,40
2317,3217,10
2317,3794,18
2318,2429,1
2318,2524,2
2318,2525,2
2319,2429,1
2319,2527,2
2320,2528,2
2320,2529,2
2320,2620,3
2321,2530,2
2322,2432,1
2322,2530,2
2323,2531,2
2323,4361,27
2324,2433,1
2325,2533,2
2325,2625,3
2325,2713,4
2325,2805,5
2326,2434,1
2326,2534,2
2326,2714,4
2327,2882,6
2328,2536,2
2328,2626,3
2329,2626,3
2329,2627,3
2330,2537,2
2330,2627,3
2330,2717,4
2331,2538,2
2331,2629,3
2332,2437,1
2332,2539,2
2333,2437,1
2334,2437,1
2334,2438,1
2335,2438,1
2336,2439,1
2336,2540,2
2337,2545,2
2337,2890,6
2338,2441,1
2338,2544,2
2338,2633,3
2339,2545,2
2340,2442,1
2340,2634,3
2342,2548,2
2342,2635,3
2342,2637,3
2342,2892,6
2343,2442,1
2343,2444,1
2343,2634,3
2344,2443,1
2345,2549,2
2346,2550,2
2346,2726,4
2347,2444,1
2347,2550,2
2348,2446,1
2348,2639,3
2350,2815,5
2350,2895,6
2350,2983,7
2351,2554,2
2352,2553,2
2352,2729,4
2353,2554,2
2354,2895,6
2355,2449,1
2356,2647,3
2357,2648,3
2357,3069,8
2358,2560,2
2358,2986,7
2359,2559,2
2359,2988,7
2360,2452,1
2361,2652,3
2361,2735,4
2361,2897,6
2362,3069,8
2362,3152,9
2363,3471,13
2364,2654,3
2365,2990,7
2366,3674,16
2366,3817,18
2367,2740,4
2367,3155,9
2367,3156,9
2368,2737,4
2368,2823,5
2368,2995,7
2368,3234,10
2369,2738,4
2369,2741,4
2369,3541,14
2370,2826,5
2370,3076,8
2370,3238,10
2370,3477,13
2371,3159,9
2371,3238,10
2372,2463,1
2372,2662,3
2372,3827,18
2372,3945,20
2372,4810,35
2373,2832,5
2373,2912,6
2373,3244,10
2374,3481,13
2374,3545,14
2375,2462,1
2375,2464,1
2376,3248,10
2376,3321,11
2376,3483,13
2377,3249,10
2377,3748,17
2378,3321,11
2378,3547,14
2379,3250,10
2379,4203,24
2380,2575,2
2381,3010,7
2381,3170,9
2382,2838,5
2382,3170,9
2383,3012,7
2383,4814,35
2384,2919,6
2385,2474,1
2385,3094,8
2385,4020,21
2386,2757,4
2386,2841,5
2386,3487,13
2387,2478,1
2388,2673,3
2388,2923,6
2388,3097,8
2388,4654,32
2388,4816,35
2389,2579,2
2389,3412,12
2389,3413,12
2390,2480,1
2391,5757,53
2392,2762,4
2392,3015,7
2393,2762,4
2393,3015,7
2394,3259,10
2394,4817,35
2397,2585,2
2397,2931,6
2397,3020,7
2398,2586,2
2398,2933,6
2398,3108,8
2398,3427,12
2399,2590,2
2400,3442,12
2400,3569,14
2401,2489,1
2403,2493,1
2403,2499,1
2403,2500,1
2403,2596,2
2403,2597,2
2404,2494,1
2404,2495,1
2404,2500,1
2404,2501,1
2404,2598,2
2405,2492,1
2405,2503,1
2406,2496,1
2406,2503,1
2406,2605,2
2406,2868,5
2407,2498,1
2407,2601,2
2407,2783,4
2408,2499,1
2408,2602,2
2409,2500,1
2410,2501,1
2410,2603,2
2411,2503,1
2411,2605,2
2412,2504,1
2412,2505,1
2412,3042,7
2413,2507,1
2413,2606,2
2414,2511,1
2414,2964,6
2414,3450,12
2415,2518,1
2415,2961,6
2415,3205,9
2415,3210,9
2416,2611,2
2416,3521,13
2416,4292,25
2417,2962,6
2417,3452,12
2418,2513,1
2418,2514,1
2418,2609,2
2418,2788,4
2419,2513,1
2419,2519,1
2419,2609,2
2420,2699,3
2420,2700,3
2420,2701,3
2420,2791,4
2420,2792,4
2421,2518,1
2422,2519,1
2422,2520,1
2423,2520,1
2423,2613,2
2425,3215,9
2425,3217,9
2425,3792,17
2426,2523,1
2426,2613,2
2427,2523,1
2427,2616,2
2428,3659,15
2428,5331,44
2429,2525,1
2429,2617,2
2430,2527,1
2430,2528,1
2431,2529,1
2431,2530,1
2431,2710,3
2432,2530,1
2432,2532,1
2432,2623,2
2432,2804,4
2433,2533,1
2433,2624,2
2434,2535,1
2435,3298,10
2435,3461,12
2436,2538,1
2436,2539,1
2437,2540,1
2437,2630,2
2437,2721,3
2438,2540,1
2439,2541,1
2439,2631,2
2439,2722,3
2439,2723,3
2439,2809,4
2440,2543,1
2440,2632,2
2440,2810,4
2441,2545,1
2441,2890,5
2442,2634,2
2443,2638,2
2444,2634,2
2445,2552,1
2446,2552,1
2446,2813,4
2447,2552,1
2447,2813,4
2448,2642,2
2448,2984,6
2449,2731,3
2450,2558,1
2450,2731,3
2450,2985,6
2451,2816,4
2451,2818,4
2451,3151,8
2452,2645,2
2452,2647,2
2453,2648,2
2453,2651,2
2454,2559,1
2454,2649,2
2454,3070,7
2455,2816,4
2455,2899,5
2456,2988,6
2457,2560,1
2457,2820,4
2457,2989,6
2457,3309,10
2458,2658,2
2458,2825,4
2459,2563,1
2459,2745,3
2459,2998,6
2459,2999,6
2460,2564,1
2460,2660,2
2460,3077,7
2461,3160,8
2461,4197,23
2462,2748,3
2462,3319,10
2463,2910,5
2463,3827,17
2463,4642,31
2464,2663,2
2464,2748,3
2464,2833,4
2464,3164,8
2465,3163,8
2465,3545,13
2466,3002,6
2466,3086,7
2466,3546,13
2466,3622,14
2467,5191,41
2468,2665,2
2468,2753,3
2469,4649,31
2469,4703,32
2469,4761,33
2470,3010,6
2471,3008,6
2472,2575,1
2472,3170,8
2473,3173,8
2474,2669,2
2474,3094,7
2474,3410,11
2474,3627,14
2474,3755,16
2475,2920,5
2476,2756,3
2476,4321,25
2477,3095,7
2477,3952,19
2477,4321,25
2478,2672,2
2478,2758,3
2479,3098,7
2479,3329,10
2479,4542,29
2479,5356,44
2480,2579,1
2481,2676,2
2481,3018,6
2481,3414,11
2481,3415,11
2482,2855,4
2482,3435,11
2483,3110,7
2483,3709,15
2484,3184,8
2484,4503,28
2485,2591,1
2485,3030,6
2485,3187,8
2485,3569,13
2485,3644,14
2486,2590,1
2486,2593,1
2486,2856,4
2487,3110,7
2488,2773,3
2488,3709,15
2489,2593,1
2490,4449,27
2490,4674,31
2491,3921,18
2492,2595,1
2492,2599,1
2492,2600,1
2492,2681,2
2492,2779,3
2493,2596,1
2493,2597,1
2493,2683,2
2494,2597,1
2494,2598,1
2494,2683,2
2495,2594,1
2495,2598,1
2495,2687,2
2496,2600,1
2496,2684,2
2496,2688,2
2497,2604,1
2497,2949,5
2498,2601,1
2498,2602,1
2498,2685,2
2498,2781,3
2499,2602,1
2499,2686,2
2500,2597,1
2501,2603,1
2501,2687,2
2502,2599,1
2502,2603,1
2503,2600,1
2505,2869,4
2505,2955,5
2506,3044,6
2506,3928,18
2507,2690,2
2507,2692,2
2508,3287,9
2508,3653,14
2508,3721,15
2509,3043,6
2509,3206,8
2509,4572,29
2510,2691,2
2511,2960,5
2511,3209,8
2511,3656,14
2512,3451,11
2512,3654,14
2513,2609,1
2514,2610,1
2514,2873,4
2515,2696,2
2515,3288,9
2516,2965,5
2516,3588,13
2517,2796,3
2517,3451,11
2517,3589,13
2518,3723,15
2519,2609,1
2519,2613,1
2519,2698,2
2520,2613,1
2521,3657,14
2522,4576,29
2522,4852,34
2523,2799,3
2523,3377,10
2524,2616,1
2524,2708,2
2525,2617,1
2525,2708,2
2526,2707,2
2526,4516,28
2527,2617,1
2527,2619,1
2528,2619,1
2528,2801,3
2529,2802,3
2529,2971,5
2530,2623,1
2530,2710,2
2530,2803,3
2531,3799,16
2532,2623,1
2532,2711,2
2532,3052,6
2533,2624,1
2533,2625,1
2533,3382,10
2534,2881,4
2534,2882,4
2536,2716,2
2536,3298,9
2536,3802,16
2537,2628,1
2537,2629,1
2537,2717,2
2537,3136,7
2537,3463,11
2538,2719,2
2538,2720,2
2539,2630,1
2539,2720,2
2540,2631,1
2540,2721,2
2541,2809,3
2541,2886,4
2541,2976,5
2542,2723,2
2542,2724,2
2542,2887,4
2542,3390,10
2543,2724,2
2543,2889,4
2543,3143,7
2544,2811,3
2544,2891,4
2546,2634,1
2546,2725,2
2546,3065,6
2547,2635,1
2547,2892,4
2547,3144,7
2547,3812,16
2548,2636,1
2548,2892,4
2549,2637,1
2549,3307,9
2550,2634,1
2550,2726,2
2551,2638,1
2553,2814,3
2553,3068,6
2554,2642,1
2555,2895,4
2556,3672,14
2556,4635,30
2557,2642,1
2558,2649,1
2558,2733,2
2558,2900,4
2559,2901,4
2560,2820,3
2560,3608,13
2561,3734,15
2562,2744,2
2562,3540,12
2562,3819,16
2563,2824,3
2563,3158,7
2563,3237,8
2564,2825,3
2564,3316,9
2565,2829,3
2565,2997,5
2565,3079,6
2566,2828,3
2566,3078,6
2566,3402,10
2567,2909,4
2567,3617,13
2568,3481,11
2568,3677,14
2569,2834,3
2569,3163,7
2569,5027,37
2570,2750,2
2570,2913,4
2571,3166,7
2572,3166,7
2572,3250,8
2573,3322,9
2574,5508,46
2576,3012,5
2576,3327,9
2576,3832,16
2577,2757,2
2577,2842,3
2577,3756,15
2578,2842,3
2578,3096,6
2578,3836,16
2579,2759,2
2580,3686,14
2580,4212,22
2581,3488,11
2582,3333,9
2583,2677,1
2584,2767,2
2584,3845,16
2584,4392,25
2585,2768,2
2585,2931,4
2585,3423,10
2585,3494,11
2585,3976,18
2586,2853,3
2586,2933,4
2586,3856,16
2587,3020,5
2587,3021,5
2587,3503,11
2588,3500,11
2588,4502,27
2588,4614,29
2589,2770,2
2589,2856,3
2589,2935,4
2590,2771,2
2590,2854,3
2590,2856,3
2591,2857,3
2591,3505,11
2591,3510,11
2592,2678,1
2592,3350,9
2592,3569,12
2594,2680,1
2594,2683,1
2594,2776,2
2594,2866,3
2595,2681,1
2595,2684,1
2596,2686,1
2596,2778,2
2597,2683,1
2598,2683,1
2599,2779,2
2599,2782,2
2600,2684,1
2601,2780,2
2601,3280,8
2602,2781,2
2603,2782,2
2604,3201,7
2604,3444,10
2604,3446,10
2605,2689,1
2605,2951,4
2606,2690,1
2607,2789,2
2607,2955,4
2607,3286,8
2607,3933,17
2608,2691,1
2608,2956,4
2608,3045,5
2609,2695,1
2609,2698,1
2609,2785,2
2609,2788,2
2609,2871,3
2609,2958,4
2610,2699,1
2610,2873,3
2610,2963,4
2611,2797,2
2611,3521,11
2612,2797,2
2612,3452,10
2612,3521,11
2613,2698,1
2613,2702,1
2613,2790,2
2613,2794,2
2613,3216,7
2613,3291,8
2613,3377,9
2614,2797,2
2614,4512,27
2614,4729,31
2615,2705,1
2616,2799,2
2616,2877,3
2617,2709,1
2617,2800,2
2617,2879,3
2618,4117,20
2618,4516,27
2618,5917,54
2619,2709,1
2619,2801,2
2620,2801,2
2620,2802,2
2621,4246,22
2621,5068,37
2622,3457,10
2623,2803,2
2624,2712,1
2625,2805,2
2625,3295,8
2626,2716,1
2626,3054,5
2627,2717,1
2627,3054,5
2628,2718,1
2628,2883,3
2628,3527,11
2629,2719,1
2629,3055,5
2630,2721,1
2630,2807,2
2630,2884,3
2631,2721,1
2631,2722,1
2632,3062,5
2632,3064,5
2633,2811,2
2633,2890,3
2634,2725,1
2634,2726,1
2634,2812,2
2635,2980,4
2635,4001,18
2636,2979,4
2636,3146,6
2637,2980,4
2639,2728,1
2639,2813,2
2639,2982,4
2640,2894,3
2640,2982,4
2641,2895,3
2641,2983,4
2642,2730,1
2642,3149,6
2643,3148,6
2643,4635,29
2644,2731,1
2644,2985,4
2646,2817,2
2646,2897,3
2648,3152,6
2649,2985,4
2649,2987,4
2650,2819,2
2651,3152,6
2651,3673,13
2652,2735,1
2652,2897,3
2652,3534,11
2653,3535,11
2654,2905,3
2654,2990,4
2655,2903,3
2655,3073,5
2655,3398,9
2656,2739,1
2657,2740,1
2657,3156,6
2657,3236,7
2657,3473,10
2658,2906,3
2658,3158,6
2660,3077,5
2661,3825,15
2661,5188,39
2662,3162,6
2662,4643,29
2663,2833,2
2663,3082,5
2663,3085,5
2664,3247,7
2665,3167,6
2665,3406,9
2666,3089,5
2666,4811,32
2667,3010,4
2667,3325,8
2668,4762,31
2668,6265,61
2669,3410,9
2669,3627,12
2669,4429,25
2670,2921,3
2670,3174,6
2670,4268,22
2671,2921,3
2671,3487,10
2672,2922,3
2673,3901,16
2673,4654,29
2673,4764,31
2674,2760,1
2674,2761,1
2674,4022,18
2675,2924,3
2675,3413,9
2676,3100,5
2676,3260,7
2677,3334,8
2678,2935,3
2678,3434,9
2679,3979,17
2679,4674,29
2680,2775,1
2680,2776,1
2680,2861,2
2681,2774,1
2681,2777,1
2681,2940,3
2681,2945,3
2682,3199,6
2682,4449,25
2683,2775,1
2683,2778,1
2683,2863,2
2684,2777,1
2684,2867,2
2685,2780,1
2685,2781,1
2685,2864,2
2686,2781,1
2686,2865,2
2687,2782,1
2687,2866,2
2688,2867,2
2688,2868,2
2688,3200,6
2689,2869,2
2689,3445,9
2690,3446,9
2691,3045,4
2691,3364,8
2692,2956,3
2692,3446,9
2693,3041,4
2693,3205,6
2693,3210,6
2693,4241,21
2694,3131,5
2694,3286,7
2695,2785,1
2695,2787,1
2696,2964,3
2696,3989,17
2696,4180,20
2697,2965,3
2697,3130,5
2697,3370,8
2698,2787,1
2698,2790,1
2698,2872,2
2699,2791,1
2699,2963,3
2700,2791,1
2700,2792,1
2700,3047,4
2701,2792,1
2701,2967,3
2701,3208,6
2702,2790,1
2702,2794,1
2703,2793,1
2703,2798,1
2703,3374,8
2703,4573,27
2704,2794,1
2704,3214,6
2704,3291,7
2706,3794,14
2706,4852,32
2707,5067,36
2707,5279,40
2708,2877,2
2708,2879,2
2709,2800,1
2709,2970,3
2710,2971,3
2710,3523,10
2711,2803,1
2711,3052,4
2711,3381,8
2712,2804,1
2712,3382,8
2713,3133,5
2714,2881,2
2714,3053,4
2714,3526,10
2715,2881,2
2715,2882,2
2715,3134,5
2715,3297,7
2716,3462,9
2716,3597,11
2717,2883,2
2718,3135,5
2718,3462,9
2718,3665,12
2719,2806,1
2719,3055,4
2720,2806,1
2720,2807,1
2721,2808,1
2721,2885,2
2721,2974,3
2722,2809,1
2722,2885,2
2723,2976,3
2724,3143,5
2725,2812,1
2725,2978,3
2725,3224,6
2726,2812,1
2726,2893,2
2726,2979,3
2727,3147,5
2727,3307,7
2728,2894,2
2729,3068,4
2729,4748,30
2730,2817,1
2730,3149,5
2732,2818,1
2732,3151,5
2733,2820,1
2733,2900,2
2733,3229,6
2734,3673,12
2734,3734,13
2735,2821,1
2735,3394,8
2736,3072,4
2736,3156,5
2737,2991,3
2737,4865,32
2738,3073,4
2739,3233,6
2740,2994,3
2740,3613,11
2741,3073,4
2741,3235,6
2741,3474,9
2742,2823,1
2742,2995,3
2742,3314,7
2742,3821,14
2743,2824,1
2743,3237,6
2743,3541,10
2744,2830,1
2744,3478,9
2745,3077,4
2745,3158,5
2746,3242,6
2746,5084,36
2747,2999,3
2747,3077,4
2748,3082,4
2748,3744,13
2749,2912,2
2749,3001,3
2750,2835,1
2751,3947,16
2751,4010,17
2752,3002,3
2752,3165,5
2752,3247,6
2753,2914,2
2753,3406,8
2753,3749,13
2754,3005,3
2754,4594,27
2754,4703,29
2755,2916,2
2755,3090,4
2755,3407,8
2755,4651,28
2756,4878,32
2756,5707,48
2757,3834,14
2758,2922,2
2758,3013,3
2759,3412,8
2760,3837,14
2761,3177,5
2761,3687,12
2763,3259,6
2763,3330,7
2763,3415,8
2764,3688,12
2765,2848,1
2765,3103,4
2765,3630,11
2766,3104,4
2766,3261,6
2766,4775,30
2766,5200,38
2767,4612,27
2768,2851,1
2768,3419,8
2768,3492,9
2769,2932,2
2769,3020,3
2769,3021,3
2769,3423,8
2770,3347,7
2770,3348,7
2770,3565,10
2771,2854,1
2771,3108,4
2772,2855,1
2772,3427,8
2773,4230,20
2774,2859,1
2774,2862,1
2774,2940,2
2775,2860,1
2775,2863,1
2775,2939,2
2776,2861,1
2776,2944,2
2777,2862,1
2777,2941,2
2777,3036,3
2778,2865,1
2778,2943,2
2779,2866,1
2779,2945,2
2780,2950,2
2780,3278,6
2781,2947,2
2781,3038,3
2782,2866,1
2783,2952,2
2783,3280,6
2783,3359,7
2783,3513,9
2783,3580,10
2784,3044,3
2784,3584,10
2784,4910,32
2785,2870,1
2785,2871,1
2785,3040,3
2785,3125,4
2786,2954,2
2786,2959,2
2786,2960,2
2786,3209,5
2787,2870,1
2787,2872,1
2788,2873,1
2788,3128,4
2789,3520,9
2790,2872,1
2790,2874,1
2790,3046,3
2791,3047,3
2792,3047,3
2794,2874,1
2794,2875,1
2794,2966,2
2795,3656,11
2796,3657,11
2797,3290,6
2797,3374,7
2797,3375,7
2797,3521,9
2797,4791,30
2798,4684,28
2799,2876,1
2799,2969,2
2800,2879,1
2800,3294,6
2801,2970,2
2801,3051,3
2801,3219,5
2802,3051,3
2802,3595,10
2803,3523,9
2804,3052,3
2804,3459,8
2805,2880,1
2805,3133,4
2805,3664,11
2806,2973,2
2806,3056,3
2807,2884,1
2807,3056,3
2808,2974,2
2808,2975,2
2809,2885,1
2809,2886,1
2809,3059,3
2810,2889,1
2810,3064,3
2810,3065,3
2811,3062,3
2811,3064,3
2812,2893,1
2812,2978,2
2813,2982,2
2814,2981,2
2814,3605,10
2815,2894,1
2815,2983,2
2816,2899,1
2816,3148,4
2816,3151,4
2816,3393,7
2817,2897,1
2819,3069,3
2820,3229,5
2820,3232,5
2821,2902,1
2821,3072,3
2822,3311,6
2823,2991,2
2823,3400,7
2824,3158,4
2824,3311,6
2825,3158,4
2826,2996,2
2826,3477,8
2826,3942,15
2827,3159,4
2827,3238,5
2827,3476,8
2829,3239,5
2830,2997,2
2830,3241,5
2830,3615,10
2830,3742,12
2831,2911,1
2831,3000,2
2831,3161,4
2832,3404,7
2832,4006,16
2833,3086,3
2833,3546,9
2834,4377,22
2834,6025,54
2835,2913,1
2835,3405,7
2835,3748,12
2836,4137,18
2837,3682,11
2837,4012,16
2837,4203,19
2838,3092,3
2838,3171,4
2839,4141,18
2839,4142,18
2840,2920,1
2840,3755,12
2840,3900,14
2841,3487,8
2841,3628,10
2841,3834,13
2842,3684,11
2842,3835,13
2843,3015,2
2843,3176,4
2844,3177,4
2844,3687,11
2845,3258,5
2845,6418,63
2846,3100,3
2846,3102,3
2847,6493,65
2848,3179,4
2848,3549,9
2849,3104,3
2849,3689,11
2849,4660,27
2850,2930,1
2850,3105,3
2850,3263,5
2850,3337,6
2851,3263,5
2851,3491,8
2851,3968,15
2852,2932,1
2852,3107,3
2852,3423,7
2852,3493,8
2853,3265,5
2853,3775,12
2853,4162,18
2854,3348,6
2854,3705,11
2855,3343,6
2855,3860,13
2856,3348,6
2857,3273,5
2857,3505,8
2857,3508,8
2858,4044,16
2858,4503,24
2859,2936,1
2859,3027,2
2859,3029,2
2859,3114,3
2860,2939,1
2860,3028,2
2860,3031,2
2861,2937,1
2861,2939,1
2861,3032,2
2862,2941,1
2862,3029,2
2863,2938,1
2863,2943,1
2863,3031,2
2864,3038,2
2864,3120,3
2864,3278,5
2865,2947,1
2865,3034,2
2866,2944,1
2866,3035,2
2867,2948,1
2867,3036,2
2868,2951,1
2868,3200,4
2869,2953,1
2869,3789,12
2870,2957,1
2870,3040,2
2871,2958,1
2871,3365,6
2872,2957,1
2872,3046,2
2872,3127,3
2873,2963,1
2873,3282,5
2873,3367,6
2874,2966,1
2874,3129,3
2875,2968,1
2875,3048,2
2875,3214,4
2876,3049,2
2876,3377,6
2876,3592,9
2876,3594,9
2876,3660,10
2877,2969,1
2877,3293,5
2878,3379,6
2878,5331,39
2879,3293,5
2879,3294,5
2879,3380,6
2880,3295,5
2880,3460,7
2880,3727,11
2881,3296,5
2883,3054,2
2883,3135,3
2884,2974,1
2884,3221,4
2885,2975,1
2885,3057,2
2885,3059,2
2886,3060,2
2886,3139,3
2886,3140,3
2886,3222,4
2886,3302,5
2887,2976,1
2887,2977,1
2887,3142,3
2888,3063,2
2888,3223,4
2888,3390,6
2888,3468,7
2889,3063,2
2889,3224,4
2891,3064,2
2891,3065,2
2892,3146,3
2892,3226,4
2892,3305,5
2893,2978,1
2893,2979,1
2894,2982,1
2894,2983,1
2896,3148,3
2896,3392,6
2896,3393,6
2896,3732,11
2897,2986,1
2897,3149,3
2897,3150,3
2897,3534,8
2898,3308,5
2898,3815,12
2898,4129,17
2898,4308,20
2899,3393,6
2899,3533,8
2899,3535,8
2899,3607,9
2899,4637,26
2900,2987,1
2900,3395,6
2901,2988,1
2901,3070,2
2902,3231,4
2902,3394,6
2902,3472,7
2903,3230,4
2903,3889,13
2904,3471,7
2904,4527,24
2905,3233,4
2906,3158,3
2906,3311,5
2907,3081,2
2907,3318,5
2907,3677,10
2908,2999,1
2908,3080,2
2908,3245,4
2909,4198,18
2909,4416,22
2910,3083,2
2910,4008,15
2910,4642,26
2911,3084,2
2911,3678,10
2912,3246,4
2912,3403,6
2913,3405,6
2913,3621,9
2914,3830,12
2914,6610,67
2915,3006,1
2915,3251,4
2915,3324,5
2915,3750,11
2916,3089,2
2916,4204,18
2917,3090,2
2917,4139,17
2917,4651,26
2917,4705,27
2918,3252,4
2918,3327,5
2918,3832,12
2918,4206,18
2919,3172,3
2919,3833,12
2920,3173,3
2920,4265,19
2921,4019,15
2921,4209,18
2922,3411,6
2923,4322,20
2923,4816,29
2924,3096,2
2924,3413,6
2925,5416,40
2926,3256,4
2926,4211,18
2926,4212,18
2927,3099,2
2927,4765,28
2928,3179,3
2929,3261,4
2929,3334,5
2929,5101,34
2930,3263,4
2930,3491,7
2930,3768,11
2931,3022,1
2931,3976,14
2931,4161,17
2931,4343,20
2932,3426,6
2932,3704,10
2933,3775,11
2934,3560,8
2934,4900,30
2935,3347,5
2935,3434,6
2936,3024,1
2936,3027,1
2936,3270,4
2937,3026,1
2937,3111,2
2937,3112,2
2937,3113,2
2938,3031,1
2938,3116,2
2938,3192,3
2939,3112,2
2940,3114,2
2940,3117,2
2941,3036,1
2941,3115,2
2941,3195,3
2942,3037,1
2942,3118,2
2942,3119,2
2942,3510,7
2943,3034,1
2943,3116,2
2944,3032,1
2944,3035,1
2945,3035,1
2945,3117,2
2946,3037,1
2946,3118,2
2946,3198,3
2946,3358,5
2947,3038,1
2947,3121,2
2948,3195,3
2948,3200,3
2948,3575,8
2949,3444,6
2949,3576,8
2949,3921,13
2949,3981,14
2950,3278,4
2950,3280,4
2950,3359,5
2951,3445,6
2951,3784,11
2952,3039,1
2952,3580,8
2953,3445,6
2953,3988,14
2953,4290,19
2954,3126,2
2954,3516,7
2954,3984,14
2955,3042,1
2955,3789,11
2956,3045,1
2956,3124,2
2957,3040,1
2957,3127,2
2958,3128,2
2958,3515,7
2959,3126,2
2959,3285,4
2959,3990,14
2960,3450,6
2960,3516,7
2961,3203,3
2961,3205,3
2961,3586,8
2962,3584,8
2962,4293,19
2963,3047,1
2963,3283,4
2963,3367,5
2964,4509,23
2965,4178,17
2965,4850,29
2966,3048,1
2966,3207,3
2967,3722,10
2967,3990,14
2968,3048,1
2968,3372,5
2968,4243,18
2969,3378,5
2969,3660,9
2970,3294,4
2970,3725,10
2971,3595,8
2971,4299,19
2972,3052,1
2972,3381,5
2972,3524,7
2972,3663,9
2973,3055,1
2973,3220,3
2973,3299,4
2974,3137,2
2975,3057,1
2975,3137,2
2976,3060,1
2977,3060,1
2977,3061,1
2977,3141,2
2977,3303,4
2977,3388,5
2978,3067,1
2978,3145,2
2978,3225,3
2978,3304,4
2979,3067,1
2980,3306,4
2980,3307,4
2981,3147,2
2981,3813,11
2984,3149,2
2984,3150,2
2986,3150,2
2986,3608,8
2987,3070,1
2987,3536,7
2989,3231,3
2989,3232,3
2989,3310,4
2990,3233,3
2991,3396,5
2991,4253,18
2992,3397,5
2992,3539,7
2992,3611,8
2992,3612,8
2993,3073,1
2993,3235,3
2993,3398,5
2993,3399,5
2994,3155,2
2994,3400,5
2994,3820,11
2995,3540,7
2995,3739,10
2996,3238,3
2996,3401,5
2996,3476,6
2997,3240,3
2997,3741,10
2998,3080,1
2998,3237,3
2998,3822,11
2999,3077,1
2999,3080,1
3000,3162,2
3000,3745,10
3001,3246,3
3002,3165,2
3002,3547,7
3002,3946,13
3003,3248,3
3003,3249,3
3003,3625,8
3004,3322,4
3004,5135,34
3005,4202,17
3006,3485,6
3006,4473,22
3006,5987,51
3007,3251,3
3007,3324,4
3007,4013,14
3008,4137,16
3009,4015,14
3010,3092,1
3011,3326,4
3011,3327,4
3011,4206,17
3012,4207,17
3012,4536,23
3013,3175,2
3013,3411,5
3013,3684,9
3014,3256,3
3014,3685,9
3014,3760,10
3014,4211,17
3015,3176,2
3016,3099,1
3016,3260,3
3016,5613,43
3017,3099,1
3018,3100,1
3018,3101,1
3018,3902,12
3019,4326,19
3019,4657,25
3020,3423,5
3021,3346,4
3021,3426,5
3022,3183,2
3022,4343,19
3023,3110,1
3023,3498,6
3023,3706,9
3023,4101,15
3024,3109,1
3024,3182,2
3024,3186,2
3025,3183,2
3025,3505,6
3025,3508,6
3025,3708,9
3026,3111,1
3026,3185,2
3026,3189,2
3027,3186,2
3027,3190,2
3028,3112,1
3028,3188,2
3028,3192,2
3029,3115,1
3029,3190,2
3030,3119,1
3030,3510,6
3031,3192,2
3032,3113,1
3032,3117,1
3033,3355,4
3033,3921,12
3034,3121,1
3034,3194,2
3035,3117,1
3036,3195,2
3037,3512,6
3037,3864,11
3038,3197,2
3039,3362,4
3039,3653,8
3039,3986,13
3040,3125,1
3040,3202,2
3040,3363,4
3040,3652,8
3041,3583,7
3041,3931,12
3041,4238,17
3042,3286,3
3043,3988,13
3043,4290,18
3043,5008,31
3044,4566,23
3045,3124,1
3046,3129,1
3046,3204,2
3047,3208,2
3047,3284,3
3047,3368,4
3047,3369,4
3047,3449,5
3048,3371,4
3048,3372,4
3048,3587,7
3049,3132,1
3049,3454,5
3049,3796,10
3050,4298,18
3050,4361,19
3051,3219,2
3051,4627,24
3052,3596,7
3052,3663,8
3053,3296,3
3053,3801,10
3053,4363,19
3054,3462,5
3055,3136,1
3056,3220,2
3056,3221,2
3057,3138,1
3057,3384,4
3058,3222,2
3058,3300,3
3058,3302,3
3058,3386,4
3059,3138,1
3059,3139,1
3060,3388,4
3061,3141,1
3061,3142,1
3061,3670,8
3063,3143,1
3063,3304,3
3065,3224,2
3066,3144,1
3066,3532,6
3066,3812,10
3066,3939,12
3067,3145,1
3067,3146,1
3068,3605,7
3068,5133,33
3069,3152,1
3070,3230,2
3071,3538,6
3071,4590,23
3072,3472,5
3072,3610,7
3074,3538,6
3074,4928,29
3074,5184,34
3075,3314,3
3075,3542,6
3075,3821,10
3075,3823,10
3076,3480,5
3076,4131,15
3077,3316,3
3078,3239,2
3078,3319,3
3079,3239,2
3079,3741,9
3079,4071,14
3080,3676,8
3081,3617,7
3081,4069,14
3082,3826,10
3082,4071,14
3083,3620,7
3083,4072,14
3083,4199,16
3084,3243,2
3084,3679,8
3085,3546,6
3085,3826,10
3085,4075,14
3086,3164,1
3086,3165,1
3087,4930,29
3088,3164,1
3088,3165,1
3088,3247,2
3089,4475,21
3090,4012,13
3091,3169,1
3091,3948,12
3091,4013,13
3091,5353,37
3092,3170,1
3092,3325,3
3093,3325,3
3094,3835,10
3094,4210,16
3095,5462,39
3096,3758,9
3097,4597,23
3097,5355,37
3097,5463,39
3098,4021,13
3099,4383,19
3100,3954,12
3101,3954,12
3102,3954,12
3103,3689,8
3104,4771,26
3105,3180,1
3105,3553,6
3105,3693,8
3106,3490,5
3106,3849,10
3106,4158,15
3106,4669,24
3107,3421,4
3107,3493,5
3107,3635,7
3107,3703,8
3107,3704,8
3108,3705,8
3108,3856,10
3109,3182,1
3109,3267,2
3109,3345,3
3110,3435,4
3110,3706,8
3110,3860,10
3110,4614,23
3111,3188,1
3111,3349,3
3112,3188,1
3113,3189,1
3113,3193,1
3114,3193,1
3114,3270,2
3115,3191,1
3115,3271,2
3115,3272,2
3116,3194,1
3116,3438,4
3117,3193,1
3118,3196,1
3118,3198,1
3118,3273,2
3118,3572,6
3119,3511,5
3119,3864,10
3120,3197,1
3120,3274,2
3120,3278,2
3121,3197,1
3121,3275,2
3122,3278,2
3122,3359,3
3122,3647,7
3122,3711,8
3123,3279,2
3123,3357,3
3123,3358,3
3123,3575,6
3124,3201,1
3124,3364,3
3124,3446,4
3124,3578,6
3125,3365,3
3125,3869,10
3126,3366,3
3126,4619,23
3127,3202,1
3127,3204,1
3128,3282,2
3128,3515,5
3129,3207,1
3129,3448,4
3130,3790,9
3130,4051,13
3131,3520,5
3132,3292,2
3132,3591,6
3132,3796,9
3133,3526,5
3133,3664,7
3134,3296,2
3134,4584,22
3134,4631,23
3135,3462,4
3136,3299,2
3136,3463,4
3137,3221,1
3137,3384,3
3138,3301,2
3138,3384,3
3139,3222,1
3139,3301,2
3140,3388,3
3140,3601,6
3141,3389,3
3141,3810,9
3142,3223,1
3142,3390,3
3143,3390,3
3144,3226,1
3144,3532,5
3145,3225,1
3145,3305,2
3146,3305,2
3147,3469,4
3147,5080,31
3148,4127,14
3152,3673,7
3152,4062,13
3153,3535,5
3153,4637,23
3154,3471,4
3154,4865,27
3155,3537,5
3155,4253,16
3156,3610,6
3157,3236,1
3157,3315,2
3157,3473,4
3157,4371,18
3158,3316,2
3159,3616,6
3159,4373,18
3160,4754,25
3160,5599,41
3161,3678,7
3161,3745,8
3161,4372,18
3162,4418,19
3163,4074,13
3163,4645,23
3167,4136,14
3167,4535,21
3167,4647,23
3168,3324,2
3168,4136,14
3169,3753,8
3169,3950,11
3171,3325,2
3172,3253,1
3172,4208,15
3172,4875,27
3173,3253,1
3174,4018,12
3175,3412,3
3175,3836,9
3176,3413,3
3178,4817,26
3178,5416,37
3180,3335,2
3180,3337,2
3180,3416,3
3180,3633,6
3180,3693,7
3180,3766,8
3180,3842,9
3181,3551,5
3181,5861,46
3182,3267,1
3182,3270,1
3182,3342,2
3182,3504,4
3183,3430,3
3183,4501,20
3184,4900,27
3184,4957,28
3185,3269,1
3185,3344,2
3185,3349,2
3186,3345,2
3186,3433,3
3187,3506,4
3187,3644,6
3187,4229,15
3188,3268,1
3188,3349,2
3188,3431,3
3188,3436,3
3189,3269,1
3189,3352,2
3190,3271,1
3190,3433,3
3191,3271,1
3191,3353,2
3191,3426,3
3192,3351,2
3192,3436,3
3192,3438,3
3193,3352,2
3194,3275,1
3194,3354,2
3195,3272,1
3195,3276,1
3195,3357,2
3196,3276,1
3196,3357,2
3196,3645,6
3197,3441,3
3198,3357,2
3198,3358,2
3199,3277,1
3200,3443,3
3200,3784,8
3201,3444,3
3201,3578,5
3202,3361,2
3202,3363,2
3202,3447,3
3202,3579,5
3202,3651,6
3203,3931,10
3203,4050,12
3203,4351,17
3204,3447,3
3204,3448,3
3205,3931,10
3206,4292,16
3206,5008,29
3207,3371,2
3207,3720,7
3208,3285,1
3208,3990,11
3209,3722,7
3209,3990,11
3210,3518,4
3210,3723,7
3211,3289,1
3211,3518,4
3211,3519,4
3211,4571,21
3212,3287,1
3212,3590,5
3213,4512,20
3214,3873,9
3214,4243,15
3215,3993,11
3215,4684,23
3215,5645,41
3216,3592,5
3216,3874,9
3217,3993,11
3218,4246,15
3218,6885,71
3219,3725,7
3219,4686,23
3220,3299,1
3220,3465,3
3221,3465,3
3222,3385,2
3223,3604,5
3223,3670,6
3224,3304,1
3225,3305,1
3225,3391,2
3225,3468,3
3225,3604,5
3226,3305,1
3226,3532,4
3227,3306,1
3227,4366,17
3227,4460,19
3227,4863,26
3228,4128,13
3228,4193,14
3229,3395,2
3229,3889,9
3230,3536,4
3231,3309,1
3231,3735,7
3232,3397,2
3232,3889,9
3234,3540,4
3234,3819,8
3234,4865,26
3235,3737,7
3235,4004,11
3236,3543,4
3236,3613,5
3237,3822,8
3239,3744,7
3240,3741,7
3240,3742,7
3240,3898,9
3241,3742,7
3241,3743,7
3241,4072,12
3242,5458,37
3242,6678,65
3243,3678,6
3243,4133,13
3243,4259,15
3244,3403,2
3244,4006,11
3244,4316,16
3245,3403,2
3245,3676,6
3246,3403,2
3248,4264,15
3249,3829,8
3250,4704,23
3251,3485,3
3251,4871,26
3252,4078,12
3252,4424,18
3252,4650,22
3253,4265,15
3254,3328,1
3254,4479,19
3254,5138,31
3255,4144,13
3255,4480,19
3256,4023,11
3256,4543,20
3257,4212,14
3258,5896,46
3259,4430,18
3259,4482,19
3260,3414,2
3260,4655,22
3261,5037,29
3262,3490,3
3262,3964,10
3262,4158,13
3262,4338,16
3263,3553,4
3263,3634,5
3263,3968,10
3264,3339,1
3264,3421,2
3264,3635,5
3264,3697,6
3265,3420,2
3265,3852,8
3265,4281,15
3266,3498,3
3266,3853,8
3266,4556,20
3266,5271,33
3267,3341,1
3267,3342,1
3267,3563,4
3268,3349,1
3268,3428,2
3268,3431,2
3269,3429,2
3269,3432,2
3270,3352,1
3271,3502,3
3272,3353,1
3272,3439,2
3273,3510,3
3273,3572,4
3274,3440,2
3274,3441,2
3274,3509,3
3275,3437,2
3275,3441,2
3276,3357,1
3276,3439,2
3277,3782,7
3277,4449,18
3278,3356,1
3278,3440,2
3279,3443,2
3279,3648,5
3279,3650,5
3280,3359,1
3281,3364,1
3281,3926,9
3281,3928,9
3282,3367,1
3282,3786,7
3283,3367,1
3283,3368,1
3283,3719,6
3284,3369,1
3284,3449,2
3284,3870,8
3285,3366,1
3285,3369,1
3286,3520,3
3287,3519,3
3287,4511,19
3288,3588,4
3288,4180,13
3289,4294,15
3290,3375,1
3290,4791,24
3291,3873,8
3291,3874,8
3292,3455,2
3292,3793,7
3292,3935,9
3293,3378,1
3293,3380,1
3294,3456,2
3294,4518,19
3294,4855,25
3295,3382,1
3295,3383,1
3296,4797,24
3297,3461,2
3297,4584,20
3298,3802,7
3298,4186,13
3299,3464,2
3299,3528,3
3299,3806,7
3300,3385,1
3300,3599,4
3300,3600,4
3301,3384,1
3301,3385,1
3302,3601,4
3302,3729,6
3303,3387,1
3303,3388,1
3303,3389,1
3303,3467,2
3303,3601,4
3304,3468,2
3305,3391,1
3306,3469,2
3306,4001,10
3307,3469,2
3308,3606,4
3308,3733,6
3308,5395,35
3309,3394,1
3309,3608,4
3310,3397,1
3310,3611,4
3310,3735,6
3312,3892,8
3312,4064,11
3312,5185,31
3312,5401,35
3313,3401,1
3313,3476,2
3313,3890,8
3313,4065,11
3314,3400,1
3314,3820,7
3315,3614,4
3315,3736,6
3315,4195,13
3317,3475,2
3317,3479,2
3317,4196,13
3317,5404,35
3318,3544,3
3318,3895,8
3318,4069,11
3319,3402,1
3319,3744,6
3320,4319,15
3320,6412,57
3321,3547,3
3321,4421,17
3322,3830,7
3322,4757,23
3323,3484,2
3323,3751,6
3323,5409,35
3324,4136,12
3326,3833,7
3326,4016,10
3326,4812,24
3328,4322,15
3328,4541,19
3328,6721,65
3328,6833,68
3329,4021,10
3329,4707,22
3329,4935,26
3330,3902,8
3331,4544,19
3332,3688,5
3333,4024,10
3333,4656,21
3334,3690,5
3335,3633,4
3335,3691,5
3335,3692,5
3336,3417,1
3336,3552,3
3336,3964,9
3336,4338,15
3337,3768,6
3337,4096,11
3338,3696,5
3338,3769,6
3338,3908,8
3338,3912,8
3339,3769,6
3339,3912,8
3339,3913,8
3340,3423,1
3340,3493,2
3340,3494,2
3340,3772,6
3341,3422,1
3341,3424,1
3341,3702,5
3341,3776,6
3342,3424,1
3342,3501,2
3342,3504,2
3342,3562,3
3343,3427,1
3343,4101,11
3343,4164,12
3344,3425,1
3344,3429,1
3344,3567,3
3345,3502,2
3345,3563,3
3346,3426,1
3346,3503,2
3347,3857,7
3347,3977,9
3348,3641,4
3349,3428,1
3349,3567,3
3350,3434,1
3350,3506,2
3350,4396,16
3351,3436,1
3351,3507,2
3351,3568,3
3352,3432,1
3352,3504,2
3353,3426,1
3353,3781,6
3354,3437,1
3354,3438,1
3354,3507,2
3355,3573,3
3355,4232,13
3356,3646,4
3356,3711,5
3357,3575,3
3358,3512,2
3358,3648,4
3358,3712,5
3359,3714,5
3359,4348,15
3360,3444,1
3360,3576,3
3360,3578,3
3360,3649,4
3360,3713,5
3360,3982,9
3361,3579,3
3361,3715,5
3361,3865,7
3362,3580,3
3362,3986,9
3362,4105,11
3362,4235,13
3362,5274,32
3363,3652,4
3363,4049,10
3364,3578,3
3365,3515,2
3365,4174,12
3366,3581,3
3366,3582,3
3367,3787,6
3367,3929,8
3368,3449,1
3368,3719,5
3369,3582,3
3370,3790,6
3370,4176,12
3370,4178,12
3371,3587,3
3371,3932,8
3372,3655,4
3372,3724,5
3372,3871,7
3372,4054,10
3373,3657,4
3374,5064,28
3375,4729,22
3375,5066,28
3376,4114,11
3376,4295,14
3376,6361,55
3377,3592,3
3378,3797,6
3378,4057,10
3379,6885,69
3380,3456,1
3380,4057,10
3381,3523,2
3381,3936,8
3382,3459,1
3383,3459,1
3383,3460,1
3383,3726,5
3384,3465,1
3384,3466,1
3384,3668,4
3384,3806,6
3385,3466,1
3386,3531,2
3386,3600,3
3386,3729,5
3387,3467,1
3387,3602,3
3387,3807,6
3389,3603,3
3389,3730,5
3391,3532,2
3391,3604,3
3392,3607,3
3392,3814,6
3392,3887,7
3393,3607,3
3394,3534,2
3395,3536,2
3395,3889,7
3396,4062,10
3396,4368,15
3397,3940,8
3398,3889,7
3399,3612,3
3399,3737,5
3399,3889,7
3400,4253,13
3401,3942,8
3401,4309,14
3403,3824,6
3403,4005,9
3404,3679,4
3404,4700,21
3405,3828,6
3405,4134,11
3406,4077,10
3406,4535,18
3407,4079,10
3407,4204,12
3407,4378,15
3408,5137,29
3408,6265,52
3409,3627,3
3409,3754,5
3409,4429,16
3409,5801,42
3410,3755,5
3410,3951,8
3411,4020,9
3412,3758,5
3413,3758,5
3414,4382,15
3414,4430,16
3415,3902,7
3415,4430,16
3416,3489,1
3416,3691,4
3416,3842,6
3417,3632,3
3417,4033,9
3417,4091,10
3418,3493,1
3418,3635,3
3418,3698,4
3418,3772,5
3419,3491,1
3419,3494,1
3419,3772,5
3420,3490,1
3420,4098,10
3420,4280,13
3421,3703,4
3421,3913,7
3422,3495,1
3422,3637,3
3422,3702,4
3423,3494,1
3424,3495,1
3424,3497,1
3425,3496,1
3425,3499,1
3425,3638,3
3426,3502,1
3426,3564,2
3426,3708,4
3427,3775,5
3428,3561,2
3428,3566,2
3428,3567,2
3429,3499,1
3429,3501,1
3430,3503,1
3430,3708,4
3431,3566,2
3431,3643,3
3432,3501,1
3432,3504,1
3433,3502,1
3434,3977,8
3435,3860,6
3436,3643,3
3437,3571,2
3437,4043,9
3438,3507,1
3439,3645,3
3439,3781,5
3440,3570,2
3440,3646,3
3441,3571,2
3442,3511,1
3442,3573,2
3442,3980,8
3442,4169,11
3443,3575,2
3443,3650,3
3443,3867,6
3445,4106,10
3447,3651,3
3447,3718,4
3448,3718,4
3448,3720,4
3449,3719,4
3450,4509,17
3450,4681,20
3451,3517,1
3451,4051,9
3452,3521,1
3452,4293,13
3453,4294,13
3454,3591,2
3454,3592,2
3454,3874,6
3455,3593,2
3455,3658,3
3455,3994,8
3456,3798,5
3456,5541,36
3457,3799,5
3458,3661,3
3458,4360,14
3459,3596,2
3460,3525,1
3460,4300,13
3461,4186,11
3461,4584,18
3462,3597,2
3462,3803,5
3462,3804,5
3462,3880,6
3462,4122,10
3463,3527,1
3463,3528,1
3464,3528,1
3464,3598,2
3464,3668,3
3465,3806,5
3466,3529,1
3466,3599,2
3467,3730,4
3467,3808,5
3468,3604,2
3469,4460,16
3470,4193,11
3470,4637,19
3471,5241,30
3472,3735,4
3472,4063,9
3473,3610,2
3473,3736,4
3474,3541,1
3474,3894,6
3474,4004,8
3475,4066,9
3475,4312,13
3475,4638,19
3476,3738,4
3477,4131,10
3477,4528,17
3478,3540,1
3478,3615,2
3478,3739,4
3479,4066,9
3479,5187,29
3480,3740,4
3480,4752,21
3481,4417,15
3481,4419,15
3482,4317,13
3482,4756,21
3482,5458,34
3483,4135,10
3483,4264,12
3483,4421,15
3484,3681,3
3484,5705,39
3485,4932,24
3485,4986,25
3486,4208,11
3486,4538,17
3486,4652,19
3486,4875,23
3487,4209,11
3488,3953,7
3488,4211,11
3489,3763,4
3489,3904,6
3489,4273,12
3490,3849,5
3490,3910,6
3490,4158,10
3490,4890,23
3490,4946,24
3490,5372,32
3490,5521,35
3491,3970,7
3492,3968,7
3492,3976,7
3492,4279,12
3495,3555,1
3495,3557,1
3496,3558,1
3496,3638,2
3496,3701,3
3497,3557,1
3497,3558,1
3497,3562,1
3498,3559,1
3498,4838,22
3499,3558,1
3499,3562,1
3500,4166,10
3500,4282,12
3500,4560,17
3501,3562,1
3502,3564,1
3502,3640,2
3503,3708,3
3505,3644,2
3505,3859,5
3505,4501,16
3506,3569,1
3506,4346,13
3507,3642,2
3507,3707,3
3507,4043,8
3508,3572,1
3508,3862,5
3509,3570,1
3509,3571,1
3509,3710,3
3511,3920,6
3512,3922,6
3512,4103,9
3513,3580,1
3513,3714,3
3513,4105,9
3514,3925,6
3514,3931,6
3514,4238,11
3514,4351,13
3515,3786,4
3515,4108,9
3515,4236,11
3516,4110,9
3516,4681,19
3517,3654,2
3517,3987,7
3517,4179,10
3518,4241,11
3519,3721,3
3519,4294,12
3521,4622,18
3522,4576,17
3522,4791,21
3523,4299,12
3524,3936,6
3524,4519,16
3524,4687,19
3525,3727,3
3525,3800,4
3525,4795,21
3526,3801,4
3527,3665,2
3527,3666,2
3528,3666,2
3529,3598,1
3529,3667,2
3529,3668,2
3530,3599,1
3530,3600,1
3530,3805,4
3530,4124,9
3531,3669,2
3531,3882,5
3531,3997,7
3532,3671,2
3532,3731,3
3532,3811,4
3532,3999,7
3533,4193,10
3533,4307,12
3533,4637,18
3534,3608,1
3536,3889,5
3537,3734,3
3537,4368,13
3538,5503,34
3539,3675,2
3539,3891,5
3539,4370,13
3541,3822,4
3542,3820,4
3542,3893,5
3542,4068,8
3543,3893,5
3543,3896,5
3543,4371,13
3544,3677,2
3544,4313,12
3544,4533,16
3545,4074,8
3545,4419,14
3546,3622,1
3546,4075,8
3546,4261,11
3547,3946,6
3548,4764,20
3548,5416,32
3549,3630,1
3549,4327,12
3550,3631,1
3550,3691,2
3550,3692,2
3550,3840,4
3550,3958,6
3550,4034,7
3551,3959,6
3551,6081,46
3552,3632,1
3552,3694,2
3552,3764,3
3552,5316,30
3552,5678,37
3553,3765,3
3553,3965,6
3554,3695,2
3554,3696,2
3554,3908,5
3554,4095,8
3555,3636,1
3555,3637,1
3555,3699,2
3556,3973,6
3556,4100,8
3556,4952,23
3557,3636,1
3557,3639,1
3558,3639,1
3559,3706,2
3559,4556,16
3559,5164,27
3560,4100,8
3560,5165,27
3561,3638,1
3561,3855,4
3563,3640,1
3563,3776,3
3564,3640,1
3564,3704,2
3565,3641,1
3565,3857,4
3565,4393,13
3566,3855,4
3566,3858,4
3567,3638,1
3568,3642,1
3568,3643,1
3568,3778,3
3570,3780,3
3570,3918,5
3571,3861,4
3572,3645,1
3573,4398,13
3574,3647,1
3574,3711,2
3574,3919,5
3574,4045,7
3576,3649,1
3576,3981,6
3577,3648,1
3577,3650,1
3577,3716,2
3577,4399,13
3578,3926,5
3578,3982,6
3579,4049,7
3579,4288,11
3581,3717,2
3581,4452,14
3581,4619,17
3582,3717,2
3582,3870,4
3583,3985,6
3583,4241,10
3583,5007,24
3584,4175,9
3584,5062,25
3585,3989,6
3585,4180,9
3585,4403,13
3585,4964,23
3586,3654,1
3586,4050,7
3587,3871,4
3587,4177,9
3588,4850,21
3589,3657,1
3589,4051,7
3590,4511,15
3591,3793,3
3591,3934,5
3593,3795,3
3593,3876,4
3593,3992,6
3593,3994,6
3594,3660,1
3594,3796,3
3594,4184,9
3595,4580,16
3595,4627,17
3596,3663,1
3596,3726,2
3597,3802,3
3597,4458,14
3598,3666,1
3598,3728,2
3599,3667,1
3600,3882,4
3601,3807,3
3602,3808,3
3602,3884,4
3602,3998,6
3603,3809,3
3603,3810,3
3603,3811,3
3604,3670,1
3604,3731,2
3605,3813,3
3605,5453,32
3606,4697,18
3606,5983,43
3607,4307,11
3609,4590,16
3609,5792,39
3610,4063,7
3611,3891,4
3611,4254,10
3612,3675,1
3612,3940,5
3613,3820,3
3613,3893,4
3614,4003,6
3614,4311,11
3614,4529,15
3615,3743,2
3615,4256,10
3616,5187,27
3616,5795,39
3617,4198,9
3617,4755,19
3618,4373,12
3618,6412,53
3619,4319,11
3619,4701,18
3619,6414,53
3620,4007,6
3620,4008,6
3620,4469,14
3621,4134,8
3622,3946,5
3622,4135,8
3623,3747,2
3623,3828,3
3623,3829,3
3623,3945,5
3624,4010,6
3624,4702,18
3624,4982,23
3625,3747,2
3625,3829,3
3625,4264,10
3626,4014,6
3626,4015,6
3626,4813,20
3627,4210,9
3627,4267,10
3627,4379,12
3628,4209,9
3628,4210,9
3628,5139,26
3629,4542,15
3629,5804,39
3630,3689,1
3630,4026,6
3631,3841,3
3631,3905,4
3631,4221,9
3632,3764,2
3632,4089,7
3633,3766,2
3633,3962,5
3634,3965,5
3634,3968,5
3634,4038,6
3635,3770,2
3636,3699,1
3636,3700,1
3637,3972,5
3637,3975,5
3638,3701,1
3638,3773,2
3638,3774,2
3638,3854,3
3638,3855,3
3639,3700,1
3639,3701,1
3640,3776,2
3641,3705,1
3641,3777,2
3642,3707,1
3642,3778,2
3643,3858,3
3644,4394,12
3645,3862,3
3646,3918,4
3646,4231,9
3647,4233,9
3647,4348,11
3648,3712,1
3649,3713,1
3649,4564,15
3650,4350,11
3651,3715,1
3651,3983,5
3652,3869,3
3652,4400,12
3653,4291,10
3654,4354,11
3655,3724,1
3655,4242,9
3655,4510,14
3656,3722,1
3658,3793,2
3658,3992,5
3658,4245,9
3659,5539,33
3659,6100,45
3660,3797,2
3661,5221,27
3662,3936,4
3662,4580,15
3662,4687,17
3662,4856,20
3663,4407,12
3663,4519,14
3663,4735,18
3664,3727,1
3664,3801,2
3665,3728,1
3665,4122,7
3666,3728,1
3667,3728,1
3667,3805,2
3668,3806,2
3669,3883,3
3669,4060,6
3669,4410,12
3670,3810,2
3671,3886,3
3671,3939,4
3671,4305,10
3672,4748,18
3672,5748,37
3673,4526,14
3674,4310,10
3675,3737,1
3675,3943,4
3676,3822,2
3676,3824,2
3677,4417,12
3678,4699,17
3679,4133,7
3679,4868,20
3680,3747,1
3680,4135,7
3680,4264,9
3680,4869,20
3681,4474,13
3681,6567,56
3682,4425,12
3682,4704,17
3682,4760,18
3683,5137,25
3683,5251,27
3683,5612,34
3684,3836,2
3684,4020,5
3685,4543,14
3685,5299,28
3685,5357,29
3686,4021,5
3686,4023,5
3687,4022,5
3689,4484,13
3690,4945,21
3690,5101,24
3691,3904,3
3692,3962,4
3692,4034,5
3693,3765,1
3693,3842,2
3694,3960,4
3694,3963,4
3694,5626,34
3695,3846,2
3695,3906,3
3695,3909,3
3696,3909,3
3696,3972,4
3697,3769,1
3697,3770,1
3697,4097,6
3698,3770,1
3698,3970,4
3698,4096,6
3699,3771,1
3699,3909,3
3699,3972,4
3700,3771,1
3700,3773,1
3701,3773,1
3702,3913,3
3702,3975,4
3703,3776,1
3703,3913,3
3704,3776,1
3705,4784,18
3706,4956,21
3707,3779,1
3707,4500,13
3708,3781,1
3708,3862,2
3709,4230,8
3709,4614,15
3710,3780,1
3710,3861,2
3710,3978,4
3711,4231,8
3712,4103,6
3712,4399,11
3713,3868,2
3713,3923,3
3713,4104,6
3713,4564,14
3714,4348,10
3714,4676,16
3715,3783,1
3715,3865,2
3715,4172,7
3716,4350,10
3716,4352,10
3716,4506,13
3717,3927,3
3717,4907,20
3718,3983,4
3718,4240,8
3719,3787,1
3719,3870,2
3719,4109,6
3719,4237,8
3720,3932,3
3720,4240,8
3721,4291,9
3721,4571,14
3724,3872,2
3724,4052,5
3725,4518,13
3725,4626,15
3726,4300,9
3726,4407,11
3727,4119,6
3728,3881,2
3728,3937,3
3729,3807,1
3729,3997,4
3730,3809,1
3730,3885,2
3731,3810,1
3731,3811,1
3732,3887,2
3732,4127,6
3732,5501,31
3733,3815,1
3733,5022,22
3733,5134,24
3734,4526,13
3735,4254,8
3736,4003,4
3736,4063,5
3737,4463,12
3738,4065,5
3738,4066,5
3739,3821,1
3739,4256,8
3740,4197,7
3740,5186,25
3741,3944,3
3742,4260,8
3743,4315,9
3743,4642,15
3744,4071,5
3745,4258,8
3745,4418,11
3746,4073,5
3746,4262,8
3746,4420,11
3746,5556,32
3747,4646,15
3748,3828,1
3748,3829,1
3749,4009,4
3749,4077,5
3749,6610,56
3750,4136,6
3750,4473,12
3750,4647,15
3751,4704,16
3751,4760,17
3752,5351,28
3752,5508,31
3752,5509,31
3753,4013,4
3754,4596,14
3754,4988,21
3754,5611,33
3755,4143,6
3756,3834,1
3756,3835,1
3756,4210,7
3757,4380,10
3757,4707,16
3757,4935,20
3757,5803,37
3758,3836,1
3759,3901,2
3759,4654,15
3759,5358,28
3759,5359,28
3760,4325,9
3760,4481,12
3760,5357,28
3761,5360,28
3761,5757,36
3762,4326,9
3762,6456,52
3763,3904,2
3763,3955,3
3763,4886,19
3764,3960,3
3764,4032,4
3765,4153,6
3765,4222,7
3766,4096,5
3766,4223,7
3767,3846,1
3767,3906,2
3767,3966,3
3767,4094,5
3768,3970,3
3768,4096,5
3769,3847,1
3770,3967,3
3771,3848,1
3771,3850,1
3772,3970,3
3773,3850,1
3773,3851,1
3773,3911,2
3774,3851,1
3774,3854,1
3775,4099,5
3775,4164,6
3775,4281,8
3775,4555,13
3776,3913,2
3777,4228,7
3777,4393,10
3777,4784,17
3778,3858,1
3778,3915,2
3778,4500,12
3779,3917,2
3779,4043,4
3779,4345,9
3780,3916,2
3780,4285,8
3781,3862,1
3782,4044,4
3782,4903,19
3783,3924,2
3783,4347,9
3783,4505,12
3784,3867,1
3784,4106,5
3785,3868,1
3785,4048,4
3785,4104,5
3785,4173,6
3786,3929,2
3786,4289,8
3787,3929,2
3787,4353,9
3788,3930,2
3788,3987,3
3788,4179,6
3788,4909,19
3789,3933,2
3789,3988,3
3790,3930,2
3790,4179,6
3791,3872,1
3791,3991,3
3791,4053,4
3791,4113,5
3792,4684,15
3793,4183,6
3794,3993,3
3795,3875,1
3795,4055,4
3795,4056,4
3796,3935,2
3796,4792,17
3796,4966,20
3797,4184,6
3797,4359,9
3798,3877,1
3798,4855,18
3798,6153,44
3799,4361,9
3800,4300,8
3800,4736,16
3800,4795,17
3801,4119,5
3802,5124,23
3803,3880,1
3803,4303,8
3803,4458,11
3804,3880,1
3804,3996,3
3804,4121,5
3804,4122,5
3804,4188,6
3804,4522,12
3805,3881,1
3805,3996,3
3805,4124,5
3805,4189,6
3807,3884,1
3808,3885,1
3808,4251,7
3809,3999,3
3809,4252,7
3811,3999,3
3812,4001,3
3812,4804,17
3813,4367,9
3813,5080,22
3814,4061,4
3814,4126,5
3814,4307,8
3815,4308,8
3815,6161,44
3816,4130,5
3816,4977,20
3816,5399,28
3816,5555,31
3817,4310,8
3817,4527,12
3818,3941,2
3818,4255,7
3818,5242,25
3818,5659,33
3819,4194,6
3819,5241,25
3821,4067,4
3822,3894,1
3822,4257,7
3823,4067,4
3823,4068,4
3823,4415,10
3824,4005,3
3824,4257,7
3825,4132,5
3825,6113,43
3826,3944,2
3826,4374,9
3827,4008,3
3827,4646,14
3828,4375,9
3830,5506,30
3831,4079,4
3831,4205,6
3831,4378,9
3831,4537,12
3832,4536,12
3832,4650,14
3833,4208,6
3834,4210,6
3835,4020,3
3837,4022,3
3838,4081,4
3838,6269,46
3839,3904,1
3839,3955,2
3839,4027,3
3839,4085,4
3840,3905,1
3840,3956,2
3840,3958,2
3841,3957,2
3841,4030,3
3841,4221,6
3842,4153,5
3842,4273,7
3842,4718,15
3843,4031,3
3843,4033,3
3843,4091,4
3843,4829,17
3844,3966,2
3844,4093,4
3844,4094,4
3844,4220,6
3845,4549,12
3845,5261,25
3846,3907,1
3846,3909,1
3847,3908,1
3847,4097,4
3847,4224,6
3848,3907,1
3848,3909,1
3849,4280,7
3849,4893,18
3850,3907,1
3850,3911,1
3851,3971,2
3851,3974,2
3852,4162,5
3852,4280,7
3852,5269,25
3853,4339,8
3853,5377,27
3853,5583,31
3854,3914,1
3854,3974,2
3855,3914,1
3855,4042,3
3855,4342,8
3856,4162,5
3856,4784,16
3857,3977,2
3857,4165,5
3857,4613,13
3858,4042,3
3859,4283,7
3859,4394,9
3859,4501,11
3860,4101,4
3861,3917,1
3861,4043,3
3863,3918,1
3863,4167,5
3863,4231,6
3863,4286,7
3864,3920,1
3864,3922,1
3865,4288,7
3865,4505,11
3866,4235,6
3866,5274,25
3866,5435,28
3866,5534,30
3867,4350,8
3867,4565,12
3868,3926,1
3868,3982,2
3869,4174,5
3869,4788,16
3870,3927,1
3871,4242,6
3871,4570,12
3872,4052,3
3872,4054,3
3872,4244,6
3872,4357,8
3873,3934,1
3873,4405,9
3874,3934,1
3875,4115,4
3875,4116,4
3875,4297,7
3876,3994,2
3876,4056,3
3876,4517,11
3877,4733,15
3877,5172,23
3877,5332,26
3878,3995,2
3878,4247,6
3878,4734,15
3878,4916,18
3879,4059,3
3879,4362,8
3879,5069,21
3879,5442,28
3880,4188,5
3881,3937,1
3881,3996,2
3882,4060,3
3882,4124,4
3883,4190,5
3883,4365,8
3883,4524,11
3884,3997,2
3884,4125,4
3885,4252,6
3885,4411,9
3886,4000,2
3886,4192,5
3886,5077,21
3887,4126,4
3887,6260,45
3888,4130,4
3888,4805,16
3888,5290,25
3888,5555,30
3889,3940,1
3890,4065,3
3890,4309,7
3890,4369,8
3890,4591,12
3890,4751,15
3891,4003,2
3891,4311,7
3892,4255,6
3892,4806,16
3892,5242,24
3893,4068,3
3894,4257,6
3894,4531,11
3895,4313,7
3895,4464,10
3895,4593,12
3896,4068,3
3896,4372,8
3896,4532,11
3897,4196,5
3897,5023,20
3897,5085,21
3897,5404,27
3898,3944,1
3898,4260,6
3898,4374,8
3899,4137,4
3900,4143,4
3900,4265,6
3900,5354,26
3901,4764,15
3901,6223,44
3904,3958,1
3904,4150,4
3905,3957,1
3905,4029,2
3906,4095,3
3906,4154,4
3907,3966,1
3907,3969,1
3907,4039,2
3908,4037,2
3910,4098,3
3910,5372,26
3910,5630,31
3911,3969,1
3911,3971,1
3912,3972,1
3912,3975,1
3913,3975,1
3914,3974,1
3914,4446,9
3915,4042,2
3915,4163,4
3915,4344,7
3915,4498,10
3916,3978,1
3916,4102,3
3916,4284,6
3917,3978,1
3917,4499,10
3918,4285,6
3919,4168,4
3919,4233,5
3919,4287,6
3920,4169,4
3920,4234,5
3921,4232,5
3922,4234,5
3922,4617,12
3923,4104,3
3923,4171,4
3923,4234,5
3924,4047,2
3924,4172,4
3924,4959,18
3925,4351,7
3925,4845,16
3925,4908,17
3926,4173,4
3927,4109,3
3927,4401,8
3928,4173,4
3928,4566,11
3929,4402,8
3930,4176,4
3930,4848,16
3932,4177,4
3932,4620,12
3933,4572,11
3934,4183,4
3935,3994,1
3935,4854,16
3936,4299,6
3937,3996,1
3937,4122,3
3938,4191,4
3938,4744,14
3938,4927,17
3938,5130,21
3939,4192,4
3939,4804,15
3941,4002,1
3941,4462,9
3941,5291,24
3942,4528,10
3942,4866,16
3943,4370,7
3943,4463,9
3943,4530,10
3944,4071,2
3945,4375,7
3945,4646,12
3946,4421,8
3947,4470,9
3948,4207,4
3948,4536,10
3948,4871,16
3949,4139,3
3949,4140,3
3949,4705,13
3949,4873,16
3950,4539,10
3950,5353,25
3951,4143,3
3951,4429,8
3951,4815,15
3952,5462,27
3952,5708,32
3952,5941,37
3953,4325,6
3953,4765,14
3955,4084,2
3955,4943,17
3956,4029,1
3956,4150,3
3956,4216,4
3957,4030,1
3957,4086,2
3958,4150,3
3959,4945,17
3959,5998,38
3960,4389,7
3960,4440,8
3961,4035,1
3961,4093,2
3961,4220,4
3961,4275,5
3962,4092,2
3962,4223,4
3963,4155,3
3963,4389,7
3963,5677,31
3964,4091,2
3964,4946,17
3965,4222,4
3965,4495,9
3966,4093,2
3966,4156,3
3967,4096,2
3967,4097,2
3968,4226,4
3968,4552,10
3969,4039,1
3969,4040,1
3971,4040,1
3971,4041,1
3973,4553,10
3973,5633,30
3974,4041,1
3974,4227,4
3974,4340,6
3976,4341,6
3977,4396,7
3978,4395,7
3979,4562,10
3979,5323,24
3980,4169,3
3980,4398,7
3980,4564,10
3981,4232,4
3981,4564,10
3983,4172,3
3983,4567,10
3984,4110,2
3984,4619,11
3984,6054,39
3985,4238,4
3985,4568,10
3985,5534,28
3986,4291,5
3986,4568,10
3987,4354,6
3987,4789,14
3988,4572,10
3989,4509,9
3989,5438,26
3991,4052,1
3991,4112,2
3991,4911,16
3992,4055,1
3992,4244,4
3992,4245,4
3992,4296,5
3993,4852,15
3994,4579,10
3994,4732,13
3995,4362,6
3995,4967,17
3995,5442,26
3996,4123,2
3996,4249,4
3997,4410,7
3998,4125,2
3998,4250,4
3998,4251,4
3999,4305,5
4000,4191,3
4000,4803,14
4000,5787,33
4001,4366,6
4002,4977,17
4002,5399,25
4002,5659,30
4003,4254,4
4004,4463,8
4004,4531,9
4005,4316,5
4005,4640,11
4006,4700,12
4006,4979,17
4007,4075,1
4007,4199,3
4007,4261,4
4008,4869,15
4009,4076,1
4009,4077,1
4009,7677,81
4010,4470,8
4010,5189,21
4011,4473,8
4011,5087,19
4011,5704,31
4011,5987,37
4012,4425,7
4012,4705,12
4013,4871,15
4014,4872,15
4014,5250,22
4014,5510,27
4015,4427,7
4015,4706,12
4016,4208,3
4016,4426,7
4016,4538,9
4017,4477,8
4017,4596,10
4017,4988,17
4017,5848,34
4018,4268,4
4018,5091,19
4019,4268,4
4019,5139,20
4019,5414,25
4021,5668,30
4023,4212,3
4023,5668,30
4024,6074,39
4025,4431,7
4025,4658,11
4025,5031,18
4025,5303,23
4025,5614,29
4026,4327,5
4026,4484,8
4026,5563,28
4027,4084,1
4027,4147,2
4027,4148,2
4028,4330,5
4028,4333,5
4028,4713,12
4028,4826,14
4029,4086,1
4029,4216,3
4030,4088,1
4030,4149,2
4030,4152,2
4030,4276,4
4031,4151,2
4031,4994,17
4031,5040,18
4032,4089,1
4032,4438,7
4032,4440,7
4033,4089,1
4033,4151,2
4034,4092,1
4034,4221,3
4035,4090,1
4035,4156,2
4035,4390,6
4036,4095,1
4036,4154,2
4036,4276,4
4037,4095,1
4037,4224,3
4037,4276,4
4038,4226,3
4038,4495,8
4038,4996,17
4039,4156,2
4039,4159,2
4040,4159,2
4040,4160,2
4041,4160,2
4041,4227,3
4042,4342,5
4044,4902,15
4044,5054,18
4045,4231,3
4045,4286,4
4045,4287,4
4046,4168,2
4046,4233,3
4046,4675,11
4046,5686,30
4047,4170,2
4047,4347,5
4047,4959,16
4048,4451,7
4048,4507,8
4048,4566,9
4049,4400,6
4049,4618,10
4050,4351,5
4050,4354,5
4050,4680,11
4050,5219,21
4051,4179,2
4052,4510,8
4053,4112,1
4053,4113,1
4053,4181,2
4054,4243,3
4054,4575,9
4055,4297,4
4055,4513,8
4056,4116,1
4056,4625,10
4057,4359,5
4057,5541,27
4058,4247,3
4058,4734,12
4058,4856,14
4058,5222,21
4059,4118,1
4059,4185,2
4059,6102,39
4060,4190,2
4060,4798,13
4061,4306,4
4061,4525,8
4061,4636,10
4062,4526,8
4063,4254,3
4064,4312,4
4064,4638,10
4064,5702,30
4065,4413,6
4066,4413,6
4067,4256,3
4067,4315,4
4068,4258,3
4068,4641,10
4069,4593,9
4069,4755,12
4070,4132,1
4070,4416,6
4070,6371,45
4072,4260,3
4072,4642,10
4073,5984,36
4073,6164,40
4073,6679,53
4074,4980,16
4074,5294,22
4075,4374,5
4076,4981,16
4076,5603,28
4076,8111,92
4077,4376,5
4077,4981,16
4077,5751,31
4078,4206,2
4078,4476,7
4078,5894,34
4079,4651,10
4079,5939,35
4080,4322,4
4080,4816,13
4080,5667,29
4080,6029,37
4081,5896,34
4081,6417,46
4082,4544,8
4083,4146,1
4083,4658,10
4083,5669,29
4084,4215,2
4084,4332,4
4085,4148,1
4085,4150,1
4085,4216,2
4086,4149,1
4086,4216,2
4087,4151,1
4087,4489,7
4087,4715,11
4087,4994,16
4088,4152,1
4088,4217,2
4088,4218,2
4089,4489,7
4090,4219,2
4090,4275,3
4090,4335,4
4090,4390,5
4090,4666,10
4091,5105,18
4092,4221,2
4092,4276,3
4093,4156,1
4094,4154,1
4094,4220,2
4096,4157,1
4096,4223,2
4097,4157,1
4098,4281,3
4098,4835,13
4099,4281,3
4099,4835,13
4099,5270,21
4100,5637,28
4101,4838,13
4102,4285,3
4102,4561,8
4102,4725,11
4103,4617,9
4103,4960,15
4104,4451,6
4105,4676,10
4105,5274,21
4106,4290,3
4106,4565,8
4107,4239,2
4107,4352,4
4107,4454,6
4107,4506,7
4108,4236,2
4108,4289,3
4108,4846,13
4109,4237,2
4109,5059,17
4110,4508,7
4110,5275,21
4111,4242,2
4111,4404,5
4111,4510,7
4111,5329,22
4112,4455,6
4112,4682,10
4113,4356,4
4113,4357,4
4113,4513,7
4114,5539,26
4114,6434,46
4115,4358,4
4115,4406,5
4115,4514,7
4116,4358,4
4116,4915,14
4117,4298,3
4117,5494,25
4118,4581,8
4118,4582,8
4118,5069,17
4119,4363,4
4119,4795,12
4120,4584,8
4120,4631,9
4120,4691,10
4120,5587,27
4121,4249,2
4121,4585,8
4123,4189,1
4123,4249,2
4123,4409,5
4124,4798,12
4125,4410,5
4125,4633,9
4126,4525,7
4126,5183,19
4127,4635,9
4127,5933,34
4128,4306,3
4128,4636,9
4128,5594,27
4129,5554,26
4129,5792,31
4130,5240,20
4130,6299,42
4131,4752,11
4131,5243,20
4132,6565,49
4133,4809,12
4133,4868,13
4134,4375,4
4135,4261,2
4135,4421,5
4135,4469,6
4136,4647,9
4138,4477,6
4138,5030,16
4138,5352,22
4138,5608,27
4139,4763,11
4139,5755,30
4140,4428,5
4140,4763,11
4140,5558,26
4141,4427,5
4141,5560,26
4142,4877,13
4142,5560,26
4143,5194,19
4144,4323,3
4144,6308,42
4145,4657,9
4145,7458,73
4146,4598,8
4146,4767,11
4147,4215,1
4147,4329,3
4147,4386,4
4148,4216,1
4148,4386,4
4149,4217,1
4149,4271,2
4151,4489,6
4152,4274,2
4152,4276,2
4153,4607,8
4153,4718,10
4154,4220,1
4154,4276,2
4155,4608,8
4155,5109,17
4155,5153,18
4156,4494,6
4156,4609,8
4157,4224,1
4157,4276,2
4158,5722,29
4159,4225,1
4159,4609,8
4160,4225,1
4160,4497,6
4161,4341,3
4161,4343,3
4161,4897,13
4162,5269,20
4163,4342,3
4163,4445,5
4163,4498,6
4163,4724,10
4164,4555,7
4164,4838,12
4165,4396,4
4165,4448,5
4165,4899,13
4166,4558,7
4166,4614,8
4166,4956,14
4167,4285,2
4167,4725,10
4167,4901,13
4168,4787,11
4168,5168,18
4169,4234,1
4170,4504,6
4170,4563,7
4170,4726,10
4171,4234,1
4171,4451,5
4171,4617,8
4172,4727,10
4172,4959,14
4173,4566,7
4174,4236,1
4174,5115,17
4175,4239,1
4175,4454,5
4175,4910,13
4176,5061,16
4176,5536,25
4177,4570,7
4177,5060,16
4178,4403,4
4178,5061,16
4180,4850,12
4181,4355,3
4181,4356,3
4181,4455,5
4182,4295,2
4182,4512,6
4182,4729,10
4183,4245,1
4183,4405,4
4184,4685,9
4184,4792,11
4185,4248,1
4185,4582,7
4185,4629,8
4186,5124,17
4186,5226,19
4187,4303,2
4187,4408,4
4187,4458,5
4187,5545,25
4188,4303,2
4188,4692,9
4189,4632,8
4189,4798,11
4190,4586,7
4190,5175,18
4191,5131,17
4191,5837,31
4192,4803,11
4192,5079,16
4193,4636,8
4194,4310,2
4194,4527,6
4195,4371,3
4195,4529,6
4195,4698,9
4196,4312,2
4196,4867,12
4197,5598,26
4197,5599,26
4198,4416,4
4198,5292,20
4199,4260,1
4199,4374,3
4200,4420,4
4200,4468,5
4200,4929,13
4200,4982,14
4200,5026,15
4200,5604,26
4201,5295,20
4201,6304,41
4202,4703,9
4203,4704,9
4204,4423,4
4204,4475,5
4205,5088,16
4205,5557,25
4205,5607,26
4206,4812,11
4207,4814,11
4207,5353,21
4209,5139,17
4210,4379,3
4211,4325,2
4213,4328,2
4213,4385,3
4213,5470,23
4213,5514,24
4214,4328,2
4214,4435,4
4214,4773,10
4214,5515,24
4215,4329,2
4215,4547,6
4216,4271,1
4216,4331,2
4216,4434,4
4217,4334,2
4217,4387,3
4218,4272,1
4218,4274,1
4218,4334,2
4219,4335,2
4219,4439,4
4219,4491,5
4220,4274,1
4220,4275,1
4220,4276,1
4221,4276,1
4222,4607,7
4222,5042,15
4223,4276,1
4224,4276,1
4225,4277,1
4225,4551,6
4226,4552,6
4226,4996,14
4227,4443,4
4227,4497,5
4228,4447,4
4228,4999,14
4228,5269,19
4229,4346,2
4229,4394,3
4229,4673,8
4230,4614,7
4232,4398,3
4233,5216,18
4234,4564,6
4235,4568,6
4235,5534,24
4236,5005,14
4237,4353,2
4237,4963,13
4238,4908,12
4239,4849,11
4239,5062,15
4240,4567,6
4240,4620,7
4241,4571,6
4242,5276,19
4243,4405,3
4244,4357,2
4244,4575,6
4245,4575,6
4246,5494,23
4246,7804,81
4247,5441,22
4247,5829,30
4248,4302,1
4248,4583,6
4248,4737,9
4249,4523,5
4250,4633,7
4250,4970,13
4250,5015,14
4251,4411,3
4251,5015,14
4252,4305,1
4252,4859,11
4253,4368,2
4255,5401,21
4255,6637,49
4256,4315,1
4257,4640,7
4258,4372,2
4258,4641,7
4259,4698,8
4259,4699,8
4259,4809,10
4261,4469,4
4262,4470,4
4262,4930,12
4262,5189,17
4262,5556,24
4263,5191,17
4263,5295,19
4263,6903,56
4265,4875,11
4266,4877,11
4266,6375,42
4267,4379,2
4267,5415,21
4267,5801,29
4268,4989,13
4269,4380,2
4269,4543,5
4269,4935,12
4269,5299,19
4270,5092,15
4270,6456,44
4271,4387,2
4271,4436,3
4272,4336,1
4272,4388,2
4272,4437,3
4273,4886,11
4273,5039,14
4274,4336,1
4275,4336,1
4275,4492,4
4277,4442,3
4277,4496,4
4277,4497,4
4278,4669,7
4278,5263,18
4278,5522,23
4278,5577,24
4279,4341,1
4279,4552,5
4279,4554,5
4280,4722,8
4282,4558,5
4282,4954,12
4282,5636,25
4283,4343,1
4283,4394,2
4283,4557,5
4284,4395,2
4284,4559,5
4284,4561,5
4286,4901,11
4286,4958,12
4287,4958,12
4287,5168,16
4288,4618,6
4288,5003,13
4289,4402,2
4289,4962,12
4290,5736,27
4291,5007,13
4292,4622,6
4292,5328,19
4293,4622,6
4293,5062,14
4294,4511,4
4295,7000,58
4296,4357,1
4296,4513,4
4297,4513,4
4297,4514,4
4298,5068,14
4298,5221,17
4299,4580,5
4300,4794,9
4301,4630,6
4301,4688,7
4301,4689,7
4301,5495,22
4302,4629,6
4302,4738,8
4302,4917,11
4303,4459,3
4304,4365,1
4304,4742,8
4304,4799,9
4304,5546,23
4305,5077,14
4306,5346,19
4306,5394,20
4307,4636,6
4308,5398,20
4308,5554,23
4309,4866,10
4309,5083,14
4311,4370,1
4311,4465,3
4312,5185,16
4313,4753,8
4313,5456,21
4314,4465,3
4314,4808,9
4314,4809,9
4315,4415,2
4315,4642,6
4315,4810,9
4316,4466,3
4316,4979,12
4317,5661,25
4317,6304,39
4317,6483,44
4318,4929,11
4318,5459,21
4318,5604,24
4318,6023,33
4319,5796,28
4320,4540,4
4320,4541,4
4320,5989,32
4320,6864,54
4321,5707,26
4321,5941,31
4322,6721,50
4323,6124,35
4324,4597,5
4324,5463,21
4324,6125,35
4324,6268,38
4325,4765,8
4326,6613,47
4327,5512,22
4328,5567,23
4328,5856,29
4329,4432,2
4329,4433,2
4329,4824,9
4330,4435,2
4330,4773,8
4330,5423,20
4331,4434,2
4331,4436,2
4331,4485,3
4332,4547,4
4332,4943,11
4332,5203,16
4333,4490,3
4333,4713,7
4333,4716,7
4333,5100,14
4333,5474,21
4334,4437,2
4334,4487,3
4335,4492,3
4335,4605,5
4336,4492,3
4337,4391,1
4337,4493,3
4337,4777,8
4337,5262,17
4338,5316,18
4338,5722,26
4339,4894,10
4339,5160,15
4339,5865,29
4340,4443,2
4340,4446,2
4340,5582,23
4341,4554,4
4342,4446,2
4343,4501,3
4343,4557,4
4344,4500,3
4344,4955,11
4344,5112,14
4345,4499,3
4345,4500,3
4345,4955,11
4346,4396,1
4346,4448,2
4347,4563,4
4347,5113,14
4348,5216,16
4349,5380,19
4349,5435,20
4349,5534,22
4349,5879,29
4350,4728,7
4351,4678,6
4351,5219,16
4352,4728,7
4352,4849,9
4353,4402,1
4353,5058,13
4354,4680,6
4355,4574,4
4355,4683,6
4355,4851,9
4356,4574,4
4356,4623,5
4358,4515,3
4358,5011,12
4359,4685,6
4359,5828,28
4360,5068,13
4360,5221,16
4361,5221,16
4362,4520,3
4362,6102,34
4363,4457,2
4363,4797,8
4364,4459,2
4364,5013,12
4364,5072,13
4364,5282,17
4365,4586,4
4365,4921,10
4366,4746,7
4366,4804,8
4366,4863,9
4366,5079,13
4367,5238,16
4367,5453,20
4367,6711,49
4368,4526,3
4369,4591,4
4369,5082,13
4369,5400,19
4370,4808,8
4371,4532,3
4372,4699,6
4373,5795,27
4376,4535,3
4376,5751,26
4376,5936,30
4377,4471,2
4377,6264,37
4378,4423,1
4378,5607,23
4379,5139,14
4380,5253,16
4380,5709,25
4381,4481,2
4381,5197,15
4381,5464,20
4381,6268,37
4382,4655,5
4382,4708,6
4382,6126,34
4383,4765,7
4383,5464,20
4383,5613,23
4384,4431,1
4384,4882,9
4384,5303,17
4384,5715,25
4385,4600,4
4385,4659,5
4385,5096,13
4386,4433,1
4386,4434,1
4387,4486,2
4387,4487,2
4388,4488,2
4388,4492,2
4388,4605,4
4389,5153,14
4389,5313,17
4390,4494,2
4390,4719,6
4391,4493,2
4391,4495,2
4391,4996,11
4392,4612,4
4392,5261,16
4392,5679,24
4393,4447,1
4393,4613,4
4394,4672,5
4394,4673,5
4395,4499,2
4395,5775,26
4397,4504,2
4397,4563,3
4397,4842,8
4397,5730,25
4398,4564,3
4399,4506,2
4399,4960,10
4400,4788,7
4400,5169,14
4401,4843,8
4401,4907,9
4401,5059,12
4402,5116,13
4403,4569,3
4403,4850,8
4404,4911,9
4404,5063,12
4404,5330,17
4405,4575,3
4406,4456,1
4406,4515,2
4406,4577,3
4407,4735,6
4407,4794,7
4408,4459,1
4408,5071,12
4408,5282,16
4409,4523,2
4409,4632,4
4409,4920,9
4410,4524,2
4411,4859,8
4411,5233,15
4412,4588,3
4412,4744,6
4412,5889,28
4412,6753,49
4413,4638,4
4413,4751,6
4414,4463,1
4414,4466,1
4414,4530,2
4414,4531,2
4415,4641,4
4415,4643,4
4416,5893,28
4417,4533,2
4417,5457,19
4418,4641,4
4418,4643,4
4419,5294,16
4419,5457,19
4420,5189,14
4420,5984,30
4422,4985,10
4422,5408,18
4422,5606,22
4422,7453,68
4423,4759,6
4423,5410,18
4424,4476,1
4424,4932,9
4424,5029,11
4425,5193,14
4425,5296,16
4426,4812,7
4426,5297,16
4426,5754,25
4427,4706,5
4428,4876,8
4428,5090,12
4428,5756,25
4429,5611,22
4430,4708,5
4431,5467,19
4431,5670,23
4432,4602,3
4432,4661,4
4432,4709,5
4432,4770,6
4433,4545,2
4433,4602,3
4434,4485,1
4434,4545,2
4434,4603,3
4435,4713,5
4435,5202,14
4436,4486,1
4436,4546,2
4437,4488,1
4437,4548,2
4438,4489,1
4438,4944,9
4438,5205,14
4439,4606,3
4439,4666,4
4439,4776,6
4440,5205,14
4440,5313,16
4441,4493,1
4441,4608,3
4441,4777,6
4441,5206,14
4442,4496,1
4442,4550,2
4442,4551,2
4442,4720,5
4442,4778,6
4443,4834,7
4443,4997,10
4444,4556,2
4444,4558,2
4444,5047,11
4444,5164,13
4444,5432,18
4444,5528,20
4444,5636,22
4445,4724,5
4445,5321,16
4445,5433,18
4446,4724,5
4447,4671,4
4447,4898,8
4448,4673,4
4448,4837,7
4449,4903,8
4450,5002,10
4450,5215,14
4450,5380,17
4450,5879,27
4451,4904,8
4452,4847,7
4452,4907,8
4452,5533,20
4453,4680,4
4453,5219,14
4453,5734,24
4453,6096,32
4454,4566,2
4454,5326,16
4455,4790,6
4455,4851,7
4456,4578,2
4456,4624,3
4456,5383,17
4457,4690,4
4457,4795,6
4457,5497,19
4458,5124,12
4459,4692,4
4460,5080,11
4460,6517,42
4461,4592,2
4461,5082,11
4461,5595,21
4461,5660,22
4462,5242,14
4462,6332,37
4462,6677,46
4464,4753,5
4464,4807,6
4464,5244,14
4465,4529,1
4465,4808,6
4466,4640,3
4466,4808,6
4467,5023,10
4467,5085,11
4467,5349,16
4467,5794,25
4468,4929,8
4468,5293,15
4468,5984,29
4469,4869,7
4471,4811,6
4471,5937,28
4472,4983,9
4472,5087,11
4472,5247,14
4472,5704,23
4473,5028,10
4474,4648,3
4474,7280,62
4475,4759,5
4475,4811,6
4476,4984,9
4476,5894,27
4477,4595,2
4477,5352,16
4477,5753,24
4477,6453,40
4478,4988,9
4478,5298,15
4478,5609,21
4478,5611,21
4479,4540,1
4479,4541,1
4479,6306,36
4480,5710,23
4480,6308,36
4481,4765,5
4481,5990,29
4482,4708,4
4482,4817,6
4482,6223,34
4483,5092,11
4483,6493,41
4484,4660,3
4484,5305,15
4485,4546,1
4485,4662,3
4486,4604,2
4486,4711,4
4487,4548,1
4487,4604,2
4488,4605,2
4488,4663,3
4489,4885,7
4489,4944,8
4490,4665,3
4490,5474,18
4490,5623,21
4491,4605,2
4491,4606,2
4491,4827,6
4493,4830,6
4493,5042,10
4493,5152,12
4494,4609,2
4494,4889,7
4495,5042,10
4496,4668,3
4496,4997,9
4497,4997,9
4498,5112,11
4498,5433,17
4499,6320,36
4502,4560,1
4502,4562,1
4502,6236,34
4503,4902,7
4503,4957,8
4504,4726,4
4504,5056,10
4504,5641,21
4504,5684,22
4505,5003,9
4505,5113,11
4506,5326,15
4507,4566,1
4507,4904,7
4507,5326,15
4508,5218,13
4508,6054,30
4508,6549,42
4509,4621,2
4510,4911,7
4513,4623,2
4514,4577,1
4514,4623,2
4515,4578,1
4515,5220,13
4516,5279,14
4516,5384,16
4517,4579,1
4517,4625,2
4517,5739,23
4518,4626,2
4518,4855,6
4518,5172,12
4518,5782,24
4519,5119,11
4519,6556,42
4520,4967,8
4520,5386,16
4520,5830,25
4521,4583,1
4521,4737,4
4521,4796,5
4521,5122,11
4521,5388,16
4521,5443,17
4522,4585,1
4522,4692,3
4522,5174,12
4523,4585,1
4523,5338,15
4524,4633,2
4524,4921,7
4525,5394,16
4525,5790,24
4527,5241,13
4528,5243,13
4528,5596,20
4529,4809,5
4530,4808,5
4531,4640,2
4532,4698,3
4532,4699,3
4533,5456,17
4533,5844,25
4534,4594,1
4534,5191,12
4534,6860,50
4535,5936,27
4536,4986,8
4537,4874,6
4537,5088,10
4537,5939,27
4538,4987,8
4538,5754,23
4539,4934,7
4540,6612,43
4540,7053,55
4541,6833,49
4542,5356,15
4542,6455,39
4543,5668,21
4545,4603,1
4545,4710,3
4546,4711,3
4546,4772,4
4547,4824,5
4547,5259,13
4548,4663,2
4548,4712,3
4549,5676,21
4549,5861,25
4550,4667,2
4550,4720,3
4550,4831,5
4551,4609,1
4551,4889,6
4552,4892,6
4553,4612,1
4553,5580,19
4554,4892,6
4554,4897,6
4554,5163,11
4554,5631,20
4555,5270,13
4555,5271,13
4556,5583,19
4557,4672,2
4557,4897,6
4558,5164,11
4559,4783,4
4559,5775,23
4560,4954,7
4560,6194,32
4561,4783,4
4561,4840,5
4562,5777,23
4563,5532,18
4565,4728,3
4565,5736,22
4566,4910,6
4567,4727,3
4567,5170,11
4568,5007,8
4569,4964,7
4569,5061,9
4569,5535,18
4570,5276,13
4570,5327,14
4571,5007,8
4573,4684,2
4573,5064,9
4573,5645,20
4574,4730,3
4574,4731,3
4576,5064,9
4576,5645,20
4577,4624,1
4577,4731,3
4578,4914,6
4578,5220,12
4579,4732,3
4579,6509,40
4580,5584,19
4581,4689,2
4581,5495,17
4581,6291,34
4582,4689,2
4582,4737,3
4583,4738,3
4583,4796,4
4584,4691,2
4584,5226,12
4585,4741,3
4586,4742,3
4586,4969,7
4587,4975,7
4587,5180,11
4587,5449,16
4587,5652,20
4588,4694,2
4588,5654,20
4588,5930,26
4589,4750,3
4589,4805,4
4589,5397,15
4589,5749,22
4589,6407,37
4589,6636,43
4590,5503,17
4590,6300,34
4591,5083,9
4591,5502,17
4592,4638,1
4592,4751,3
4592,5702,21
4593,4807,4
4593,5600,19
4594,6166,31
4594,6717,45
4595,4931,6
4595,5608,19
4595,7124,56
4596,5801,23
4596,5848,24
4597,5196,11
4597,7427,64
4598,5095,9
4598,5140,10
4599,4818,4
4599,4937,6
4599,5094,9
4600,4659,1
4600,4818,4
4600,4879,5
4600,4880,5
4600,4937,6
4601,4661,1
4601,4768,3
4601,4770,3
4601,5097,9
4602,4710,2
4602,4769,3
4603,4662,1
4603,4822,4
4604,4712,2
4604,4774,3
4605,4714,2
4605,4827,4
4606,4717,2
4606,4887,5
4607,4828,4
4607,5673,20
4608,5041,8
4608,5044,8
4610,4668,1
4610,4721,2
4610,5208,11
4610,5524,17
4611,4779,3
4611,5264,12
4611,5428,15
4611,5429,15
4612,5045,8
4613,4782,3
4613,4898,5
4613,4899,5
4614,4956,6
4615,5168,10
4615,5486,16
4615,5685,20
4615,5729,21
4616,4675,1
4616,5002,7
4616,5380,14
4616,5685,20
4617,4904,5
4618,5169,10
4618,5381,14
4619,4847,4
4620,5060,8
4620,5170,10
4621,4681,1
4621,5438,15
4621,6360,35
4622,5171,10
4623,4731,2
4624,4913,5
4624,4965,6
4625,4915,5
4625,6288,33
4626,4686,1
4626,5829,23
4627,4686,1
4627,5584,18
4628,4735,2
4628,4794,3
4628,5281,12
4628,5783,22
4629,5544,17
4629,6102,29
4630,4857,4
4630,5120,9
4630,5334,13
4631,4797,3
4631,5123,9
4632,5073,8
4632,5175,10
4633,4970,6
4634,4747,2
4634,4749,2
4634,5182,10
4634,6160,30
4635,5748,21
4639,4928,5
4639,4978,6
4639,7189,57
4642,4810,3
4643,4810,3
4644,4981,6
4644,5024,7
4644,5025,7
4644,5603,18
4645,4980,6
4645,5027,7
4645,5350,13
4646,4869,4
4647,5028,7
4647,5936,25
4647,6117,29
4648,4870,4
4648,6641,42
4649,5706,20
4649,6166,30
4649,6682,43
4650,4932,5
4650,4986,6
4651,5755,21
4652,4987,6
4652,5354,13
4652,5664,19
4653,5667,19
4653,6029,27
4653,6336,34
4653,6687,43
4654,5463,15
4655,5613,18
4655,6073,28
4656,6074,28
4657,6613,41
4658,5303,12
4659,4821,3
4659,4880,4
4659,5514,16
4659,6342,34
4660,4771,2
4660,4938,5
4661,4824,3
4661,4940,5
4662,4772,2
4662,4822,3
4663,4714,1
4663,4825,3
4664,4716,1
4664,4994,6
4664,5040,7
4664,5474,15
4665,5100,8
4665,5517,16
4665,5623,18
4666,4719,1
4666,4888,4
4667,4778,2
4667,4831,3
4667,5315,12
4668,4778,2
4668,4891,4
4669,4893,4
4669,5722,20
4670,4723,1
4670,4780,2
4670,4833,3
4670,5635,18
4671,4951,5
4671,4999,6
4671,5481,15
4672,5052,7
4672,5163,9
4673,5052,7
4674,4903,4
4674,5323,12
4675,4787,2
4675,6285,32
4676,5216,10
4676,5642,18
4677,4905,4
4677,5825,22
4677,5827,22
4677,6323,33
4678,4844,3
4678,4845,3
4678,6548,39
4679,4905,4
4679,5491,15
4679,5536,16
4679,5827,22
4680,4789,2
4681,5275,11
4682,4790,2
4682,4911,4
4682,5330,12
4683,4730,1
4683,4912,4
4683,5117,8
4685,5493,15
4685,6591,40
4686,5222,10
4687,5919,24
4687,6556,39
4688,5012,6
4688,5334,12
4688,5920,24
4689,5120,8
4690,4797,2
4690,5123,8
4690,5335,12
4691,6245,31
4691,6400,35
4692,5013,6
4693,4920,4
4693,5339,12
4693,5649,18
4693,5970,25
4694,4743,1
4694,5286,11
4694,5549,16
4695,4746,1
4695,4803,2
4695,5079,7
4695,5552,16
4696,5393,13
4696,5452,14
4696,5592,17
4696,5891,23
4697,5594,17
4697,6481,37
4698,4809,2
4700,4868,3
4700,5348,12
4701,5796,21
4701,6114,28
4701,6303,32
4702,4758,1
4702,5026,6
4702,7235,57
4703,6166,29
4705,5193,9
4706,4813,2
4706,5560,16
4707,5356,12
4707,6454,36
4708,5359,12
4709,4769,1
4709,4770,1
4709,4990,5
4710,4822,2
4710,4883,3
4711,4774,1
4711,4823,2
4712,4825,2
4712,4884,3
4713,5148,8
4714,4942,4
4714,4993,5
4715,4885,3
4715,4994,5
4715,5204,9
4716,4994,5
4716,5148,8
4717,4827,2
4717,5099,7
4717,5102,7
4718,4828,2
4718,5039,6
4719,4888,3
4719,4889,3
4720,4888,3
4720,4889,3
4721,4832,2
4721,5158,8
4722,4893,3
4722,5159,8
4722,5269,10
4723,5321,11
4723,5433,13
4723,5526,15
4724,5582,16
4725,4840,2
4725,4901,3
4726,4959,4
4726,5912,23
4727,4959,4
4727,5436,13
4728,4849,2
4728,5328,11
4728,5736,19
4729,7000,50
4730,4913,3
4730,5065,6
4731,4913,3
4732,4854,2
4732,6590,39
4733,4793,1
4733,5882,22
4733,6153,28
4734,4967,4
4734,5919,23
4735,5119,7
4736,4794,1
4736,5224,9
4736,5783,20
4737,5120,7
4738,4918,3
4738,6204,29
4739,5122,7
4739,5443,13
4739,5922,23
4739,5968,24
4740,5070,6
4740,5071,6
4740,5282,10
4740,6439,35
4741,5174,8
4741,5227,9
4741,5338,11
4742,5284,10
4742,5885,22
4743,4975,4
4743,5127,7
4743,5181,8
4743,5449,13
4743,5550,15
4744,5130,7
4744,5285,10
4744,5837,21
4744,6976,49
4745,4800,1
4745,4802,1
4745,4860,2
4745,4926,3
4745,5019,5
4745,5020,5
4745,5237,9
4746,6159,28
4746,7041,51
4747,5132,7
4747,6020,25
4747,6160,28
4748,5133,7
4748,6110,27
4749,5021,5
4749,5288,10
4749,7741,70
4750,5239,9
4750,5288,10
4750,5396,12
4750,5699,18
4750,5892,22
4751,5082,6
4752,5186,8
4752,5843,21
4753,5347,11
4753,6163,28
4754,5188,8
4754,6217,29
4755,5292,10
4755,5600,16
4756,6304,31
4757,5135,7
4757,5506,14
4757,6758,43
4758,5135,7
4759,5248,9
4759,5798,20
4760,5296,10
4760,5409,12
4761,5411,12
4761,5706,18
4762,5509,14
4763,5756,19
4763,6570,38
4764,6223,29
4765,5464,13
4766,4936,3
4766,5418,12
4766,6128,27
4767,5095,6
4767,5141,7
4767,5669,17
4768,4819,1
4768,4820,1
4768,5032,5
4769,4881,2
4769,4883,2
4770,4819,1
4771,5200,8
4771,5471,13
4772,4823,1
4772,4939,3
4773,5567,15
4773,6310,31
4774,4884,2
4774,4941,3
4775,5037,5
4775,5200,8
4775,5898,22
4776,4887,2
4776,4888,2
4776,5150,7
4777,4948,3
4777,5044,5
4778,5208,8
4779,5317,10
4779,6002,24
4779,6385,33
4780,4950,3
4780,5001,4
4780,5375,11
4781,4952,3
4781,5048,5
4781,5320,10
4781,5530,14
4782,4836,1
4782,4898,2
4782,4998,4
4783,4953,3
4783,5000,4
4783,5049,5
4783,5211,8
4784,5269,9
4785,4958,3
4785,5168,7
4785,5213,8
4785,5214,8
4786,5002,4
4786,5379,11
4786,5778,19
4786,6151,27
4787,5168,7
4787,5685,17
4788,5115,6
4788,5643,16
4789,4909,2
4789,5734,18
4790,5277,9
4790,6014,24
4791,5064,5
4792,4966,3
4792,5493,13
4793,5332,10
4793,5690,17
4793,6101,26
4795,5224,8
4795,5497,13
4796,4918,2
4796,5444,12
4798,5175,7
4799,5229,8
4799,5885,21
4799,6475,35
4800,4860,1
4800,4861,1
4800,4976,3
4801,4858,1
4801,4861,1
4801,4862,1
4801,5236,8
4802,4861,1
4802,4862,1
4802,5392,11
4803,5131,6
4804,5079,5
4805,5240,8
4805,7361,58
4806,4867,1
4806,5185,7
4806,5403,11
4806,6218,28
4806,6523,36
4807,5597,15
4807,6022,24
4808,4979,3
4808,5348,10
4809,4868,1
4809,5348,10
4811,5798,19
4812,5894,21
4813,5510,13
4813,6071,25
4814,4934,2
4815,5194,7
4815,5609,15
4815,5611,15
4816,5355,10
4817,6223,28
4818,5096,5
4818,5897,21
4819,4990,3
4819,5032,4
4820,5032,4
4820,5097,5
4820,5143,6
4821,5514,13
4821,5809,19
4821,6178,27
4822,4939,2
4822,4991,3
4822,5034,4
4823,4941,2
4823,5035,4
4824,4940,2
4824,5259,8
4824,5422,11
4825,4942,2
4825,4992,3
4826,5100,5
4826,5423,11
4826,6277,29
4827,4993,3
4828,5518,13
4828,6138,26
4829,5040,4
4829,5105,5
4829,5860,20
4830,5152,6
4830,5206,7
4830,5260,8
4831,4888,1
4831,5104,5
4831,5151,6
4831,5369,10
4832,4947,2
4832,4949,2
4832,5207,7
4832,5208,7
4832,5478,12
4833,4949,2
4833,5375,10
4833,5526,13
4834,4891,1
4834,5582,14
4834,6145,26
4835,5482,12
4835,5630,15
4836,4899,1
4836,5051,4
4836,5209,7
4837,4899,1
4837,5051,4
4837,5052,4
4838,5271,8
4839,4900,1
4839,4957,2
4839,6044,24
4839,6147,26
4840,4953,2
4840,5909,21
4841,5213,7
4841,5273,8
4841,5639,15
4841,5640,15
4842,5324,9
4842,5641,15
4842,6544,36
4843,4961,2
4843,5490,12
4843,6051,24
4844,5219,7
4844,5489,12
4844,6096,25
4845,5114,5
4845,5879,20
4846,4962,2
4846,5005,3
4846,5733,17
4847,5217,7
4847,6054,24
4848,4909,1
4848,5491,12
4848,5536,13
4849,5171,6
4851,4912,1
4851,5277,8
4852,5645,15
4853,4914,1
4853,5220,7
4853,5280,8
4853,5918,21
4854,4966,2
4854,6510,35
4855,5172,6
4856,5584,14
4856,5919,21
4857,4968,2
4857,5388,10
4857,5647,15
4858,4922,1
4858,4923,1
4858,4924,1
4858,4925,1
4858,4971,2
4858,4974,2
4858,5018,3
4858,5129,5
4858,5235,7
4858,5287,8
4859,5077,4
4859,5655,15
4860,5078,4
4860,5128,5
4861,4925,1
4862,5236,7
4862,6209,27
4863,6517,35
4863,7041,49
4864,5593,14
4864,5934,21
4864,6406,32
4864,7222,54
4865,5241,7
4866,5596,14
4866,5701,16
4867,5023,3
4867,5185,6
4870,5508,12
4871,4986,2
4872,5411,10
4872,6305,29
4873,5193,6
4873,5558,13
4873,5663,15
4874,5559,13
4874,6122,25
4874,6169,26
4875,5354,9
4876,5665,15
4876,5849,19
4876,6072,24
4877,5988,22
4877,6071,24
4878,6375,31
4878,6492,34
4879,4937,1
4879,5417,10
4880,5417,10
4880,6174,26
4881,4990,2
4881,5033,3
4881,5255,7
4882,5144,5
4882,5670,15
4882,6645,38
4883,4991,2
4883,5033,3
4884,4992,2
4884,5036,3
4885,5038,3
4885,5620,14
4886,4943,1
4886,6036,23
4887,5102,4
4887,5309,8
4888,5104,4
4890,5106,4
4890,5110,4
4890,5521,12
4891,4997,2
4891,5524,12
4892,4996,2
4892,5681,15
4893,5263,7
4894,5264,7
4894,5428,10
4894,5431,10
4895,5161,5
4895,5264,7
4895,5429,10
4895,5952,21
4896,4950,1
4896,5001,2
4896,5050,3
4896,5957,21
4897,5163,5
4898,4951,1
4900,5165,5
4901,5053,3
4901,5640,14
4901,5909,20
4902,5531,12
4902,6008,22
4903,5054,3
4904,4960,1
4905,6324,29
4905,6359,30
4906,5734,16
4906,5880,19
4906,6096,24
4906,6744,40
4907,4961,1
4908,5114,4
4908,5534,12
4909,5437,10
4912,5538,12
4912,5737,16
4913,5010,2
4914,5383,9
4914,6243,27
4915,5011,2
4915,6886,44
4916,5441,10
4916,5442,10
4916,5542,12
4917,5544,12
4917,6204,26
4917,6399,31
4918,5225,6
4918,6936,45
4919,5013,2
4919,5072,3
4919,5283,7
4919,5786,17
4920,5073,3
4920,5338,8
4921,4970,1
4921,5546,12
4922,4972,1
4922,5014,2
4923,4973,1
4923,5018,2
4923,5232,6
4924,4972,1
4924,4974,1
4924,5016,2
4925,4976,1
4925,5017,2
4926,5019,2
4926,5078,3
4926,6158,25
4927,5131,4
4927,5890,19
4927,5932,20
4928,5504,11
4929,6302,28
4930,5086,3
4931,4985,1
4931,5408,9
4931,5846,18
4932,5987,21
4933,5088,3
4933,5557,12
4933,6070,23
4933,6488,33
4934,5353,8
4935,5668,14
4936,6172,25
4936,6837,42
4938,5305,7
4938,5471,10
4938,5994,21
4939,5035,2
4939,5145,4
4940,5097,3
4940,5364,8
4941,5036,2
4941,5146,4
4942,4993,1
4942,5098,3
4943,5569,12
4944,5038,2
4944,5308,7
4945,5570,12
4945,5813,17
4946,5105,3
4946,5106,3
4947,5046,2
4947,5108,3
4947,5111,3
4947,5157,4
4948,5262,6
4948,5318,7
4948,5579,12
4949,5046,2
4949,5158,4
4950,5162,4
4950,5265,6
4951,4998,1
4951,5481,10
4952,5633,13
4952,5637,13
4953,5049,2
4953,5266,6
4953,5272,6
4953,5484,10
4953,5955,20
4954,5483,10
4954,5772,16
4955,5638,13
4955,6320,28
4956,5164,4
4957,6008,21
4958,5053,2
4959,5826,17
4959,6095,23
4959,6199,25
4960,5326,7
4961,5533,11
4961,5877,18
4962,5116,3
4962,5914,19
4963,5058,2
4963,5059,2
4963,5963,20
4963,6200,25
4964,5438,9
4964,5492,10
4965,5010,1
4965,5383,8
4965,6362,29
4966,6630,36
4967,6556,34
4968,5121,3
4968,5334,7
4968,5586,12
4969,5073,2
4969,5175,4
4969,5284,6
4970,5341,7
4970,5692,14
4970,6107,23
4971,5014,1
4971,5232,5
4971,6250,26
4972,5014,1
4972,5016,1
4973,5076,2
4973,5179,4
4973,5234,5
4973,5500,10
4974,5017,1
4974,5075,2
4975,5127,3
4975,5977,20
4976,5128,3
4976,5178,4
4977,5291,6
4977,7224,52
4978,5084,2
4978,7228,52
4979,5348,7
4980,5985,20
4980,6024,21
4981,6680,37
4982,5026,1
4982,5189,4
4983,5136,3
4983,6116,23
4983,7236,52
4984,5029,1
4984,6068,22
4984,6452,31
4985,5608,12
4985,7394,56
4987,5940,19
4987,6069,22
4988,6453,31
4989,5091,2
4989,5195,4
4989,5414,8
4990,5199,4
4991,5034,1
4991,5142,3
4992,5098,2
4992,5147,3
4993,5099,2
4993,5201,4
4993,5365,7
4994,5204,4
4995,5517,10
4995,5623,12
4995,5947,19
4995,6991,45
4996,5262,5
4996,5579,11
4998,5209,4
4998,5581,11
4999,5159,3
4999,5269,5
5000,5049,1
5000,5050,1
5000,5267,5
5001,5635,12
5001,5638,12
5002,5379,7
5002,5685,13
5002,5729,14
5003,5381,7
5003,5781,15
5004,5057,1
5004,5218,4
5004,6469,31
5004,6549,33
5005,5115,2
5005,5962,19
5006,5061,1
5006,5535,10
5006,5536,10
5006,5827,16
5008,5328,6
5008,5736,14
5009,5063,1
5009,5330,6
5009,5537,10
5009,6507,32
5010,5065,1
5010,5439,8
5011,5220,4
5011,6703,37
5012,5223,4
5012,5387,7
5012,6325,27
5013,5174,3
5014,5074,1
5014,5176,3
5014,5499,9
5015,5233,4
5015,5692,13
5016,5074,1
5016,5075,1
5017,5126,2
5017,5178,3
5018,5234,4
5018,5744,14
5019,5237,4
5019,6478,31
5020,5392,7
5020,6634,35
5021,5182,3
5021,5454,8
5021,7449,57
5022,5791,15
5022,5982,19
5022,6161,23
5023,6218,24
5024,6411,29
5024,6450,30
5024,7231,51
5025,5460,8
5025,6680,36
5025,7231,51
5026,6525,32
5027,5662,12
5027,6025,20
5028,5087,1
5028,5507,9
5029,5704,13
5029,5987,19
5030,6529,32
5030,6530,32
5030,6796,39
5031,5467,8
5031,5614,11
5031,5712,13
5032,5093,1
5032,5199,3
5032,5254,4
5032,5361,6
5032,5758,14
5033,5142,2
5033,5198,3
5034,5145,2
5034,5256,4
5035,5146,2
5035,5257,4
5036,5147,2
5036,5258,4
5037,5101,1
5037,5811,15
5038,5672,12
5038,6381,28
5039,5518,9
5039,6036,20
5040,6184,23
5041,5153,2
5041,5206,3
5041,5312,5
5042,5673,12
5043,5108,1
5043,5111,1
5043,5155,2
5043,5427,7
5044,5109,1
5044,5318,5
5045,5430,7
5045,5580,10
5045,5679,12
5046,5157,2
5046,5375,6
5047,5161,2
5047,5952,18
5047,6040,20
5048,5529,9
5048,5632,11
5048,5682,12
5049,5376,6
5050,5162,2
5050,5211,3
5051,5210,3
5051,5634,11
5052,5210,3
5053,5213,3
5053,5640,11
5054,5323,5
5054,5531,9
5055,5378,6
5055,5683,12
5055,6049,20
5055,6622,34
5056,5378,6
5056,5912,17
5056,6049,20
5057,5732,13
5057,6550,32
5057,6745,37
5058,5116,1
5058,6053,20
5059,5490,8
5060,5327,5
5060,5735,13
5062,5171,2
5063,5329,5
5063,6553,32
5065,5117,1
5065,5382,6
5066,5278,4
5066,7000,44
5067,5278,4
5067,6434,29
5068,5494,8
5069,5333,5
5069,6291,25
5070,5648,11
5070,5740,13
5070,5924,17
5071,5545,9
5071,6245,24
5072,5648,11
5072,5925,17
5073,5339,5
5074,5125,1
5074,5176,2
5075,5125,1
5075,5126,1
5076,5177,2
5076,5179,2
5076,5343,5
5077,5787,14
5078,5448,7
5078,6207,23
5080,5238,3
5081,5132,1
5081,5592,10
5081,5891,16
5081,6211,23
5082,5400,6
5083,5701,12
5083,6021,19
5084,6678,35
5085,6114,21
5085,6303,25
5086,5556,9
5086,6414,28
5087,7236,50
5088,5559,9
5089,5250,3
5089,5510,8
5089,6170,22
5089,6686,35
5090,5558,9
5090,5610,10
5090,5849,15
5091,5666,11
5092,7322,52
5093,5254,3
5093,5758,13
5094,5711,12
5094,5897,16
5095,5616,10
5095,5806,14
5096,5470,7
5096,6341,26
5097,5419,6
5098,5201,2
5098,5306,4
5099,5365,5
5099,5424,6
5100,6079,20
5101,5570,9
5102,5424,6
5102,5900,16
5103,5149,1
5103,5476,7
5103,5572,9
5103,6137,21
5104,5150,1
5104,5151,1
5105,5367,5
5106,5154,1
5106,5367,5
5107,5154,1
5107,5479,7
5107,5674,11
5107,6141,21
5108,5207,2
5108,5368,5
5109,5677,11
5109,6188,22
5110,5154,1
5110,5479,7
5110,6347,26
5111,5157,1
5111,5371,5
5112,5635,10
5112,5638,10
5113,5532,8
5113,5781,13
5114,5534,8
5114,5879,15
5115,6052,19
5116,6012,18
5117,5538,8
5117,5644,10
5118,5172,1
5118,5332,4
5118,5385,5
5118,5782,13
5119,5281,3
5119,7180,48
5120,5388,5
5121,5647,10
5121,5785,13
5121,6103,20
5122,5444,6
5122,7111,46
5123,5587,9
5123,5967,17
5124,5545,8
5125,5230,2
5125,5231,2
5126,5231,2
5126,5342,4
5127,5549,8
5127,5977,17
5128,5391,5
5128,5448,6
5129,5235,2
5129,5450,6
5130,5932,16
5130,6753,36
5131,5552,8
5132,5553,8
5132,6369,26
5133,5453,6
5133,6896,40
5134,5395,5
5134,5982,17
5134,6212,22
5135,7235,49
5136,5245,2
5136,5247,2
5136,5406,5
5137,6797,37
5137,6863,39
5138,6306,24
5139,5415,5
5139,5802,13
5140,5806,13
5140,6419,27
5141,5564,8
5141,5616,9
5141,5715,11
5142,5256,2
5142,5304,3
5143,5419,5
5143,5469,6
5143,5758,12
5144,5564,8
5144,5715,11
5144,5943,16
5145,5257,2
5145,5362,4
5146,5258,2
5146,5363,4
5147,5306,3
5147,5420,5
5148,5202,1
5148,5204,1
5149,5205,1
5149,5313,3
5149,5996,17
5150,5309,3
5150,5573,8
5151,5426,5
5151,5573,8
5152,5311,3
5152,5673,10
5153,5476,6
5154,5314,3
5155,5370,4
5155,5371,4
5155,5520,7
5156,5522,7
5156,5576,8
5156,5577,8
5156,5678,10
5157,5265,2
5157,5480,6
5158,5524,7
5158,5526,7
5159,5263,2
5159,5481,6
5160,5377,4
5160,5431,5
5160,5482,6
5161,5432,5
5161,5865,14
5162,5265,2
5162,5267,2
5163,5210,1
5163,5268,2
5163,5631,9
5165,5637,9
5165,6147,20
5166,5324,3
5166,6352,25
5166,6354,25
5166,6544,30
5167,5486,6
5167,5729,11
5167,5871,14
5167,6355,25
5168,5214,1
5169,5643,9
5169,5876,14
5170,5436,5
5170,5735,11
5171,5328,3
5173,5223,1
5173,5387,4
5173,5496,6
5173,5921,15
5174,5786,12
5176,5230,1
5176,5499,6
5176,5834,13
5176,6559,30
5177,5340,3
5177,5343,3
5177,5390,4
5177,5500,6
5177,6402,26
5178,5342,3
5178,5391,4
5179,5548,7
5179,5656,9
5180,5344,3
5180,5591,8
5180,5657,9
5181,5286,2
5181,5550,7
5181,6109,19
5182,5840,13
5182,6020,17
5183,5790,12
5183,6260,22
5183,8386,79
5184,5503,6
5184,5504,6
5184,6446,27
5186,5598,8
5186,6447,27
5187,5404,4
5187,5750,11
5188,6113,19
5188,6944,40
5190,5797,12
5190,6526,29
5190,6715,34
5190,6716,34
5191,7012,42
5192,5246,1
5192,5408,4
5192,5606,8
5192,7519,56
5193,5752,11
5194,5354,3
5194,5664,9
5195,5666,9
5195,6572,30
5195,6763,35
5196,6030,17
5196,6268,22
5196,7893,66
5197,6125,19
5197,6268,22
5197,6270,22
5198,5255,1
5198,5304,2
5198,5562,7
5199,5255,1
5199,5302,2
5200,6577,30
5201,5365,3
5201,5421,4
5202,5307,2
5202,5515,6
5203,5259,1
5203,5569,7
5203,5810,12
5204,5307,2
5204,5620,8
5204,5762,11
5205,5308,2
5206,5260,1
5206,5310,2
5206,5312,2
5207,5368,3
5207,5478,5
5207,5574,7
5207,5903,14
5208,5315,2
5209,5581,7
5209,5634,8
5210,5268,1
5211,5775,11
5211,5957,15
5212,5639,8
5212,5640,8
5212,5909,14
5212,6281,22
5213,5485,5
5214,5485,5
5214,5486,5
5215,5379,3
5215,5879,13
5215,6926,39
5216,5686,9
5217,5533,6
5217,6626,31
5217,6998,41
5218,5275,1
5218,6745,34
5220,6396,25
5220,6437,26
5222,5584,7
5222,5829,12
5223,5334,2
5223,5586,7
5224,6474,27
5224,7386,51
5225,5444,4
5225,6292,22
5225,7917,66
5226,5545,6
5226,6245,21
5227,5649,8
5227,5786,11
5227,6206,20
5228,5649,8
5228,5969,15
5228,5970,15
5228,6206,20
5229,5886,13
5229,6105,18
5229,6826,36
5230,5547,6
5230,5741,10
5231,5389,3
5231,5547,6
5232,5500,5
5232,7354,50
5233,5655,8
5233,5929,14
5234,5656,8
5234,6255,21
5235,5744,10
5235,5745,10
5236,5287,1
5236,6560,29
5237,5696,9
5237,6258,21
5237,6633,31
5237,6634,31
5238,6210,20
5238,6517,28
5239,5396,3
5239,5454,4
5239,7450,53
5240,5397,3
5240,8317,76
5242,5403,3
5243,5843,12
5243,6331,23
5244,5347,2
5244,5597,7
5244,5793,11
5245,5703,9
5245,6116,18
5245,7014,41
5246,5845,12
5246,6119,18
5246,6485,27
5247,6068,17
5247,6527,28
5248,5407,3
5248,5410,3
5248,6026,16
5249,5351,2
5249,5509,5
5249,6761,34
5249,6863,37
5250,6070,17
5250,6305,22
5251,6797,35
5251,7237,47
5251,7607,57
5252,5612,7
5252,6306,22
5253,5803,11
5253,6267,21
5253,8033,69
5254,5361,2
5255,5465,4
5256,5362,2
5256,5466,4
5257,5363,2
5257,5468,4
5258,5420,3
5258,5513,5
5259,6136,18
5260,5311,1
5260,5622,7
5261,5676,8
5261,6383,24
5262,5579,6
5263,5373,2
5264,5865,12
5265,5374,2
5265,5375,2
5265,5480,4
5266,5376,2
5266,5527,5
5266,5769,10
5267,5374,2
5267,5376,2
5268,5634,7
5268,6004,15
5270,5377,2
5270,5482,4
5271,5377,2
5272,5322,1
5272,5484,4
5272,5955,14
5273,5485,4
5273,5776,10
5273,6466,26
5274,5642,7
5275,6360,23
5276,5329,1
5276,5915,13
5277,5737,9
5277,6702,32
5278,6361,23
5279,5539,5
5279,6434,25
5280,5440,3
5280,5689,8
5280,6243,20
5281,5585,6
5281,7109,43
5282,5648,7
5283,5337,1
5283,5925,13
5283,6055,16
5284,5339,1
5284,5885,12
5285,5889,12
5285,6788,34
5285,6976,39
5286,5788,10
5286,5930,13
5287,5450,3
5287,6602,29
5288,5454,3
5288,8540,80
5289,5593,6
5289,5700,8
5289,6406,24
5289,7008,40
5290,6521,27
5290,7361,49
5290,7743,60
5291,6332,22
5291,8072,69
5292,5893,12
5292,6607,29
5293,6065,16
5293,6302,21
5293,6566,28
5294,6024,15
5294,6449,25
5295,7011,40
5295,7567,55
5296,5752,9
5296,6167,18
5297,5847,11
5297,5894,12
5297,7152,44
5298,5413,2
5298,6453,25
5298,6487,26
5299,5357,1
5299,5709,8
5300,6124,17
5300,6269,20
5301,5511,4
5301,5851,11
5301,6132,17
5302,5361,1
5302,5465,3
5303,5669,7
5304,5466,3
5304,5562,5
5305,5563,5
5305,6421,24
5306,5421,2
5306,5566,5
5307,5568,5
5307,5762,9
5308,5672,7
5308,5996,14
5309,5900,12
5309,5997,14
5310,5572,5
5310,5622,6
5310,5812,10
5311,5366,1
5311,6138,17
5312,5476,3
5312,5572,5
5313,5476,3
5314,5367,1
5314,5477,3
5314,5674,7
5315,5369,1
5315,5478,3
5316,5577,5
5316,5678,7
5317,6083,16
5317,6345,22
5317,6992,39
5318,5818,10
5318,6188,18
5319,5428,2
5319,5431,2
5319,5578,5
5319,6581,28
5320,5632,6
5320,5633,6
5320,5726,8
5321,5582,5
5321,6145,17
5322,6090,16
5322,6281,20
5322,6505,26
5323,5777,9
5324,5730,8
5324,6814,34
5325,5379,1
5325,6151,17
5325,6394,23
5325,6926,37
5327,5915,12
5327,6201,18
5329,6472,25
5330,6014,14
5331,6100,16
5331,6885,36
5332,6512,26
5333,5442,2
5333,5542,4
5333,6666,30
5335,5497,3
5335,5831,10
5335,5967,13
5336,5498,3
5336,5785,9
5336,5832,10
5336,6593,28
5337,6017,14
5337,6594,28
5337,7077,41
5338,5649,6
5339,6104,16
5340,5447,2
5340,6106,16
5340,6402,23
5341,5974,13
5341,6107,16
5341,6366,22
5342,5389,1
5342,5651,6
5343,5548,4
5343,5693,7
5344,5652,6
5344,5976,13
5344,6252,19
5345,5393,1
5345,5592,5
5345,5747,8
5345,6019,14
5346,5594,5
5346,5698,7
5346,6481,25
5347,5842,10
5347,6370,22
5349,6164,17
5349,6303,20
5349,6679,30
5350,5662,6
5350,5985,13
5350,6220,18
5351,6641,29
5351,7369,48
5352,5848,10
5352,6530,26
5355,6029,14
5355,7427,50
5356,7370,48
5357,5990,13
5357,6642,29
5357,7156,43
5358,5463,2
5358,6125,16
5358,6126,16
5359,6126,16
5359,6223,18
5360,6418,23
5360,7824,61
5362,5468,2
5362,5615,5
5363,5513,3
5363,5617,5
5364,5419,1
5364,5422,1
5364,6077,15
5365,5473,2
5365,5763,8
5365,5945,12
5366,5475,2
5366,5622,5
5366,5901,11
5367,5860,10
5368,5427,1
5368,5903,11
5369,5426,1
5369,5574,4
5370,5575,4
5370,5625,5
5370,5815,9
5371,5480,2
5371,5575,4
5372,5521,3
5372,6806,33
5373,5481,2
5373,5522,3
5373,5951,12
5374,5523,3
5374,5525,3
5376,5525,3
5378,5684,6
5378,6879,35
5380,6285,19
5381,5876,10
5381,6283,19
5382,5439,1
5382,5644,5
5382,5881,10
5383,7345,47
5384,5539,3
5384,5917,11
5384,6100,15
5385,5441,1
5385,5542,3
5385,6512,25
5386,5543,3
5386,5544,3
5386,6102,15
5387,6203,17
5387,6592,27
5388,5443,1
5389,5446,1
5389,5743,7
5390,5447,1
5390,5589,4
5390,5693,6
5391,5590,4
5391,5651,5
5392,6209,17
5392,7948,64
5393,5658,5
5393,6368,21
5394,5698,6
5394,6298,19
5395,5983,12
5395,7360,47
5396,5749,7
5396,8192,70
5397,5749,7
5397,8579,79
5398,6161,16
5398,6897,35
5398,6980,37
5399,6299,19
5399,7517,52
5400,5502,2
5400,5595,4
5400,6215,17
5400,6261,18
5401,5702,6
5401,6301,19
5402,5504,2
5402,6446,23
5402,6638,28
5402,8628,80
5403,6523,25
5403,6677,29
5404,6114,15
5405,5845,9
5405,6526,25
5405,6715,30
5405,6982,37
5406,6527,25
5406,6861,34
5406,7014,38
5407,5798,8
5407,6118,15
5407,6120,15
5408,7454,50
5409,5705,6
5409,6167,16
5410,5607,4
5410,6528,25
5411,6832,33
5412,5557,3
5412,6070,14
5412,6305,19
5412,6373,21
5413,5609,4
5413,5799,8
5413,5940,11
5414,5802,8
5414,6572,26
5415,5802,8
5415,6491,24
5416,6223,17
5417,6946,36
5418,6420,22
5418,6800,32
5418,6837,33
5419,5993,12
5420,5566,3
5420,5716,6
5421,5473,1
5421,5671,5
5422,6136,15
5422,6309,19
5423,6310,19
5423,6424,22
5424,5763,7
5424,6180,16
5425,5475,1
5425,5859,9
5425,5901,10
5425,6181,16
5426,5624,4
5426,6773,31
5427,5520,2
5427,6037,13
5428,6002,12
5429,6229,17
5429,6385,21
5430,5726,6
5430,6428,22
5430,6429,22
5431,6143,15
5432,5583,3
5433,5635,4
5434,5490,1
5434,6050,13
5434,6051,13
5434,6742,30
5435,5642,4
5435,6285,18
5436,5826,8
5436,6242,17
5437,5491,1
5437,5734,6
5437,5880,9
5438,6097,14
5439,5688,5
5439,6362,20
5440,5540,2
5440,5918,10
5440,6665,28
5441,5782,7
5443,5647,4
5444,9089,92
5445,5588,3
5445,5740,6
5445,5924,10
5445,6704,29
5446,5547,2
5446,5650,4
5446,5887,9
5447,5589,3
5447,6018,12
5448,5590,3
5448,6477,23
5449,5657,4
5449,6256,17
5450,5745,6
5450,7184,42
5451,5695,5
5451,5838,8
5451,6259,17
5451,6443,22
5452,5658,4
5452,5696,5
5452,6063,13
5453,7119,40
5454,8541,77
5455,6216,16
5455,6332,19
5455,6677,28
5455,7367,46
5456,6163,15
5456,6795,31
5457,5844,8
5457,6449,22
5458,6483,23
5458,6639,27
5459,5602,3
5459,7234,43
5459,8156,68
5460,5505,1
5460,6165,15
5460,7190,42
5461,5751,6
5461,5936,10
5461,6067,13
5461,7190,42
5462,5804,7
5464,6270,17
5465,5562,2
5466,5562,2
5466,5615,3
5467,5565,2
5467,6377,20
5468,5617,3
5468,5713,5
5469,5714,5
5469,5993,11
5469,6275,17
5470,5856,8
5470,6909,34
5471,6423,21
5471,6577,25
5472,5516,1
5472,5618,3
5472,5619,3
5472,5718,5
5472,5761,6
5472,5764,6
5472,5808,7
5472,5858,8
5472,5899,9
5472,5946,10
5472,6035,12
5473,5717,5
5473,6379,20
5474,6184,15
5475,5518,1
5475,6138,14
5477,5623,3
5477,5860,8
5477,6228,16
5478,5574,2
5479,6039,12
5479,6187,15
5480,5523,1
5480,5628,3
5481,5581,2
5481,5951,10
5482,6143,14
5483,6041,12
5483,6042,12
5483,6194,15
5484,5909,9
5484,6281,17
5485,5776,6
5486,5776,6
5487,5731,5
5487,5878,8
5487,6741,29
5487,6926,34
5488,5880,8
5488,6241,16
5488,6358,19
5488,6744,29
5489,5878,8
5489,6548,24
5489,6926,34
5490,6200,15
5491,6324,18
5492,5535,1
5492,6097,13
5492,6782,30
5493,5646,3
5493,6630,26
5494,5917,9
5495,5920,9
5495,6935,34
5496,5784,6
5496,6203,15
5496,6398,20
5497,6474,22
5498,5922,9
5498,5968,10
5498,8187,68
5499,6249,16
5499,6250,16
5500,8102,66
5501,5933,9
5501,6260,16
5501,7951,62
5502,6021,11
5502,6330,18
5503,6794,30
5504,7189,41
5505,5601,2
5505,6263,16
5505,7231,42
5506,6610,25
5506,7452,48
5507,6117,13
5507,7236,42
5507,7993,63
5508,6641,26
5509,6265,16
5510,5800,6
5511,6127,13
5511,6725,28
5512,5563,1
5512,6724,28
5513,5716,4
5513,5759,5
5514,5567,1
5515,5568,1
5515,5856,7
5516,5764,5
5516,5858,7
5516,7165,40
5517,6079,12
5517,7431,47
5518,5859,7
5519,5676,3
5519,5861,7
5519,6279,16
5519,6617,25
5520,5815,6
5520,6313,17
5521,6347,18
5522,5629,2
5523,5628,2
5523,5725,4
5524,6145,13
5525,5725,4
5525,5769,5
5526,6145,13
5527,5955,9
5527,6318,17
5527,6386,19
5528,5636,2
5528,6040,11
5528,6087,12
5529,5953,9
5529,6087,12
5529,6089,12
5530,5637,2
5530,5682,3
5530,6147,13
5531,5777,5
5531,6621,25
5532,5730,4
5532,6239,15
5533,5913,8
5535,6627,25
5537,6013,10
5537,6014,10
5537,6628,25
5538,5738,4
5538,5916,8
5540,5689,3
5540,6397,19
5540,6436,20
5541,5828,6
5541,6153,13
5542,6820,30
5543,5830,6
5543,6155,13
5543,7109,38
5544,6155,13
5546,6107,12
5546,6475,21
5547,5927,8
5548,6059,11
5548,6157,13
5549,5654,2
5549,6975,34
5550,5931,8
5550,6256,15
5551,5746,4
5551,5838,6
5551,5890,7
5551,5932,8
5551,6257,15
5551,6790,29
5552,5890,7
5552,6159,13
5553,5592,1
5553,5747,4
5553,6020,10
5554,6980,34
5554,7274,42
5555,6521,22
5555,7224,41
5556,6679,26
5557,6373,18
5558,6374,18
5559,6488,21
5559,6720,27
5560,6071,11
5561,5852,6
5561,7196,40
5561,7241,41
5562,5805,5
5563,6498,21
5564,5995,9
5564,6176,13
5565,5670,2
5565,6533,22
5565,6727,27
5566,5671,2
5566,5855,6
5567,5809,5
5568,6461,20
5568,6500,21
5569,5810,5
5569,5859,6
5569,6036,10
5569,6181,13
5570,5811,5
5570,6182,13
5571,5621,1
5571,5719,3
5571,6649,25
5571,6870,31
5572,6462,20
5573,5624,1
5573,5997,9
5574,6773,28
5575,5628,1
5575,5766,4
5576,5626,1
5576,5629,1
5576,6280,15
5577,5722,3
5578,6002,9
5578,6039,10
5578,6187,13
5579,5681,2
5579,5818,5
5579,6231,14
5580,5633,1
5580,5726,3
5581,5770,4
5581,6142,12
5581,6232,14
5583,5865,6
5585,5783,4
5585,6557,22
5585,7181,39
5586,5921,7
5586,6103,11
5587,6400,18
5587,7112,37
5588,6016,9
5588,6824,29
5588,6889,31
5589,5742,3
5589,5835,5
5589,5888,6
5589,5975,8
5590,5928,7
5590,6253,14
5591,5653,1
5591,5657,1
5591,5976,8
5591,7813,56
5593,5791,4
5593,7316,42
5595,6675,25
5595,7362,43
5596,6331,16
5596,6445,19
5597,6112,11
5597,6262,14
5598,6448,19
5598,6859,30
5599,6217,13
5599,6448,19
5600,6022,9
5600,6607,23
5601,6334,16
5601,7230,40
5601,7853,57
5602,6023,9
5602,6219,13
5602,8195,66
5603,6450,19
5603,7991,61
5604,6525,21
5604,7234,40
5605,5845,5
5605,6119,11
5605,6982,33
5605,7426,45
5606,6119,11
5606,7052,35
5607,6373,17
5608,6796,28
5609,5664,1
5610,6028,9
5610,6374,17
5610,6571,22
5612,7053,35
5612,7237,40
5613,6270,14
5614,6224,13
5615,5713,2
5615,5805,4
5616,6134,11
5616,6176,12
5617,5759,3
5617,5854,5
5618,5761,3
5618,6769,27
5618,6867,30
5619,5761,3
5619,5857,5
5620,6381,17
5620,6770,27
5621,5718,2
5621,5946,7
5621,6911,31
5622,6183,12
5623,6184,12
5623,6228,13
5624,5999,8
5624,6382,17
5625,5675,1
5625,5721,2
5625,5766,3
5626,5677,1
5626,5678,1
5627,5723,2
5627,5768,3
5627,5862,5
5627,6003,8
5628,5817,4
5629,5951,7
5629,6315,15
5630,6143,11
5630,6806,28
5631,5681,1
5631,6004,8
5632,5953,7
5632,6085,10
5634,5770,3
5636,5772,3
5638,5957,7
5639,6466,19
5639,7296,41
5641,5684,1
5641,7343,42
5642,5686,1
5643,6052,9
5643,6395,17
5644,5738,2
5644,6202,12
5646,6015,8
5646,6591,22
5646,7347,42
5647,5922,6
5648,6246,13
5650,5691,1
5650,5743,2
5650,5973,7
5651,5743,2
5651,5928,6
5652,5977,7
5652,6295,14
5653,5978,7
5653,6598,22
5653,7078,35
5653,7357,42
5654,5889,5
5654,7558,48
5655,5787,3
5655,6599,22
5656,6157,11
5656,7079,35
5657,7311,41
5658,6258,13
5658,6856,29
5659,6637,23
5659,7517,47
5660,5702,1
5660,6301,14
5660,6675,24
5661,6115,10
5661,7567,48
5661,7956,59
5662,6903,30
5662,7279,40
5663,5752,2
5663,6374,16
5663,6611,22
5664,5940,6
5665,5756,2
5665,7238,39
5665,7395,43
5666,6489,19
5667,5989,7
5667,6721,25
5669,5715,1
5670,6226,12
5671,5717,1
5671,6034,8
5672,6276,13
5672,7022,33
5673,6138,10
5674,6228,12
5674,6651,23
5675,5721,1
5675,5815,3
5675,6185,11
5675,6312,14
5675,6539,20
5676,6618,22
5677,6280,13
5679,6383,16
5679,6428,17
5680,5723,1
5680,5724,1
5680,5727,1
5680,5767,2
5680,5819,3
5680,5864,4
5680,5949,6
5680,5954,6
5680,6144,10
5680,6230,12
5681,6231,12
5682,6089,9
5682,6543,20
5683,6010,7
5683,6658,23
5683,7138,36
5684,7343,41
5686,6285,13
5687,5732,1
5687,6240,12
5687,6284,13
5687,6550,20
5688,5881,4
5688,5965,6
5688,7214,38
5689,6152,10
5689,7634,49
5690,5883,4
5690,6512,19
5690,7806,54
5691,5833,3
5691,5887,4
5691,6328,14
5692,5929,5
5692,6366,15
5693,5975,6
5693,6059,8
5694,5836,3
5694,6061,8
5694,7356,41
5694,7946,58
5695,5838,3
5695,5890,4
5695,6159,10
5696,6258,12
5696,6604,21
5697,5747,1
5697,5840,3
5697,6020,7
5697,7150,36
5698,6111,9
5698,6606,21
5699,5892,4
5699,6407,16
5699,7602,48
5700,5935,5
5700,6406,16
5700,6793,26
5701,6445,17
5701,6676,23
5703,5986,6
5703,7050,33
5703,7318,40
5704,6068,8
5705,6567,20
5705,7193,37
5706,6832,27
5706,6905,29
5707,6492,18
5707,8160,63
5708,5804,2
5708,6266,12
5708,6945,30
5709,6267,12
5709,6642,22
5710,5757,1
5710,7321,40
5711,6031,7
5711,6032,7
5712,6224,11
5712,6338,14
5712,6377,15
5713,5854,3
5713,5991,6
5714,5758,1
5714,5807,2
5714,6130,9
5716,5855,3
5716,5942,5
5717,6177,10
5717,6730,24
5718,5899,4
5718,6870,28
5719,5814,2
5719,6278,12
5719,8123,62
5720,5765,1
5720,6000,6
5720,6186,10
5720,6733,24
5721,5904,4
5721,6314,13
5723,5765,1
5723,5767,1
5723,6003,6
5723,6190,10
5724,6230,11
5724,6777,25
5725,5817,2
5725,5905,4
5726,6085,8
5727,5771,1
5727,5773,1
5727,5954,5
5727,5956,5
5727,6006,6
5728,5778,1
5728,5874,3
5728,6151,9
5728,6739,24
5729,5778,1
5730,6659,22
5731,5780,1
5731,6358,14
5731,6744,24
5732,6469,17
5732,7264,38
5733,5914,4
5733,5962,5
5733,6967,30
5735,6201,10
5735,6242,11
5737,5916,4
5737,7105,34
5738,5964,5
5738,6473,17
5739,6288,12
5739,6509,18
5739,8612,73
5740,6439,16
5740,7550,46
5741,5834,2
5741,5927,4
5741,6597,20
5742,5888,3
5742,5972,5
5742,6108,8
5743,6058,7
5744,6255,11
5744,6978,30
5745,6978,30
5745,7947,57
5746,6062,7
5746,6208,10
5746,7949,57
5747,5980,5
5748,5933,4
5748,6110,8
5749,9543,99
5750,5795,1
5750,5796,1
5750,6114,8
5751,6680,22
5752,6684,22
5753,6453,16
5753,6487,17
5753,7124,34
5754,6069,7
5754,7152,35
5755,5939,4
5755,6570,19
5756,6335,13
5757,7824,53
5758,6130,8
5759,5942,4
5759,5992,5
5760,6499,17
5760,6576,19
5760,6766,24
5760,7283,38
5761,5857,2
5762,6461,16
5762,6770,24
5763,5945,4
5763,6535,18
5764,5899,3
5764,6910,28
5765,5862,2
5765,6038,6
5766,5817,1
5766,5904,3
5767,5949,4
5767,6038,6
5768,5816,1
5768,6084,7
5768,6962,29
5769,5905,3
5769,6386,14
5770,6004,5
5770,6142,8
5771,5819,1
5771,5866,2
5772,6041,6
5772,6087,7
5773,5821,1
5773,5866,2
5773,5867,2
5773,6006,5
5773,6620,20
5773,6656,21
5774,5908,3
5774,6045,6
5774,6088,7
5774,6584,19
5775,6320,12
5776,5871,2
5776,6922,28
5776,7030,31
5777,6236,10
5778,6355,13
5779,6151,8
5779,6394,14
5779,6624,20
5779,6739,23
5780,6357,13
5780,6740,23
5780,6741,23
5781,6239,10
5781,6283,11
5782,5829,1
5783,7386,40
5784,5921,3
5784,6205,9
5784,6326,12
5785,5922,3
5785,6244,10
5786,6055,6
5787,5837,1
5788,6062,6
5788,6109,7
5788,6208,9
5789,5981,4
5789,6519,17
5789,6827,25
5789,7314,38
5790,6298,11
5790,7601,46
5791,5934,3
5791,7850,53
5792,6300,11
5792,7274,37
5793,5842,1
5793,6112,7
5793,6162,8
5794,6164,8
5794,6218,9
5794,7645,47
5795,6412,14
5796,6412,14
5797,6415,14
5797,6609,19
5797,6716,22
5797,7425,41
5797,8490,69
5798,5937,3
5799,6487,16
5799,6760,23
5799,6762,23
5800,5988,4
5800,6071,6
5800,6686,21
5801,6491,16
5802,5895,2
5803,6454,15
5803,7609,46
5804,6455,15
5805,5991,4
5806,6134,7
5806,6644,20
5807,6275,10
5807,6457,15
5807,6575,18
5808,6076,6
5808,6769,23
5808,6988,29
5809,5944,3
5809,6310,11
5810,6136,7
5810,6692,21
5811,5898,2
5811,6731,22
5812,6183,8
5812,6462,15
5812,6536,17
5813,5998,4
5813,6182,8
5813,6913,27
5814,5948,3
5814,6139,7
5814,7285,37
5815,6344,12
5816,5862,1
5816,6001,4
5816,6084,6
5817,5950,3
5818,5863,1
5818,6142,7
5819,6086,6
5819,6144,7
5820,6088,6
5820,6389,13
5820,6584,18
5820,6779,23
5820,7062,31
5821,5867,1
5821,5868,1
5821,5870,1
5821,6467,15
5822,5868,1
5822,5869,1
5822,5870,1
5822,6009,4
5822,6092,6
5823,5873,1
5823,6506,16
5823,6813,24
5823,7473,42
5824,6198,8
5824,6241,9
5824,6358,12
5824,6781,23
5825,6359,12
5825,6470,15
5825,6781,23
5826,6199,8
5826,6699,21
5827,6627,19
5828,6591,18
5828,6969,28
5830,6556,17
5830,7180,34
5831,6474,15
5831,7306,37
5831,7731,49
5832,5923,2
5832,6244,9
5832,7351,38
5833,5971,3
5833,5973,3
5833,6294,10
5834,6559,17
5834,7037,30
5835,5972,3
5835,6018,4
5835,6293,10
5836,6254,9
5836,6789,23
5836,7270,36
5837,6599,18
5838,6605,18
5838,6790,23
5838,7185,34
5839,6160,7
5839,6405,13
5839,6895,26
5839,7987,56
5840,7449,41
5840,8226,62
5841,5935,2
5841,6214,8
5841,6408,13
5841,6793,23
5842,6162,7
5842,6831,24
5843,6447,14
5843,6830,24
5844,6795,23
5844,7121,32
5845,7016,29
5846,6906,26
5846,7124,32
5846,7454,41
5847,5894,1
5847,6640,19
5847,7320,37
5848,6490,15
5848,6491,15
5848,7456,41
5849,6028,4
5849,6307,10
5850,6493,15
5850,7458,41
5851,6173,7
5851,6494,15
5852,6495,15
5852,7717,48
5853,6173,7
5853,6274,9
5853,6494,15
5853,6865,25
5853,7084,31
5853,7157,33
5854,5992,3
5854,6129,6
5855,6034,4
5855,6175,7
5856,6500,15
5857,5946,2
5857,6867,25
5857,6869,25
5857,7529,43
5858,6035,4
5858,7400,39
5859,6036,4
5860,6184,7
5861,6081,5
5862,6186,7
5863,6142,6
5863,6188,7
5863,6315,10
5864,5954,2
5864,6190,7
5866,6005,3
5866,6086,5
5867,5906,1
5867,6005,3
5868,5906,1
5868,5907,1
5869,5907,1
5869,6047,4
5869,6353,11
5870,6092,5
5870,6467,14
5871,6196,7
5871,7030,29
5872,5907,1
5872,5911,1
5872,6047,4
5873,6321,10
5873,6623,18
5873,8251,62
5874,6237,8
5874,6355,11
5874,6391,12
5875,6393,12
5875,6816,23
5875,6818,23
5875,6925,26
5876,6395,12
5876,6817,23
5877,5913,1
5877,6051,4
5877,6818,23
5878,6096,5
5878,6744,21
5879,6548,16
5880,6324,10
5881,6202,7
5881,7763,49
5882,6101,5
5882,6154,6
5882,6969,27
5883,6101,5
5883,6290,9
5883,7806,50
5884,6247,8
5884,6785,22
5884,6824,23
5884,7217,34
5885,6104,5
5885,6105,5
5885,7036,29
5886,6248,8
5886,7412,39
5886,7593,44
5887,5927,1
5887,6441,13
5888,6251,8
5888,6476,14
5889,7038,29
5891,6063,4
5891,6518,15
5892,8540,68
5892,8842,76
5893,6371,11
5893,7451,40
5894,6452,13
5895,6490,14
5895,6491,14
5895,6572,16
5896,6417,12
5896,6418,12
5897,6032,3
5897,6341,10
5898,6577,16
5898,6731,20
5899,6955,26
5899,7199,33
5899,7651,45
5900,6180,6
5900,6648,18
5901,6183,6
5901,6311,9
5902,6080,4
5902,6279,8
5902,6617,17
5902,7090,30
5903,6037,3
5903,6537,15
5903,6650,18
5903,6773,21
5904,5950,1
5904,6384,11
5905,5950,1
5905,6189,6
5906,6146,5
5906,6192,6
5907,5958,1
5907,6043,3
5907,6148,5
5907,6192,6
5907,6431,12
5908,6193,6
5908,6430,12
5908,7063,29
5910,5959,1
5910,6046,3
5910,6093,4
5910,6195,6
5910,7066,29
5910,7170,32
5911,5960,1
5911,6011,2
5911,6148,5
5911,6149,5
5911,6392,11
5911,6815,22
5912,6095,4
5912,6546,15
5913,6998,27
5913,7069,29
5914,6012,2
5914,6927,25
5915,6472,13
5915,6587,16
5916,6473,13
5916,7213,33
5917,7804,49
5918,6437,12
5918,7764,48
5919,6556,15
5920,6325,9
5920,6853,23
5921,6558,15
5923,6438,12
5923,7110,30
5923,8100,57
5924,6246,7
5924,6824,22
5925,6017,2
5925,6246,7
5926,5969,1
5926,6156,5
5926,7113,30
5926,7640,44
5927,6855,23
5928,6058,3
5928,6367,10
5929,6599,16
5929,6752,20
5930,6208,6
5930,6753,20
5931,6109,4
5931,6404,11
5931,6942,25
5932,6257,7
5933,7420,38
5934,5981,1
5934,5982,1
5935,6213,6
5935,6561,15
5936,6117,4
5936,6221,6
5937,6118,4
5937,6264,7
5938,6529,14
5938,6568,15
5938,6683,18
5938,6796,21
5939,6169,5
5940,6762,20
5941,6266,7
5941,8160,58
5942,6133,4
5942,6175,5
5943,5995,1
5943,6645,17
5943,7399,37
5944,6135,4
5944,6178,5
5944,6950,25
5945,6379,10
5945,6990,26
5946,7057,28
5947,6228,6
5947,6426,11
5947,6651,17
5948,6001,1
5948,6082,3
5948,6427,11
5949,6777,20
5949,7059,28
5950,6189,5
5951,6232,6
5952,6229,6
5952,6993,26
5953,6387,10
5953,6503,13
5954,6319,8
5954,6349,9
5954,6388,10
5955,6505,13
5956,6319,8
5956,7203,32
5957,6320,8
5958,6465,12
5958,6844,22
5959,6195,5
5959,6655,17
5959,6811,21
5960,6011,1
5960,6149,4
5960,6197,5
5960,6282,7
5960,7505,40
5961,6050,2
5961,6051,2
5961,6393,10
5961,6818,21
5962,6052,2
5962,6967,25
5963,6053,2
5963,6200,5
5963,6882,23
5964,6202,5
5964,6554,14
5964,6629,16
5965,6362,9
5965,7177,31
5965,7547,41
5966,6203,5
5966,6363,9
5966,6592,15
5966,7349,35
5967,7112,29
5967,7306,34
5968,6970,25
5968,7111,29
5969,7113,29
5969,7410,37
5970,6104,3
5970,7113,29
5971,6056,2
5971,6328,8
5971,6401,10
5972,6057,2
5972,6293,7
5973,6058,2
5973,6365,9
5974,6515,13
5974,6892,23
5974,6940,24
5975,6476,12
5975,6516,13
5976,7078,28
5976,7416,37
5977,6975,25
5977,7445,38
5977,7594,42
5978,6061,2
5978,6598,15
5978,7007,26
5979,6259,6
5979,6329,8
5979,6443,11
5979,7516,40
5980,6019,1
5980,6791,20
5980,7150,30
5981,7222,32
5981,7421,37
5982,7421,37
5983,6481,12
5983,7560,41
5984,6065,2
5985,6981,25
5985,7081,28
5986,7050,27
5986,7122,29
5986,7232,32
5988,6375,9
5988,7926,51
5989,6687,17
5989,6833,21
5990,6268,6
5990,7156,30
5991,6129,3
5992,6133,3
5992,6273,6
5993,6077,2
5993,6728,18
5994,6179,4
5994,6421,10
5994,6423,10
5995,6460,11
5995,6729,18
5996,6137,3
5996,7022,26
5997,6382,9
5997,6648,16
5998,6081,2
5998,6913,23
5999,6650,16
5999,6773,19
5999,6872,22
6000,6082,2
6000,6694,17
6000,6960,24
6001,6186,4
6001,6346,8
6002,6083,2
6003,6962,24
6003,7626,42
6004,6231,5
6005,6146,3
6005,6317,7
6006,7203,31
6006,7437,37
6007,6464,11
6007,6466,11
6007,6542,13
6007,6922,23
6008,6044,1
6008,6621,15
6009,6048,1
6009,6353,8
6009,8051,54
6010,6321,7
6010,6623,15
6010,7139,29
6011,6197,4
6011,6432,10
6011,6468,11
6011,6815,20
6012,6053,1
6012,7033,26
6013,6098,2
6013,6702,17
6013,6783,19
6014,6702,17
6015,6289,6
6015,6630,15
6015,7347,34
6016,6704,17
6016,6749,18
6016,7702,44
6017,6247,5
6017,6824,20
6018,6106,2
6018,6513,12
6019,6368,8
6019,6480,11
6021,6676,16
6021,6828,20
6022,6262,5
6022,7188,30
6023,6302,6
6023,7368,34
6024,7081,27
6024,7317,33
6025,6264,5
6025,7279,32
6026,6120,2
6026,6528,12
6026,6682,16
6027,6122,2
6027,6169,3
6027,6335,7
6027,7925,50
6028,6798,19
6028,7153,29
6029,7155,29
6030,6268,5
6030,7156,29
6030,8807,72
6031,6376,8
6031,6802,19
6032,6767,18
6032,6802,19
6033,6614,14
6033,6766,18
6033,7282,32
6033,7283,32
6034,6177,3
6034,6378,8
6035,6076,1
6035,7088,27
6037,6313,6
6037,6501,11
6038,6733,17
6038,7059,26
6039,6347,7
6039,6581,13
6040,6316,6
6040,6993,24
6041,6087,1
6041,6089,1
6042,6089,1
6042,6543,12
6042,6965,23
6043,6465,10
6043,7691,43
6044,6543,12
6044,6965,23
6045,6430,9
6045,6878,21
6045,7378,34
6046,6506,11
6046,6811,19
6046,7473,37
6047,6353,7
6047,6392,8
6048,6092,1
6048,6846,20
6048,7208,30
6049,6546,12
6049,6658,15
6050,6881,21
6050,7068,26
6052,6848,20
6053,7102,27
6054,6626,14
6055,6206,3
6055,6594,13
6056,6294,5
6056,6327,6
6056,6596,13
6057,6108,1
6057,6442,9
6057,6670,15
6058,6403,8
6059,6516,11
6059,6894,21
6060,6671,15
6060,6708,16
6060,6751,17
6060,6893,21
6061,7484,37
6061,7642,41
6062,6297,5
6062,8906,74
6063,6479,10
6063,6604,13
6064,6301,5
6064,6675,15
6064,6829,19
6064,7048,25
6065,6164,2
6065,7645,41
6066,6415,8
6066,6608,13
6066,6609,13
6066,7568,39
6067,6221,3
6067,7676,42
6067,9029,77
6068,6904,21
6069,6486,10
6069,6762,17
6070,6170,2
6072,6307,5
6072,7238,30
6072,7521,38
6073,6125,1
6073,6126,1
6073,6270,4
6075,6420,8
6075,7054,25
6075,7128,27
6075,7960,50
6076,6499,10
6076,6576,12
6077,6309,5
6077,6838,19
6078,6179,2
6078,6423,8
6078,6951,22
6078,7374,33
6079,6277,4
6079,7464,36
6080,6732,16
6080,6774,17
6080,6873,20
6081,6617,13
6082,6139,1
6082,6186,2
6083,6140,1
6083,6141,1
6083,6187,2
6083,6345,6
6084,6346,6
6084,7376,33
6084,7624,40
6084,7752,44
6085,6429,8
6085,6503,10
6086,6317,5
6086,6734,16
6087,6316,5
6087,6387,7
6088,6193,2
6088,6390,7
6088,6652,14
6090,6654,14
6090,6877,20
6090,7296,31
6091,6352,6
6091,6354,6
6091,6430,8
6091,6878,20
6091,7205,29
6091,7404,34
6092,7581,39
6093,6351,6
6093,6657,14
6093,7065,25
6094,6432,8
6094,6468,9
6094,6547,11
6094,7173,28
6095,6199,2
6095,6847,19
6097,6360,6
6097,7071,25
6098,6700,15
6098,6819,18
6098,7105,26
6099,6202,2
6099,6629,13
6099,6932,21
6099,7763,44
6100,7804,45
6101,6555,11
6103,6244,3
6103,6558,11
6104,6786,17
6105,7036,24
6105,7412,34
6106,7554,38
6106,7810,45
6107,6892,20
6108,6251,3
6108,6938,21
6109,6297,4
6110,6896,20
6110,7420,34
6111,6481,9
6111,7221,29
6111,7560,38
6112,6562,11
6112,6563,11
6113,6565,11
6113,8075,52
6115,6483,9
6115,8154,54
6115,8155,54
6116,7318,31
6116,7889,47
6117,6221,2
6118,6484,9
6118,7123,26
6119,7426,34
6120,6484,9
6120,6759,16
6121,6372,6
6121,6984,22
6121,7017,23
6121,8114,53
6122,6720,15
6122,7823,45
6123,6490,9
6123,6572,11
6123,6763,16
6123,7491,36
6124,6308,4
6124,6907,20
6127,6531,10
6127,6836,18
6128,6800,17
6128,8076,52
6129,6273,3
6130,6457,8
6131,6225,2
6131,6614,12
6131,7282,30
6131,7396,33
6132,6173,1
6132,6691,14
6132,6725,15
6133,6337,5
6133,6340,5
6134,6726,15
6134,7244,29
6135,6310,4
6135,6424,7
6135,6950,21
6136,6616,12
6137,6462,8
6137,7531,37
6139,6278,3
6139,6694,14
6140,6426,7
6140,6651,13
6140,6915,20
6141,6187,1
6141,6651,13
6142,6231,2
6142,6232,2
6143,6581,11
6144,6734,15
6144,7027,23
6146,6735,15
6146,7291,30
6147,6543,10
6148,6431,7
6148,7342,31
6149,7342,31
6149,7380,32
6150,6356,5
6150,6816,17
6150,6925,20
6150,7833,45
6152,6435,7
6152,6436,7
6152,6508,9
6153,6969,21
6154,6555,10
6154,6748,15
6154,7480,35
6155,6399,6
6155,7181,27
6156,6595,11
6156,6705,14
6156,7943,48
6157,6894,19
6157,7812,44
6158,6207,1
6158,6478,8
6158,7921,47
6159,6259,2
6160,6369,5
6160,6405,6
6160,7741,42
6161,7850,45
6162,6409,6
6162,6522,9
6162,6562,10
6162,7363,31
6163,6370,5
6163,7644,39
6165,6263,2
6165,7233,28
6165,9029,75
6166,6759,15
6167,6684,13
6167,7193,27
6168,6486,8
6168,6760,15
6168,6762,15
6168,7192,27
6169,6570,10
6170,6488,8
6170,7457,34
6171,6272,2
6171,6531,9
6171,6947,20
6172,6495,8
6172,7681,40
6173,6949,20
6174,6342,4
6174,6908,19
6174,6946,20
6175,6340,4
6175,6378,5
6176,6726,14
6176,6729,14
6177,6458,7
6177,6532,9
6178,6342,4
6178,7324,30
6179,6615,11
6179,6768,15
6180,6535,9
6180,6954,20
6181,6311,3
6181,6692,13
6182,6227,1
6182,6731,14
6183,6536,9
6185,6314,3
6185,6579,10
6185,6772,15
6188,6280,2
6189,6384,5
6189,6386,5
6189,6463,7
6189,6582,10
6190,6388,5
6190,7626,38
6191,6233,1
6191,6389,5
6191,6779,15
6191,7338,30
6192,6735,14
6192,7691,40
6193,6235,1
6193,6390,5
6194,6236,1
6194,6965,20
6195,6351,4
6195,7096,24
6196,6355,4
6196,6391,5
6196,7341,30
6197,6924,19
6197,7032,22
6198,6740,14
6198,7381,31
6198,7406,32
6199,6966,20
6200,6742,14
6201,6587,10
6201,6968,20
6203,6784,15
6204,6936,19
6204,7443,33
6205,6364,4
6205,6558,9
6205,6888,18
6206,7410,32
6207,6477,7
6207,8576,62
6208,6257,1
6209,6560,9
6209,8441,59
6210,6329,3
6210,6711,13
6210,7516,35
6211,6369,4
6211,6518,8
6211,7769,42
6212,7360,30
6212,7421,32
6212,7708,40
6213,6406,5
6213,7045,22
6213,7643,38
6214,6408,5
6214,6755,14
6214,6793,15
6215,6261,1
6215,6330,3
6215,6858,17
6216,7852,44
6216,8074,50
6216,9407,85
6217,6944,19
6217,7886,45
6218,7745,41
6219,7368,30
6219,7675,39
6219,10196,108
6220,6903,18
6220,6981,20
6220,7011,21
6221,7993,48
6222,6336,3
6222,6687,12
6222,7195,26
6222,7778,42
6224,6271,1
6225,6339,3
6225,6985,20
6225,8280,55
6226,6533,8
6226,6645,11
6226,6952,19
6227,6425,5
6227,6771,14
6227,6913,18
6229,6993,20
6229,7025,21
6230,7027,21
6230,7434,32
6232,6315,2
6233,6504,7
6233,6619,10
6233,7256,27
6234,6464,6
6234,6583,9
6234,7061,22
6234,7537,35
6235,6541,8
6235,6995,20
6235,7063,22
6236,6621,10
6237,6739,13
6237,7206,26
6237,7300,28
6238,6392,4
6238,6815,15
6238,7439,32
6238,7760,41
6239,6659,11
6239,6997,20
6240,6287,1
6240,6470,6
6240,7101,23
6241,6324,2
6241,6359,3
6242,6699,12
6242,6968,19
6243,7345,29
6243,7634,37
6244,7110,23
6245,6439,5
6246,6824,15
6247,7077,22
6247,7268,27
6248,6669,11
6248,7114,23
6248,8349,56
6249,6559,8
6249,7669,38
6249,8690,64
6250,7354,29
6250,7669,38
6251,7182,25
6251,7557,35
6252,6295,1
6252,6514,7
6252,7416,31
6253,6367,3
6253,6477,6
6253,8222,53
6254,6671,11
6254,6708,12
6254,6977,19
6255,7079,22
6255,8069,49
6256,6404,4
6256,7311,28
6257,6753,13
6258,6709,12
6259,7041,21
6260,8386,57
6261,7009,20
6261,7362,29
6262,6563,8
6262,7487,33
6263,6413,4
6263,7230,26
6264,7123,23
6265,6863,16
6266,7154,24
6266,8160,51
6267,6722,12
6267,6723,12
6269,6417,4
6269,6907,17
6271,6338,2
6271,6799,14
6272,6765,13
6272,6986,19
6273,6337,2
6274,6497,6
6274,7018,20
6274,7245,26
6275,6728,12
6275,6866,16
6276,6381,3
6276,7022,20
6276,7056,21
6276,7089,22
6276,7163,24
6277,6424,4
6277,7429,31
6278,6649,10
6278,7466,32
6279,6618,9
6279,6774,13
6280,6315,1
6281,7296,27
6282,6924,17
6282,7505,33
6282,7541,34
6283,6817,14
6283,6997,19
6284,7101,22
6284,7263,26
6284,7264,26
6286,6586,8
6286,6625,9
6286,6660,10
6286,8136,50
6287,6323,1
6287,6550,7
6287,6782,13
6288,6886,16
6288,7001,19
6289,6510,6
6289,6852,15
6289,7805,41
6290,6555,7
6290,6887,16
6290,7636,36
6290,8060,48
6290,8614,61
6291,6666,10
6291,6935,17
6292,6823,14
6292,6936,17
6292,7549,34
6293,6442,4
6293,6513,6
6293,6825,14
6293,7309,27
6294,6365,2
6294,7555,34
6295,7445,31
6295,7556,34
6296,6600,8
6296,6708,11
6296,6893,16
6296,7220,25
6297,6942,17
6297,7447,31
6298,6606,8
6298,8024,47
6299,8317,54
6299,9348,81
6300,6794,13
6300,8029,47
6301,6637,9
6302,6410,3
6303,6414,3
6304,7567,34
6305,6832,14
6306,7053,20
6307,7153,23
6307,7995,46
6308,7321,27
6309,6616,8
6309,7198,24
6311,6536,6
6311,6692,10
6312,6343,1
6312,6539,6
6312,6772,12
6313,6344,1
6313,6693,10
6314,6384,2
6314,6502,5
6316,6387,2
6316,7253,25
6317,7291,26
6317,7336,27
6318,6348,1
6318,6505,5
6318,7339,27
6319,6809,13
6319,6919,16
6321,7138,22
6321,8827,66
6322,6547,6
6322,6625,8
6322,7173,23
6322,8136,49
6323,6470,4
6323,6627,8
6325,6592,7
6325,7839,41
6326,6398,2
6326,6888,15
6326,7147,22
6327,6401,2
6327,6440,3
6327,6596,7
6327,6891,15
6327,7444,30
6328,6441,3
6328,6973,17
6329,6517,5
6329,7041,19
6330,6828,13
6330,7047,19
6331,6830,13
6331,7225,24
6332,7852,41
6333,6564,6
6333,6901,15
6333,7151,22
6333,9204,76
6334,7710,37
6334,8392,55
6334,8547,58
6335,6570,6
6335,7395,28
6336,6834,13
6336,7155,22
6337,6496,4
6338,7160,22
6338,7716,37
6339,6497,4
6339,7323,26
6339,7997,45
6340,6496,4
6340,6574,6
6341,6767,11
6341,6909,15
6342,7428,29
6343,6804,12
6343,7131,21
6343,7533,32
6344,6539,5
6344,6958,16
6345,6915,15
6345,7467,30
6346,6427,2
6346,6840,13
6347,6806,12
6348,6386,1
6348,6582,6
6348,7377,27
6349,6388,1
6349,6919,15
6349,7255,24
6350,6655,8
6350,6811,12
6350,6845,13
6350,7435,29
6351,6585,6
6351,7258,24
6352,6878,14
6352,8132,48
6353,7475,30
6354,6814,12
6354,7100,20
6356,7031,18
6356,7761,38
6356,7933,43
6357,6624,7
6357,7067,19
6357,7759,38
6358,6740,10
6359,6781,11
6360,6745,10
6361,6434,2
6361,7000,17
6362,7345,26
6363,6784,11
6363,6821,12
6363,6822,12
6364,6438,2
6364,7110,20
6364,8186,49
6365,6403,1
6365,8798,64
6366,6752,10
6366,6940,15
6367,6403,1
6367,8103,47
6368,6856,13
6368,7118,20
6369,6895,14
6370,6831,12
6370,7885,41
6371,6565,5
6371,8153,48
6372,6906,14
6372,7082,19
6372,7454,29
6372,7646,34
6372,8114,47
6373,6528,4
6373,6832,12
6373,6905,14
6374,6416,1
6375,8397,54
6376,6835,12
6376,7522,31
6377,6727,9
6377,7160,21
6378,6532,4
6378,6574,5
6379,6730,9
6379,7526,31
6380,6536,4
6380,6578,5
6380,6692,8
6380,7130,20
6381,7686,35
6382,6872,13
6382,6956,15
6383,6618,6
6383,7289,24
6384,6580,5
6385,6992,16
6385,7025,17
6387,6876,13
6388,6778,10
6389,7062,18
6389,7256,23
6390,6541,4
6390,6918,14
6391,7169,21
6391,7206,22
6392,7475,29
6393,6816,11
6393,7068,18
6394,6741,9
6394,6926,14
6395,6848,12
6395,7382,26
6396,6437,1
6396,6703,8
6396,8527,56
6397,6436,1
6397,6665,7
6397,7384,26
6397,7409,27
6397,7698,35
6398,6667,7
6398,6784,10
6398,7147,20
6398,7442,28
6399,7443,28
6399,7512,30
6400,6439,1
6400,7550,31
6401,6937,14
6401,6973,15
6402,7810,38
6402,8102,46
6403,7115,19
6404,6601,5
6404,7391,26
6405,6444,1
6405,8538,56
6406,7816,38
6406,8270,50
6407,6636,6
6407,6792,10
6408,6520,3
6408,6561,4
6408,6673,7
6408,6712,8
6409,6522,3
6409,6713,8
6409,7187,21
6410,6566,4
6410,7368,25
6410,8109,46
6411,6757,9
6411,6901,13
6411,7853,39
6413,6902,13
6413,7233,22
6413,8913,66
6414,6679,7
6415,7606,32
6415,8490,55
6416,6571,4
6416,6611,5
6416,7455,28
6417,7714,35
6418,7714,35
6419,6644,6
6419,8664,59
6420,7720,35
6420,8585,57
6421,6498,2
6421,6768,9
6422,6459,1
6422,7054,17
6422,7128,19
6422,8040,44
6423,7284,23
6424,7164,20
6425,6731,8
6425,6803,10
6425,7327,24
6426,6991,15
6426,7330,24
6427,7250,22
6427,7285,23
6428,6540,3
6428,7289,23
6429,6540,3
6429,6875,12
6430,7259,22
6431,6844,11
6431,7907,40
6432,7032,16
6432,9004,68
6433,6700,7
6433,6819,10
6433,7072,17
6433,7074,17
6435,6934,13
6435,7303,23
6435,7697,34
6436,7697,34
6437,8792,62
6438,7548,30
6438,8019,43
6440,6891,12
6440,6937,13
6440,7005,15
6441,6855,11
6441,7308,23
6442,6632,5
6442,6854,11
6443,6635,5
6443,7185,20
6444,7672,33
6444,7987,42
6444,8538,55
6445,7225,21
6445,7275,22
6446,6482,1
6446,6794,9
6447,6859,11
6447,7364,24
6448,7486,28
6448,7886,39
6449,7121,18
6449,7317,23
6450,6757,8
6450,9064,69
6451,6527,2
6451,6861,11
6451,7958,41
6451,8159,46
6452,6640,5
6452,6904,12
6454,7281,22
6454,7370,24
6455,6945,13
6455,7370,24
6456,6613,4
6456,7322,23
6457,6690,6
6458,6730,7
6458,7086,17
6458,7684,33
6459,6868,11
6459,7129,18
6459,7571,30
6460,6989,14
6460,7399,25
6460,7528,29
6461,7020,15
6461,7197,20
6462,7249,21
6463,6580,3
6463,6582,3
6463,6805,9
6464,6542,2
6464,6877,11
6465,7137,18
6465,8889,64
6466,6877,11
6466,6922,12
6466,7296,22
6467,6656,5
6467,7581,30
6468,6815,9
6468,7439,26
6469,7914,39
6469,8094,44
6470,7383,24
6471,6551,2
6471,6586,3
6471,6660,5
6471,7301,22
6472,6553,2
6472,7073,16
6473,6554,2
6473,7662,32
6474,8434,52
6475,6826,9
6475,6892,11
6476,7557,29
6476,7595,30
6477,8104,44
6478,6633,4
6478,7848,37
6479,6518,1
6479,7358,23
6479,7418,25
6480,6710,6
6480,6791,8
6480,7118,17
6482,6638,4
6482,7365,23
6482,8274,48
6483,7565,29
6484,6717,6
6484,6983,13
6485,7016,14
6485,7519,28
6485,8158,45
6486,7152,18
6486,7891,38
6487,6569,2
6488,7994,41
6489,6719,6
6489,6763,7
6490,7456,26
6492,8397,51
6492,8806,61
6493,7322,22
6494,7157,18
6495,8947,65
6496,6764,7
6497,7240,20
6497,7613,30
6498,6724,6
6498,7159,18
6499,6988,13
6499,7372,23
6500,6909,11
6500,7197,19
6501,6537,1
6501,6693,5
6501,6871,10
6502,6579,2
6502,6580,2
6502,6841,9
6503,6875,10
6503,6876,10
6504,6963,12
6504,7335,22
6504,7338,22
6505,6654,4
6506,7066,15
6506,7209,19
6507,6553,1
6507,6628,3
6507,8564,54
6508,6933,11
6508,7303,21
6508,7634,30
6509,6590,2
6509,8058,42
6510,6590,2
6510,6630,3
6511,6887,10
6511,7510,27
6511,7978,40
6511,9494,80
6512,6820,8
6513,7554,28
6513,7945,39
6514,6939,11
6514,7556,28
6514,9054,67
6515,7038,14
6515,7414,24
6515,7415,24
6516,7595,29
6516,7736,33
6518,8980,65
6519,7421,24
6519,7708,32
6519,7815,35
6520,6673,4
6520,6755,6
6520,6900,10
6521,6674,4
6521,9909,92
6522,6899,10
6522,6943,11
6523,7745,33
6523,8275,47
6524,6608,2
6524,7049,14
6524,7566,28
6524,7887,37
6525,7235,19
6525,8112,43
6526,7016,13
6526,7712,32
6527,6904,10
6528,6905,10
6529,7647,30
6529,7713,32
6530,7456,25
6530,7713,32
6531,7492,26
6532,6801,7
6532,7086,15
6533,6646,3
6533,8407,50
6534,7089,15
6534,7163,17
6534,7619,29
6534,7858,36
6535,6990,12
6535,7572,28
6536,7130,16
6536,7249,19
6537,6650,3
6537,6957,11
6538,6694,4
6538,6960,11
6538,7401,23
6538,7532,27
6539,7533,27
6540,6776,6
6540,7132,16
6541,6695,4
6541,6808,7
6541,6964,11
6541,6995,12
6542,6736,5
6542,6737,5
6542,7061,14
6542,7797,34
6544,7343,21
6544,8132,43
6545,6738,5
6545,7031,13
6545,7933,38
6545,8013,40
6546,6847,8
6546,7172,17
6547,7140,16
6547,9004,65
6548,6926,10
6549,6626,2
6549,8094,42
6550,7071,14
6551,7695,31
6551,7729,32
6551,7869,36
6552,6588,1
6552,6662,3
6552,7695,31
6552,7869,36
6552,8645,55
6553,7582,28
6554,6663,3
6554,7915,37
6555,8060,41
6556,7180,17
6557,7386,22
6557,7512,26
6557,7666,30
6558,7110,15
6559,7768,33
6560,6602,1
6560,7312,20
6561,6857,8
6561,7045,13
6562,6943,10
6562,7010,12
6563,7010,12
6563,7227,18
6564,7366,21
6564,7955,38
6564,9478,78
6565,9620,82
6566,7645,29
6566,8769,58
6567,7280,19
6567,8356,48
6568,7490,25
6568,7647,29
6568,7775,33
6569,6760,5
6569,6906,9
6569,7124,15
6571,6798,6
6571,7679,30
6573,6948,10
6573,6986,11
6573,7019,12
6574,6764,5
6574,6801,6
6575,6690,3
6575,6866,8
6575,7781,33
6576,7088,14
6576,7826,34
6577,7284,19
6578,6647,2
6578,6953,10
6578,7496,25
6579,6914,9
6579,7091,14
6580,6775,5
6581,6806,6
6582,7028,12
6583,6653,2
6583,6917,9
6583,8638,54
6584,7378,21
6584,7579,27
6585,7065,13
6585,7258,18
6585,7298,19
6586,7440,23
6586,8304,46
6587,7073,13
6587,7441,23
6588,6662,2
6588,6701,3
6588,6929,9
6589,6883,8
6589,7696,30
6589,7936,37
6589,8896,61
6590,6852,7
6591,7480,24
6592,7108,14
6593,7351,20
6593,8187,43
6593,9268,71
6594,7410,22
6594,7980,38
6595,6707,3
6595,6971,10
6595,8758,57
6596,7555,26
6596,8943,62
6597,6855,7
6597,7037,12
6597,7413,22
6598,7483,24
6598,7642,28
6599,6976,10
6600,6672,2
6600,7039,12
6600,7040,12
6600,7220,17
6600,8068,40
6601,7183,16
6601,7311,19
6601,7737,31
6602,7184,16
6602,8762,57
6603,6942,9
6603,7391,21
6603,7447,23
6603,9056,65
6604,6633,1
6604,7418,22
6605,6790,5
6605,7814,33
6605,8979,63
6606,7221,17
6606,8537,51
6607,7188,16
6607,7451,23
6608,7606,27
6608,7990,38
6609,7992,38
6609,8393,48
6610,7677,29
6611,6684,2
6611,8115,41
6612,6864,7
6612,7777,32
6612,9208,69
6613,7458,23
6614,7397,21
6614,7825,33
6615,6951,9
6615,7325,19
6615,7493,24
6616,6647,1
6616,6692,2
6617,6913,8
6618,7058,12
6619,6807,5
6619,6963,9
6619,8087,40
6620,6780,4
6620,7437,22
6621,6965,9
6622,6879,7
6622,7138,14
6622,8299,45
6623,6813,5
6623,7629,27
6624,6698,2
6624,6741,3
6625,7070,12
6625,7140,14
6626,6743,3
6627,6782,4
6628,6783,4
6628,8517,50
6629,6663,1
6629,6883,7
6631,7006,10
6631,7919,35
6631,8147,41
6631,9369,73
6632,6670,1
6632,7310,18
6632,8624,52
6633,7598,26
6634,6709,2
6634,7948,36
6635,7043,11
6635,7516,24
6635,7671,28
6636,7361,19
6636,8071,39
6637,6829,5
6638,8152,41
6638,8581,51
6639,6678,1
6639,7565,25
6639,8768,56
6640,7822,32
6640,7958,36
6641,7280,17
6642,6723,2
6642,7610,26
6643,7239,16
6643,8199,42
6644,7244,16
6644,8036,38
6645,7618,26
6646,6727,2
6646,7162,14
6646,8079,39
6647,6692,1
6647,7198,15
6648,6954,8
6648,6956,8
6649,6911,7
6649,8122,40
6650,7166,14
6652,6779,3
6652,6918,7
6652,7536,24
6653,7061,11
6653,7402,20
6653,7653,27
6654,7339,18
6654,7537,24
6655,7096,12
6655,7294,17
6656,6780,3
6656,9251,69
6657,6812,4
6657,7170,14
6657,7692,28
6658,7139,13
6658,7172,14
6659,6814,4
6659,7438,21
6660,7070,11
6660,7729,29
6661,7072,11
6661,7074,11
6661,7141,13
6661,7507,23
6662,6746,2
6662,6928,7
6662,7143,13
6662,7870,33
6662,9006,62
6663,7266,16
6663,7508,23
6664,6884,6
6664,7178,14
6664,7346,18
6664,7586,25
6665,7764,30
6665,8143,40
6666,6820,4
6666,7179,14
6667,7638,26
6667,7700,28
6667,8144,40
6668,6785,3
6668,7148,13
6668,7217,15
6668,7940,35
6669,6974,8
6669,7006,9
6669,8147,40
6670,6938,7
6670,8692,53
6671,6789,3
6671,8483,48
6672,7117,12
6672,7597,25
6672,7705,28
6673,6712,1
6673,6713,1
6673,6898,6
6673,6900,6
6673,7046,10
6673,7187,14
6674,7743,29
6674,8626,51
6674,8736,54
6675,6756,2
6676,7275,16
6676,7674,27
6677,8275,43
6678,7228,15
6680,7190,14
6681,7015,9
6681,7569,24
6681,9653,80
6682,6759,2
6682,6905,6
6683,7394,19
6683,7775,30
6683,8663,52
6684,7892,33
6685,6719,1
6685,6763,2
6685,7491,22
6685,7520,23
6686,7457,21
6686,7926,34
6687,6864,5
6688,6722,1
6688,6723,1
6688,7927,34
6688,8879,58
6689,7019,9
6689,7243,15
6689,7648,26
6690,7715,28
6691,6949,7
6691,7087,11
6691,7614,25
6693,6958,7
6693,7329,17
6694,7466,21
6695,6994,8
6695,7136,12
6695,7627,25
6696,7206,14
6696,7300,16
6696,7474,21
6696,8250,42
6697,7171,13
6697,7262,15
6697,7657,26
6697,7658,26
6698,6739,1
6698,7300,16
6698,7759,29
6699,6966,7
6699,8211,41
6700,6783,2
6700,7542,23
6701,6849,4
6701,6850,4
6701,7143,12
6702,7105,11
6703,6886,5
6703,7938,34
6704,7550,23
6704,8145,39
6705,6971,7
6705,7218,14
6705,7640,25
6706,6890,5
6706,7942,34
6706,8654,51
6706,8839,56
6707,6890,5
6707,7551,23
6707,7552,23
6708,7515,22
6709,6856,4
6709,8799,55
6710,7042,9
6710,7950,34
6710,8225,41
6711,7119,11
6711,8023,36
6712,6857,4
6712,7120,11
6713,6898,5
6713,6899,5
6714,7050,9
6714,7232,14
6714,7957,34
6714,8157,39
6715,7425,19
6715,7854,31
6716,7712,27
6716,7992,35
6717,6759,1
6717,6860,4
6718,6984,7
6718,7017,8
6718,7488,21
6718,7772,29
6719,7194,13
6720,7994,35
6720,8491,47
6721,6833,3
6722,8033,36
6722,8847,56
6723,8034,36
6724,7612,24
6725,6836,3
6725,7614,24
6726,7461,20
6726,7721,27
6727,7247,14
6728,6838,3
6728,7494,21
6729,6989,7
6729,7461,20
6730,7929,33
6731,7284,15
6731,7327,16
6732,6839,3
6732,6874,4
6732,7465,20
6733,6960,6
6733,7167,12
6734,7336,16
6734,8595,49
6735,7691,26
6735,8464,46
6736,7340,16
6736,7797,29
6736,8888,57
6737,6922,5
6737,7029,8
6737,7030,8
6738,6996,7
6738,8715,52
6738,8927,58
6740,7067,9
6742,6881,4
6742,6882,4
6743,6998,7
6743,7913,32
6743,8094,37
6745,7071,9
6746,6928,5
6746,7075,9
6746,7803,29
6747,7106,10
6747,7384,17
6747,7698,26
6747,7977,34
6748,7304,15
6748,7347,16
6748,8060,36
6749,6889,4
6749,7874,31
6749,7939,33
6750,6891,4
6750,7005,7
6750,7444,19
6750,8622,49
6751,7219,13
6751,7269,14
6751,8483,46
6752,6788,1
6752,6976,6
6754,7313,15
6754,7359,16
6754,7672,25
6754,9202,65
6755,7605,23
6755,8028,35
6756,7048,8
6756,7362,16
6756,8027,35
6757,7276,14
6757,10447,101
6758,7235,13
6758,7452,19
6758,8112,37
6760,7082,9
6761,7369,16
6761,8197,39
6761,9241,66
6764,7125,10
6765,6947,5
6765,7649,24
6765,7779,28
6766,7372,16
6766,7397,17
6767,7524,21
6767,7783,28
6768,7159,11
6768,7493,20
6769,8667,50
6769,8985,59
6770,7020,7
6770,7686,25
6771,6803,1
6771,7328,15
6771,7620,23
6772,6914,4
6772,7131,10
6774,6839,2
6774,7058,8
6775,6805,1
6775,6841,2
6775,7024,7
6776,6875,3
6776,6961,5
6776,7288,14
6777,7059,8
6777,7434,18
6778,7255,13
6778,7292,14
6778,7626,23
6779,9146,63
6780,8092,36
6780,8510,46
6781,7381,16
6781,7383,16
6781,7660,24
6782,7071,8
6783,7972,33
6784,7442,18
6785,6824,1
6785,6889,3
6786,7036,7
6786,7113,9
6786,7981,33
6787,7036,7
6787,7412,17
6787,7944,32
6787,7981,33
6788,6940,4
6788,7038,7
6789,7946,32
6789,8483,45
6790,7949,32
6791,8225,39
6791,9579,75
6792,7602,22
6792,7988,33
6792,8071,35
6793,7008,6
6793,7605,22
6793,8150,37
6794,8274,40
6795,7644,23
6795,8276,40
6796,7394,16
6797,7776,27
6797,8197,38
6798,7747,26
6798,8583,47
6799,7716,25
6799,7894,30
6800,7720,25
6800,7780,27
6801,7125,9
6801,8320,41
6802,7522,20
6802,7783,27
6803,7497,19
6803,7896,30
6804,7375,15
6804,8170,37
6804,8592,47
6805,7028,6
6805,7334,14
6807,7093,8
6807,7689,24
6807,8823,53
6808,6918,3
6808,6964,4
6808,7652,23
6809,7094,8
6809,7203,11
6809,9713,79
6810,6920,3
6810,7257,12
6810,7436,17
6810,8049,34
6811,8012,33
6812,7065,7
6812,7171,10
6812,7657,23
6813,7209,11
6813,7909,30
6814,7727,25
6816,7210,11
6816,7405,16
6816,8255,39
6817,7382,15
6817,7659,23
6818,7069,7
6819,7213,11
6819,7730,25
6820,7806,27
6821,7349,14
6821,7665,23
6821,8215,38
6822,7442,17
6822,7588,21
6822,7665,23
6823,7350,14
6823,8217,38
6823,8379,42
6825,6854,1
6825,7309,13
6825,7388,15
6826,7414,16
6826,7593,21
6827,7080,7
6827,7815,27
6827,8443,43
6828,7562,20
6828,7674,23
6829,7048,6
6829,7517,19
6830,7364,14
6830,7884,29
6831,7363,14
6831,8194,37
6834,7195,10
6834,7996,32
6834,8358,41
6835,6987,4
6835,7158,9
6836,7492,18
6836,7998,32
6837,7681,23
6837,8585,46
6838,7198,10
6838,7326,13
6839,6959,3
6839,7433,16
6840,7250,11
6840,7252,11
6840,7376,14
6841,7091,7
6841,7502,18
6842,7137,8
6842,7257,11
6842,7436,16
6842,8557,45
6843,6920,2
6843,7095,7
6843,7379,14
6843,7969,31
6844,7137,8
6844,7436,16
6845,7295,12
6845,7580,20
6845,8012,32
6846,7344,13
6846,7581,20
6846,8641,47
6847,6966,3
6847,7800,26
6848,6967,3
6848,7912,29
6849,6929,2
6849,6930,2
6849,6999,4
6850,6930,2
6850,6931,2
6850,7935,30
6851,6886,1
6851,7001,4
6851,7873,28
6851,7938,30
6852,7002,4
6852,8058,33
6853,6935,2
6853,7839,27
6853,8615,46
6854,7310,12
6854,7704,23
6855,7841,27
6856,7448,16
6857,7272,11
6857,7315,12
6858,7009,4
6858,7047,5
6858,7422,15
6859,7486,17
6859,7851,27
6860,6983,3
6860,7012,4
6861,7191,9
6861,7890,28
6862,7426,15
6862,7855,27
6862,7924,29
6862,8582,45
6863,8197,36
6864,7778,25
6865,7084,6
6865,7245,10
6865,7895,28
6866,7494,17
6866,7781,25
6867,8812,51
6867,8985,56
6868,8040,32
6868,8120,34
6868,8552,44
6869,7057,5
6869,7529,18
6869,7859,27
6870,7651,21
6870,8123,34
6871,6957,2
6871,7329,12
6871,8081,33
6872,7166,8
6872,7573,19
6873,7090,6
6873,7465,16
6873,7792,25
6874,6959,2
6874,7574,19
6874,8007,31
6875,7060,5
6876,7060,5
6876,7253,10
6877,7537,18
6878,8419,41
6879,7343,12
6879,8252,37
6880,7067,5
6880,7759,24
6880,7832,26
6880,8561,44
6881,7407,14
6881,7630,20
6882,7102,6
6882,7630,20
6883,6932,1
6883,7508,17
6884,6934,1
6884,7303,11
6884,8184,35
6885,7804,25
6887,7107,6
6887,8935,54
6887,8971,55
6887,9121,59
6888,7767,24
6888,8186,35
6889,7940,29
6890,8188,35
6890,9835,80
6891,7005,3
6892,7414,14
6893,7039,4
6893,7219,9
6894,7736,23
6894,7984,30
6895,7769,24
6895,9309,64
6896,7119,6
6896,9405,67
6897,7273,10
6897,7817,25
6897,7850,26
6898,7046,4
6898,7223,9
6899,7186,8
6899,7223,9
6900,8028,31
6900,8389,40
6901,7276,10
6901,8547,43
6902,7230,9
6902,8319,38
6902,8629,45
6903,7011,3
6903,7012,3
6903,8032,31
6904,7958,29
6906,7082,5
6907,7321,11
6907,7714,22
6908,7428,14
6908,7460,15
6908,7718,22
6909,7524,17
6910,6955,1
6910,7165,7
6910,8813,50
6911,7057,4
6911,7498,16
6912,7021,3
6912,7375,12
6912,8205,35
6912,8592,44
6913,7090,5
6913,7620,19
6914,7286,10
6914,7432,14
6915,7330,11
6915,7900,27
6916,6963,1
6916,7026,3
6916,7335,11
6916,8594,44
6917,7402,13
6917,7796,24
6917,8173,34
6918,7468,15
6919,7094,5
6919,8466,41
6920,7830,25
6920,7970,29
6921,7258,9
6921,7298,10
6921,7472,15
6921,7538,17
6923,7095,5
6923,7299,10
6923,7379,12
6923,7798,24
6924,7911,27
6924,8784,49
6925,7069,4
6925,7761,23
6927,6967,1
6927,7033,3
6927,8857,51
6928,7211,8
6928,8966,54
6929,7142,6
6929,7695,21
6930,7175,7
6930,7545,17
6931,7143,6
6931,7302,10
6931,7543,17
6932,7871,26
6932,8896,52
6933,7177,7
6933,7215,8
6933,7547,17
6934,7586,18
6934,8652,45
6935,7179,7
6936,8217,35
6937,7553,17
6937,7592,18
6938,7182,7
6938,9232,61
6939,7416,13
6939,7845,25
6939,9200,60
6940,7038,3
6941,7116,5
6941,7117,5
6941,7392,12
6941,7597,18
6942,7391,12
6943,7186,7
6943,7424,13
6944,8075,31
6944,9027,55
6945,7154,6
6945,8198,34
6946,7460,14
6947,7085,4
6947,7492,15
6948,7779,23
6948,7999,29
6948,8077,31
6949,7084,4
6949,7127,5
6950,7164,6
6950,7324,10
6950,7463,14
6950,7617,18
6951,7398,12
6951,7527,16
6952,7618,18
6952,7723,21
6952,8407,39
6953,7198,7
6953,7326,10
6953,7462,14
6954,7430,13
6954,7572,17
6955,7499,15
6955,9554,70
6956,7430,13
6956,7573,17
6957,7166,6
6957,8815,49
6958,7533,16
6958,7621,18
6959,7200,7
6959,7251,8
6960,7023,2
6961,7060,3
6961,7331,10
6961,7534,16
6962,7624,18
6962,7795,23
6963,7689,20
6964,7136,5
6964,7202,7
6966,8563,42
6967,8303,36
6967,8472,40
6968,7441,13
6968,8211,34
6969,7480,14
6970,7808,23
6970,8187,33
6970,8939,52
6971,7551,16
6971,8381,38
6972,7005,1
6972,7352,10
6972,7513,15
6972,7591,17
6973,7308,9
6973,7592,17
6974,7114,4
6974,7353,10
6974,8020,29
6975,7558,16
6975,7846,24
6977,7270,8
6977,7515,15
6977,8223,34
6978,8069,30
6978,9169,58
6979,7359,10
6979,7672,19
6979,8148,32
6979,8538,41
6980,7273,8
6980,8766,47
6981,8110,31
6981,8196,33
6982,7013,1
6982,7854,24
6983,7123,4
6983,8032,29
6984,7646,18
6984,7678,19
6985,7323,9
6985,7396,11
6986,7779,22
6987,7459,13
6987,7682,19
6988,8400,38
6988,8667,44
6989,7055,2
6989,7751,21
6990,7526,15
6990,8588,42
6991,7431,12
6991,7827,23
6992,7467,13
6992,7932,26
6993,7134,4
6993,7253,7
6993,7534,15
6994,7293,8
6994,7690,19
6994,7864,24
6995,7540,15
6995,7627,17
6996,7261,7
6996,8301,35
6996,8678,44
6997,7438,12
6997,7659,18
6998,7174,5
6999,7142,4
6999,7175,5
6999,7212,6
7001,8612,42
7001,8834,48
7002,7805,22
7002,7976,27
7002,8058,29
7002,9394,64
7002,9464,66
7003,7106,3
7003,7385,10
7003,7977,27
7003,8059,29
7003,8571,41
7003,8901,50
7004,7482,13
7004,7514,14
7004,7591,16
7004,7641,17
7005,7513,14
7005,7514,14
7005,7553,15
7005,7591,16
7006,8349,36
7006,9573,69
7007,7357,9
7007,7484,13
7007,7985,27
7008,7316,8
7008,8150,31
7009,7485,13
7009,8027,28
7010,7424,11
7010,7563,15
7011,8110,30
7012,8032,28
7013,7426,11
7013,8030,28
7013,9030,53
7014,7050,1
7014,7191,5
7015,7746,20
7015,7924,25
7015,8582,41
7016,7051,1
7017,8158,31
7017,8395,37
7018,7157,4
7018,7240,6
7019,8077,29
7020,7161,4
7020,8041,28
7021,7791,21
7021,8080,29
7021,8705,44
7022,7531,14
7023,7167,4
7023,7401,10
7023,7687,18
7024,7334,8
7024,7502,13
7024,7504,13
7025,7134,3
7025,7932,25
7026,7133,3
7026,7753,20
7026,8594,41
7027,7967,26
7027,8595,41
7028,7092,2
7028,7377,9
7029,7341,8
7029,7797,21
7029,7865,23
7030,7341,8
7031,7833,22
7031,7971,26
7032,8784,46
7032,9824,76
7033,7102,2
7033,8335,35
7034,7076,1
7034,7104,2
7034,7265,6
7034,7476,12
7034,7584,15
7034,7633,16
7035,7216,5
7035,7510,13
7035,7978,26
7035,9431,64
7037,7389,9
7037,7768,20
7038,7558,14
7038,7877,23
7039,7920,24
7039,8268,33
7040,7847,22
7040,7920,24
7040,8068,28
7042,7118,2
7042,7670,17
7042,9438,64
7043,7419,10
7043,8023,27
7043,9096,54
7044,7708,18
7044,7815,21
7044,8106,29
7044,8734,44
7045,7272,6
7045,8659,42
7046,7120,2
7046,7423,10
7047,7562,14
7047,7673,17
7048,7561,14
7048,8803,46
7048,9348,61
7049,7518,13
7049,8277,33
7049,8546,39
7050,7821,21
7050,8031,27
7051,7712,18
7051,8158,30
7051,8395,36
7052,7426,10
7052,7453,11
7052,7855,22
7053,7777,20
7054,7722,18
7054,9914,78
7055,7248,5
7055,7528,13
7055,7931,24
7056,7163,3
7056,7686,17
7056,8121,29
7057,7790,20
7058,7289,6
7058,7433,10
7059,7167,3
7059,7201,4
7059,7332,7
7060,7534,13
7061,8888,48
7062,7579,14
7062,8326,34
7063,7259,5
7063,7540,13
7064,7097,1
7064,7260,5
7064,7757,19
7065,8328,34
7066,7170,3
7066,7799,20
7067,7406,9
7068,7405,9
7068,7407,9
7069,7174,3
7070,8605,40
7070,8680,42
7072,7542,13
7072,8096,28
7073,7582,14
7073,8179,30
7074,7661,16
7074,7730,18
7075,7104,1
7075,7211,4
7075,7265,5
7076,7176,3
7076,7476,11
7076,7836,21
7077,7980,25
7077,8756,44
7078,7483,11
7078,8694,42
7079,7812,20
7079,8905,48
7080,7706,17
7080,8763,44
7080,8981,50
7081,7820,20
7081,8196,30
7082,7192,3
7083,7196,3
7083,7241,4
7083,8771,44
7083,9771,73
7084,7683,16
7085,7649,15
7085,7784,19
7085,8359,34
7086,7246,4
7086,8320,33
7087,7127,1
7087,8202,30
7087,8404,35
7088,7400,8
7088,8203,30
7089,7531,12
7089,7788,19
7090,7620,14
7091,7286,5
7091,7829,20
7092,7334,6
7092,7796,19
7092,8173,29
7093,7337,6
7093,7726,17
7093,9217,56
7094,7578,13
7094,9148,54
7095,7204,3
7095,7577,13
7096,7258,4
7096,7628,14
7097,7299,5
7097,7798,19
7097,8330,33
7098,7299,5
7098,7379,7
7098,7970,24
7098,8331,33
7099,7207,3
7099,7262,4
7099,7657,15
7099,9000,50
7100,7404,8
7100,7727,17
7100,7831,20
7101,7383,7
7101,8178,29
7102,8335,33
7103,7141,1
7103,7507,11
7103,7801,19
7103,7868,21
7104,7584,13
7104,7803,19
7105,7213,3
7106,7145,1
7106,8571,38
7107,7636,14
7107,8530,37
7107,8971,49
7108,7349,6
7108,7839,20
7108,8430,35
7109,7180,2
7109,7181,2
7111,8939,48
7111,9089,52
7112,7550,12
7112,8145,28
7113,7943,23
7113,7981,24
7114,7593,13
7114,7811,19
7114,8020,25
7114,8311,32
7115,8103,27
7115,8693,41
7115,8798,44
7116,7392,7
7116,7446,9
7116,8105,27
7117,7149,1
7117,7599,13
7118,7448,9
7119,8910,47
7120,7315,5
7120,7603,13
7121,8276,31
7121,8489,36
7122,7318,5
7122,8278,31
7122,9206,55
7123,7279,4
7125,7928,22
7126,7371,6
7126,7611,13
7126,7719,16
7127,7683,15
7127,8362,33
7128,7571,12
7128,8585,38
7129,7525,11
7129,8001,24
7129,8120,27
7130,7496,10
7130,7788,18
7131,7432,8
7131,8170,28
7132,7288,4
7132,7289,4
7132,7433,8
7133,7168,1
7133,7333,5
7133,8206,29
7134,7534,11
7134,8045,25
7135,7254,3
7135,7337,5
7135,7726,16
7135,8637,39
7136,7290,4
7136,7690,15
7137,8416,34
7138,9924,76
7139,7629,13
7139,7728,16
7140,8516,36
7140,8680,40
7141,7661,14
7141,8137,27
7142,8518,36
7142,8747,42
7143,7870,20
7144,7509,10
7144,7546,11
7144,7584,12
7144,7633,13
7145,7384,6
7145,7937,22
7145,8652,39
7146,7216,2
7146,7511,10
7146,8264,30
7146,8377,33
7147,7767,17
7147,8144,27
7148,8380,33
7148,8727,41
7148,8903,46
7149,7390,6
7149,7705,15
7149,8385,33
7150,8226,29
7150,9579,65
7151,7276,3
7151,7955,22
7151,10483,91
7152,7320,4
7153,7748,16
7153,8583,37
7154,7608,12
7154,8878,45
7155,7427,7
7155,8358,32
7156,7610,12
7158,7522,10
7158,7682,14
7158,8163,27
7159,7523,10
7159,7612,12
7160,7247,2
7160,8399,33
7161,7197,1
7161,7616,12
7161,8492,35
7162,7495,9
7162,8407,33
7162,8918,46
7163,7786,17
7164,7429,7
7164,7530,10
7165,7400,6
7165,9320,57
7166,8289,30
7167,7201,1
7168,7725,15
7168,8009,23
7168,8854,44
7169,7206,1
7169,7341,4
7169,7865,19
7169,8250,29
7169,8509,35
7170,8014,23
7171,7692,14
7171,8302,30
7172,7728,15
7172,7800,17
7173,7439,7
7173,9559,64
7174,7761,16
7174,7913,20
7175,7631,12
7175,7632,12
7176,7544,10
7176,7835,18
7176,8055,24
7177,7214,1
7177,7663,13
7178,7479,8
7178,8184,27
7178,8374,32
7179,7806,17
7179,8615,37
7181,7512,9
7182,8482,34
7182,8730,40
7183,7417,6
7183,7813,17
7183,7880,19
7184,7947,21
7184,8733,40
7185,7671,13
7185,8979,47
7186,7604,11
7186,7709,14
7187,7363,4
7187,8389,32
7188,7487,8
7188,8876,44
7189,7228,1
7189,8628,37
7190,9029,48
7191,8031,23
7191,8449,33
7192,7646,12
7192,7891,19
7193,7892,19
7193,8356,31
7194,7520,9
7194,8357,31
7195,8738,40
7195,8846,43
7196,7717,14
7196,9276,55
7197,7524,9
7199,7499,8
7199,7651,12
7199,9683,67
7200,7501,8
7200,7574,10
7200,7861,18
7201,7287,2
7201,7687,13
7202,7290,2
7202,7652,12
7202,8245,28
7203,8825,42
7204,7297,2
7204,7798,16
7204,8248,28
7205,7259,1
7205,7404,5
7205,8131,25
7207,8421,32
7207,8782,41
7207,8826,42
7208,7344,3
7208,8051,23
7208,8962,46
7209,7799,16
7209,8015,22
7210,7833,17
7210,8254,28
7210,8255,28
7211,7583,10
7211,8893,44
7212,7408,5
7212,7631,11
7212,8518,34
7213,7662,12
7214,7763,15
7214,9259,54
7215,7303,2
7215,7663,12
7215,8184,26
7216,7766,15
7216,9694,67
7217,7268,1
7217,8903,44
7218,7980,21
7218,8381,31
7218,8756,40
7219,8268,28
7219,8312,29
7220,7515,8
7220,7705,13
7221,8353,30
7221,8539,34
7222,7314,2
7222,8270,28
7223,7423,5
7223,7604,10
7224,8072,23
7224,9909,73
7225,7884,18
7225,8151,25
7226,7771,15
7226,8390,31
7226,8982,46
7226,9473,60
7227,7487,7
7227,7563,9
7227,8354,30
7228,8768,40
7229,7564,9
7229,7710,13
7229,8391,31
7229,8392,31
7230,8392,31
7231,7853,17
7232,8278,28
7232,8355,30
7233,9177,51
7233,9206,52
7234,7278,1
7234,8112,24
7236,7889,18
7237,7777,15
7237,8548,34
7238,8770,40
7238,9410,58
7239,8915,44
7239,9411,58
7240,7323,2
7241,9448,59
7242,7460,6
7242,7570,9
7242,7718,13
7243,7959,20
7243,8077,23
7243,9480,60
7244,7721,13
7244,8118,24
7245,7613,10
7245,8551,34
7246,7684,12
7246,8282,28
7246,9772,69
7247,8079,23
7247,8164,25
7248,7789,15
7248,8004,21
7248,8042,22
7249,7531,8
7249,7788,15
7250,7964,20
7250,9282,54
7251,7288,1
7251,7433,5
7251,7501,7
7252,7575,9
7252,7964,20
7252,9214,52
7253,7534,8
7254,7625,10
7254,8010,21
7254,8597,35
7255,7903,18
7255,8466,32
7256,8087,23
7256,8326,29
7257,7830,16
7257,9515,61
7258,7755,14
7258,8089,23
7259,7906,18
7260,8330,29
7260,8560,34
7261,8133,24
7261,8332,29
7261,8927,44
7262,7658,11
7262,8782,40
7263,8178,25
7263,8964,45
7263,9558,62
7264,7914,18
7264,8964,45
7265,7583,9
7265,7834,16
7266,7802,15
7266,7915,18
7266,7934,19
7267,7387,3
7267,7548,8
7267,8019,21
7267,8653,36
7268,7732,13
7268,8756,39
7269,8267,27
7269,8312,28
7269,8439,31
7269,8483,32
7269,9165,50
7270,7356,2
7270,8732,38
7271,7313,1
7271,7600,9
7271,9023,46
7271,9202,51
7272,8070,22
7272,8764,39
7273,7817,15
7273,9239,52
7274,8029,21
7274,8766,39
7275,8151,24
7275,8318,28
7276,10522,89
7277,7425,4
7277,8490,32
7277,8946,44
7277,10401,86
7278,7991,20
7278,8156,24
7278,8877,42
7279,8032,21
7280,7369,2
7281,7609,9
7281,8198,25
7281,9315,54
7282,8280,27
7282,9244,52
7283,7826,15
7283,9244,52
7284,7374,2
7285,8123,23
7285,9282,53
7286,7500,6
7286,7899,17
7287,7332,1
7287,7622,9
7287,7623,9
7287,7688,11
7287,8172,24
7288,7331,1
7290,7794,14
7290,8085,22
7291,7902,17
7291,8464,31
7292,7795,14
7292,7903,17
7292,8086,22
7293,7655,10
7293,7904,17
7293,8780,39
7294,7435,4
7294,7628,9
7294,7654,10
7295,7435,4
7295,7471,5
7295,7580,8
7295,9184,50
7295,9384,56
7297,7757,13
7297,8174,24
7298,8328,28
7298,8600,34
7299,8253,26
7300,7867,16
7301,7869,16
7301,8304,27
7301,8785,39
7302,7543,7
7302,7935,18
7302,9046,46
7304,7347,1
7304,8308,27
7304,9121,48
7305,7481,5
7305,8061,21
7305,8216,25
7305,8345,28
7306,7731,12
7306,8145,23
7307,7350,1
7307,7874,16
7307,7939,18
7307,8379,29
7308,7841,15
7308,8266,26
7309,7945,18
7309,8065,21
7310,7735,12
7310,8623,34
7311,7813,14
7312,8441,30
7312,8762,38
7312,10191,79
7313,7740,12
7313,9540,60
7314,7393,2
7314,8443,30
7315,7770,13
7315,8070,21
7316,7817,14
7316,7850,15
7317,7820,14
7317,8489,31
7318,9446,57
7319,7488,5
7319,7772,13
7319,7890,16
7319,8113,22
7320,7822,14
7320,7891,16
7321,7824,14
7322,7458,4
7324,7428,3
7324,7857,15
7325,7398,2
7325,7493,5
7325,8453,30
7326,7373,1
7326,7494,5
7327,7374,1
7327,7497,5
7328,7792,13
7328,7896,16
7328,9141,48
7329,7621,8
7329,8169,23
7330,7724,11
7330,7827,14
7331,7501,5
7331,8083,21
7332,7434,3
7332,7623,8
7333,7753,12
7333,8294,26
7333,8854,40
7334,8244,25
7335,7753,12
7335,8819,39
7336,7902,16
7336,9110,47
7337,7689,10
7337,9355,54
7338,8819,39
7338,9146,48
7339,7377,1
7339,8638,34
7340,7754,12
7340,8046,20
7340,8249,25
7342,7907,16
7342,8298,26
7343,9252,51
7343,9599,61
7344,8371,28
7344,9489,58
7345,7547,6
7346,7479,4
7346,7664,9
7346,8865,40
7347,7480,4
7347,7805,13
7348,7637,8
7348,7699,10
7348,8613,33
7348,9613,61
7349,8530,31
7350,8725,36
7350,9267,51
7351,8100,21
7351,9830,68
7352,7589,7
7352,7703,10
7352,7875,15
7353,7668,9
7353,7844,14
7353,8147,22
7354,8102,21
7354,9468,57
7355,7596,7
7355,7878,15
7355,8067,20
7355,9021,44
7356,7484,4
7356,9201,49
7357,7417,2
7357,7813,13
7358,8907,41
7358,8980,43
7358,9057,45
7359,7740,11
7359,12017,137
7360,7560,6
7360,8228,24
7361,7883,15
7362,8027,19
7363,8804,38
7364,7851,14
7364,8545,31
7365,8193,23
7365,8581,32
7365,8805,38
7366,8073,20
7366,8231,24
7366,8984,43
7367,8074,20
7367,8109,21
7367,8275,25
7368,9548,59
7369,8356,27
7370,8198,23
7371,7523,5
7371,7612,7
7372,8279,25
7372,8400,28
7373,7462,3
7373,8165,22
7373,8493,30
7374,7527,5
7375,7533,5
7375,7621,7
7376,7575,6
7376,7752,11
7377,7796,12
7378,8419,28
7378,8468,29
7379,7970,17
7380,7505,4
7380,7758,11
7380,8298,25
7381,7660,8
7381,8016,18
7382,7912,15
7382,8513,30
7383,9078,45
7384,7697,9
7385,7635,7
7385,7916,15
7385,8723,35
7386,8434,28
7387,8218,23
7387,8573,31
7387,9866,68
7388,7704,9
7388,8065,19
7388,8220,23
7389,7413,1
7389,7876,14
7389,8759,36
7390,7922,15
7390,8761,36
7390,8873,39
7391,7737,10
7391,7738,10
7391,8352,26
7391,9056,44
7391,9171,47
7392,7559,5
7392,7599,6
7392,8577,31
7392,8944,41
7393,7707,9
7393,7849,13
7393,8270,24
7394,7453,2
7395,7925,15
7395,8770,36
7396,7825,12
7397,8279,24
7397,8914,40
7398,7785,11
7398,8286,24
7399,7618,6
7399,8457,28
7400,9452,55
7401,8008,17
7401,8125,20
7402,7576,5
7402,7863,13
7403,7472,2
7403,7538,4
7403,8088,19
7403,9287,50
7404,8329,25
7405,8256,23
7405,8677,33
7406,8016,17
7406,8561,30
7407,8135,20
7407,8256,23
7408,7974,16
7408,8424,27
7408,8606,31
7409,7698,8
7409,8143,20
7409,8970,41
7410,7640,6
7411,7482,2
7411,7641,6
7411,7667,7
7411,8219,22
7412,8349,25
7413,7841,12
7413,8438,27
7414,7811,11
7415,7811,11
7415,7877,13
7415,8311,24
7416,8694,33
7417,7985,16
7417,8313,24
7418,7598,5
7418,8907,39
7419,7671,7
7419,7923,14
7419,8841,37
7420,7951,15
7420,9405,53
7422,7485,2
7422,7673,7
7422,7881,13
7423,7603,5
7423,7882,13
7424,7709,8
7424,8108,19
7425,9508,56
7426,8582,30
7427,7893,13
7428,8200,21
7429,7464,1
7429,7860,12
7430,7898,13
7430,8633,31
7431,7464,1
7431,8082,18
7432,7500,2
7432,8498,28
7434,7967,15
7435,8370,25
7436,7907,13
7437,8510,28
7437,8825,36
7438,7727,8
7438,8333,24
7439,8856,37
7440,8136,19
7440,9005,41
7440,9715,62
7441,8179,20
7441,9358,51
7442,7700,7
7443,7701,7
7443,8217,21
7444,8943,39
7444,9401,52
7445,7594,4
7445,9167,45
7446,7559,3
7446,7878,12
7446,7879,12
7447,8906,38
7447,10514,84
7448,8799,35
7448,9438,53
7449,7953,14
7449,8541,28
7450,8192,20
7450,8541,28
7450,9097,43
7451,8153,19
7451,8876,37
7452,7677,6
7452,8877,37
7453,8663,31
7454,7519,2
7455,7679,6
7455,7776,9
7455,8115,18
7456,7491,1
7457,7994,15
7457,9409,52
7459,7680,6
7459,7682,6
7461,7751,8
7461,8323,23
7462,7496,1
7462,7650,5
7463,7530,2
7463,7617,4
7463,7961,14
7464,8044,16
7465,8006,15
7465,8007,15
7466,7532,2
7466,8122,18
7467,7900,12
7467,8126,18
7468,7535,2
7468,7536,2
7468,7652,5
7469,7754,8
7469,8046,16
7469,8295,22
7469,9457,53
7470,7655,5
7470,7904,12
7470,8011,15
7470,8926,38
7471,7539,2
7471,8091,17
7471,8507,27
7471,8890,37
7472,8600,29
7472,8675,31
7473,8012,15
7473,8251,21
7474,7867,11
7474,8209,20
7474,8781,34
7475,7760,8
7475,8051,16
7476,7834,10
7476,7835,10
7477,7585,3
7477,7762,8
7477,8054,16
7477,8260,21
7478,7936,13
7478,8425,25
7478,8683,31
7478,8896,37
7478,8967,39
7478,9526,55
7479,8057,16
7479,8427,25
7481,7638,4
7481,7700,6
7481,8433,25
7482,8346,23
7482,8904,37
7483,8872,36
7483,9764,62
7484,8350,23
7485,8025,15
7485,8387,24
7486,8487,26
7486,8911,37
7487,8845,35
7488,8395,24
7488,9408,51
7489,7569,2
7489,7773,8
7489,7774,8
7490,8357,23
7490,9103,42
7491,7713,6
7492,8359,23
7493,7523,1
7493,7719,6
7493,8550,27
7494,8165,18
7495,7859,10
7495,8079,16
7495,8812,34
7496,7619,3
7497,7527,1
7497,8204,19
7498,7790,8
7498,8122,17
7498,8408,24
7499,8501,26
7499,8708,31
7500,7963,13
7500,8634,29
7501,7901,11
7502,7829,9
7502,7965,13
7503,7623,3
7503,7688,5
7503,7966,13
7503,8413,24
7504,7965,13
7504,8244,20
7504,8778,33
7505,9154,43
7506,7658,4
7506,7693,5
7506,8052,15
7506,8134,17
7507,8096,16
7507,8337,22
7508,7696,5
7508,7934,12
7509,7543,1
7509,8097,16
7509,8338,22
7510,7766,7
7510,9756,61
7511,7637,3
7511,8613,28
7511,8936,37
7512,7701,5
7513,7589,2
7513,8384,23
7514,8622,28
7514,8904,36
7515,8761,32
7516,8023,14
7517,9348,48
7518,7744,6
7518,9311,47
7518,11039,97
7519,8114,16
7520,7647,3
7520,7713,5
7521,7995,13
7521,8234,19
7521,9410,50
7522,7615,2
7523,7719,5
7524,8492,25
7525,8120,16
7525,8809,33
7525,9317,47
7526,7929,11
7526,8772,32
7527,8286,20
7528,8042,14
7528,8457,24
7529,7859,9
7529,8812,33
7530,7787,7
7530,7860,9
7532,8008,13
7532,8497,25
7534,8083,15
7535,8128,16
7535,8368,22
7535,8414,23
7536,8414,23
7536,9146,42
7537,8638,28
7538,7755,6
7538,8047,14
7539,7756,6
7539,8090,15
7539,8558,26
7540,7906,10
7540,8048,14
7541,7911,10
7541,9154,42
7541,9520,53
7542,7972,12
7542,8859,34
7543,7870,9
7543,8338,21
7543,9081,40
7544,7585,1
7544,8054,14
7544,8182,17
7545,7632,2
7545,7935,11
7545,10245,74
7546,8097,15
7546,8475,24
7546,8647,28
7547,7634,2
7548,8186,17
7548,8573,26
7549,7917,10
7549,8379,22
7549,9195,43
7551,9728,59
7551,9835,62
7552,8188,17
7552,8758,31
7552,10020,67
7553,8310,20
7553,8384,22
7554,8221,18
7554,8691,29
7555,8798,32
7555,9467,51
7556,8534,25
7556,9167,42
7557,8482,24
7557,9168,42
7558,7877,9
7559,8022,13
7559,8314,20
7560,8539,25
7561,8107,15
7561,8661,28
7561,8803,32
7562,8273,19
7562,8544,25
7563,8108,15
7563,8229,18
7564,8446,23
7564,8629,27
7564,9992,66
7565,8154,16
7565,9174,42
7566,7606,1
7566,8546,25
7566,9175,42
7567,8110,15
7568,7990,12
7568,8393,22
7568,8448,23
7569,7924,10
7570,7782,6
7570,8116,15
7571,8001,12
7571,9243,44
7572,8588,26
7572,8633,27
7573,7898,9
7573,8289,19
7574,7828,7
7574,8124,15
7575,8711,29
7575,8777,31
7576,7653,2
7576,8129,15
7576,9657,56
7577,7969,11
7577,8248,18
7577,8958,36
7578,7905,9
7578,8466,23
7578,8598,26
7579,8468,23
7579,8674,28
7580,8091,14
7580,9075,39
7581,9251,44
7582,8564,25
7582,9042,38
7583,7973,11
7583,8212,17
7584,8338,20
7585,7837,7
7585,8055,13
7586,8429,22
7586,8865,33
7587,7699,3
7587,7807,6
7587,8478,23
7587,10121,69
7588,7700,3
7588,8378,21
7588,8433,22
7589,7809,6
7589,8757,30
7590,7733,4
7590,7942,10
7590,8839,32
7590,11148,99
7591,7703,3
7592,8266,18
7592,8310,19
7593,7811,6
7594,7846,7
7594,9370,47
7595,7983,11
7595,9168,41
7596,7847,7
7596,8068,13
7596,8105,14
7597,8068,13
7597,8105,14
7598,7848,7
7598,10317,75
7599,8385,21
7599,8696,28
7600,7986,11
7600,9440,49
7600,11067,96
7601,8024,12
7601,8386,21
7601,10029,66
7602,8842,32
7602,9581,53
7603,7770,5
7603,8149,15
7604,7882,8
7604,7989,11
7605,8875,33
7605,9702,57
7606,9550,52
7607,7679,2
7607,7776,5
7607,8548,24
7608,8198,16
7608,9315,45
7608,9585,53
7609,8033,12
7609,10106,68
7610,8034,12
7610,8807,31
7611,8035,12
7611,8078,13
7613,7997,11
7613,9413,48
7614,7998,11
7614,8404,21
7615,7783,5
7615,8002,11
7615,8163,15
7616,8002,11
7616,8041,12
7616,8454,22
7617,7857,7
7617,8038,12
7618,8917,34
7619,7650,1
7619,7788,5
7620,7792,5
7621,8205,16
7622,7687,2
7622,8172,15
7622,8243,17
7623,7967,10
7624,8130,14
7624,8463,22
7625,8084,13
7625,8637,26
7625,8887,33
7626,7795,5
7627,7864,7
7627,8048,12
7628,8089,13
7628,8417,21
7629,7909,8
7629,8334,19
7630,8135,14
7630,8335,19
7631,8424,21
7631,8720,28
7632,8720,28
7632,9290,44
7633,7836,6
7633,8647,26
7635,7765,4
7635,9047,37
7635,9364,46
7636,8430,21
7636,8614,25
7637,8377,20
7637,9784,59
7638,8216,16
7638,8572,24
7639,7808,5
7639,8617,25
7639,8939,34
7639,9759,58
7640,7980,10
7641,7703,2
7641,8063,12
7642,7946,9
7642,8872,32
7643,7816,5
7643,8227,16
7643,8659,26
7644,7885,7
7644,9350,45
7645,7745,3
7646,7822,5
7647,8357,19
7648,7959,9
7648,8076,12
7649,8451,21
7649,9210,41
7650,7858,6
7650,8493,22
7651,9883,61
7652,8128,13
7653,8746,28
7653,8888,32
7654,8370,19
7654,8417,20
7654,8822,30
7655,7864,6
7655,8996,35
7656,8133,13
7656,8208,15
7656,8332,18
7656,9113,38
7657,8328,18
7658,8134,13
7658,8210,15
7658,8302,17
7659,8333,18
7659,8513,22
7660,9078,37
7660,9893,61
7661,8259,16
7661,8473,21
7662,7730,2
7662,7915,7
7663,8018,10
7663,9259,42
7664,7872,6
7664,8057,11
7664,8142,13
7665,8378,19
7665,8688,26
7666,7701,1
7666,8434,20
7666,8753,28
7667,7941,8
7667,8346,18
7667,8621,24
7668,7842,5
7668,8191,14
7668,8534,22
7669,8977,34
7669,9468,48
7670,7950,8
7670,8442,20
7670,10027,64
7671,9841,59
7672,9872,60
7673,8271,16
7673,8273,16
7674,8318,17
7674,8544,22
7675,9173,39
7675,9548,50
7675,10560,79
7676,7993,9
7676,9177,39
7676,9446,47
7677,8111,12
7678,7772,3
7678,7822,4
7678,8233,15
7679,7747,2
7680,7715,1
7680,7749,2
7681,8947,33
7681,9243,41
7682,7749,2
7682,8037,10
7682,8739,27
7683,7895,6
7683,8406,19
7684,7929,7
7684,9136,38
7685,8005,9
7685,8587,23
7685,8919,32
7685,9180,39
7686,8041,10
7687,8125,12
7688,8293,16
7688,8462,20
7689,8594,23
7690,8085,11
7690,8780,28
7691,7968,8
7691,8673,25
7691,8889,31
7692,8014,9
7692,8470,20
7693,8093,11
7693,8210,14
7693,8514,21
7694,7801,3
7694,7868,5
7694,8258,15
7694,8717,26
7695,8747,27
7696,7936,7
7696,8520,21
7696,8829,29
7696,8894,31
7697,8652,24
7698,9298,42
7699,9529,49
7699,9568,50
7701,9267,41
7702,7731,1
7702,7939,7
7702,8145,12
7703,8063,10
7704,7982,8
7704,8623,23
7705,8761,27
7706,7739,1
7706,7815,3
7706,8106,11
7707,7816,3
7707,8227,14
7707,8658,24
7708,8228,14
7709,7989,8
7709,8388,18
7710,8767,27
7710,9204,39
7711,8277,15
7711,8700,25
7711,9445,46
7711,10624,80
7712,9274,41
7714,7824,3
7715,7781,2
7716,8399,18
7716,9067,35
7717,8586,22
7717,8947,32
7718,7782,2
7718,8200,13
7719,8078,10
7720,7960,7
7720,9704,54
7721,8323,16
7721,8948,32
7722,8040,9
7722,9035,34
7722,10228,69
7723,8917,31
7723,9246,40
7723,9852,58
7724,7900,5
7724,8241,14
7724,8290,15
7725,7793,2
7725,8743,26
7725,9885,59
7726,8597,22
7726,9814,57
7727,8828,28
7728,8334,16
7728,9490,47
7729,8605,22
7729,8747,26
7730,8473,19
7731,8434,18
7731,8725,25
7731,8753,26
7732,8795,27
7732,8903,30
7732,9091,35
7733,8437,18
7733,8975,32
7733,10973,89
7734,8064,9
7734,8189,12
7734,9199,38
7734,9730,54
7735,8533,20
7735,8624,22
7735,9305,41
7736,7983,7
7736,10189,67
7737,7880,4
7737,8352,16
7738,8315,15
7738,8352,16
7738,9538,48
7739,8909,30
7739,8981,32
7739,9649,51
7740,7952,6
7740,11154,95
7741,8538,20
7741,8540,20
7742,7952,6
7742,9767,55
7742,10666,80
7742,11154,95
7743,7883,4
7743,10735,82
7744,8546,20
7744,9102,35
7744,10400,73
7745,8769,26
7746,8394,17
7746,9030,33
7746,9653,51
7747,8396,17
7747,8548,20
7748,7995,7
7748,9509,47
7748,9847,57
7749,7781,1
7749,8037,8
7750,7785,1
7750,8039,8
7750,8285,14
7750,8494,19
7751,7931,5
7751,8951,31
7752,8463,18
7752,8711,24
7753,9109,35
7754,8418,17
7754,9516,47
7755,8089,9
7755,8506,19
7756,8091,9
7756,8640,22
7756,8676,23
7757,7798,1
7758,7970,6
7758,8331,15
7758,9154,36
7759,7867,3
7760,8856,28
7760,9388,43
7761,8422,17
7762,8183,11
7762,8646,22
7762,8786,26
7763,7871,3
7764,8792,26
7764,9086,34
7765,8528,19
7765,8529,19
7765,9160,36
7766,8264,13
7766,10012,61
7767,8479,18
7767,8794,26
7768,7876,3
7768,8690,23
7769,8980,31
7769,11714,113
7770,8543,19
7770,8660,22
7771,8073,8
7771,8231,12
7771,10104,63
7772,8159,10
7773,7855,2
7773,7924,4
7773,9313,40
7774,9103,34
7774,9313,40
7775,9103,34
7775,9313,40
7776,9479,45
7777,9031,32
7778,8846,27
7778,9208,37
7779,8451,17
7780,7959,5
7780,8076,8
7780,9704,52
7781,8037,7
7781,8165,10
7782,8116,9
7782,8403,16
7783,8492,18
7784,9210,37
7784,9245,38
7784,9552,47
7785,8453,17
7785,8456,17
7786,7858,2
7786,8121,9
7786,8631,21
7787,7961,5
7787,8043,7
7787,8287,13
7789,7897,3
7789,8288,13
7789,8496,18
7790,7859,2
7790,8954,30
7791,8205,11
7791,8920,29
7791,9959,59
7792,8006,6
7793,8009,6
7793,8635,21
7793,8636,21
7794,8245,12
7794,8745,24
7794,9418,43
7795,8130,9
7796,8638,21
7797,8249,12
7799,8014,6
7799,8642,21
7800,8563,19
7800,9490,45
7801,8137,9
7801,8604,20
7802,8259,12
7802,8473,17
7802,8519,18
7803,7870,2
7803,8338,14
7805,8308,13
7806,8614,20
7806,8615,20
7807,8616,20
7807,8866,27
7807,9693,51
7808,9670,50
7808,10720,80
7809,7875,2
7809,8480,17
7809,8620,20
7810,8691,22
7810,9306,39
7812,7984,5
7812,10282,68
7814,7949,4
7814,8908,28
7814,10436,72
7816,8270,12
7817,8150,9
7817,8580,19
7817,8875,27
7818,8193,10
7818,8698,22
7818,8805,25
7818,9768,53
7819,8152,9
7819,8581,19
7819,9506,45
7819,9799,54
7820,9273,38
7820,9312,39
7821,8031,6
7821,8157,9
7821,9351,40
7822,7891,2
7822,8233,11
7823,7925,3
7823,8491,17
7823,10225,66
7825,8914,28
7826,8203,10
7826,9316,39
7827,8082,7
7827,8290,12
7828,8007,5
7828,8365,14
7828,8409,15
7829,7899,2
7829,8744,23
7830,7969,4
7830,10535,74
7831,8329,13
7831,8602,19
7831,8828,25
7832,7867,1
7832,8209,10
7832,8892,27
7833,9153,34
7834,7973,4
7834,9007,30
7835,8182,9
7835,9007,30
7836,8055,6
7836,8372,14
7837,8017,5
7837,8260,11
7837,8565,18
7838,8097,7
7838,8098,7
7838,8213,10
7838,8475,16
7839,9337,39
7840,7941,3
7840,8101,7
7840,8621,19
7840,8868,26
7841,8797,24
7842,8574,18
7842,8655,20
7842,9054,31
7843,8066,6
7843,8656,20
7843,9166,34
7843,10357,69
7844,8020,5
7844,8534,17
7844,9167,34
7845,8656,20
7845,8694,21
7845,9166,34
7846,7877,1
7846,8311,12
7847,8067,6
7847,8731,22
7848,7921,2
7848,9839,54
7849,8443,15
7849,8535,17
7849,8658,20
7851,8487,16
7851,9026,30
7852,8072,6
7852,8230,10
7853,8547,17
7854,8030,5
7854,9508,44
7855,8663,20
7856,8161,8
7856,8235,10
7856,10066,60
7857,8200,9
7857,8452,15
7858,9626,47
7859,8850,25
7859,8918,27
7860,8043,5
7860,8044,5
7861,7901,1
7861,8124,7
7861,8818,24
7862,8084,6
7862,8367,13
7862,8504,16
7862,8887,26
7863,8129,7
7863,8173,8
7863,8957,28
7864,8639,19
7865,8249,10
7865,8509,16
7866,7908,1
7866,8421,14
7866,8826,24
7866,9858,54
7868,8336,12
7868,8337,12
7869,8645,19
7871,8566,17
7871,9259,36
7872,8428,14
7872,8833,24
7872,9158,33
7873,8307,11
7873,8834,24
7873,10158,62
7874,7940,2
7874,8867,25
7875,8063,5
7875,8382,13
7876,9052,30
7876,9945,56
7878,8105,6
7878,8484,15
7879,8314,11
7879,8484,15
7879,9501,43
7880,8313,11
7880,8978,28
7881,8025,4
7881,8271,10
7881,8444,14
7882,8149,7
7882,8445,14
7883,8071,5
7883,9544,44
7884,8545,16
7884,9100,31
7885,8194,8
7885,9505,43
7886,8911,26
7886,9027,29
7887,7990,3
7887,8277,10
7887,10624,75
7888,7957,2
7888,8157,7
7888,10736,78
7888,11040,87
7889,7993,3
7889,9446,41
7890,8159,7
7890,8449,14
7892,8115,6
7892,9241,35
7893,8358,12
7893,8807,23
7894,9067,30
7894,9622,46
7895,8551,16
7895,9105,31
7896,8204,8
7896,9322,37
7897,8004,3
7897,8168,7
7897,8706,20
7898,8589,17
7898,9211,34
7899,8634,18
7899,9514,43
7900,8366,12
7901,8083,5
7901,8412,13
7902,8820,23
7902,9144,32
7903,9250,35
7903,9685,48
7904,8824,23
7904,9383,39
7905,9112,31
7905,9148,32
7905,9150,32
7906,8131,6
7906,8599,17
7907,8049,4
7908,8421,13
7908,9186,33
7908,9688,48
7909,8015,3
7909,9253,35
7910,8178,7
7910,8963,27
7910,9558,44
7910,10006,57
7911,9288,36
7911,10152,61
7912,8303,10
7912,9003,28
7913,8422,13
7913,9332,37
7914,9332,37
7914,9391,39
7915,8473,14
7916,8571,16
7916,9364,38
7916,9566,44
7917,9089,30
7917,9340,37
7918,8654,18
7918,8729,20
7918,8839,23
7918,10998,85
7919,8190,7
7919,8191,7
7919,8348,11
7920,8731,20
7920,8871,24
7921,8576,16
7921,9095,30
7922,8021,3
7922,8223,8
7922,9470,41
7923,8874,24
7923,9096,30
7923,10129,60
7925,9879,53
7926,8397,12
7926,9409,39
7927,7996,2
7927,8034,3
7927,9032,28
7928,8320,10
7928,9178,32
7929,9625,45
7930,8003,2
7930,8038,3
7930,8284,9
7930,8324,10
7931,8004,2
7931,9138,31
7932,8045,3
7932,8126,5
7933,8422,12
7933,8715,19
7934,8519,14
7934,8520,14
7935,9291,35
7936,8967,26
7937,8429,12
7937,8571,15
7937,9566,43
7938,8307,9
7938,8527,14
7939,8725,19
7940,8380,11
7941,8219,7
7941,8796,21
7942,8188,6
7942,10723,76
7943,8347,10
7943,8758,20
7944,8347,10
7944,8349,10
7944,9573,43
7945,8221,7
7945,8976,26
7946,9675,46
7947,8351,10
7947,9169,31
7948,8441,12
7948,8799,21
7949,8906,24
7950,9272,34
7950,9471,40
7951,8386,11
7951,10322,65
7952,9540,42
7952,9580,43
7953,8226,7
7953,9989,55
7953,10323,65
7954,8232,7
7954,8488,13
7954,8699,18
7954,9798,50
7955,8984,26
7955,11633,105
7956,8110,4
7956,8155,5
7956,8196,6
7957,8355,10
7957,9549,42
7958,8233,7
7959,8281,8
7960,9914,53
7960,10198,61
7961,8038,2
7961,8324,9
7962,8039,2
7962,8363,10
7962,8494,13
7962,8553,14
7963,8498,13
7963,9590,43
7963,10408,67
7964,8885,23
7964,10455,68
7965,8127,4
7965,8744,19
7966,8462,12
7966,8593,15
7966,9591,43
7967,8413,11
7968,8207,6
7968,8464,12
7968,9486,40
7969,9816,50
7970,8049,2
7970,8298,8
7971,8013,1
7971,8469,12
7971,9153,30
7972,8517,13
7972,9222,32
7973,8423,11
7973,9604,43
7974,8521,13
7974,8748,19
7974,9425,38
7975,8305,8
7975,8474,12
7975,8522,13
7975,9009,26
7976,8612,15
7976,8834,21
7976,9430,38
7977,8752,19
7977,9298,34
7978,8688,17
7978,8971,25
7979,8617,15
7979,9397,37
7979,9495,40
7979,9759,48
7981,8347,9
7982,8220,6
7982,9497,40
7982,9940,53
7983,9500,40
7983,9906,52
7984,9576,42
7984,10189,60
7985,8350,9
7985,9437,38
7986,9403,37
7986,10058,56
7986,10360,65
7987,9309,34
7987,9872,51
7988,8272,7
7988,9581,42
7988,10942,81
7989,8445,11
7989,8662,16
7990,10523,69
7991,8111,3
7991,9064,27
7992,9207,31
7992,9274,33
7994,9242,32
7995,8701,17
7996,8738,18
7996,9447,38
7997,8280,7
7997,9802,49
7998,8359,9
7998,9068,27
7999,8451,11
7999,8882,22
7999,9679,45
8000,8162,4
8000,8282,7
8000,9850,50
8000,9881,51
8001,8401,10
8001,8809,20
8002,8283,7
8002,8492,12
8003,8237,6
8003,8238,6
8003,8324,8
8004,8988,25
8005,8080,2
8005,8239,6
8005,8705,17
8006,8554,13
8006,9141,29
8007,8554,13
8008,8816,20
8008,9513,40
8009,8206,5
8009,9036,26
8010,8084,2
8010,8246,6
8010,9038,26
8011,8559,13
8011,8824,20
8011,8960,24
8012,9075,27
8013,8927,23
8013,9488,39
8014,8930,23
8015,8642,15
8015,9823,49
8016,9077,27
8016,9893,51
8017,8139,3
8017,8306,7
8017,8682,16
8018,8184,4
8018,8374,9
8018,8831,20
8019,8100,2
8019,9229,31
8020,9370,35
8021,8732,17
8021,9201,30
8021,9372,35
8022,8269,6
8022,8944,23
8022,9271,32
8023,8910,22
8024,8537,12
8024,11152,87
8025,8542,12
8025,8578,13
8026,8107,2
8026,8579,13
8026,8661,15
8026,9844,49
8027,8387,9
8027,8803,19
8027,10481,67
8028,9702,45
8028,9990,53
8029,8274,6
8029,10194,59
8030,9551,40
8030,9954,52
8031,9065,26
8033,9314,33
8034,9447,37
8035,8117,2
8035,8665,15
8036,8118,2
8036,8664,15
8036,10135,57
8037,8739,17
8037,8741,17
8037,9033,25
8038,8452,10
8039,8238,5
8039,8405,9
8040,8848,20
8041,8121,2
8042,8288,6
8042,9319,33
8043,8458,10
8043,8590,13
8044,8082,1
8044,8590,13
8045,8083,1
8045,8412,9
8046,8746,17
8046,8888,21
8047,8506,11
8047,8821,19
8047,9287,32
8048,8599,13
8048,8639,14
8049,8298,6
8050,8421,9
8050,9186,29
8050,9330,33
8050,9458,37
8051,9388,35
8052,8336,7
8052,8471,10
8052,8514,11
8053,8095,1
8053,8643,14
8053,8681,15
8053,9079,26
8054,8646,14
8054,9044,25
8055,8565,12
8056,8099,1
8056,8140,2
8056,8261,5
8056,8373,8
8057,8833,19
8057,9083,26
8058,8612,13
8059,8723,16
8059,8901,21
8059,10863,77
8060,9121,27
8061,8345,7
8061,8433,9
8061,8793,18
8062,8146,2
8062,8218,4
8062,8726,16
8062,9614,41
8063,8219,4
8063,8436,9
8064,8265,5
8064,8942,22
8064,10159,57
8065,8976,23
8065,9127,27
8066,9164,28
8066,9674,43
8066,10254,60
8067,8440,9
8067,10023,53
8069,8905,21
8069,10939,79
8070,8660,14
8070,9677,43
8071,8272,5
8072,11098,84
8073,8982,23
8073,10261,60
8074,9173,28
8074,9548,39
8075,9476,37
8075,9620,41
8077,8882,20
8078,8550,11
8078,8665,14
8079,8949,22
8080,8592,12
8080,8707,15
8081,8169,2
8081,8815,18
8081,9213,29
8082,8459,9
8084,10076,54
8085,8745,16
8085,9962,51
8086,8130,1
8086,8924,21
8086,9685,43
8087,8823,18
8087,8891,20
8088,8369,7
8088,8675,14
8088,9040,24
8089,8995,23
8090,8640,13
8090,8674,14
8090,8891,20
8091,9965,51
8091,10149,56
8092,8601,12
8092,9251,30
8092,9860,48
8093,8512,10
8093,8562,11
8093,9423,35
8094,9332,32
8095,8180,2
8095,8681,14
8095,9254,30
8096,8859,19
8096,9156,27
8097,9081,25
8098,8141,1
8098,8213,3
8098,8751,16
8098,8897,20
8098,9361,33
8099,8262,4
8099,8263,4
8099,8340,6
8100,11620,101
8101,8309,5
8101,8383,7
8101,8869,19
8102,9306,31
8103,8222,3
8103,9020,23
8104,8222,3
8104,8576,11
8104,10255,59
8106,8316,5
8106,9649,41
8107,9133,26
8107,9908,49
8108,8388,7
8108,8843,18
8109,8769,16
8109,9548,38
8111,8877,19
8112,8877,19
8113,8449,8
8113,9408,34
8113,9846,47
8114,8158,1
8115,9479,36
8116,8321,5
8116,8322,5
8116,8398,7
8117,8450,8
8117,8702,14
8118,8948,21
8118,9449,35
8119,8201,2
8119,8987,22
8119,9511,37
8119,9624,40
8120,8552,10
8120,8703,14
8120,10486,65
8121,8454,8
8122,8497,9
8123,9883,48
8124,8365,6
8124,8776,16
8125,8243,3
8125,8816,17
8126,8366,6
8126,8412,7
8127,8671,13
8127,8778,16
8127,9283,30
8128,8245,3
8128,8956,21
8129,9382,33
8129,9455,35
8130,9886,48
8131,8329,5
8131,9076,24
8132,8419,7
8132,9252,29
8133,9820,46
8133,10265,59
8134,8471,8
8134,8783,16
8135,9155,26
8135,9220,28
8136,9559,38
8137,8259,3
8137,9043,23
8138,8181,1
8138,8518,9
8138,8605,11
8138,8747,15
8139,8339,5
8139,8565,10
8140,8305,4
8140,8426,7
8140,8609,11
8140,8830,17
8140,9009,22
8141,8751,15
8141,8789,16
8141,9082,24
8142,8428,7
8142,8865,18
8142,10050,52
8143,9086,24
8143,9755,44
8144,8572,10
8144,8794,16
8146,8218,2
8146,9090,24
8146,9124,25
8147,8191,1
8148,9873,47
8148,10100,53
8148,12017,115
8149,8543,9
8149,8765,15
8150,8875,18
8151,9100,24
8151,9349,31
8152,8628,11
8152,9174,26
8153,9620,39
8153,10165,55
8154,9205,27
8154,9506,36
8155,9205,27
8155,9312,30
8156,8195,1
8156,9064,23
8157,9507,36
8159,8233,2
8160,8806,16
8160,8878,18
8160,10847,74
8161,10067,52
8161,10068,52
8161,10134,54
8162,8881,18
8162,9377,32
8162,9740,43
8163,8283,3
8163,8739,14
8164,8399,6
8164,8949,20
8164,9957,49
8165,8741,14
8166,8986,21
8166,9245,28
8166,9552,37
8166,9623,39
8167,8552,9
8167,9707,42
8167,10034,51
8167,10036,51
8168,8364,5
8168,8496,8
8168,8591,10
8169,8205,1
8169,8920,19
8170,8498,8
8170,9142,25
8171,8241,2
8171,8290,3
8171,8291,3
8171,9071,23
8172,8293,3
8172,8555,9
8173,8244,2
8174,8248,2
8174,10002,50
8175,8208,1
8175,8327,4
8175,9113,24
8175,10043,51
8176,8209,1
8176,8781,15
8176,8998,21
8176,10885,75
8177,8300,3
8177,8603,10
8177,10005,50
8177,10207,56
8178,9078,23
8179,9042,22
8179,9424,33
8180,8860,17
8180,8861,17
8181,8606,10
8181,9080,23
8181,9779,44
8182,9044,22
8182,9634,39
8183,8474,7
8183,8522,8
8183,9190,26
8185,8214,1
8185,8262,2
8185,8263,2
8185,8650,11
8186,8479,7
8187,9670,40
8188,9790,44
8189,8437,6
8189,8975,20
8189,10475,63
8190,8574,9
8190,9018,21
8190,9574,37
8190,9943,48
8190,10188,55
8191,8574,9
8192,9543,36
8192,9874,46
8193,8274,2
8193,10194,55
8194,8804,15
8194,9877,46
8195,10196,55
8195,10447,62
8196,9312,29
8197,9479,34
8199,8915,18
8199,11101,81
8200,8403,5
8201,8360,4
8201,8811,15
8201,9104,23
8202,8362,4
8202,9137,24
8202,9179,25
8203,9452,33
8203,9742,42
8204,8286,2
8204,9069,22
8206,8594,9
8206,9709,41
8207,8673,11
8207,9039,21
8207,10111,52
8208,8511,7
8208,10205,55
8209,9328,29
8210,8512,7
8210,8782,14
8211,8563,8
8211,9358,30
8212,8423,5
8212,8893,17
8212,9221,26
8213,8608,9
8213,9081,22
8214,8341,3
8214,8342,3
8214,8375,4
8215,8530,7
8215,8688,11
8215,8971,19
8216,9570,36
8216,9668,39
8217,9267,27
8218,8573,8
8218,8938,18
8218,9726,41
8219,8689,11
8220,9127,23
8220,10054,50
8221,9053,21
8221,9399,31
8222,9984,48
8223,8732,12
8223,8761,13
8224,8269,1
8224,9234,26
8224,9373,30
8224,9501,34
8225,9272,27
8225,11118,81
8226,12016,113
8227,8536,7
8227,9203,25
8228,8539,7
8228,8734,12
8229,8354,3
8229,8843,15
8229,9375,30
8230,9407,31
8230,9444,32
8230,11098,80
8231,9478,33
8231,9911,46
8232,8700,11
8232,9445,32
8232,10911,74
8234,8701,11
8234,8847,15
8234,9801,43
8235,9737,41
8235,10067,50
8236,8549,7
8236,8881,16
8236,9376,30
8236,9740,41
8237,8284,1
8237,8321,2
8237,8322,2
8237,8361,3
8237,8405,4
8238,8363,3
8238,8405,4
8239,8707,11
8239,8919,17
8239,9804,43
8240,8364,3
8240,8460,5
8240,8775,13
8240,8955,18
8241,8366,3
8241,8776,13
8242,8292,1
8242,8293,1
8242,8460,5
8242,8555,7
8243,8555,7
8243,8709,11
8244,8957,18
8245,9248,26
8246,8465,5
8246,8597,8
8246,10296,57
8247,8415,4
8247,8994,19
8247,9074,21
8247,10817,71
8248,10077,50
8249,9516,34
8250,8781,13
8250,9149,23
8251,8827,14
8251,9075,21
8252,8299,1
8252,9385,30
8252,9599,36
8253,8330,2
8253,8331,2
8253,9219,25
8254,9152,23
8254,9153,23
8254,10044,49
8255,8677,10
8255,9152,23
8256,9155,23
8256,9387,30
8257,8515,6
8257,8718,11
8257,9357,29
8257,9524,34
8258,8604,8
8258,8965,18
8258,9188,24
8259,8719,11
8260,8682,10
8260,8786,13
8261,8340,2
8261,8523,6
8261,8830,14
8262,8373,3
8262,8375,3
8263,8898,16
8263,9193,24
8264,8936,17
8264,10308,57
8265,8870,15
8265,9197,24
8265,10094,50
8266,8797,13
8266,9198,24
8267,8483,5
8267,9371,29
8267,10760,69
8268,8871,15
8268,10022,48
8269,8314,1
8269,10659,66
8271,8802,13
8271,9060,20
8272,9544,34
8272,9701,39
8273,9060,20
8273,9347,28
8275,8769,12
8276,9350,28
8276,9652,37
8277,9311,27
8278,9176,23
8278,9206,24
8279,10226,54
8279,10289,56
8280,9450,31
8281,8883,15
8281,9480,32
8281,9704,39
8282,9136,22
8282,9586,35
8283,8454,4
8283,9278,26
8284,8322,1
8284,8452,4
8285,8405,3
8285,8453,4
8285,8740,11
8286,8456,4
8287,8324,1
8287,8458,4
8287,8704,10
8288,8775,12
8288,8953,17
8289,8589,7
8289,8815,13
8290,8459,4
8291,8365,2
8291,8776,12
8291,9182,23
8292,8411,3
8292,8461,4
8292,8499,5
8293,8411,3
8294,9109,21
8294,9629,36
8294,9855,43
8295,8746,11
8295,8779,12
8295,9777,41
8296,8416,3
8296,8673,9
8296,9039,19
8296,9711,39
8297,8824,13
8297,8960,17
8297,8994,18
8297,9074,20
8299,8676,9
8299,9924,45
8300,9002,18
8300,9329,27
8300,10785,69
8301,8332,1
8301,9558,34
8301,9689,38
8302,8470,4
8302,8783,12
8303,8472,4
8303,10675,66
8304,9005,18
8304,10269,55
8305,9008,18
8305,9045,19
8306,8339,1
8306,8567,6
8306,8610,7
8307,9463,31
8307,11054,77
8308,8935,16
8308,9394,29
8309,8435,3
8309,8868,14
8309,9230,24
8310,9198,23
8310,9231,24
8311,9370,28
8312,9165,22
8312,10022,47
8313,9437,30
8313,9537,33
8314,9501,32
8315,9171,22
8315,11243,83
8315,11909,106
8316,8734,10
8316,9237,24
8316,10905,72
8317,8579,6
8317,8661,8
8318,9349,27
8318,9545,33
8319,8913,15
8319,9621,35
8319,10105,49
8320,9772,40
8321,8398,2
8321,8584,6
8322,8403,2
8323,8951,16
8323,10168,51
8324,8363,1
8324,8704,9
8325,8596,6
8325,8713,9
8325,8993,17
8325,10146,50
8326,8674,8
8326,8891,14
8327,9597,34
8327,9749,39
8327,9922,44
8328,9000,17
8329,9151,21
8330,9600,34
8331,9154,21
8332,10205,52
8333,8828,12
8333,9389,28
8334,9253,24
8334,10209,52
8335,8857,13
8335,9220,23
8335,10081,48
8336,8679,8
8336,8717,9
8337,8679,8
8337,9156,21
8339,8372,1
8339,8610,6
8339,8788,11
8339,8832,12
8339,8931,15
8340,8568,5
8340,8898,14
8341,8376,1
8341,8476,3
8341,8525,4
8342,8376,1
8342,8650,7
8342,8651,7
8343,8431,2
8343,8616,6
8343,8866,13
8343,9264,24
8344,8378,1
8344,8433,2
8344,8793,11
8344,9694,37
8345,8432,2
8345,9366,27
8345,9570,33
8345,9784,40
8346,8532,4
8346,9616,34
8347,10056,47
8348,9369,27
8348,9790,40
8348,10188,51
8350,9201,22
8350,9577,33
8351,8733,9
8351,9907,43
8351,9948,44
8352,8978,16
8353,8537,4
8353,10163,50
8353,10364,56
8354,8845,12
8354,9796,40
8355,9063,18
8355,9176,21
8356,9241,23
8358,9447,29
8359,9552,32
8360,8880,13
8360,9277,24
8360,9849,41
8361,8405,1
8361,8584,5
8361,8666,7
8362,8406,1
8362,9680,36
8363,8495,3
8364,8410,1
8364,8496,3
8364,8499,3
8364,8852,12
8365,8921,14
8366,8818,11
8367,8672,7
8367,9811,40
8367,10076,47
8368,8505,3
8368,8956,15
8368,9324,25
8369,8959,15
8369,9287,24
8369,9964,44
8370,9111,19
8370,9384,27
8371,8641,6
8371,8929,14
8371,10266,53
8372,8565,4
8372,8647,6
8373,8426,1
8373,8524,3
8374,8427,1
8374,9460,29
8375,8476,2
8375,8524,3
8376,8477,2
8376,8526,3
8377,8793,10
8377,9694,36
8378,9431,28
8379,8867,12
8380,8754,9
8380,8867,12
8381,8795,10
8381,9728,37
8382,8436,1
8382,8620,5
8382,9016,16
8383,8532,3
8383,8621,5
8383,8974,15
8384,8757,9
8384,9231,22
8385,8873,12
8385,10359,55
8386,8874,12
8386,10518,59
8387,8578,4
8387,10481,58
8388,8662,6
8388,9099,18
8389,8804,10
8389,9990,44
8390,8486,2
8390,10104,47
8390,10399,56
8391,8767,9
8391,9172,20
8391,9992,44
8392,8629,5
8393,8630,5
8393,9207,21
8394,9954,43
8394,10224,51
8394,11041,74
8395,9274,23
8396,8583,4
8396,9031,16
8396,10132,48
8397,10065,46
8398,8450,1
8399,10136,48
8400,10289,53
8400,10329,54
8401,8586,4
8401,8947,14
8401,9243,22
8402,8771,9
8402,8810,10
8402,9771,38
8402,10262,52
8403,8452,1
8404,9068,17
8404,9137,19
8405,8666,6
8406,9034,16
8406,9105,18
8407,9852,40
8408,8497,2
8408,8954,14
8408,10072,46
8409,8554,3
8409,8774,9
8409,8921,13
8410,8461,1
8410,8499,2
8410,8852,11
8411,8462,1
8411,8503,2
8412,8818,10
8413,8593,4
8413,8595,4
8414,8505,2
8414,10144,48
8415,8923,13
8415,9595,32
8415,10372,55
8416,8557,3
8416,8889,12
8417,8995,15
8417,10001,44
8418,9457,28
8418,9687,35
8418,9817,39
8419,9859,40
8420,8855,11
8420,9002,15
8420,9329,24
8420,9386,26
8421,9660,34
8421,10045,45
8422,10007,44
8423,8644,5
8423,9662,34
8424,8521,2
8424,9606,32
8425,9116,18
8425,9360,25
8425,9721,36
8426,8609,4
8426,8721,7
8427,9083,17
8427,9258,22
8428,9565,31
8428,10792,66
8429,8652,5
8429,10155,48
8430,8530,2
8430,9337,24
8431,8724,7
8431,8837,10
8431,10868,68
8432,9366,25
8432,9613,32
8432,9666,34
8435,8618,4
8435,8869,11
8435,9342,24
8436,8689,6
8436,8940,13
8436,8973,14
8437,9730,36
8437,11147,77
8438,8759,8
8438,8797,9
8438,9941,42
8439,9165,19
8439,9646,33
8439,10760,65
8440,8695,6
8440,9021,15
8440,11742,97
8441,10191,49
8442,9131,18
8442,9471,28
8442,10160,48
8443,8763,8
8444,8542,2
8444,8802,9
8444,9238,21
8445,8765,8
8445,9025,15
8446,9546,30
8446,10105,46
8446,10519,58
8447,8946,13
8447,9878,40
8447,10401,55
8447,11717,96
8448,8630,4
8448,9507,29
8448,10523,58
8449,9065,16
8450,8584,3
8451,9482,28
8453,8550,2
8454,8631,4
8455,8632,4
8455,9035,15
8455,9279,22
8455,10227,50
8456,8494,1
8456,9069,16
8457,8917,12
8457,9319,23
8458,8851,10
8458,8884,11
8459,8590,3
8459,9071,16
8460,8499,1
8460,8500,1
8461,8503,1
8461,9108,17
8462,9073,16
8463,9886,40
8463,10263,51
8464,8820,9
8465,9038,15
8465,9111,17
8465,9456,27
8466,9250,21
8467,9597,31
8467,9747,36
8467,9749,36
8467,9888,40
8468,9326,23
8468,9859,39
8469,9488,28
8469,10150,47
8469,10674,62
8470,8930,12
8470,9390,25
8471,8679,5
8471,9331,23
8472,8857,10
8472,10787,65
8474,8786,8
8474,9225,20
8475,8788,8
8475,8897,11
8476,8569,2
8476,8648,4
8477,8525,1
8477,8570,2
8477,8933,12
8478,8616,3
8478,9568,30
8478,9901,40
8479,8573,2
8479,8938,12
8480,8757,7
8480,9535,29
8480,9836,38
8481,9165,18
8481,9645,32
8481,9646,32
8481,11003,71
8482,8760,7
8482,10316,52
8483,9675,33
8484,9021,14
8484,10025,43
8485,8762,7
8485,8840,9
8485,10160,47
8485,10191,48
8486,9310,22
8486,9473,27
8486,11459,86
8487,9101,16
8487,9474,27
8488,9445,26
8488,9769,36
8488,10944,69
8489,9273,21
8489,9652,32
8490,9550,29
8491,9242,20
8491,10402,54
8493,8741,6
8493,9626,31
8494,8952,12
8495,8553,1
8495,8704,5
8495,8884,10
8496,8775,7
8497,9513,28
8498,9352,23
8500,8555,1
8500,8709,5
8500,8955,12
8501,8708,5
8501,9416,25
8501,9683,33
8502,8670,4
8502,8710,5
8502,9353,23
8502,10171,47
8503,8992,13
8503,9073,15
8504,8922,11
8504,9592,30
8504,9811,37
8505,9417,25
8505,9555,29
8506,8995,13
8506,9712,34
8507,8558,1
8507,8890,10
8507,9217,19
8508,8559,1
8508,8960,12
8508,9517,28
8508,10714,62
8509,9149,17
8509,9516,28
8510,8601,2
8510,9519,28
8511,9041,14
8511,10043,43
8511,10114,45
8512,9114,16
8512,9660,32
8513,9003,13
8513,9389,24
8514,8717,5
8514,9423,25
8515,8643,3
8515,9079,15
8515,10342,52
8516,9004,13
8516,10538,57
8516,10889,67
8517,8564,1
8517,10608,59
8518,8606,2
8519,8719,5
8519,9289,21
8520,8894,10
8520,9289,21
8521,8607,2
8521,10301,51
8522,9045,14
8522,9752,35
8523,8568,1
8523,9118,16
8523,9293,21
8524,8648,3
8524,8721,5
8525,8569,1
8525,8864,9
8526,8570,1
8526,8651,3
8526,8722,5
8527,8792,7
8527,9463,26
8528,8934,11
8528,9364,23
8528,10307,51
8529,8835,8
8529,8934,11
8529,10718,62
8531,8726,5
8531,9015,13
8531,9301,21
8531,11204,77
8532,8621,2
8532,9466,26
8532,9791,36
8532,10095,44
8533,9400,24
8533,9731,34
8533,9946,40
8534,9054,14
8535,8763,6
8535,9132,16
8535,9441,25
8536,8658,3
8536,9024,13
8536,9345,22
8537,10763,63
8538,9346,22
8538,9873,38
8539,10364,52
8540,9346,22
8541,9989,41
8542,8735,5
8542,9059,14
8543,9098,15
8543,9842,37
8544,9347,22
8544,9545,28
8545,9026,13
8545,10062,43
8546,11651,92
8547,9204,18
8548,9031,13
8549,8916,10
8549,9066,14
8549,9376,23
8549,10331,51
8550,8740,5
8551,9413,24
8551,10033,42
8552,8848,8
8552,9707,33
8552,10486,55
8553,8952,11
8553,8989,12
8554,8814,7
8556,8596,1
8556,9039,13
8556,9711,33
8556,10145,45
8557,9515,27
8557,9711,33
8558,8823,7
8558,8891,9
8559,8926,10
8559,9818,36
8560,9600,29
8560,9632,30
8561,8892,9
8561,9077,14
8562,8716,4
8562,9114,15
8562,9523,27
8563,10416,53
8564,9717,33
8566,8831,7
8566,8896,9
8566,9526,27
8567,8610,1
8567,8682,3
8567,9293,20
8568,8863,8
8568,9294,20
8569,8649,2
8569,8685,3
8570,8791,6
8570,9336,21
8572,9571,28
8572,9668,31
8574,9018,12
8575,8760,5
8575,9233,18
8575,9869,37
8575,9870,37
8576,10433,53
8577,8696,3
8577,8944,10
8577,10728,61
8578,8735,4
8578,10695,60
8579,9543,27
8580,9239,18
8580,9406,23
8580,9876,37
8581,9910,38
8582,9030,12
8583,9509,26
8584,8702,3
8585,9243,18
8586,8809,6
8586,9276,19
8587,8987,11
8587,9624,29
8587,10595,57
8588,8772,5
8588,9453,24
8589,9107,14
8589,9805,35
8590,8851,7
8591,8706,3
8591,8852,7
8591,9181,16
8592,9142,15
8593,9110,14
8593,9710,32
8594,9355,21
8594,10533,55
8595,9110,14
8596,9630,29
8596,10237,47
8597,10713,60
8598,9112,14
8598,9250,18
8598,10374,51
8599,9076,13
8599,9185,16
8600,9000,11
8600,10297,49
8601,9356,21
8601,10240,47
8602,9151,15
8602,9631,29
8602,9925,38
8603,9330,20
8603,9458,24
8603,10115,43
8604,9043,12
8604,9525,26
8605,9080,13
8606,9425,23
8607,8748,4
8607,9255,18
8607,10460,53
8608,8787,5
8608,9046,12
8608,9361,21
8609,8750,4
8609,9008,11
8610,8686,2
8610,8832,6
8610,9084,13
8610,9118,14
8610,9564,27
8611,8833,6
8611,9011,11
8611,9083,13
8611,10463,53
8613,9529,26
8613,9641,29
8614,9337,20
8615,9337,20
8616,9432,23
8617,9831,35
8617,10720,60
8618,9125,14
8618,9230,17
8618,9572,27
8619,8729,3
8619,9093,13
8619,10998,68
8619,11239,76
8620,9016,11
8620,9535,26
8622,9401,22
8622,9944,38
8623,9305,19
8623,9497,25
8624,8692,2
8624,9946,38
8625,9164,15
8625,9498,25
8625,9674,30
8625,10874,64
8626,10735,60
8626,10767,61
8626,12130,108
8627,8844,6
8627,9134,14
8627,9651,29
8627,9795,34
8628,8768,4
8629,10105,42
8630,9351,20
8630,9846,35
8631,9278,18
8631,9626,28
8632,9070,12
8632,9774,33
8632,10368,50
8633,9211,16
8633,9453,23
8634,9590,27
8634,9884,36
8635,8743,3
8635,9628,28
8635,11279,77
8636,9036,11
8636,9628,28
8636,10531,54
8637,9355,20
8637,10143,43
8639,8996,10
8639,9185,15
8640,9326,19
8640,9385,21
8641,9251,17
8641,9860,35
8642,8930,8
8642,9926,37
8643,9524,25
8643,10417,51
8644,9221,16
8644,9602,27
8644,9716,31
8645,8785,4
8645,9006,10
8646,9190,15
8646,9561,26
8647,8788,4
8648,8685,1
8648,8862,6
8649,8864,6
8649,9010,10
8649,9157,14
8650,9193,15
8650,9462,23
8651,9297,18
8651,9462,23
8653,9229,16
8653,9866,35
8653,11644,89
8654,9303,18
8654,9835,34
8655,9018,10
8655,9200,15
8655,10097,41
8656,9200,15
8656,10097,41
8657,8800,4
8657,9235,16
8657,10513,53
8657,10903,64
8658,9441,22
8659,8764,3
8659,9203,15
8660,9842,34
8660,11246,75
8661,9348,19
8662,9025,10
8662,9374,20
8663,9313,18
8664,11460,82
8665,8702,1
8665,8740,2
8666,8702,1
8666,8740,2
8667,9957,37
8667,10329,48
8668,8987,9
8668,9139,13
8668,9511,24
8668,10485,52
8669,8775,3
8669,8953,8
8669,8955,8
8669,10037,39
8670,8817,4
8670,10140,42
8670,10142,42
8671,9284,17
8671,9378,20
8671,9917,36
8672,9380,20
8672,9856,34
8672,10671,57
8673,8889,6
8674,9326,18
8675,8714,1
8675,10297,47
8676,9385,20
8676,9965,37
8677,9218,15
8677,9387,20
8678,8715,1
8678,9391,20
8678,9558,25
8679,9459,22
8680,9080,11
8680,10889,63
8681,8860,5
8681,10417,50
8682,8968,8
8683,9258,16
8683,9360,19
8683,9526,24
8684,8751,2
8684,9335,18
8684,9361,19
8684,9692,29
8685,8862,5
8685,9010,9
8686,8863,5
8686,8932,7
8686,9084,11
8687,8790,3
8687,10275,46
8687,10501,52
8688,9431,21
8689,8796,3
8689,9050,10
8690,8977,8
8690,9945,36
8691,9053,10
8691,10551,53
8692,9232,15
8692,10511,52
8693,9020,9
8693,10098,40
8693,10588,54
8694,9764,31
8695,9469,22
8695,10057,39
8695,11869,96
8696,9793,32
8696,10359,48
8697,9134,12
8697,9406,20
8697,9651,27
8697,9876,34
8698,9134,12
8698,9406,20
8698,11099,69
8699,9062,10
8699,10910,63
8699,10911,63
8700,11276,75
8700,11403,79
8701,8879,5
8701,9847,33
8703,9317,17
8703,9851,33
8703,11278,75
8704,8884,5
8705,9180,13
8705,9959,36
8706,8988,8
8706,9415,20
8707,9142,12
8707,9776,31
8708,9072,10
8708,9554,24
8708,10141,41
8708,10708,57
8709,8816,3
8709,10073,39
8710,8853,4
8710,9627,26
8710,10630,55
8711,9285,16
8711,10263,45
8712,9145,12
8712,9379,19
8712,9381,19
8712,9454,21
8713,9286,16
8713,9920,35
8713,10457,50
8714,8997,8
8714,9040,9
8714,9858,33
8715,10007,37
8716,9521,23
8716,9522,23
8716,9661,27
8717,9188,13
8718,9189,13
8718,9491,22
8718,9927,35
8719,9043,9
8719,9718,29
8720,8749,1
8720,9606,25
8721,8750,1
8721,8862,4
8722,8791,2
8722,9119,11
8722,9297,16
8723,9047,9
8723,10543,52
8724,8866,4
8724,9013,8
8724,10183,42
8725,8753,1
8726,9124,11
8726,10870,61
8727,8754,1
8727,9495,22
8727,10353,47
8728,8755,1
8728,8838,3
8728,9051,9
8729,9303,16
8729,10584,53
8730,8760,1
8730,9232,14
8730,9869,33
8731,9792,31
8731,10023,37
8732,9201,13
8733,8762,1
8733,8840,3
8734,10364,47
8735,9059,9
8735,10287,45
8736,9909,34
8736,10767,58
8736,10768,58
8737,9102,10
8737,10367,47
8737,10400,48
8737,11216,72
8738,9032,8
8738,9209,13
8739,9278,15
8741,9033,8
8742,8849,3
8742,9139,11
8742,10071,38
8742,10485,50
8743,8817,2
8743,10142,40
8744,9283,15
8744,9514,22
8745,9746,29
8745,10599,53
8746,9657,26
8748,10009,36
8748,10862,60
8749,9290,15
8749,9334,16
8749,9562,23
8750,8969,6
8750,9224,13
8751,9753,29
8752,8901,4
8752,10349,46
8752,10544,51
8753,9267,14
8754,9195,12
8754,10756,57
8755,8972,6
8755,9049,8
8756,8795,1
8757,9867,32
8758,10056,37
8759,9052,8
8759,9435,19
8760,10617,53
8763,9952,34
8764,9541,22
8764,9677,26
8765,9098,9
8765,9442,19
8766,9239,13
8766,10194,41
8767,9478,20
8767,9911,33
8768,9174,11
8770,9879,32
8770,10979,63
8771,9276,14
8771,10070,37
8772,9625,24
8772,10292,44
8773,8849,2
8773,9414,18
8773,10071,37
8773,11125,68
8774,8814,1
8774,8921,4
8774,8989,6
8776,8818,1
8777,9214,12
8777,9285,14
8777,10493,49
8778,8957,5
8778,9284,14
8779,9657,25
8779,10711,55
8779,11413,77
8780,9383,17
8780,9962,34
8781,11224,71
8782,9660,25
8783,9331,15
8783,9390,17
8784,9633,24
8784,10152,39
8785,10269,43
8785,10499,49
8786,8968,5
8787,9256,13
8787,9291,14
8787,10118,38
8788,8931,4
8789,9012,6
8789,9192,11
8789,9753,28
8790,9429,18
8790,9636,24
8791,8899,3
8791,9261,13
8792,10830,58
8793,9784,29
8794,8938,4
8794,9571,22
8795,9981,34
8796,8868,2
8796,9302,14
8797,9868,31
8798,10098,37
8799,10191,40
8800,9344,15
8800,10318,44
8800,11343,74
8801,9022,6
8801,9234,12
8801,9373,16
8801,9950,33
8802,9472,19
8802,9582,22
8803,9908,32
8804,9795,29
8805,9910,32
8805,11099,66
8806,10065,36
8806,10847,58
8807,9447,18
8808,8880,2
8808,9275,13
8808,9412,17
8809,10137,38
8810,10070,36
8810,10333,44
8810,10701,54
8811,9483,19
8811,9511,20
8811,9849,30
8812,8949,4
8813,9320,14
8813,9554,21
8813,10776,56
8814,9141,9
8814,9280,13
8815,9107,8
8816,10854,58
8817,9885,31
8817,10171,39
8819,9109,8
8819,10144,38
8820,9249,12
8820,9486,19
8821,9216,11
8821,9712,26
8821,10175,39
8822,9111,8
8822,9456,18
8822,10001,34
8823,9217,11
8824,9857,30
8825,9519,20
8825,9713,26
8826,9000,5
8826,10297,43
8827,9924,32
8827,10149,38
8828,9631,23
8829,8894,2
8829,8967,4
8829,9780,28
8830,9009,5
8830,9293,13
8831,9259,12
8831,9460,18
8832,9362,15
8832,9664,24
8833,9826,29
8834,8900,2
8835,9363,15
8835,9639,23
8835,10686,53
8836,8937,3
8836,9013,5
8836,9829,29
8836,10865,58
8837,9013,5
8837,9829,29
8837,10388,45
8838,9017,5
8838,9049,6
8838,9368,15
8839,10973,61
8840,9539,20
8840,9907,31
8841,9841,29
8841,10129,37
8841,11400,75
8842,9346,14
8842,10130,37
8843,9099,7
8843,9583,21
8844,9135,8
8844,9877,30
8844,10195,39
8845,8876,1
8845,10846,57
8846,9209,10
8846,10132,37
8847,8879,1
8847,9314,13
8848,10228,40
8848,11814,90
8849,9706,25
8849,9958,32
8850,8918,2
8850,8954,3
8850,9775,27
8851,9071,6
8851,9140,8
8852,9108,7
8852,9916,31
8853,8991,4
8853,9997,33
8853,11280,71
8854,9629,22
8854,9885,30
8855,8928,2
8855,8961,3
8855,8999,4
8856,9559,20
8856,10786,55
8857,10637,51
8858,9221,10
8858,9333,13
8858,9716,25
8858,10268,41
8859,9222,10
8859,10344,43
8860,9690,24
8860,10345,43
8861,9690,24
8861,10010,33
8862,8969,3
8862,9117,7
8862,9226,10
8863,9085,6
8863,9118,7
8864,8933,2
8864,9260,11
8865,10155,37
8866,9299,12
8867,9195,9
8868,9433,16
8869,8974,3
8869,10838,56
8870,9094,6
8870,10159,37
8870,11303,71
8871,9792,27
8871,10552,48
8872,9675,23
8872,9947,31
8873,9470,17
8873,11628,82
8874,10322,42
8874,10518,47
8875,9876,29
8876,10165,37
8878,9585,20
8878,11179,67
8879,9032,4
8880,9955,31
8880,10290,41
8881,9881,29
8881,11349,72
8882,9480,17
8882,10069,34
8883,8950,2
8883,9553,19
8883,10198,38
8884,8921,1
8884,8989,3
8884,9140,7
8885,9214,9
8885,9416,15
8885,10109,35
8886,9143,7
8886,9284,11
8886,9378,14
8886,9918,30
8887,9592,20
8887,10143,36
8890,9184,8
8890,9814,27
8892,9328,12
8892,10176,37
8893,8966,2
8893,10925,58
8894,9970,31
8894,10242,39
8894,10300,41
8895,9191,8
8895,9223,9
8895,9605,20
8897,8931,1
8897,9082,5
8898,9294,11
8898,9527,18
8899,9119,6
8899,9120,6
8899,9638,21
8900,9430,15
8900,10158,36
8900,10308,41
8901,10753,53
8902,9571,19
8902,9668,22
8902,9725,24
8902,10870,56
8903,10353,42
8904,9616,20
8904,9944,30
8905,10282,40
8905,10478,45
8906,10436,44
8907,10317,41
8907,11627,81
8908,8979,2
8908,9987,31
8908,11593,80
8909,9236,9
8909,9502,17
8909,10662,50
8910,9096,5
8910,9405,14
8911,9101,5
8911,10064,33
8912,9273,10
8912,9477,16
8912,9678,22
8912,10366,42
8913,9176,7
8913,9206,8
8914,10226,38
8915,10327,41
8915,11248,68
8916,9066,4
8916,9913,29
8916,10291,40
8917,9588,19
8918,9852,27
8919,8987,2
8919,9139,6
8920,9213,8
8920,10880,56
8921,9140,6
8921,9182,7
8922,9354,12
8922,10039,32
8922,10456,44
8923,9145,6
8923,9381,13
8923,11018,60
8924,9886,28
8924,9887,28
8924,9963,30
8925,9487,16
8925,9557,18
8925,9747,24
8925,9888,28
8926,8996,2
8926,9818,26
8927,10265,39
8928,9001,2
8928,9002,2
8928,10046,32
8929,9489,16
8929,10206,37
8929,11129,64
8930,9862,27
8931,9362,12
8932,9085,4
8932,9295,10
8932,9428,14
8933,9336,11
8933,9493,16
8934,9363,12
8934,11138,64
8935,9121,5
8935,9494,16
8936,9641,20
8936,10752,52
8937,9161,6
8937,9783,25
8937,10251,38
8938,9614,19
8939,10545,46
8940,8973,1
8940,9050,3
8940,9643,20
8941,9644,20
8941,9939,29
8941,10689,50
8941,11171,65
8942,9730,23
8942,10094,33
8942,10722,51
8943,9467,15
8943,10899,56
8944,9271,9
8944,10728,51
8944,11066,61
8945,9767,24
8945,9843,26
8945,10443,43
8945,10666,49
8946,9508,16
8946,11217,66
8948,9587,18
8948,10168,35
8949,8985,1
8950,9279,9
8950,10227,37
8950,11372,71
8951,9138,5
8951,10773,52
8952,9069,3
8952,9280,9
8953,9319,10
8953,9995,30
8954,10139,34
8955,10073,32
8956,9248,8
8956,9593,18
8957,9382,12
8958,9816,25
8958,10077,32
8958,10712,50
8959,9040,2
8959,10000,30
8959,10042,31
8960,10078,32
8961,9001,1
8961,9421,13
8961,9891,27
8962,9388,12
8962,9489,15
8962,11357,70
8963,9078,3
8963,9601,18
8963,9893,27
8964,9391,12
8964,9558,17
8965,9392,12
8965,9525,16
8965,9928,28
8966,9006,1
8966,10677,49
8967,9116,4
8968,9225,7
8968,9293,9
8969,9117,4
8969,9292,9
8970,9298,9
8970,9755,23
8970,11559,77
8972,9341,10
8972,9788,24
8973,9016,1
8973,9697,21
8974,9466,14
8974,10897,55
8975,9761,23
8975,11148,63
8976,9399,12
8976,10356,40
8977,10096,32
8977,11451,73
8978,9537,16
8978,9538,16
8979,9841,25
8980,10803,52
8981,9952,28
8981,10662,48
8982,10326,39
8982,11846,87
8983,9062,2
8983,9240,7
8983,10558,45
8983,10769,51
8984,10261,37
8984,12075,96
8985,9957,28
8986,9106,3
8986,9705,21
8986,11721,82
8988,9138,4
8988,10527,44
8989,9280,8
8990,9212,6
8990,9247,7
8990,9744,22
8990,10108,32
8991,9247,7
8991,9627,18
8991,9744,22
8992,9108,3
8992,9745,22
8992,10491,43
8993,9630,18
8993,9813,24
8993,9920,27
8994,9857,25
8994,10372,40
8995,10858,53
8996,9921,27
8997,9688,20
8997,9889,26
8997,10917,55
8998,9328,9
8998,10204,35
8998,10413,41
8999,9327,9
8999,9386,11
8999,9891,26
9001,9187,5
9001,9822,24
9002,11731,82
9003,10241,36
9003,10675,48
9004,9824,24
9005,10859,53
9005,11325,68
9006,10499,43
9007,9604,17
9007,9634,18
9008,9224,6
9008,9720,21
9009,9225,6
9010,9226,6
9010,10274,37
9011,9781,23
9011,9826,24
9011,10348,39
9012,9608,17
9012,10154,33
9012,10305,38
9013,10384,40
9014,9048,1
9014,9087,2
9014,9122,3
9014,9162,4
9014,9465,13
9014,9530,15
9014,9531,15
9014,9724,21
9015,9669,19
9015,10310,38
9015,11487,73
9016,9532,15
9016,9727,21
9016,9983,28
9017,9051,1
9017,9304,8
9017,9673,19
9018,9129,3
9019,9645,18
9019,9763,22
9019,10657,47
9019,11003,57
9020,9436,12
9020,9984,28
9021,10057,30
9022,9308,8
9022,9404,11
9022,9871,25
9022,9950,27
9022,10193,34
9023,9540,15
9023,11067,59
9023,11213,64
9024,9203,5
9024,9700,20
9024,10059,30
9025,9442,12
9025,9736,21
9026,9474,13
9026,10446,41
9027,9476,13
9027,10064,30
9028,9273,7
9028,9477,13
9028,9547,15
9028,9800,23
9029,9177,4
9030,9954,27
9031,9208,5
9032,9847,24
9033,9278,7
9033,9626,17
9034,9680,19
9034,9915,26
9034,10525,43
9035,9774,22
9035,9914,26
9036,9708,20
9036,9709,20
9037,9419,11
9037,10041,29
9037,10815,51
9037,10857,52
9038,10076,30
9038,10203,34
9039,10782,50
9040,10917,54
9041,9598,16
9041,9750,21
9041,9967,27
9042,9717,20
9042,10573,44
9043,9560,15
9044,9561,15
9044,10419,40
9045,9720,20
9045,10346,38
9046,9081,1
9046,9291,7
9047,9160,3
9047,10991,56
9048,9123,2
9048,9339,8
9048,9724,20
9048,10186,33
9049,9788,22
9049,10313,37
9050,9302,7
9050,9672,18
9051,10093,30
9052,9617,16
9052,9760,21
9053,9905,25
9053,10315,37
9054,9200,4
9055,10024,28
9055,10901,53
9055,11240,64
9056,10514,42
9056,11713,80
9057,10803,50
9057,11065,58
9057,11627,77
9058,9403,10
9058,9949,26
9058,10058,29
9058,11270,65
9059,9238,5
9059,9503,13
9059,10259,35
9059,10765,49
9060,9582,15
9060,10131,31
9061,9703,19
9061,10445,40
9061,10557,43
9061,11215,63
9062,9798,22
9062,10622,45
9062,10910,53
9062,11498,72
9063,9549,14
9063,9621,16
9063,10521,42
9064,10447,40
9065,9351,8
9065,9846,23
9066,9880,24
9067,10136,31
9067,11014,56
9068,9552,14
9068,9623,16
9069,9322,7
9070,9682,18
9070,10200,33
9070,10368,38
9071,9182,3
9072,9416,10
9072,10109,30
9072,10855,51
9073,9591,15
9073,9745,20
9074,10078,29
9074,11470,71
9075,10149,31
9076,9151,2
9076,9890,24
9077,10176,32
9077,10605,44
9079,9254,5
9079,11132,60
9080,10678,46
9082,9192,3
9082,9362,8
9083,9227,4
9084,9428,10
9084,9564,14
9085,9294,6
9085,9722,19
9086,10830,50
9086,11231,63
9087,9263,5
9087,9365,8
9087,9530,13
9088,9123,1
9088,9339,7
9088,9367,8
9088,9978,26
9089,10545,42
9090,9726,19
9090,11989,90
9090,12268,101
9091,9981,26
9091,10353,37
9091,10971,54
9092,9125,1
9092,9572,14
9092,9832,22
9092,9903,24
9093,9937,25
9093,10934,53
9093,11966,89
9094,9128,1
9094,9197,3
9094,9762,20
9095,9839,22
9095,10433,39
9095,11520,72
9096,10322,36
9097,9874,23
9097,9989,26
9097,12384,106
9098,9542,13
9098,11176,61
9099,9374,8
9099,9875,23
9100,10062,28
9100,10444,39
9101,9845,22
9101,10103,29
9102,9912,24
9102,11651,77
9104,9277,5
9104,9624,15
9104,10738,47
9105,9915,24
9105,10033,27
9106,9321,6
9106,10107,29
9106,12387,106
9107,9213,3
9107,10529,41
9108,9854,22
9109,9417,9
9110,9144,1
9111,10296,35
9112,10536,41
9112,11077,57
9113,9820,21
9113,9922,24
9114,9521,12
9114,10045,27
9115,9223,3
9115,9605,14
9115,10047,27
9115,10574,42
9116,9780,20
9116,9971,25
9117,9257,4
9117,9393,8
9118,9293,5
9119,9159,1
9119,9297,5
9120,9159,1
9120,9610,14
9120,9723,18
9122,9263,4
9122,9465,10
9122,10250,33
9123,9531,12
9123,10185,31
9124,9301,5
9124,11989,89
9125,9342,6
9125,10721,46
9126,9269,4
9126,9497,11
9126,9940,24
9126,11209,61
9127,10314,35
9127,10356,36
9128,9398,8
9128,9762,19
9128,10689,45
9129,9574,13
9129,9838,21
9129,10097,28
9130,9170,1
9130,9985,25
9130,11006,54
9130,11566,73
9131,9539,12
9131,10480,39
9131,11242,62
9132,9952,24
9132,10441,38
9132,11011,54
9133,9844,21
9133,11177,60
9133,11273,63
9134,10195,31
9135,9505,11
9135,9678,16
9135,10366,36
9136,9625,14
9136,9850,21
9137,9623,14
9137,10946,52
9138,10773,47
9139,9804,20
9140,9182,1
9141,9322,5
9142,9352,6
9143,9961,24
9143,10567,41
9143,10740,46
9144,9249,3
9144,9710,17
9145,9595,13
9145,10534,40
9146,10144,29
9147,9487,10
9147,9557,12
9147,9815,20
9147,11355,65
9148,9420,8
9148,9713,17
9149,9687,16
9149,11224,61
9150,9420,8
9150,11077,56
9150,11108,57
9151,10113,28
9152,9218,2
9152,10264,33
9153,10674,44
9154,9219,2
9154,9520,11
9155,10377,36
9155,10571,41
9156,9459,9
9156,10344,35
9157,9260,3
9157,9665,15
9157,10274,33
9158,9565,12
9158,9826,20
9158,10989,53
9159,9262,3
9159,9528,11
9160,10718,45
9160,11580,73
9161,9194,1
9161,9783,19
9161,11028,54
9162,10279,33
9162,10578,41
9163,9265,3
9163,9786,19
9163,10015,25
9164,10357,35
9164,11339,64
9165,10220,31
9165,11003,53
9166,9764,18
9166,10254,32
9167,9370,6
9168,9906,22
9168,10316,34
9169,9948,23
9169,10939,51
9170,9907,22
9170,9948,23
9170,11115,57
9171,10439,37
9171,11713,77
9172,9911,22
9172,10482,38
9172,10770,46
9173,9407,7
9173,10879,49
9174,9506,10
9175,9550,11
9175,11524,70
9175,11651,75
9176,9621,13
9177,9206,1
9178,9772,18
9178,10403,36
9179,9680,15
9179,9681,15
9179,10946,51
9180,10595,41
9180,11250,61
9181,9415,7
9181,9916,22
9181,10488,38
9183,9215,1
9183,9919,22
9183,10916,50
9184,9384,6
9184,10713,44
9185,9890,21
9185,9921,22
9186,9923,22
9186,10888,49
9187,9421,7
9187,9422,7
9187,9861,20
9187,9892,21
9187,10177,29
9188,9423,7
9188,9928,22
9189,9524,10
9189,9603,12
9189,10117,27
9190,9752,17
9190,10271,32
9191,9691,15
9191,10244,31
9192,9933,22
9192,10154,28
9193,9527,10
9193,9976,23
9194,9569,11
9194,10122,27
9194,10251,31
9195,9340,4
9196,9535,10
9196,9836,19
9196,9938,22
9196,10652,42
9197,9644,13
9197,10689,43
9198,9868,20
9198,10019,24
9199,10159,28
9199,10475,37
9199,11589,72
9201,9577,11
9201,10877,48
9202,9440,7
9202,9872,20
9203,9541,10
9204,9478,8
9205,9547,10
9205,9800,18
9206,9446,7
9207,9408,6
9207,9846,19
9208,10132,27
9209,9509,9
9209,9847,19
9210,9482,8
9210,10849,47
9211,9805,18
9211,10852,47
9212,9512,9
9212,9882,20
9212,10169,28
9213,11158,57
9214,11283,61
9215,9684,14
9215,11603,72
9216,9419,6
9216,10174,28
9216,10857,47
9217,9814,18
9218,9821,18
9218,10298,32
9219,9600,11
9219,10572,39
9220,10081,25
9220,10377,34
9221,10925,49
9222,10608,40
9222,10860,47
9223,10010,23
9224,9292,2
9224,10211,29
9225,9293,2
9226,9257,1
9226,9932,21
9227,9258,1
9227,9360,4
9227,10463,36
9228,10310,32
9228,10869,47
9228,11031,52
9228,11487,67
9229,9396,5
9229,11620,72
9230,9433,6
9230,9833,18
9231,9867,19
9231,10019,23
9232,11367,63
9233,9733,15
9233,10876,47
9233,11004,51
9234,11307,61
9234,11494,67
9235,9402,5
9235,10438,35
9235,11343,62
9236,9649,12
9236,10192,28
9236,11872,81
9237,10163,27
9237,10364,33
9237,11545,69
9238,9472,7
9238,9766,16
9239,9768,16
9240,9504,8
9240,9703,14
9240,10622,40
9241,9479,7
9242,9409,5
9242,10847,46
9244,9316,2
9244,9450,6
9245,10849,46
9245,11721,75
9246,9588,10
9246,9775,16
9246,10230,29
9247,9997,22
9247,10564,38
9248,9418,5
9248,10409,34
9249,10172,27
9249,10234,29
9250,10952,49
9252,9599,10
9252,9859,18
9253,9823,17
9253,10676,41
9254,11701,74
9255,9930,20
9255,10301,31
9255,10462,35
9256,9427,5
9256,9897,19
9256,10245,29
9257,9359,3
9257,9663,12
9258,9460,6
9260,9493,7
9260,9665,12
9261,9336,2
9261,9638,11
9261,9863,18
9262,9610,10
9262,9611,10
9262,9934,20
9263,9612,10
9263,10088,24
9264,9432,5
9264,10868,46
9264,11200,57
9265,9667,12
9265,9758,15
9266,9300,1
9266,9367,3
9266,9978,21
9266,10798,44
9268,9670,12
9268,9830,17
9268,12041,87
9269,10355,32
9269,10999,50
9269,11172,56
9270,9536,8
9270,10975,49
9270,11493,66
9270,12073,88
9271,10659,40
9271,12498,106
9272,10396,33
9272,10940,48
9273,9652,11
9273,9800,16
9274,9408,4
9275,10290,30
9275,10698,41
9276,10137,25
9277,9956,20
9277,10290,30
9279,9914,19
9279,10198,27
9280,9322,1
9281,9590,9
9281,10408,33
9281,10489,35
9281,11125,54
9282,9883,18
9282,10455,34
9283,9917,19
9283,10232,28
9284,9382,3
9285,9325,1
9285,11507,66
9286,9684,12
9286,10712,41
9286,11509,66
9287,10175,26
9288,9520,7
9288,10497,35
9288,10958,48
9289,9718,13
9289,10242,28
9290,9427,4
9290,10245,28
9291,10245,28
9292,9393,3
9292,10243,28
9294,9492,6
9295,9609,9
9295,9722,13
9295,9754,14
9296,9636,10
9296,9637,10
9296,11478,65
9297,9528,7
9297,9782,15
9297,9828,16
9298,10349,31
9299,9693,12
9299,10183,26
9299,10832,44
9300,9642,10
9300,9865,17
9300,10390,32
9301,9669,11
9301,12194,92
9302,9433,4
9302,9834,16
9303,10872,45
9303,11301,59
9304,9368,2
9304,9534,7
9304,9904,18
9305,9400,3
9305,10656,39
9306,9468,5
9306,10551,36
9307,9985,20
9307,10190,26
9307,10478,34
9307,11006,49
9308,9676,11
9308,9699,12
9308,10619,38
9309,11714,73
9309,12015,85
9310,9650,10
9310,11547,67
9310,11650,71
9311,9445,4
9311,9769,14
9312,9800,15
9314,9801,15
9314,10106,23
9315,10106,23
9315,10561,36
9316,9742,13
9316,11464,64
9317,10137,24
9317,10450,33
9318,9483,5
9318,9511,6
9318,10485,34
9318,10702,40
9319,9588,8
9320,9452,4
9320,10596,37
9321,10407,32
9321,10629,38
9321,11549,67
9323,10140,24
9323,10142,24
9323,10707,40
9323,10709,40
9324,9555,7
9324,9593,8
9324,11220,56
9325,10493,34
9325,10915,46
9325,11380,61
9326,10920,46
9327,9819,15
9327,10079,22
9327,10339,30
9328,10340,30
9329,10005,20
9329,10239,27
9330,10005,20
9330,10888,45
9331,9459,4
9331,10208,26
9332,10007,20
9333,10343,30
9333,10638,38
9333,10925,46
9334,9426,3
9334,9427,3
9334,9896,17
9335,9825,15
9335,10118,23
9335,10464,33
9336,10276,28
9338,9785,14
9338,10014,20
9338,10184,25
9338,10687,39
9339,10186,25
9339,11236,56
9340,10545,35
9340,10756,41
9341,9671,10
9341,11237,56
9342,10838,43
9342,11146,53
9343,9500,5
9343,9906,17
9343,10128,23
9343,12072,86
9344,9537,6
9344,9538,6
9344,12047,85
9345,9441,3
9345,9700,11
9345,11521,65
9346,9873,16
9347,10131,23
9347,10592,36
9349,10444,32
9349,10668,38
9350,9505,5
9350,9678,10
9351,9507,5
9352,9776,13
9352,10408,31
9353,9627,8
9353,10140,23
9353,11466,63
9354,9811,14
9354,10492,33
9354,10532,34
9355,10533,34
9356,9519,5
9356,10376,30
9356,10887,44
9357,9927,17
9357,10342,29
9357,10958,46
9358,9424,2
9358,10416,31
9359,9607,7
9359,9932,17
9359,9972,18
9360,10541,34
9361,10118,22
9362,9933,17
9363,10277,27
9363,11197,54
9364,10793,41
9365,9612,7
9365,10014,19
9365,10184,24
9366,11201,54
9366,11264,56
9367,10185,24
9367,10390,30
9368,9615,7
9368,10313,28
9369,9573,6
9369,10020,19
9371,9675,9
9371,9947,17
9371,10394,30
9372,9470,3
9372,10877,43
9372,11308,57
9373,9871,15
9373,10659,37
9374,9736,11
9374,10398,30
9375,9583,6
9375,9796,13
9375,10063,20
9376,11349,58
9377,9850,14
9377,10451,31
9377,10627,36
9378,10567,34
9378,11070,49
9379,9485,3
9379,9556,5
9379,9656,8
9380,10235,25
9380,10410,30
9380,11187,53
9381,9556,5
9381,11323,57
9382,9918,16
9383,9857,14
9383,11526,64
9384,10296,27
9385,10920,44
9386,9819,13
9386,10239,25
9387,9821,13
9387,10571,34
9388,10786,40
9389,9631,7
9389,10241,25
9390,9862,14
9390,10208,24
9391,10007,18
9392,10380,29
9392,10498,32
9392,11078,49
9393,9663,8
9393,10178,23
9394,9464,2
9394,9494,3
9395,9671,8
9395,10017,18
9395,10126,21
9396,10688,37
9396,11644,68
9396,12248,91
9397,9831,13
9397,9936,16
9397,11805,74
9398,10021,18
9398,10758,39
9398,11211,53
9399,9905,15
9399,11587,66
9400,10616,35
9400,11112,50
9401,10899,43
9401,11036,47
9402,9439,1
9402,10513,32
9402,10729,38
9403,11010,46
9403,11067,48
9404,9676,8
9404,10028,18
9404,10193,23
9405,10322,27
9406,9768,11
9407,10812,40
9409,10065,19
9410,9801,12
9410,10979,45
9411,10066,19
9411,10327,27
9412,9738,10
9412,9955,16
9413,9802,12
9413,11180,52
9414,9706,9
9414,10453,30
9414,10528,32
9415,10527,32
9415,10913,43
9416,10455,30
9417,9855,13
9417,10144,21
9418,9746,10
9418,10409,29
9419,10175,22
9419,10411,29
9420,10458,30
9420,11050,47
9421,9861,13
9421,10375,28
9422,9714,9
9422,10414,29
9422,10744,38
9423,9523,3
9424,10573,33
9424,11417,59
9425,9779,11
9425,10009,17
9426,9562,4
9426,9635,6
9426,10542,32
9427,9563,4
9428,9754,10
9428,9827,12
9429,10119,20
9429,10501,31
9429,11420,59
9430,9464,1
9430,10012,17
9431,9694,8
9432,9901,14
9432,11761,71
9433,9980,16
9434,9729,9
9434,10253,24
9434,11034,46
9434,12044,82
9435,9760,10
9435,9941,15
9435,10937,43
9436,10281,25
9436,10588,33
9436,11626,66
9437,9577,4
9437,10318,26
9438,10027,17
9438,10191,22
9439,9618,5
9439,10977,44
9439,11308,55
9440,10360,27
9440,12015,81
9441,10441,29
9442,9542,3
9442,10164,21
9443,9797,11
9443,10102,19
9443,10697,36
9443,12131,85
9444,10768,38
9444,10812,39
9444,12348,94
9448,9771,10
9448,12690,110
9449,9587,4
9449,10135,20
9449,10625,34
9450,9802,11
9450,11464,60
9451,9481,1
9451,9483,1
9451,10334,26
9451,10702,36
9451,11406,58
9451,11689,68
9452,10704,36
9453,10292,25
9453,10852,40
9454,9656,6
9454,10534,31
9454,10741,37
9455,9657,6
9455,9918,14
9455,10711,36
9456,10203,22
9456,10412,28
9457,9686,7
9457,9777,10
9458,9521,2
9458,10045,17
9459,10747,37
9460,9526,2
9461,9608,4
9461,9898,13
9461,10305,25
9461,11053,46
9462,9782,10
9462,9976,15
9463,10830,39
9463,11386,57
9464,9756,9
9465,10468,29
9465,10578,32
9466,10474,29
9466,11395,57
9467,10098,18
9467,11839,73
9468,10096,18
9469,9499,1
9469,10554,31
9469,11429,58
9470,11842,73
9471,10480,29
9471,10940,42
9472,10030,16
9472,10325,25
9473,9650,5
9473,10326,25
9474,9845,11
9474,10845,39
9475,9504,1
9475,9703,7
9475,11215,51
9475,12414,96
9476,11274,53
9476,11275,53
9477,9799,10
9477,11765,70
9480,9553,2
9481,10032,16
9481,10167,20
9481,11406,57
9482,9679,6
9482,10772,37
9483,11249,52
9484,9807,10
9484,10407,27
9484,10629,33
9484,11850,73
9485,9810,10
9485,9998,15
9485,9999,15
9486,10111,18
9486,10172,20
9487,10004,15
9487,11190,50
9488,10265,23
9488,10634,33
9489,11163,49
9490,10209,21
9490,10416,27
9491,9633,4
9491,10117,18
9491,10538,30
9492,9527,1
9492,9722,7
9492,9975,14
9493,9665,5
9493,10276,23
9494,9756,8
9495,9936,13
9495,10756,36
9496,9789,9
9496,9832,10
9496,9903,12
9496,10429,27
9497,10656,33
9498,9575,2
9498,10587,31
9498,11088,46
9499,10099,17
9499,10727,35
9499,11517,60
9500,10189,20
9500,11543,61
9501,10025,15
9501,11241,51
9501,11307,53
9502,10192,20
9502,11008,43
9502,12047,80
9503,9766,8
9503,10060,16
9503,10259,22
9504,10769,36
9504,12074,81
9505,9877,11
9506,9547,1
9507,10736,35
9508,9551,1
9509,10132,18
9510,9739,7
9510,9848,10
9510,10032,15
9510,11315,53
9512,9655,4
9512,9743,7
9512,10562,30
9513,10072,16
9513,10854,38
9514,9884,11
9514,10232,21
9515,10237,21
9515,10535,29
9516,9687,5
9517,9748,7
9517,9818,9
9517,11160,48
9518,9659,4
9518,9748,7
9518,10147,18
9518,10604,31
9519,11050,44
9520,10572,30
9521,10115,17
9522,9968,13
9522,10080,16
9522,10115,17
9523,9661,4
9523,9928,12
9524,11194,49
9525,9560,1
9525,10380,25
9527,10085,16
9528,9934,12
9528,9977,13
9529,9567,1
9529,10121,17
9530,10184,19
9530,10893,39
9531,10279,22
9531,11390,55
9532,9727,6
9532,10430,26
9532,10510,28
9533,9938,12
9533,10651,32
9533,10652,32
9533,11086,45
9534,9615,2
9534,10018,14
9534,10935,40
9535,9983,13
9536,10358,24
9536,10434,26
9536,11681,65
9537,10318,23
9538,11909,73
9539,10160,18
9539,11091,45
9540,12523,99
9541,10059,15
9541,11214,49
9542,10221,20
9542,10365,24
9543,9844,9
9544,10735,34
9544,12413,94
9545,10592,30
9545,10668,32
9546,9992,13
9546,10623,31
9546,12254,87
9547,9799,8
9549,11040,43
9549,12232,86
9550,10401,25
9551,9770,7
9551,11217,49
9553,10069,15
9553,11372,54
9554,11321,52
9555,9855,9
9555,10338,23
9556,9998,13
9556,10672,32
9557,9596,1
9557,10951,40
9558,9689,4
9559,9715,5
9560,9718,5
9560,10679,32
9561,10271,21
9561,10963,40
9562,9606,1
9562,9895,10
9563,9896,10
9563,9897,10
9563,10500,27
9564,9664,3
9564,9827,8
9565,10306,22
9565,11759,67
9566,10155,17
9566,10793,35
9567,9641,2
9567,11139,46
9567,12316,89
9568,9613,1
9568,9666,3
9569,10350,23
9569,10754,34
9569,11056,43
9570,10469,26
9570,11264,50
9571,9614,1
9572,9833,8
9572,10311,22
9573,10056,14
9574,9761,6
9574,11113,45
9575,10759,34
9575,10874,37
9575,11303,51
9576,10282,21
9576,10479,26
9576,10761,34
9577,10903,38
9578,9647,2
9578,9794,7
9578,9986,12
9578,10161,17
9579,11118,45
9579,12016,77
9580,10666,31
9580,11648,63
9580,12523,98
9581,10130,16
9581,11523,58
9582,10325,22
9582,10667,31
9583,9875,9
9583,10260,20
9584,9621,1
9584,10105,15
9584,10519,27
9584,10521,27
9585,10561,28
9585,11719,65
9586,9772,6
9586,9881,9
9586,10403,24
9587,10700,32
9587,11317,51
9588,9995,12
9589,10034,13
9589,10036,13
9589,11183,47
9589,11656,63
9590,9996,12
9591,9710,4
9591,10110,15
9592,10039,13
9592,11410,54
9593,10409,24
9593,10598,29
9594,9961,11
9594,10494,26
9594,10740,33
9594,11072,43
9595,10173,17
9595,10817,35
9596,10294,21
9596,10295,21
9596,11355,52
9597,10148,16
9597,10570,28
9598,9966,11
9598,10043,13
9598,10602,29
9599,10920,38
9600,10415,24
9601,9967,11
9601,10006,12
9601,10605,29
9602,9662,2
9602,10639,30
9602,11327,51
9603,9969,11
9603,11194,47
9603,11328,51
9604,9662,2
9604,10748,33
9605,10244,19
9605,10641,30
9606,10301,21
9607,10048,13
9607,10082,14
9607,10304,21
9608,10611,29
9608,11026,41
9609,9974,11
9609,10181,17
9609,10214,18
9610,9640,1
9610,10647,30
9611,9864,8
9611,9900,9
9611,10647,30
9612,10385,23
9612,10866,36
9613,9784,6
9614,10870,36
9615,9982,11
9615,10972,39
9616,10095,14
9616,10477,25
9617,9942,10
9617,9945,10
9617,12070,78
9618,9648,1
9618,10729,32
9618,11092,43
9619,10222,18
9619,10445,24
9619,10557,27
9619,12204,83
9620,11275,49
9622,10945,38
9622,11014,40
9623,9705,3
9624,11373,52
9625,10851,35
9627,11550,58
9628,11046,41
9628,11691,63
9629,10949,38
9629,11252,48
9630,10145,15
9630,10202,17
9631,10745,32
9632,10415,23
9632,10715,31
9633,9824,6
9633,9927,9
9634,10419,23
9634,10748,32
9635,9895,8
9635,10084,13
9635,10302,20
9636,11420,53
9637,10182,16
9637,11385,52
9638,9723,3
9638,10157,15
9639,10277,19
9639,10717,31
9639,11778,66
9640,9723,3
9640,9899,8
9640,11482,55
9641,11446,54
9642,9696,2
9642,9757,4
9642,10090,13
9643,9672,1
9643,9697,2
9643,10509,25
9644,10094,13
9644,11492,55
9645,11088,42
9645,11366,51
9646,10587,27
9646,11088,42
9647,9734,3
9647,9986,10
9647,9988,10
9648,10660,29
9648,10977,38
9648,11244,47
9649,10905,36
9650,10061,12
9650,12274,85
9651,9702,2
9651,9990,10
9652,9678,1
9653,11041,40
9654,9848,6
9654,9993,10
9654,10032,11
9654,10167,15
9655,9803,5
9655,10775,32
9655,11015,39
9656,9999,10
9656,11071,41
9658,9819,5
9658,10003,10
9658,10079,12
9658,10784,32
9659,10238,17
9659,10496,24
9659,10742,31
9660,10045,11
9661,9968,9
9661,11078,41
9662,11291,48
9663,9972,9
9663,10420,22
9664,9933,8
9664,10248,17
9665,10120,13
9665,10180,15
9665,10576,26
9665,10828,33
9665,10930,36
9666,9901,7
9666,11201,45
9667,10051,11
9667,10123,13
9668,10469,23
9669,9902,7
9669,12451,92
9670,10800,32
9671,11237,46
9672,9834,5
9672,10582,26
9673,9904,7
9673,10093,12
9673,10393,21
9674,10394,21
9674,10587,26
9676,9951,8
9676,10256,17
9677,11214,45
9677,11246,46
9679,10069,11
9679,10912,35
9680,10774,31
9681,10705,29
9681,10774,31
9681,10981,37
9682,9808,4
9682,11725,62
9682,11815,66
9683,9883,6
9683,10455,22
9684,10916,35
9684,10984,37
9685,9887,6
9685,10952,36
9686,9817,4
9686,11076,40
9686,11695,61
9687,11698,61
9688,9858,5
9688,9923,7
9689,10006,9
9689,10205,15
9690,9929,7
9690,10574,25
9691,9973,8
9691,10247,16
9692,9753,2
9692,10464,22
9692,10892,34
9693,10121,12
9693,11618,58
9695,10869,33
9695,10894,34
9695,11031,38
9695,11058,39
9696,9865,5
9696,10016,9
9696,10091,11
9697,9727,1
9697,10547,24
9698,9732,1
9698,10219,15
9698,10476,22
9699,9794,3
9699,9951,7
9699,10161,13
9700,10907,34
9700,11311,47
9701,10942,35
9701,11313,47
9701,12413,89
9702,9876,5
9703,12596,97
9704,10198,14
9705,10107,11
9705,10946,35
9706,9773,2
9706,11043,38
9707,10369,19
9707,11814,65
9708,10039,9
9708,10531,23
9708,11410,50
9709,10533,23
9709,11410,50
9710,10234,15
9711,10237,15
9712,10174,13
9712,10858,32
9713,11050,38
9714,9778,2
9714,9892,5
9714,10299,17
9715,10786,30
9715,10859,32
9716,10008,8
9716,10639,26
9717,10608,25
9717,11226,44
9718,10788,30
9719,10009,8
9719,10418,20
9719,10825,31
9719,10862,32
9720,10211,14
9720,10539,23
9721,9971,7
9721,10540,23
9721,10541,23
9722,10214,14
9723,10157,12
9724,10893,33
9724,11424,50
9725,10469,21
9725,11204,43
9725,11736,61
9726,9866,4
9726,9935,6
9727,10312,17
9728,9981,7
9728,10872,32
9729,9939,6
9729,10055,9
9729,11586,56
9730,11866,66
9731,10616,25
9731,10974,35
9731,11304,46
9732,10586,24
9732,11305,46
9733,11173,42
9733,11341,47
9733,11517,53
9734,10437,20
9734,10512,22
9734,10690,27
9735,10324,17
9735,12454,90
9735,12594,96
9736,10164,12
9736,10809,30
9737,11247,44
9737,11913,67
9738,10133,11
9738,10328,17
9739,10737,28
9739,11100,39
9739,11102,39
9740,10331,17
9740,10627,25
9741,9803,2
9741,10484,21
9741,10524,22
9741,10850,31
9742,10704,27
9742,12022,72
9743,9994,7
9743,10169,12
9743,11015,36
9744,9882,4
9744,11550,54
9745,10110,10
9745,11377,48
9746,10040,8
9746,11322,46
9747,10004,7
9747,10602,24
9748,10714,27
9748,11020,36
9749,10043,8
9749,10602,24
9750,9966,6
9750,10340,17
9750,10635,25
9751,9968,6
9751,10080,9
9751,10962,34
9751,11021,36
9752,10346,17
9752,11024,36
9753,10305,16
9754,9974,6
9754,10502,21
9755,11231,43
9755,11800,63
9756,10012,7
9757,10089,9
9757,10090,9
9757,10390,18
9758,10015,7
9758,10123,10
9758,10391,18
9759,10545,22
9759,10756,28
9760,9942,5
9760,10655,25
9761,9943,5
9761,10475,20
9762,10759,28
9762,11211,42
9762,11303,45
9762,11366,47
9763,9837,2
9763,11002,35
9763,11678,58
9764,9947,5
9765,9793,1
9765,10359,17
9765,10802,29
9765,11936,67
9766,9953,5
9766,10030,7
9767,10808,29
9767,12924,110
9768,10194,12
9769,10593,23
9769,11039,36
9770,9954,5
9770,10197,12
9770,10224,13
9771,12545,93
9773,9958,5
9773,10334,16
9773,10336,16
9774,10200,12
9774,10228,13
9775,9852,2
9775,10139,10
9776,9804,1
9776,11016,35
9777,11413,48
9777,11695,58
9778,10379,17
9778,10606,23
9778,10744,27
9779,10270,14
9779,10678,25
9780,10300,15
9780,10826,29
9781,10643,24
9781,10644,24
9781,11293,44
9782,9828,1
9782,10156,10
9783,10013,6
9783,10753,27
9783,10863,30
9783,10865,30
9785,10051,7
9785,10123,9
9785,10834,29
9786,10017,6
9786,10895,31
9787,9979,5
9787,10252,13
9787,10649,24
9787,11084,37
9788,10472,19
9788,11237,42
9789,9979,5
9789,11084,37
9789,11708,58
9790,10020,6
9790,10723,26
9791,10095,8
9791,10474,19
9791,11990,69
9792,10841,29
9792,11590,54
9793,10728,26
9793,12564,93
9794,9988,5
9794,10162,10
9795,9877,2
9795,9990,5
9796,10846,29
9796,11013,34
9797,10367,16
9797,10811,28
9797,11216,41
9798,10031,6
9798,10944,32
9799,9910,3
9801,11404,47
9802,11767,60
9803,10335,15
9803,11883,64
9804,10071,7
9805,10529,20
9805,11916,65
9806,9853,1
9806,10453,18
9806,10528,20
9806,11104,37
9807,10231,12
9807,11044,35
9807,11655,56
9808,10074,7
9808,10530,20
9808,11218,41
9809,10707,25
9809,10709,25
9809,11636,55
9809,12152,75
9810,9960,4
9810,10337,15
9810,10948,32
9811,10671,24
9812,9919,3
9812,10710,25
9812,10916,31
9812,11411,47
9813,10202,11
9813,10631,23
9813,11379,46
9814,10713,25
9815,10632,23
9815,11190,40
9815,11471,49
9816,10457,18
9816,10535,20
9817,11698,57
9817,11977,68
9818,9921,3
9818,10819,28
9818,11254,42
9819,10886,30
9820,10743,26
9820,11699,57
9821,10459,18
9821,11192,40
9822,10046,6
9822,10116,8
9822,10177,10
9823,9926,3
9823,11360,45
9824,10538,20
9825,9897,2
9825,10500,19
9825,10609,22
9826,10644,23
9827,10248,12
9827,10502,19
9828,9977,4
9828,10423,17
9829,10251,12
9829,10388,16
9830,11620,54
9830,12066,71
9831,11836,62
9831,11964,67
9832,10721,25
9832,11708,57
9833,9980,4
9833,10650,23
9834,9980,4
9834,10757,26
9835,10872,29
9836,9867,1
9836,11709,57
9837,10585,21
9837,10657,23
9837,11868,63
9838,10357,15
9838,11113,37
9838,11339,44
9839,10317,14
9839,11809,61
9840,9986,4
9840,10161,9
9840,11037,34
9840,11431,47
9841,11593,53
9842,11176,39
9842,11945,66
9843,10808,27
9843,11746,58
9843,12231,77
9844,9874,1
9845,9991,4
9845,11097,36
9848,10166,9
9848,11100,36
9849,9955,3
9849,11249,41
9850,10851,28
9851,10450,17
9851,11722,57
9851,12051,70
9853,10035,5
9853,10293,13
9853,11752,58
9854,9916,2
9854,10491,18
9854,10778,26
9855,10949,31
9856,10076,6
9856,10203,10
9856,10410,16
9857,11253,41
9858,10297,13
9859,10920,30
9860,10240,11
9860,10266,12
9861,10414,16
9861,10820,27
9862,9926,2
9862,11359,44
9863,10157,8
9863,10276,12
9863,10505,18
9864,9934,2
9864,10309,13
9864,10506,18
9865,10798,26
9865,11488,48
9866,11300,42
9867,11427,46
9868,9941,2
9868,10936,30
9869,11004,32
9869,11367,44
9870,10617,21
9870,10876,28
9870,11645,54
9871,10516,18
9871,11647,54
9872,12015,68
9873,10130,7
9874,11177,38
9875,10398,15
9875,10810,26
9878,11217,39
9878,12234,76
9878,12275,78
9879,10225,10
9879,11277,41
9880,9913,1
9880,11348,43
9881,11569,51
9882,10452,16
9882,10562,19
9884,9996,3
9884,11104,35
9885,11252,40
9886,10881,28
9887,11075,34
9887,12187,74
9888,10570,19
9888,10951,30
9889,9923,1
9889,10954,30
9889,11696,55
9890,10113,6
9890,10921,29
9891,10339,13
9891,10375,14
9892,10177,8
9892,10299,12
9893,10605,20
9894,10380,14
9894,10498,17
9894,10890,28
9894,11256,40
9895,10301,12
9895,10462,16
9896,10542,18
9896,10749,24
9897,10118,6
9898,10011,3
9898,10215,9
9898,10611,20
9899,10086,5
9899,10157,7
9899,11232,39
9900,10278,11
9900,10424,15
9900,10506,17
9901,12040,68
9902,10310,12
9902,10471,16
9902,10615,20
9903,10311,12
9903,10871,27
9904,10653,21
9904,10935,29
9905,10550,18
9905,10726,23
9906,11680,54
9907,11091,34
9908,10481,16
9908,11273,40
9909,11098,34
9910,11765,57
9911,10104,5
9912,10594,19
9912,11216,38
9912,12543,89
9913,10330,12
9913,10771,24
9915,10628,20
9915,10703,22
9916,12183,73
9916,12502,87
9917,11070,33
9917,11409,44
9918,9961,1
9919,11047,32
9920,11379,43
9920,11509,47
9921,10921,28
9922,10148,6
9922,11699,54
9923,10603,19
9924,9965,1
9925,10113,5
9925,10745,23
9925,11289,40
9926,11510,47
9927,10152,6
9928,11078,33
9929,10345,12
9929,11227,38
9929,11292,40
9930,10460,15
9930,10790,24
9930,12400,82
9931,10048,3
9931,10082,4
9931,10083,4
9931,10642,20
9932,10274,10
9932,10304,11
9933,10750,23
9934,10249,9
9935,10392,13
9935,11300,40
9935,12268,76
9936,10353,12
9936,10971,29
9937,10934,28
9937,11239,38
9937,11739,55
9938,9983,1
9938,11585,50
9939,10217,8
9939,10758,23
9940,10054,3
9940,10355,12
9941,11063,32
9942,10938,28
9942,11908,61
9943,10188,7
9943,11148,35
9944,10477,15
9944,11036,31
9945,11451,45
9946,10511,16
9946,10974,29
9947,10254,9
9948,9985,1
9949,10976,29
9949,11342,41
9949,12326,78
9950,10619,19
9950,11494,46
9951,10162,6
9951,10556,17
9952,11149,35
9953,10060,3
9953,10258,9
9953,10397,13
9955,10328,11
9956,10738,22
9956,10980,29
9956,11462,45
9957,10136,5
9958,10485,15
9958,10702,21
9959,10880,26
9959,11250,38
9960,9999,1
9960,10038,2
9960,11219,37
9961,10711,21
9962,10599,18
9962,11526,47
9963,10600,18
9963,10881,26
9963,11075,32
9964,10000,1
9964,10175,6
9964,10411,13
9965,10149,5
9966,10413,13
9966,11049,31
9967,10114,4
9967,10635,19
9968,11828,58
9969,10117,4
9969,10418,13
9969,10861,25
9970,10242,8
9970,10964,28
9970,11668,52
9971,10461,14
9971,10826,24
9972,10082,3
9972,10575,17
9973,10244,8
9973,10382,12
9973,11892,60
9974,10612,18
9974,10929,27
9975,10085,3
9975,10214,7
9975,10504,15
9976,10085,3
9976,10156,5
9977,10249,8
9977,10646,19
9978,11236,37
9978,11986,64
9979,10429,13
9979,10546,16
9980,10837,24
9981,11491,45
9982,10018,1
9982,10092,3
9982,10431,13
9983,10430,13
9984,10255,8
9984,11626,50
9985,10939,27
9986,10512,15
9986,12174,71
9986,12324,77
9987,10436,13
9987,11009,29
9987,12176,71
9988,10437,13
9988,10440,13
9989,11096,32
9991,10101,3
9991,10103,3
9991,11038,30
9992,10770,22
9993,10166,5
9993,10288,9
9994,10138,4
9994,10706,20
9994,11374,41
9995,10037,1
9995,10230,7
9996,10489,14
9996,11104,32
9997,11658,51
9997,11770,55
9998,10371,11
9998,10948,27
9999,11284,38
10000,10373,11
10000,10983,28
10001,10412,12
10001,10858,24
10002,10077,2
10002,11603,49
10003,10569,16
10003,10601,17
10003,10884,25
10004,11049,30
10004,11190,35
10005,11529,46
10006,10114,3
10008,10268,8
10008,11022,29
10008,11755,54
10009,10270,8
10010,10574,16
10011,10465,13
10011,10965,27
10011,11053,30
10011,11578,48
10011,11799,56
10012,10308,9
10013,10543,15
10013,10931,26
10013,11028,29
10014,10795,22
10014,10866,24
10015,10797,22
10015,10895,25
10016,10053,1
10016,10090,2
10016,10470,13
10017,11111,32
10018,10187,5
10018,10431,12
10018,10548,15
10018,11622,49
10019,10936,26
10019,11427,42
10020,10056,1
10021,10055,1
10021,10840,23
10021,11868,58
10022,10220,6
10022,10552,15
10023,10841,23
10023,11742,53
10024,11428,42
10024,11518,45
10025,10057,1
10025,11212,35
10026,10319,9
10026,10842,23
10026,12323,76
10026,13205,117
10027,10160,4
10027,10191,5
10028,10256,7
10028,10395,11
10028,10805,22
10029,10518,14
10029,11152,33
10029,11684,51
10030,10397,11
10030,10734,20
10031,11498,44
10031,11946,61
10031,12050,65
10032,11689,51
10033,10703,19
10033,11180,34
10034,10229,6
10034,10486,13
10035,10528,14
10035,10563,15
10035,11318,38
10036,10369,10
10036,10914,25
10037,10073,1
10037,11654,50
10038,10170,4
10038,10337,9
10038,10566,15
10039,11282,37
10040,10233,6
10040,10599,16
10040,10780,21
10041,10411,11
10041,11441,42
10041,11508,44
10042,10373,10
10042,10917,25
10042,11730,52
10044,10264,7
10044,10674,18
10044,11474,43
10046,11130,32
10046,11731,52
10047,10641,17
10047,11227,35
10047,11612,48
10048,10303,8
10048,11136,32
10049,10247,6
10049,10275,7
10049,10827,22
10050,10155,3
10050,10792,21
10050,10793,21
10051,10687,18
10052,10089,1
10052,10090,1
10052,10351,9
10052,10389,10
10053,10091,1
10053,10125,2
10053,10470,12
10054,10314,8
10054,11967,61
10055,10758,20
10055,11034,28
10057,10554,14
10058,10976,26
10058,11683,50
10059,10907,24
10059,11012,27
10060,11153,32
10060,11715,51
10061,11547,45
10061,11597,47
10061,12274,73
10062,10446,11
10062,11457,42
10063,10101,1
10063,10260,6
10063,11013,27
10064,10103,1
10064,11274,36
10065,10847,22
10066,10134,2
10067,10404,10
10067,11247,35
10068,10404,10
10068,11973,61
10068,13255,119
10069,11653,49
10070,10137,2
10070,10450,11
10071,11016,27
10072,10139,2
10072,11654,49
10073,10854,22
10074,10565,14
10074,11045,28
10074,11637,48
10075,10815,21
10075,10857,22
10075,11354,38
10075,11440,41
10077,10984,26
10078,10714,18
10078,10883,23
10079,10884,23
10079,10953,25
10080,10207,4
10080,11131,31
10081,10637,16
10081,12188,69
10082,10716,18
10083,10153,2
10083,10303,7
10083,10381,9
10084,10179,3
10084,10542,13
10084,12512,83
10085,10466,11
10086,10467,11
10086,10685,17
10086,11896,57
10087,10386,9
10087,10648,16
10087,10866,22
10088,10250,5
10088,10385,9
10088,11389,39
10089,10968,25
10089,11202,33
10090,10425,10
10090,10470,11
10091,11488,42
10091,11583,46
10092,10216,4
10092,10431,10
10092,10972,25
10092,11145,31
10092,11515,43
10093,10873,22
10094,10127,1
10095,11210,33
10096,10551,13
10096,11451,41
10097,10357,8
10098,12271,72
10099,10554,13
10099,10902,23
10099,12643,89
10100,10130,1
10100,11523,43
10100,13690,147
10101,10669,16
10101,11877,56
10102,10978,25
10102,11458,41
10102,12438,79
10103,11877,56
10104,10482,11
10106,11404,39
10107,10407,9
10107,10981,25
10108,10169,2
10108,10564,13
10108,11657,48
10109,11283,35
10109,11467,41
10110,10234,4
10110,11438,40
10111,10782,19
10111,11073,28
10112,10173,2
10112,10817,20
10112,11074,28
10112,11604,46
10113,11128,30
10114,10205,3
10115,10207,3
10116,10341,7
10116,10607,14
10116,11130,30
10117,10824,20
10119,10928,23
10119,11080,28
10119,12264,71
10120,10422,9
10120,10610,14
10120,10645,15
10121,11139,30
10122,10350,7
10122,10932,23
10122,11028,26
10123,10614,14
10124,10894,22
10124,11058,27
10124,11141,30
10124,11642,47
10125,10352,7
10125,11583,45
10125,11707,49
10126,11082,28
10126,11111,29
10126,11237,33
10127,10722,17
10127,11492,41
10127,12770,94
10128,11090,28
10128,11452,40
10128,11680,48
10129,10518,11
10129,11684,48
10131,10667,15
10131,11456,40
10133,10288,5
10133,11434,39
10134,10327,6
10134,11973,59
10135,11460,40
10135,11461,40
10136,10329,6
10138,10526,11
10138,11015,25
10138,11634,46
10139,10230,3
10140,11950,58
10141,10708,16
10141,10855,20
10141,11503,41
10142,11279,34
10143,10533,11
10143,11410,38
10145,10782,18
10145,10856,20
10146,10237,3
10146,10457,9
10146,10535,11
10147,10496,10
10147,10714,16
10147,10883,21
10148,10985,24
10148,12057,62
10150,10634,14
10150,11107,28
10150,12058,62
10151,10378,7
10151,10379,7
10151,10606,13
10151,10959,23
10152,10958,23
10153,10212,2
10153,10213,2
10153,10273,4
10154,10750,17
10154,11026,25
10156,10423,8
10156,10466,9
10157,10685,15
10157,10829,19
10158,10752,17
10158,11054,26
10159,12269,70
10161,10619,13
10162,10440,8
10162,10804,18
10163,10363,6
10163,10763,17
10163,11545,42
10163,11873,54
10164,10365,6
10164,11155,29
10165,10846,19
10165,11275,33
10166,11100,27
10167,10288,4
10167,11434,38
10168,10773,17
10168,11317,34
10169,11374,36
10170,10490,9
10170,10739,16
10170,11793,51
10171,10630,13
10171,11252,32
10172,10673,14
10172,11073,26
10173,10534,10
10173,11887,54
10174,11019,24
10174,11381,36
10176,10340,5
10176,10635,13
10177,10341,5
10178,10243,2
10178,10420,7
10178,11858,53
10179,10302,4
10179,10791,17
10179,12580,83
10180,10610,12
10180,10927,21
10180,11025,24
10181,10612,12
10181,10751,16
10181,11198,30
10182,10831,18
10182,11617,44
10183,10384,6
10183,11831,52
10184,10834,18
10185,11202,30
10185,11390,36
10186,11424,37
10186,11943,56
10187,10548,10
10187,10654,13
10187,10935,21
10188,10723,15
10189,10761,16
10190,10435,7
10190,11398,36
10190,11841,52
10192,11243,31
10192,11909,54
10193,10395,6
10193,10516,9
10195,10366,5
10195,11099,26
10196,10522,9
10196,10560,10
10197,10448,7
10197,11217,30
10197,12275,69
10199,10333,4
10199,10701,14
10199,11121,27
10199,12418,75
10200,11069,25
10200,11815,51
10201,10235,1
10201,11186,29
10201,11187,29
10201,11638,44
10202,10856,18
10202,11126,27
10203,11754,48
10204,10885,19
10204,10956,21
10204,11854,52
10206,10266,2
10206,11797,50
10206,12031,59
10207,10785,16
10208,10747,15
10208,11359,34
10209,10676,13
10209,11417,36
10210,10639,12
10210,11051,24
10210,11327,33
10210,11776,49
10211,10243,1
10211,11135,27
10212,10347,4
10212,10381,5
10212,10680,13
10213,10246,1
10213,10347,4
10213,10383,5
10214,10751,15
10215,10965,21
10215,11027,23
10215,11195,29
10216,10428,6
10216,11515,39
10216,11784,49
10217,11171,28
10217,11586,42
10217,12101,61
10218,10253,1
10218,11541,40
10218,11677,45
10218,11710,46
10219,10724,14
10219,11305,32
10219,11516,39
10220,11306,32
10220,11678,45
10221,11175,28
10221,11176,28
10221,11433,36
10222,11119,26
10222,11993,57
10222,12774,91
10223,10520,8
10223,10594,10
10223,11717,46
10223,12543,80
10224,10448,6
10224,11718,46
10225,10402,5
10225,11719,46
10226,10945,20
10227,10368,4
10227,12277,68
10228,11069,24
10229,11183,28
10229,11278,31
10229,12052,59
10230,11654,44
10231,10777,15
10231,11437,36
10231,12639,84
10232,11104,25
10232,11409,35
10233,11222,29
10233,11322,32
10233,11573,41
10234,10673,12
10235,11825,50
10235,12002,57
10236,10632,11
10236,10816,16
10236,11471,37
10236,11888,52
10238,10918,19
10238,10955,20
10238,11287,31
10239,10886,18
10239,11529,39
10240,10376,4
10240,11927,53
10241,10636,11
10241,10745,14
10242,10788,15
10243,11577,41
10244,11361,33
10246,10272,1
10246,10383,4
10246,10540,8
10246,10643,11
10246,10682,12
10247,11892,52
10248,10421,5
10248,10750,14
10249,10309,2
10249,10577,9
10250,10468,6
10250,11860,51
10251,11056,23
10252,10427,5
10252,10546,8
10252,10799,15
10253,10896,18
10253,12145,62
10254,10394,4
10255,10433,5
10255,12496,77
10256,10556,8
10256,11068,23
10257,10362,3
10257,10395,4
10257,10516,7
10257,10517,7
10258,10693,12
10258,11153,26
10258,11546,39
10259,11715,45
10259,12273,67
10260,10669,11
10260,10810,15
10261,11846,50
10261,12348,70
10262,10701,12
10262,12545,79
10262,13019,101
10263,10881,17
10263,11507,37
10264,10298,1
10264,11161,26
10265,10743,13
10266,11927,52
10267,10343,2
10267,10638,10
10267,10960,19
10267,11358,32
10268,10638,10
10268,10922,18
10269,11325,31
10269,11511,37
10270,10418,4
10270,10861,16
10271,11024,21
10271,11329,31
10272,10347,2
10272,10461,5
10272,10640,10
10273,10303,1
10273,10383,3
10273,11259,29
10274,10828,15
10275,11294,30
10276,10930,18
10277,11297,30
10277,11384,33
10278,10424,4
10278,10579,8
10278,10867,16
10279,11801,48
10279,11899,51
10280,10352,2
10280,10508,6
10280,11206,27
10280,11707,44
10281,11789,47
10281,12452,74
10281,12520,77
10282,10435,4
10283,10320,1
10283,10590,8
10283,10843,15
10283,11592,40
10284,10660,10
10284,11117,24
10284,11244,28
10284,11311,30
10285,10321,1
10285,10480,5
10285,10940,18
10285,11594,40
10286,10321,1
10286,10515,6
10286,10663,10
10286,10664,10
10287,10695,11
10287,10765,13
10287,11455,35
10289,10945,18
10289,11014,20
10290,11462,35
10291,10330,1
10291,10331,1
10291,11914,51
10292,10851,15
10292,11502,36
10293,10563,7
10293,10853,15
10293,12307,67
10294,10568,7
10294,12086,58
10294,12485,75
10295,10568,7
10295,10951,18
10295,11976,54
10296,10713,11
10298,10459,4
10298,11287,29
10299,10341,1
10299,10379,2
10299,10746,12
10300,10964,18
10300,11829,48
10302,10462,4
10302,11556,38
10303,11229,27
10304,10828,14
10304,11136,24
10305,10892,16
10306,10989,19
10306,11079,22
10306,11669,42
10307,10792,13
10307,10793,13
10307,11138,24
10308,10752,12
10309,10719,11
10309,10967,18
10310,12099,58
10311,10650,9
10311,11061,21
10312,10510,5
10312,10547,6
10312,11207,26
10313,10472,4
10313,10972,18
10314,11907,50
10314,12172,61
10315,10551,6
10315,10726,11
10315,11451,34
10316,10617,8
10316,11680,42
10317,12381,70
10318,10903,16
10319,11342,30
10319,12326,67
10319,13508,127
10320,10878,15
10320,10904,16
10320,11629,40
10321,10661,9
10321,11546,37
10323,11096,22
10323,12016,55
10323,12988,98
10324,10442,3
10324,12048,56
10324,12436,72
10325,10734,11
10325,11346,30
10326,12274,65
10326,12775,88
10327,11405,32
10328,11249,27
10328,11434,33
10329,11014,19
10330,10980,18
10330,11463,34
10331,11766,45
10332,10626,8
10332,11407,32
10332,11570,38
10332,11996,54
10333,10450,3
10333,12051,56
10334,10702,10
10334,11750,44
10335,10524,5
10335,10775,12
10335,11351,30
10336,11043,20
10336,11635,40
10336,11750,44
10337,10739,11
10337,11692,42
10338,10949,17
10338,11220,26
10338,12028,55
10339,10953,17
10339,11127,23
10340,10413,2
10341,10607,7
10342,11132,23
10342,11608,39
10343,10677,9
10343,11511,35
10344,10747,11
10344,10860,14
10345,10417,2
10345,11702,42
10346,10539,5
10346,11798,46
10347,11258,27
10348,10463,3
10348,10643,8
10348,10682,9
10349,11388,31
10349,11559,37
10350,10581,6
10350,11581,38
10351,10425,2
10351,10755,11
10351,10796,12
10352,10470,3
10352,10835,13
10354,10548,5
10354,10549,5
10354,10654,8
10354,12409,70
10355,11967,52
10355,12750,86
10356,11587,38
10356,12172,60
10358,10553,5
10358,10901,15
10358,11808,46
10359,11628,39
10360,11683,41
10360,12731,85
10361,10515,4
10361,10620,7
10361,10663,8
10361,11007,18
10362,10731,10
10362,10732,10
10362,11630,39
10363,10763,11
10363,11938,50
10363,12128,58
10365,11175,24
10365,11402,31
10366,11765,44
10367,12131,58
10367,12928,93
10368,11601,38
10368,11724,42
10368,11725,42
10369,11017,18
10369,12460,72
10370,11352,29
10370,11636,39
10370,12152,59
10370,13112,102
10371,10672,8
10371,11105,21
10371,11185,24
10372,11018,18
10372,11253,26
10373,11324,28
10373,11553,36
10374,10536,4
10374,10952,16
10374,12396,69
10375,10820,12
10375,11127,22
10376,11926,49
10376,12160,59
10377,11665,40
10377,12188,60
10378,10821,12
10378,10822,12
10378,11290,27
10379,10924,15
10380,10679,8
10381,10642,7
10381,10891,14
10382,11361,29
10382,11445,32
10382,12465,72
10383,10926,15
10384,10865,13
10384,11388,30
10385,10866,13
10385,12010,53
10386,10795,11
10386,10866,13
10387,10424,1
10387,10579,5
10387,10794,11
10387,10992,17
10388,10868,13
10388,11056,19
10388,11929,49
10388,12403,69
10389,10796,11
10389,10968,16
10389,11735,42
10390,11202,24
10391,10614,6
10391,10797,11
10391,11203,24
10392,11144,22
10392,11906,48
10392,12516,74
10393,10653,7
10393,10873,13
10393,11763,43
10394,10760,10
10395,10692,8
10396,11118,21
10396,12435,70
10396,13316,113
10397,10693,8
10397,10941,15
10398,10809,11
10398,11347,28
10399,10482,2
10399,11459,32
10399,12149,58
10400,11039,18
10400,12928,92
10401,11524,34
10402,10847,12
10402,11179,23
10403,11569,36
10404,11880,47
10404,13021,97
10405,10449,1
10405,10484,2
10405,10524,3
10405,11749,42
10406,10737,9
10406,11102,20
10406,11156,22
10406,11881,47
10407,11751,42
10408,11016,17
10409,11221,24
10409,11322,27
10409,11773,43
10410,11754,42
10410,11825,45
10411,10983,16
10412,11019,17
10412,11754,42
10413,10956,15
10414,11191,23
10414,11414,30
10415,10572,4
10415,10957,15
10416,11417,30
10417,11194,23
10418,11328,27
10419,10963,15
10419,11532,34
10420,10575,4
10420,11858,46
10421,10502,2
10421,10929,14
10421,11109,20
10422,10503,2
10422,10576,4
10422,11296,26
10423,10646,6
10423,10966,15
10424,10647,6
10424,11234,24
10424,11779,43
10425,10470,1
10425,10933,14
10426,11057,18
10426,11058,18
10426,11141,21
10426,11931,48
10427,10508,2
10427,10649,6
10427,11206,23
10428,10836,11
10428,11169,22
10428,11365,28
10429,10871,12
10429,11060,18
10430,11143,21
10430,11585,36
10431,11266,25
10432,10473,1
10432,10725,8
10432,11397,29
10432,11837,45
10433,12870,89
10434,10901,13
10434,11240,24
10434,12073,54
10435,10478,1
10435,10479,1
10436,10514,2
10437,10621,5
10437,11399,29
10438,10729,8
10438,11008,16
10438,11149,21
10439,11243,24
10439,11309,26
10439,12434,69
10440,10621,5
10440,11150,21
10441,11092,19
10441,11521,33
10442,10764,9
10442,12107,55
10442,12454,70
10443,11497,32
10443,11746,41
10443,12618,77
10444,11457,31
10444,11876,46
10445,11687,39
10445,12774,85
10446,10845,11
10446,11747,41
10447,10522,2
10448,12108,55
10448,12439,69
10449,10848,11
10449,11435,30
10449,11882,46
10451,10851,11
10451,11436,30
10451,11502,32
10452,11320,26
10452,11550,34
10452,11690,39
10453,10489,1
10453,11125,20
10454,11046,17
10454,11691,39
10454,12353,65
10454,13041,97
10456,10492,1
10456,11282,25
10456,12621,77
10457,10712,7
10458,10887,12
10458,11108,19
10458,11574,35
10459,10742,8
10459,11288,25
10460,10862,11
10460,12604,76
10461,10540,2
10461,10681,6
10462,10790,9
10463,10541,2
10464,10609,4
10464,11512,32
10465,10965,14
10465,10990,15
10465,12060,53
10466,10504,1
10466,10966,14
10467,11230,23
10467,11480,31
10467,11640,37
10468,10864,11
10468,11233,23
10469,11030,16
10470,10969,14
10470,10970,14
10470,10994,15
10471,11336,26
10471,11834,44
10471,12099,54
10472,11337,26
10472,12067,53
10473,10549,2
10473,10654,5
10473,11624,36
10474,11302,25
10474,12868,88
10475,11113,19
10476,10724,7
10476,11267,24
10477,11001,15
10477,11210,22
10478,10939,13
10479,11269,24
10479,11398,28
10480,10661,5
10481,10695,6
10482,11499,31
10483,10522,1
10483,10560,2
10483,11633,36
10484,10626,4
10484,11652,37
10486,11278,24
10487,10563,2
10487,11103,18
10487,11318,25
10487,11848,44
10488,10913,12
10488,11918,46
10488,12502,71
10489,11104,18
10490,11184,21
10490,11817,43
10490,11818,43
10491,11376,27
10491,11377,27
10492,10532,1
10492,10814,9
10492,12237,59
10492,12260,60
10493,11283,24
10493,11439,29
10494,10711,6
10494,11413,28
10494,11774,41
10495,10569,2
10495,10601,3
10495,10783,8
10495,11663,37
10496,10918,12
10496,11472,30
10497,10572,2
10497,10957,13
10497,11608,35
10498,11732,39
10498,11828,43
10499,10677,5
10499,11511,31
10500,10749,7
10500,11557,33
10501,11294,24
10501,12264,60
10502,10929,12
10503,10645,4
10503,10684,5
10503,11479,30
10504,10751,7
10504,11164,20
10505,10829,9
10505,10930,12
10505,11137,19
10506,10719,6
10506,10867,10
10507,11082,17
10507,11111,18
10507,11335,25
10507,11393,27
10508,10799,8
10508,10835,9
10509,10547,1
10509,10582,2
10509,11621,35
10510,11143,19
10510,11238,22
10511,11367,26
10511,11970,48
10512,11870,44
10512,12752,82
10513,10877,10
10513,11308,24
10514,12176,56
10515,10555,1
10515,10661,4
10516,11630,35
10517,10692,5
10517,10732,6
10517,10844,9
10519,10623,3
10519,11847,43
10520,11878,44
10520,12150,55
10520,12234,58
10521,11847,43
10521,12232,58
10523,10624,3
10523,10736,6
10524,11882,44
10525,10628,3
10525,10774,7
10525,12637,76
10526,10706,5
10526,11122,18
10526,11849,43
10527,10773,7
10527,12458,68
10528,11043,15
10529,11158,19
10529,12256,59
10530,11637,35
10530,11815,42
10530,12351,63
10531,11282,23
10531,11691,37
10532,10671,4
10532,11852,43
10534,10781,7
10536,10919,11
10536,12004,49
10537,10960,12
10537,10987,13
10537,11129,18
10537,11358,25
10538,10824,8
10539,11135,18
10539,12035,50
10540,10682,4
10541,10682,4
10542,11614,34
10543,10863,9
10543,10991,13
10544,10753,6
10544,10865,9
10544,11388,26
10546,10995,13
10546,11060,15
10547,11490,29
10548,12359,63
10549,11397,26
10549,11542,31
10550,11587,33
10550,11711,37
10550,12012,49
10552,11306,23
10552,11590,33
10553,11005,13
10553,11681,36
10553,11743,38
10554,11212,20
10555,11007,13
10555,11115,17
10555,11242,21
10556,10804,7
10556,11271,22
10557,12596,73
10557,13062,95
10558,10623,2
10558,10910,10
10558,11847,42
10559,10910,10
10559,10911,10
10559,11847,42
10559,12232,57
10560,10879,9
10561,11277,22
10561,11404,26
10562,10775,6
10562,11690,36
10563,11124,17
10564,11727,37
10564,11770,39
10565,11375,25
10565,11505,29
10565,11572,32
10566,11219,20
10566,11281,22
10566,11793,40
10567,11693,36
10567,11821,41
10568,11662,35
10568,13116,97
10569,11189,19
10569,11223,20
10570,10633,2
10570,12057,50
10571,11192,19
10571,11665,35
10573,11226,20
10573,11531,30
10574,11227,20
10575,10716,4
10575,11613,33
10576,10930,10
10576,11137,17
10577,10646,2
10577,10967,11
10577,11261,21
10578,11233,20
10578,11801,40
10579,11029,13
10579,11422,26
10580,10794,6
10580,10833,7
10580,10992,12
10580,11447,27
10581,10932,10
10581,11263,21
10581,12038,49
10582,10757,5
10582,11783,39
10583,10651,2
10583,11032,13
10583,11086,15
10583,11087,15
10584,11239,20
10584,11301,22
10584,11836,41
10585,11002,12
10585,11268,21
10585,11712,36
10586,11740,37
10586,11838,41
10587,10760,5
10588,12271,58
10588,12520,69
10589,10900,9
10589,11428,26
10589,12071,50
10590,10620,1
10590,11007,12
10590,12200,55
10591,10728,4
10591,10762,5
10591,11066,14
10591,12564,71
10592,11456,27
10592,11874,42
10593,10944,10
10593,12178,54
10593,13063,94
10594,11524,29
10594,11651,34
10595,11373,24
10595,11975,46
10596,10704,3
10596,10776,5
10596,11465,27
10597,11375,24
10597,11572,31
10597,11602,32
10597,11753,37
10598,11220,19
10598,11221,19
10598,11886,42
10599,11923,43
10600,12087,50
10600,12394,63
10600,12425,64
10601,10784,5
10601,11528,29
10602,11049,13
10603,10888,8
10603,10954,10
10603,11664,34
10604,10742,4
10604,11020,12
10604,11288,21
10605,10635,1
10606,10744,4
10606,10821,6
10607,10746,4
10607,10961,10
10607,11023,12
10607,11443,26
10608,10823,6
10609,11557,30
10609,11616,32
10610,11025,12
10610,11419,25
10611,11195,18
10611,11536,29
10612,11196,18
10612,11260,20
10613,10755,4
10613,10796,5
10613,11333,22
10613,11391,24
10614,10834,6
10614,11081,14
10615,11168,17
10615,11336,22
10615,12451,65
10616,11035,12
10616,12475,66
10617,12199,54
10618,10801,5
10618,11544,29
10618,12453,65
10618,13081,94
10619,11431,25
10620,10843,6
10620,11093,14
10621,10691,2
10621,11310,21
10622,11498,27
10622,12596,71
10623,10769,4
10624,11276,20
10625,10700,2
10625,11461,26
10625,11880,41
10626,10850,6
10626,12417,63
10627,11436,25
10627,11766,37
10628,11948,44
10628,12111,50
10629,11655,33
10629,11949,44
10630,11280,20
10630,11660,33
10631,10779,4
10631,11126,15
10631,11853,40
10632,11355,22
10632,12239,55
10633,10951,9
10633,11639,32
10633,11976,45
10634,10743,3
10634,12397,62
10636,10675,1
10636,11575,30
10636,12006,46
10637,10787,4
10637,12531,68
10638,11956,44
10639,11022,11
10640,10681,1
10640,11228,18
10640,11258,19
10641,11361,22
10641,12333,59
10642,10716,2
10642,11331,21
10643,10926,8
10644,10989,10
10644,11615,31
10645,11079,13
10645,11419,24
10646,11165,16
10647,11482,26
10648,10831,5
10648,12190,53
10649,10996,10
10649,12319,58
10650,10837,5
10650,11514,27
10651,10997,10
10651,11786,37
10652,10997,10
10652,11709,34
10653,11807,38
10653,12068,48
10654,12068,48
10655,10937,8
10655,10938,8
10655,12251,55
10656,11112,14
10656,11209,17
10657,11211,17
10657,11366,22
10658,10975,9
10658,11493,26
10658,12346,59
10658,13206,99
10659,11647,32
10660,10802,4
10660,11936,42
10661,11242,18
10662,11008,10
10662,11149,15
10663,10906,7
10663,11093,13
10664,10693,1
10664,10906,7
10664,11546,28
10665,10732,2
10665,10733,2
10665,10807,4
10665,10844,5
10666,12618,71
10667,11346,21
10667,11992,45
10668,11874,40
10668,11876,40
10669,11038,11
10669,11548,28
10670,10813,4
10670,10853,5
10670,11769,36
10670,12994,89
10671,11187,16
10672,11323,20
10672,11378,22
10673,11438,24
10673,12001,45
10674,11107,13
10675,10787,3
10676,11360,21
10676,11531,27
10677,10925,7
10678,10861,5
10678,10889,6
10679,10788,3
10679,11256,18
10680,10891,6
10680,11134,14
10680,11258,18
10681,10826,4
10681,11611,30
10683,10928,7
10683,11080,12
10683,11777,36
10683,12429,62
10684,11079,12
10684,11384,22
10684,11669,32
10685,10829,4
10685,11230,17
10686,10717,1
10686,10718,1
10686,12092,48
10687,10795,3
10688,11620,30
10688,12066,47
10688,12167,51
10689,10758,2
10690,11116,13
10690,11399,22
10690,11870,39
10691,10730,1
10691,11368,21
10691,11399,22
10692,10805,3
10692,11312,19
10693,11094,12
10694,10806,3
10694,11012,9
10694,11453,24
10694,11454,24
10695,11273,18
10696,10909,6
10696,11119,13
10696,11993,44
10696,13474,114
10697,10811,3
10697,10978,8
10697,12991,88
10698,11348,20
10698,11462,24
10699,11042,10
10699,11407,22
10699,11570,28
10699,12328,57
10700,11974,43
10700,12079,47
10701,13240,100
10703,11525,26
10703,11948,42
10704,12255,54
10705,11123,13
10705,11751,34
10705,12903,83
10706,10947,7
10706,11998,44
10707,11950,42
10707,12904,83
10708,11321,19
10708,12027,45
10709,11279,18
10709,12528,66
10710,11047,10
10710,11106,12
10710,12391,60
10712,10984,8
10715,10957,7
10715,11891,39
10716,11533,26
10717,11387,21
10717,12315,56
10718,12092,47
10719,11298,18
10719,11332,19
10720,10800,2
10720,11964,42
10721,11146,13
10721,12728,75
10722,11866,38
10722,12940,84
10723,11148,13
10724,11396,21
10724,12494,64
10725,11450,23
10725,11625,29
10725,12834,80
10726,11711,32
10726,11867,38
10727,10876,4
10727,10902,5
10727,11645,30
10729,11011,8
10730,10878,4
10730,10904,5
10730,11432,22
10731,11401,21
10731,11495,24
10731,11871,38
10732,11401,21
10733,10806,2
10733,10807,2
10733,10908,5
10733,11401,21
10733,11745,33
10734,10941,6
10734,11649,30
10735,12667,72
10736,11276,17
10737,11315,18
10737,11915,39
10738,11316,18
10738,11373,20
10739,11817,36
10739,12053,45
10740,11285,17
10740,11693,31
10741,10781,1
10741,11071,10
10741,11794,35
10742,11287,17
10743,12742,75
10744,10986,7
10744,11414,21
10744,11530,25
10745,11575,27
10746,10924,5
10746,11133,12
10746,11225,15
10747,11957,41
10748,11291,17
10748,11532,25
10749,11614,28
10749,12091,46
10750,11109,11
10751,11362,19
10752,11446,22
10753,10863,3
10754,11581,27
10754,11582,27
10754,12430,60
10755,10933,5
10755,11110,11
10757,10837,2
10757,11804,35
10759,11088,10
10759,11366,19
10761,11269,16
10761,11543,25
10762,11344,18
10762,11790,34
10762,12347,56
10763,11152,12
10764,11174,13
10764,11272,16
10764,12436,60
10765,12273,53
10765,12412,59
10766,11746,32
10766,12231,51
10766,12773,76
10766,13015,87
10767,12668,71
10767,12775,76
10768,11098,10
10768,12668,71
10769,12254,52
10770,11499,23
10770,12254,52
10771,10980,6
10771,11348,18
10771,11462,22
10772,10849,2
10772,10912,4
10772,11997,42
10773,12777,76
10773,12962,84
10774,11123,11
10775,11723,31
10776,11321,17
10776,12350,56
10777,11504,23
10777,11885,37
10777,12504,63
10778,11376,19
10778,11771,33
10778,12183,49
10779,11106,10
10779,11353,18
10779,11379,19
10780,11188,13
10780,11573,26
10780,11923,38
10781,10950,5
10781,11887,37
10782,11412,20
10783,11048,8
10783,11223,14
10783,11953,40
10784,10886,3
10784,11159,12
10785,11131,11
10785,11731,31
10786,11357,18
10787,12006,42
10788,11668,29
10789,11227,14
10789,11292,16
10789,11330,17
10789,11612,27
10790,11556,25
10790,12370,57
10791,11556,25
10791,12334,55
10791,12371,57
10792,11759,32
10794,11199,13
10794,11234,14
10796,11802,34
10797,11142,11
10797,11335,17
10798,11986,41
10798,12378,57
10799,10995,6
10799,11205,13
10800,12041,43
10800,12959,83
10801,10975,5
10801,12073,44
10801,13413,107
10802,10977,5
10802,11628,27
10803,11714,30
10803,12840,78
10804,11150,11
10804,11496,22
10805,11068,8
10805,11596,26
10806,10908,3
10806,11685,29
10807,11095,9
10807,11433,20
10808,12595,66
10808,13534,115
10809,11155,11
10809,11875,36
10810,11347,17
10810,11548,24
10811,11939,38
10811,13336,103
10812,10879,2
10812,12075,44
10813,10982,5
10813,11571,25
10813,11769,32
10813,11940,38
10813,12852,78
10814,12260,51
10814,12738,73
10814,12798,76
10815,11508,22
10815,11823,34
10816,10882,2
10816,12239,50
10816,12529,63
10817,11470,21
10818,11189,12
10818,11223,13
10818,11286,15
10818,11924,37
10819,11160,11
10819,11254,14
10819,11979,40
10820,11191,12
10820,11607,26
10821,10986,5
10821,11290,15
10822,10923,3
10822,10959,4
10822,11326,16
10823,10860,1
10823,11226,13
10823,11667,28
10824,10861,1
10824,10889,2
10825,11292,15
10825,11328,16
10825,11330,16
10826,11829,34
10827,11294,15
10827,11534,23
10827,11892,36
10828,10927,3
10829,11421,19
10830,12061,43
10831,12489,61
10831,12806,76
10832,11618,26
10832,11800,33
10832,11831,34
10833,10993,5
10833,11055,7
10833,11199,12
10834,10893,2
10835,10970,4
10835,11205,12
10836,11059,7
10836,11083,8
10836,11934,37
10837,11737,30
10838,10897,2
10838,12170,47
10839,10999,5
10839,11062,7
10839,11172,11
10839,13200,94
10840,11034,6
10840,11588,25
10840,11712,29
10841,11840,34
10841,12495,61
10842,11519,22
10842,11682,28
10842,12686,70
10843,10878,1
10843,11345,16
10844,11095,8
10844,11312,15
10845,11097,8
10845,12177,47
10846,11688,28
10847,11179,11
10848,11500,21
10848,11749,30
10848,13108,89
10849,12305,52
10850,11883,35
10850,11996,40
10852,11502,21
10852,11916,36
10853,11124,9
10853,12754,73
10854,11654,27
10855,11467,20
10855,12906,79
10856,11412,18
10856,11922,36
10857,11381,17
10858,11019,5
10859,10987,4
10859,11357,16
10860,11957,38
10862,11330,15
10864,11483,20
10864,11860,34
10864,11983,39
10866,12190,47
10867,11332,15
10867,11422,18
10868,12376,55
10869,12099,43
10869,12406,56
10870,11204,11
10871,11061,6
10871,11584,24
10872,11491,20
10873,11564,23
10874,11339,15
10874,12269,50
10875,11005,4
10875,11340,15
10875,12562,63
10875,12635,66
10876,11517,21
10877,10903,1
10878,11432,18
10879,11633,25
10880,11158,9
10880,12526,61
10881,12394,55
10882,11552,22
10882,11888,34
10882,12262,49
10883,11470,19
10883,11472,19
10884,11189,10
10884,11473,19
10885,11224,11
10885,12029,40
10886,11664,26
10887,11050,5
10887,11926,35
10888,11529,21
10890,10988,3
10890,11732,28
10890,12140,44
10891,11257,12
10891,11331,14
10892,11053,5
10892,11512,20
10893,11081,6
10894,12096,42
10894,12337,52
10895,11111,7
10895,11335,14
10896,11677,26
10896,12044,40
10896,13527,112
10897,11395,16
10897,12539,61
10898,11450,18
10898,11625,24
10898,12173,45
10898,12836,75
10899,11839,32
10899,12228,47
10900,11740,28
10900,12345,52
10901,11518,20
10902,11971,37
10902,12563,62
10904,11116,7
10904,11399,16
10905,11545,21
10905,11872,33
10906,11094,6
10906,11595,23
10907,11151,8
10907,11245,11
10908,11454,18
10908,11945,36
10909,12049,40
10909,12455,57
10909,12480,58
10911,11403,16
10912,11653,25
10912,12023,39
10913,12235,47
10913,12458,57
10914,11017,3
10914,11656,25
10914,12259,48
10915,11439,17
10915,11469,18
10915,12424,55
10916,11509,19
10917,11696,26
10918,11697,26
10918,12117,42
10919,11077,5
10919,11606,23
10919,12725,69
10921,11128,7
10921,11254,11
10922,11755,28
10922,11775,29
10922,11956,36
10923,11290,12
10923,11415,16
10923,11476,18
10924,10959,1
10924,11382,15
10926,11259,11
10926,11293,12
10927,11052,4
10927,11136,7
10928,12214,46
10928,13095,86
10929,11196,9
10929,11295,12
10929,11383,15
10931,10991,2
10931,11538,20
10931,11734,27
10932,11538,20
10932,11898,33
10933,10969,1
10933,11363,14
10934,11170,8
10934,11426,16
10934,11449,17
10934,12588,62
10935,12068,40
10936,11063,4
10936,12711,68
10937,11063,4
10937,12195,45
10938,11033,3
10938,11968,36
10940,12435,55
10941,11094,5
10941,11716,26
10942,11523,19
10942,11568,21
10943,11369,14
10943,11912,33
10943,12455,56
10943,12480,57
10944,12050,39
10946,10981,1
10947,11374,14
10947,11951,35
10947,12132,42
10948,11185,8
10948,11692,25
10949,11660,24
10950,11794,29
10950,12085,40
10950,12393,53
10952,12187,44
10953,11473,17
10953,11826,30
10954,11159,7
10954,12003,37
10955,11161,7
10955,11554,20
10955,11697,25
10956,11049,3
10956,11190,8
10957,11955,35
10958,11608,22
10959,11444,16
10960,11325,12
10960,11511,18
10961,11023,2
10961,11193,8
10961,11666,24
10962,11416,15
10962,11732,26
10962,11828,30
10963,11329,12
10963,12658,65
10964,11733,26
10964,12428,54
10965,11942,34
10966,11164,7
10966,11165,7
10967,11298,11
10967,11481,17
10968,11560,20
10968,12218,45
10969,10994,1
10969,11392,14
10970,10994,1
10970,11448,16
10971,11491,17
10971,11805,29
10972,12067,39
10973,10998,1
10973,11147,6
10974,11970,35
10974,12560,60
10975,12453,55
10976,12411,53
10976,12987,80
10977,11842,30
10978,12846,73
10978,12847,73
10979,11277,10
10979,11404,14
10980,11316,11
10981,11751,26
10982,11157,6
10982,11182,7
10982,11940,33
10983,11324,11
10983,11441,15
10984,11603,21
10985,11699,24
10985,12285,47
10985,12601,61
10986,11162,6
10986,11827,29
10987,11163,6
10987,11325,11
10988,11256,9
10988,11733,25
10988,11758,26
10989,11980,35
10990,11578,20
10990,11981,35
10990,12373,51
10991,11580,20
10992,11029,1
10992,11539,18
10993,11140,5
10993,11447,15
10993,12221,44
10994,11513,17
10995,11489,16
10995,11563,19
10996,11084,3
10996,11085,3
10996,12811,71
10997,11623,21
10997,12866,73
10998,11966,34
10999,11787,27
10999,12750,68
11000,11541,18
11000,11677,23
11000,11965,34
11000,12144,41
11001,11036,1
11001,12590,60
11001,12615,61
11002,12197,43
11002,12561,59
11003,11678,23
11004,11173,6
11004,12103,39
11005,11808,28
11005,13203,89
11006,11841,29
11006,12200,43
11007,11566,19
11008,11343,11
11009,11593,20
11009,12665,64
11009,12688,65
11010,11270,9
11010,12730,67
11010,12841,72
11011,11092,3
11011,11149,5
11012,11151,5
11012,11214,7
11013,11688,23
11013,11877,30
11015,11883,30
11016,11125,4
11017,11816,28
11017,13575,112
11018,11323,10
11018,12055,37
11019,12084,38
11020,11160,5
11020,12137,40
11021,11131,4
11021,11416,13
11021,12211,43
11022,11051,1
11022,12088,38
11023,11133,4
11023,11418,13
11024,11798,27
11024,12533,57
11025,11052,1
11025,11893,30
11026,11109,3
11026,11536,17
11027,11537,17
11027,11671,22
11027,11942,32
11028,11538,17
11029,11299,9
11029,11484,15
11030,11264,8
11030,11736,24
11030,12096,38
11031,11736,24
11031,12096,38
11032,11540,17
11032,11785,26
11032,12225,43
11033,12102,38
11033,12196,42
11033,12251,44
11034,12145,40
11035,11304,9
11035,12227,43
11035,12614,60
11036,12228,43
11037,12174,41
11037,12477,54
11037,12497,55
11038,11097,2
11038,12253,44
11039,12178,41
11040,11276,8
11040,11403,12
11041,11718,23
11042,11120,3
11042,11812,27
11042,11879,29
11043,11318,9
11044,11437,13
11044,11850,28
11044,13743,124
11045,11218,6
11045,11505,15
11045,12154,40
11046,11279,8
11046,12528,56
11047,13048,80
11048,11356,10
11048,11663,21
11048,11694,22
11051,11477,14
11051,12355,48
11052,11229,6
11052,11535,16
11053,11799,26
11054,11386,11
11054,11446,13
11055,11140,3
11055,11334,9
11055,11641,20
11056,12430,51
11057,11167,4
11057,11930,30
11057,12680,63
11058,12406,50
11059,11169,4
11059,11364,10
11059,12341,47
11060,11489,14
11060,11584,18
11061,11514,15
11061,11904,29
11062,11787,25
11062,11865,28
11062,12250,43
11063,12126,38
11064,11789,25
11064,12452,52
11064,12636,60
11064,12893,72
11065,11646,20
11065,12411,50
11065,12840,70
11066,11344,9
11066,12498,54
11067,12841,70
11068,11271,7
11068,11911,29
11069,11814,26
11069,12483,53
11070,11821,26
11070,12186,40
11071,11284,7
11071,12463,52
11072,11285,7
11072,11774,24
11072,12855,70
11073,11412,11
11073,12001,33
11074,11527,15
11074,11729,22
11074,11887,28
11075,11889,28
11075,12087,36
11076,11471,13
11076,11888,28
11076,11977,32
11077,11475,13
11078,11828,26
11079,11980,32
11080,11420,11
11080,12558,56
11081,11203,4
11081,11424,11
11082,11862,27
11082,11988,32
11083,11364,9
11083,11932,29
11083,12193,40
11084,12612,58
11085,12408,49
11085,12612,58
11085,13263,90
11086,11585,17
11086,11785,24
11087,11540,15
11087,11786,24
11087,12125,37
11089,11519,14
11089,11679,20
11089,12127,37
11089,13059,79
11090,11114,1
11090,11971,31
11090,12199,40
11091,11115,1
11091,11242,5
11092,11244,5
11093,11345,8
11093,11595,17
11094,11631,18
11095,11632,18
11095,11744,22
11096,11843,26
11096,12384,48
11097,12456,51
11099,11765,23
11100,12205,40
11100,12793,67
11101,11248,5
11101,13362,95
11102,11314,7
11102,12205,40
11103,11124,1
11103,11600,17
11103,12081,35
11104,11752,22
11104,12461,51
11104,12547,55
11105,11378,9
11105,11661,19
11105,12238,41
11106,11411,10
11106,11822,25
11107,11474,12
11107,11925,28
11108,11475,12
11108,12399,48
11109,11383,9
11110,11363,8
11110,11391,9
11110,11561,15
11112,12473,51
11112,12475,51
11113,11589,16
11114,11430,10
11114,11452,11
11114,12838,68
11115,11566,15
11116,11629,17
11116,13060,78
11117,11245,4
11117,11936,28
11117,12347,45
11118,13264,89
11119,11811,24
11119,13333,93
11120,11570,15
11120,12020,32
11120,12457,50
11121,11350,7
11121,12051,33
11121,12734,63
11122,11408,9
11122,11634,17
11122,12180,38
11123,12637,58
11123,12818,67
11124,11769,22
11126,11922,27
11126,12208,39
11127,11607,16
11127,11826,24
11128,11289,5
11128,12398,47
11129,11163,1
11129,11797,23
11130,11443,10
11130,12242,40
11131,12242,40
11132,11701,19
11132,11955,29
11133,11225,3
11133,11610,16
11134,11257,4
11134,11555,14
11134,12287,42
11135,11577,15
11135,12189,38
11136,11229,3
11137,11296,5
11137,11421,9
11138,11197,2
11138,11759,21
11139,11618,16
11139,12265,41
11140,11901,26
11140,12039,32
11141,11930,27
11141,12165,37
11142,11203,2
11142,11265,4
11142,11961,29
11143,11208,2
11143,12249,40
11144,11394,8
11144,12748,63
11144,13178,83
11145,11266,4
11145,11784,22
11145,11864,25
11146,12170,37
11146,12865,68
11147,11866,25
11147,11966,29
11150,11310,5
11150,11810,23
11151,11453,10
11151,11937,27
11152,11938,27
11153,11594,15
11153,13569,107
11154,12017,31
11154,12924,70
11155,11402,8
11155,12202,38
11156,11600,15
11156,11915,26
11156,12181,37
11157,11571,14
11157,11599,15
11157,12080,33
11158,13210,84
11159,11528,12
11159,11664,17
11160,12757,63
11161,11287,4
11161,11474,10
11162,11530,12
11162,11890,25
11162,12030,31
11163,11357,6
11164,11362,6
11164,11704,18
11165,11261,3
11165,11704,18
11166,11262,3
11166,11387,7
11166,12315,42
11166,12375,45
11167,12097,33
11167,12293,41
11167,12490,50
11168,11738,19
11168,11782,21
11168,13293,89
11169,11784,21
11169,12100,33
11170,11426,8
11170,12633,56
11170,12749,62
11171,11492,10
11171,13008,74
11172,11209,1
11172,12832,66
11173,11741,19
11173,12344,43
11174,11567,13
11174,12896,68
11174,13220,84
11175,11744,19
11175,12385,45
11176,11745,19
11177,11455,9
11177,12384,45
11178,11878,24
11178,12233,38
11178,12234,38
11178,12275,40
11179,11719,18
11180,11525,11
11180,11767,20
11181,11571,13
11181,11599,14
11181,11768,20
11181,11813,22
11182,11319,4
11182,12080,32
11182,12134,34
11183,11251,2
11183,12638,56
11184,11726,18
11184,12182,36
11184,12258,39
11185,11659,16
11185,12238,38
11186,12002,29
11186,12114,33
11186,12624,55
11187,11852,23
11188,11323,4
11188,11378,6
11188,12055,31
11189,11442,8
11190,11605,14
11190,11854,23
11191,12005,29
11191,12369,44
11192,11288,3
11192,12698,59
11193,11418,7
11193,12008,29
11193,12034,30
11194,11702,17
11195,11537,11
11195,12121,33
11196,11295,3
11196,11670,16
11197,11384,6
11197,11669,16
11198,11260,2
11198,11362,5
11198,12374,44
11199,11619,14
11199,11641,15
11200,11761,19
11200,12165,35
11200,12376,44
11201,12040,30
11201,13099,77
11202,11560,12
11203,11762,19
11204,11487,9
11205,11448,8
11205,11563,12
11206,12319,41
11206,13006,73
11207,11238,1
11207,11490,9
11207,11944,26
11208,11238,1
11208,11675,16
11208,11905,24
11209,12473,48
11210,11990,28
11210,12590,53
11211,11868,23
11212,11241,1
11212,12643,56
11213,12522,50
11213,12523,50
11213,12841,65
11214,11454,8
11215,11687,16
11215,12927,68
11216,13336,90
11218,11725,17
11218,12501,49
11219,11284,2
11219,12693,58
11220,11820,21
11221,11773,19
11221,11920,24
11222,11661,15
11222,11921,24
11222,12908,67
11223,12395,44
11224,11698,16
11225,11382,5
11225,11757,18
11226,11531,10
11228,11555,11
11228,11611,13
11228,11857,22
11229,11259,1
11230,11421,6
11230,11960,26
11231,12061,30
11231,12582,52
11232,11482,8
11232,11896,23
11232,12357,42
11233,11483,8
11233,12191,35
11234,11619,13
11234,11779,19
11235,11485,8
11235,11539,10
11235,11562,11
11235,11985,27
11236,11943,25
11236,12808,63
11237,11337,3
11237,11862,22
11238,11835,21
11239,12517,49
11240,12664,56
11241,11307,2
11241,12839,64
11243,11872,22
11244,11521,9
11245,11311,2
11245,11937,24
11246,11454,7
11246,11945,25
11247,11461,7
11247,11880,22
11248,11405,5
11248,13338,89
11249,11406,5
11250,11975,26
11250,12526,49
11251,11656,14
11251,12780,61
11251,13302,87
11252,11660,14
11253,11526,9
11253,12055,29
11254,12398,43
11255,11477,7
11255,11756,17
11255,12210,35
11255,12355,41
11256,11668,14
11257,12059,29
11257,12313,39
11258,11555,10
11259,11535,9
11260,11670,14
11260,11982,26
11261,11481,7
11261,12009,27
11262,11480,7
11262,11640,13
11262,13027,72
11263,11581,11
11263,12220,35
11263,12640,54
11264,13099,75
11265,11335,2
11265,11393,4
11265,12223,35
11266,11622,12
11266,12613,52
11267,11396,4
11267,11564,10
11268,11788,18
11268,12197,34
11268,12591,51
11269,12046,28
11269,12104,30
11270,12146,32
11270,12326,39
11271,11496,7
11271,12147,32
11272,11910,22
11272,12107,30
11272,13220,81
11273,11455,6
11274,11688,14
11274,11877,21
11275,11688,14
11277,11719,15
11278,11722,15
11280,11658,13
11280,12028,27
11281,11819,19
11281,12444,44
11281,12693,56
11282,12484,46
11283,12623,52
11284,12910,65
11285,12083,29
11285,12932,66
11286,11442,5
11286,11795,18
11286,12116,30
11288,12137,31
11289,11575,10
11289,12447,44
11290,11700,14
11290,11796,18
11290,11827,19
11291,11327,1
11291,12555,49
11292,11702,14
11293,11535,8
11293,11615,11
11294,12090,29
11295,11830,19
11295,11894,21
11296,11479,6
11296,11760,16
11297,11479,6
11297,11760,16
11297,11778,17
11298,11673,13
11298,12036,27
11299,11485,6
11299,11539,8
11299,11706,14
11300,11644,12
11300,11906,21
11301,11491,6
11301,11805,18
11302,11395,3
11302,12343,39
11302,13591,104
11303,12269,36
11304,12560,49
11304,13031,71
11305,11838,19
11305,12297,37
11306,12561,49
11306,12751,58
11307,13014,70
11308,11842,19
11309,11713,14
11309,11873,20
11309,12665,54
11310,11368,2
11310,12106,29
11311,11521,7
11312,11596,10
11312,11632,11
11313,11568,9
11313,12733,57
11313,13548,100
11314,11881,20
11314,12597,50
11314,12598,50
11315,11689,13
11315,11915,21
11316,11463,5
11316,12021,26
11317,12079,28
11317,12777,59
11318,11635,11
11319,11917,21
11319,12110,29
11319,12389,41
11320,11466,5
11320,12365,40
11320,12570,49
11321,12722,56
11322,11921,21
11324,12159,31
11324,12573,49
11326,11415,3
11326,11444,4
11326,11958,23
11327,12263,35
11328,11702,13
11329,12533,47
11329,13272,83
11330,12604,50
11331,11533,7
11331,12059,27
11332,11673,12
11332,11705,13
11333,11802,17
11333,11900,20
11333,12216,33
11334,11674,12
11334,12039,26
11334,12765,58
11336,11782,16
11336,12661,53
11337,11862,19
11337,12166,31
11338,11586,9
11338,12101,28
11338,12634,51
11338,12981,68
11339,11589,9
11340,11991,24
11340,12942,65
11340,13157,76
11341,11429,3
11341,11741,14
11341,12837,61
11342,12987,68
11342,13205,78
11343,12047,26
11344,11495,5
11344,11871,19
11345,11432,3
11345,12252,34
11346,11649,11
11346,12363,39
11347,11875,19
11347,12203,32
11349,11569,8
11350,12418,41
11350,13110,73
11350,13266,82
11351,11501,5
11351,11723,13
11351,11882,19
11352,12669,53
11352,12734,56
11352,13320,85
11353,11822,17
11353,11853,18
11353,12506,45
11354,11381,1
11354,11825,17
11354,12002,24
11355,12086,27
11356,11553,7
11356,11694,12
11356,12446,42
11358,11797,16
11358,11956,22
11359,11510,5
11359,11957,22
11360,11510,5
11360,11531,6
11361,12488,44
11362,11959,22
11363,11392,1
11363,11803,16
11364,11425,2
11364,12224,32
11365,11515,5
11365,11934,20
11365,12166,30
11367,12103,27
11368,11432,2
11368,12327,36
11369,12565,47
11369,12566,47
11369,12989,67
11370,13035,69
11370,13510,96
11370,13535,97
11370,13571,100
11371,12151,29
11371,12276,34
11371,12416,40
11372,11653,10
11372,12277,34
11373,12021,24
11374,11657,10
11375,11637,9
11375,12352,37
11376,11728,12
11376,12947,64
11377,11438,2
11377,12947,64
11378,11573,7
11379,11411,1
11380,11469,3
11380,11507,4
11380,12508,44
11381,12084,26
11382,11444,2
11382,11856,17
11383,11536,5
11383,11894,18
11384,11479,3
11385,11478,3
11385,11617,8
11385,12952,64
11386,12061,25
11386,12316,35
11387,12092,26
11387,12335,36
11388,11831,16
11389,11860,17
11389,11895,18
11389,12010,23
11390,11560,6
11390,11899,18
11391,11780,14
11391,11900,18
11392,11513,4
11392,11861,17
11393,11833,16
11393,11988,22
11394,12516,44
11394,13144,73
11394,13636,104
11395,13505,95
11396,11763,13
11396,12226,31
11397,11625,8
11397,12493,43
11398,12046,24
11398,13082,70
11400,11593,7
11400,11684,10
11400,12688,52
11401,11685,10
11402,12385,38
11402,12479,42
11403,12232,31
11405,11973,21
11405,12719,53
11406,11434,1
11407,12180,29
11407,12650,50
11408,11849,16
11408,11947,20
11408,12848,59
11409,12186,29
11409,12547,45
11411,11509,3
11412,12548,45
11413,12262,32
11414,11530,4
11414,12005,22
11415,11609,7
11415,12089,25
11416,12551,45
11416,12576,46
11417,11531,4
11418,11610,7
11418,12212,30
11419,11893,17
11419,11980,21
11420,11478,2
11421,11760,12
11422,11484,2
11422,11705,10
11423,11582,6
11423,12142,27
11423,12430,39
11423,12584,46
11424,11762,12
11425,11932,18
11425,12122,26
11425,12123,26
11426,12168,28
11426,12940,62
11427,11709,10
11427,12711,52
11428,12071,24
11429,11517,3
11429,11869,16
11430,11971,20
11430,12477,41
11430,12563,45
11431,11494,2
11431,12497,42
11432,12252,31
11432,12383,37
11433,11744,11
11433,11745,11
11435,11500,2
11435,12078,24
11435,12546,44
11436,12278,32
11436,12849,58
11437,11504,2
11437,13345,83
11438,13491,92
11439,12281,32
11439,12623,47
11440,11823,14
11440,12002,21
11440,12624,47
11441,12573,45
11441,12782,55
11442,11473,1
11442,12136,26
11443,11666,8
11443,12211,29
11444,11941,18
11445,12213,29
11445,12314,33
11445,12488,41
11446,12316,33
11447,11539,3
11447,11985,20
11448,11513,2
11448,11963,19
11449,11739,10
11449,12749,53
11449,12831,57
11450,12270,31
11450,12712,51
11451,11867,15
11451,12070,23
11452,12072,23
11452,12986,64
11453,11685,8
11453,11790,12
11455,12412,37
11456,11992,20
11456,12645,48
11457,11747,10
11457,12717,51
11458,11791,12
11458,11845,14
11458,12846,57
11459,11650,7
11459,12927,60
11460,11913,16
11461,11913,16
11463,11914,16
11463,12421,37
11464,11767,11
11464,12022,21
11465,12255,30
11465,12350,34
11465,12736,52
11466,11550,3
11466,11950,18
11467,12623,46
11467,13192,73
11468,11506,1
11468,11794,12
11468,12393,36
11468,13270,78
11469,13193,73
11469,13248,76
11470,11604,5
11471,11605,5
11472,11604,5
11472,12117,24
11473,11978,19
11474,11554,3
11475,12725,51
11475,13068,67
11476,11576,4
11476,11609,5
11476,11700,8
11477,11776,11
11477,12139,25
11478,12558,43
11480,11960,18
11480,12315,32
11481,12009,20
11481,12036,21
11482,11779,11
11483,11672,7
11483,11897,15
11484,11706,8
11484,12037,21
11485,12094,23
11485,12095,23
11486,11901,15
11486,12039,21
11486,12164,26
11486,12885,58
11487,11736,9
11488,12378,35
11488,12747,52
11489,11933,16
11489,12065,22
11490,11621,5
11490,12294,31
11492,12922,59
11493,11681,7
11493,13611,99
11494,13014,64
11495,11685,7
11495,11790,11
11496,11810,12
11496,12300,31
11497,12844,56
11497,13532,93
11497,13584,97
11498,12386,35
11499,12074,22
11499,12149,25
11500,11748,9
11500,12440,37
11501,12422,36
11501,12546,42
11501,12735,51
11502,12278,30
11503,12027,20
11503,12906,58
11503,13042,65
11504,11884,14
11504,13517,92
11505,11919,15
11505,13421,85
11506,11824,12
11506,12671,48
11506,12879,57
11507,12394,35
11508,12625,45
11508,12782,53
11510,11667,6
11512,11616,4
11512,11799,11
11513,11987,18
11514,11737,8
11514,12342,32
11515,12067,21
11516,12270,29
11516,12297,30
11516,12494,39
11518,11808,11
11518,12071,21
11519,11591,3
11519,12985,62
11520,11809,11
11520,12870,56
11520,13358,81
11522,11567,2
11522,12871,56
11522,12896,57
11522,13913,122
11523,13670,102
11524,11717,7
11525,12599,43
11525,12651,46
11526,11923,14
11527,11954,16
11527,12085,21
11527,12509,39
11528,11663,5
11528,12003,18
11529,11664,5
11530,12310,30
11531,11667,5
11532,12555,41
11532,12658,46
11533,11613,3
11533,12579,42
11534,12090,21
11534,12465,37
11534,12557,41
11535,11893,13
11536,12121,22
11537,12215,26
11537,12628,44
11538,12093,21
11540,11863,12
11540,12143,23
11541,12069,20
11541,13011,62
11542,11565,1
11542,12409,34
11542,12493,38
11543,12072,20
11543,12104,21
11544,12478,37
11544,12715,48
11544,13740,107
11545,12434,35
11546,11594,2
11547,11650,4
11547,13221,72
11547,13298,77
11547,13334,79
11548,12203,25
11548,12253,27
11549,11949,15
11549,12387,33
11549,13065,64
11551,11602,2
11551,11753,7
11551,12114,21
11551,12756,50
11552,11774,8
11552,12529,39
11552,12855,54
11553,11730,6
11553,12159,23
11554,11925,13
11554,12510,38
11555,11703,5
11556,12314,29
11557,12091,20
11557,12141,22
11558,11777,8
11558,12401,33
11558,12429,34
11558,12805,52
11559,11800,9
11559,11831,10
11560,12468,36
11561,11780,8
11561,11803,9
11561,12247,26
11562,11643,3
11562,12095,20
11562,12192,24
11563,11933,13
11563,11963,15
11564,11763,7
11565,11935,13
11565,13146,67
11565,13394,81
11566,12200,24
11567,12436,34
11567,13812,112
11568,13670,100
11568,13671,100
11570,12417,33
11571,12081,19
11572,12156,22
11572,13421,82
11573,11661,3
11574,11926,12
11574,12399,32
11574,12602,41
11575,12427,33
11576,12007,16
11576,12033,17
11576,12138,21
11577,11858,10
11577,12677,45
11578,12466,35
11578,12858,53
11579,11981,15
11579,12162,22
11579,12288,27
11579,12373,31
11580,11734,5
11580,12092,19
11581,12291,27
11582,12291,27
11582,12470,35
11583,12747,48
11583,12888,54
11584,11904,11
11584,12065,18
11585,12249,25
11586,12044,17
11587,13080,63
11588,11788,7
11588,12145,21
11588,12380,31
11589,12269,26
11590,11840,9
11590,12751,48
11591,11682,3
11591,12127,20
11591,13435,82
11592,11629,1
11592,11841,9
11592,12200,23
11594,12435,33
11595,11631,1
11595,12252,25
11596,11911,11
11596,12230,24
11597,12733,47
11597,13334,77
11597,13548,90
11598,12178,22
11598,13063,62
11598,13207,69
11598,13318,76
11599,12024,16
11599,12420,32
11600,11813,8
11600,11848,9
11601,11724,4
11601,12277,26
11601,13149,66
11602,12156,21
11602,12368,30
11604,11729,4
11605,11854,9
11605,11977,14
11606,12004,15
11606,12881,53
11606,13135,65
11607,12369,30
11607,12627,41
11608,11955,13
11609,12007,15
11609,12119,19
11610,11757,5
11610,12120,19
11611,11829,8
11611,12534,37
11612,12333,28
11612,12604,40
11613,11858,9
11613,13072,62
11614,11859,9
11614,12512,36
11615,11893,10
11615,11980,14
11616,12141,20
11616,12466,34
11617,12489,35
11617,13230,70
11618,12582,39
11619,11984,14
11619,12357,29
11621,11783,6
11621,12683,44
11622,12359,29
11622,13179,67
11623,11786,6
11623,12538,37
11623,12641,42
11624,11807,7
11624,11837,8
11624,12068,17
11625,13396,79
11626,12452,33
11626,12496,35
11627,11646,1
11627,12381,30
11628,11842,8
11629,13082,62
11630,11647,1
11630,11871,9
11631,11716,3
11631,12362,29
11632,12018,15
11632,12230,23
11633,12075,17
11634,11883,9
11634,11996,14
11635,11848,8
11635,11915,10
11636,12528,36
11636,13744,104
11637,13365,77
11638,11852,8
11638,12114,18
11638,12756,47
11639,12057,16
11639,12284,25
11639,13050,60
11640,11896,9
11640,13261,71
11641,11984,13
11641,12765,47
11642,11761,4
11642,12165,20
11642,12337,27
11643,11902,9
11643,11985,13
11643,12011,14
11644,12537,36
11645,11971,12
11645,12199,21
11646,12772,47
11646,13490,84
11647,12498,34
11648,12618,39
11648,13669,97
11648,13799,108
11649,11716,2
11649,12619,39
11650,12945,54
11652,11749,3
11652,12417,30
11652,13222,68
11653,12568,37
11655,12639,40
11655,13514,86
11656,13561,89
11657,11727,2
11657,11951,11
11658,11820,6
11658,12185,20
11659,11692,1
11659,12654,41
11659,12819,49
11660,12028,14
11661,12821,49
11662,11976,12
11662,12530,35
11662,13577,90
11663,12446,31
11665,12698,43
11665,12783,47
11666,12008,13
11666,12551,36
11667,11957,11
11668,11733,2
11669,11759,3
11670,11830,6
11670,12289,24
11671,12215,21
11671,12290,24
11671,12703,43
11672,11983,12
11672,12244,22
11672,12606,38
11673,12217,21
11673,12336,26
11674,12062,15
11674,12610,38
11674,13098,61
11675,12249,22
11675,12491,33
11675,12684,42
11676,11784,4
11676,11864,7
11676,12100,16
11676,12810,48
11677,12642,40
11678,12561,36
11679,12198,20
11679,13204,66
11679,13835,110
11680,12199,20
11681,12476,32
11682,12323,25
11682,13183,65
11683,12411,29
11683,12840,49
11684,11938,9
11686,11845,6
11686,12846,49
11686,12926,52
11686,12990,56
11687,12019,13
11687,13317,73
11689,11750,2
11690,11723,1
11690,12570,36
11691,12484,32
11692,12053,14
11693,12622,38
11693,12932,52
11694,11953,10
11694,12159,18
11694,12261,22
11694,12741,44
11695,11888,7
11695,12262,22
11696,11730,1
11696,12003,12
11697,12056,14
11697,12510,33
11698,12029,13
11699,12742,44
11700,11796,4
11700,12138,17
11701,11891,7
11703,11857,6
11703,12161,18
11703,12287,23
11704,11959,10
11704,12009,12
11705,12037,13
11705,12217,20
11706,12094,15
11706,12219,20
11707,12888,50
11707,13006,56
11708,12612,37
11708,12728,43
11709,12866,49
11710,12069,14
11710,12145,17
11710,12380,27
11711,12379,27
11711,12540,34
11712,11788,3
11712,11868,6
11713,12176,18
11714,12731,43
11715,13359,74
11715,13569,88
11716,12524,33
11717,12234,20
11718,12108,15
11720,12415,28
11720,12525,33
11720,12648,39
11721,12305,23
11721,12387,27
11722,12052,13
11722,12778,45
11723,12735,43
11724,12459,30
11724,12902,50
11725,12459,30
11726,11818,4
11726,12236,20
11726,12571,35
11727,12308,23
11727,12963,53
11728,11771,2
11728,12000,11
11728,13046,57
11729,12117,15
11729,12509,32
11730,12446,29
11731,12242,20
11732,12576,35
11733,12243,20
11734,12093,14
11734,12607,36
11735,11802,3
11735,12218,19
11735,13001,55
11737,11804,3
11737,12768,44
11738,13103,59
11738,13250,67
11738,13774,103
11739,12517,32
11739,12959,52
11740,12045,12
11741,12714,41
11741,12984,54
11742,11869,5
11742,12495,31
11743,12476,30
11743,12685,40
11743,13203,64
11744,12018,11
11745,11945,8
11746,13584,88
11747,12177,17
11747,13107,59
11748,12078,13
11748,13085,58
11748,13254,67
11749,12992,54
11750,11915,6
11751,11850,4
11752,12307,22
11752,12461,29
11753,12352,24
11753,12997,54
11754,12084,13
11755,12088,13
11755,12915,49
11756,12139,15
11756,12356,24
11756,12759,43
11757,11856,4
11757,12311,22
11758,12140,15
11758,12243,19
11758,12578,34
11760,11960,8
11761,12040,11
11762,11943,7
11762,11961,8
11763,11807,2
11764,12364,24
11764,12846,46
11764,12847,46
11764,12990,53
11766,11914,5
11766,12849,46
11767,12599,34
11768,12181,16
11768,12304,21
11768,12420,26
11769,12081,12
11770,12185,16
11770,12308,21
11771,12207,17
11771,13854,108
11772,12600,34
11772,12755,42
11772,12930,49
11773,11921,5
11773,12907,48
11774,12262,19
11775,12031,10
11775,12699,39
11775,12915,48
11776,12263,19
11776,12552,32
11777,12558,32
11777,13633,90
11778,11960,7
11778,12315,21
11779,12357,23
11780,12246,18
11780,12609,34
11781,11930,5
11781,12165,15
11781,12376,24
11781,12786,43
11782,12958,50
11782,13103,57
11783,11804,1
11783,12920,48
11785,12249,18
11785,12684,38
11786,12709,39
11787,12980,52
11787,13378,72
11788,12835,45
11789,13355,71
11789,13530,82
11790,11937,5
11791,12438,26
11791,12542,31
11791,12718,39
11792,11878,3
11792,12233,17
11792,12647,36
11792,12899,47
11793,11818,1
11793,12444,26
11794,12463,27
11795,11924,4
11795,12158,14
11795,12950,49
11796,12286,19
11796,12603,33
11797,12031,9
11798,12035,9
11798,13325,69
11799,12466,27
11800,12582,32
11801,12191,15
11801,12317,20
11802,12745,40
11803,11861,2
11803,12358,22
11804,12979,51
11805,11836,1
11806,11865,2
11806,12790,42
11806,12980,51
11806,13120,57
11807,12226,16
11808,12635,34
11809,12381,23
11809,12687,37
11810,12106,11
11810,12499,28
11811,12437,25
11811,13474,77
11811,13960,115
11812,11995,7
11812,12020,8
11813,12081,10
11813,12181,14
11814,12460,26
11815,12483,27
11816,12351,21
11816,12460,26
11816,13629,88
11817,12182,14
11817,12964,49
11818,12503,28
11819,12082,10
11819,12820,43
11819,13045,53
11820,11886,2
11820,12028,8
11821,12622,33
11821,13246,63
11822,12391,23
11822,13269,65
11823,12209,15
11823,12625,33
11824,12464,26
11824,12799,42
11824,13346,69
11825,12084,10
11826,11978,6
11826,12627,33
11827,11890,2
11827,12286,18
11829,12428,24
11830,12402,23
11830,12762,40
11832,11902,2
11832,11903,2
11832,12011,7
11832,13100,55
11833,11932,3
11833,12193,14
11833,12223,15
11834,12064,9
11834,12661,35
11834,13077,54
11835,11905,2
11835,11944,4
11835,12407,23
11836,12517,28
11837,12226,15
11837,12834,43
11838,12045,8
11838,13181,59
11839,12271,17
11839,13433,73
11840,12541,29
11840,12983,50
11841,13082,54
11843,12273,17
11843,12412,23
11843,12988,50
11844,12565,30
11844,12989,50
11844,13084,54
11844,13923,111
11845,12542,29
11845,14037,121
11846,12668,35
11846,12775,40
11848,11915,2
11849,11998,6
11849,12482,26
11850,12903,45
11851,12000,6
11851,12280,17
11851,12505,27
11851,12655,34
11852,12237,15
11853,12054,8
11853,12208,14
11854,12029,7
11855,11890,1
11855,12030,7
11855,12673,35
11855,12674,35
11856,11941,3
11856,12554,29
11857,12312,18
11857,12534,28
11858,13372,69
11858,13390,70
11859,12091,9
11859,12372,21
11859,13578,83
11860,12763,39
11861,11987,5
11861,12338,19
11862,12707,36
11863,12124,10
11863,12225,14
11863,13235,61
11864,12613,31
11864,13408,71
11865,12320,18
11865,12980,49
11866,12588,30
11867,12070,8
11867,12540,28
11869,12837,42
11870,12382,21
11870,13060,52
11871,12498,26
11872,12434,23
11873,12128,10
11873,12434,23
11874,12645,33
11874,12812,41
11875,12202,13
11875,12925,45
11876,12717,36
11876,12812,41
11878,13337,67
11879,11995,5
11879,12328,18
11879,12567,29
11880,11974,4
11881,12181,12
11881,12304,17
11882,12546,28
11884,11952,3
11884,12996,49
11884,13345,67
11885,12113,9
11885,12184,12
11885,13517,78
11886,11920,1
11886,12185,12
11887,12085,8
11889,12187,12
11889,12825,41
11889,13000,49
11890,12697,35
11891,11955,3
11892,12465,24
11894,12121,9
11894,12402,21
11895,12535,27
11895,12763,38
11895,12955,46
11896,12828,41
11897,12191,12
11897,12449,23
11897,12606,30
11898,12038,6
11898,12093,8
11898,12968,47
11899,12317,17
11899,12468,24
11900,12246,14
11900,12764,38
11901,12221,13
11901,12859,42
11902,12221,13
11902,12859,42
11903,12098,8
11903,12222,13
11903,12267,15
11904,12342,18
11904,12727,36
11905,12491,25
11905,12789,39
11906,12537,27
11906,12748,37
11907,11967,3
11907,12322,17
11907,13280,63
11908,11968,3
11908,12070,7
11908,12540,27
11909,12047,6
11910,12895,43
11910,13399,69
11910,13836,102
11911,12147,10
11911,12666,33
11912,12566,28
11912,12898,43
11912,13475,74
11914,13148,55
11916,12256,14
11916,12278,15
11917,12025,5
11917,12026,5
11917,12795,39
11918,12112,8
11918,12235,13
11918,13815,100
11919,12154,10
11919,12155,10
11919,12853,41
11920,12907,43
11920,13044,50
11921,13093,52
11922,12548,27
11922,12911,43
11923,12055,6
11924,12395,20
11924,12656,32
11925,12058,6
11925,12912,43
11926,12240,13
11927,12031,5
11927,12160,10
11928,12008,4
11928,12034,5
11928,12332,17
11928,12532,26
11929,12403,20
11929,12430,21
11929,12584,28
11930,12490,24
11931,12406,20
11931,12680,33
11931,13352,66
11932,12631,30
11933,12431,21
11933,12515,25
11934,12193,11
11934,12707,34
11935,12171,10
11935,12474,23
11935,12559,27
11936,12564,27
11937,12347,17
11938,12688,33
11939,12991,47
11939,13158,55
11939,13826,100
11940,12134,8
11940,12796,38
11941,11958,1
11941,12760,36
11942,12060,5
11942,12703,33
11943,12660,31
11944,12294,14
11944,12682,32
11946,12386,18
11946,13360,65
11946,13570,79
11947,12109,6
11947,12482,22
11947,13285,61
11948,12257,12
11948,12651,30
11949,13065,49
11949,13514,75
11950,12365,17
11951,11999,2
11951,12963,44
11952,12739,34
11952,12874,40
11952,13259,59
11953,12395,18
11953,13214,56
11954,12574,26
11954,12696,32
11954,13051,48
11956,12031,3
11958,12089,5
11958,12701,32
11959,12374,17
11959,12581,26
11961,12223,10
11961,12660,30
11962,12097,5
11962,12293,13
11962,12919,41
11962,13003,46
11963,11987,1
11963,12431,19
11964,12517,23
11964,12959,43
11965,12321,14
11965,12642,29
11965,13121,51
11966,12588,26
11967,12360,16
11968,12196,9
11968,12410,18
11969,12013,2
11969,12229,10
11969,12518,23
11969,13156,53
11970,12103,5
11970,12713,32
11972,12525,23
11972,13161,53
11972,13702,88
11973,13414,67
11974,13021,46
11974,13128,51
11975,12021,2
11975,13109,50
11976,13050,47
11977,12029,2
11978,12136,6
11978,12934,41
11979,12398,17
11979,12743,33
11979,12757,34
11981,12761,34
11981,12858,38
11982,12289,12
11982,12374,16
11982,13073,48
11983,12763,34
11983,12784,35
11984,12608,26
11984,12828,37
11985,12221,9
11986,12513,22
11986,12808,36
11987,12471,20
11988,12193,8
11988,12707,31
11989,12194,8
11989,13176,53
11990,12868,38
11990,13725,89
11991,12771,34
11991,13032,46
11991,13182,53
11992,12363,15
11992,13126,50
11993,12049,2
11993,12204,8
11994,12020,1
11994,12457,19
11994,13401,65
11995,13036,46
11996,12180,7
11997,12023,1
11997,12305,12
11997,13064,47
11998,12132,5
11998,13416,66
11999,12132,5
11999,12366,15
11999,13420,66
12000,12207,8
12000,12931,40
12001,12548,23
12001,13491,71
12003,12446,18
12004,12396,16
12004,13118,49
12005,12310,12
12005,12882,38
12006,12427,17
12006,12531,22
12007,12118,4
12007,12553,23
12008,12856,37
12009,12581,24
12009,12630,26
12009,12827,36
12010,12190,7
12010,12955,41
12011,12098,3
12011,12192,7
12012,12379,15
12012,13080,47
12012,13105,48
12013,12173,6
12013,12663,28
12013,12836,36
12014,12325,12
12014,12346,13
12014,13206,53
12014,13911,103
12015,12731,31
12016,13264,57
12017,13690,85
12018,12385,15
12018,12689,29
12019,12774,33
12019,13509,72
12019,13825,96
12021,12421,16
12022,12255,9
12022,12599,24
12023,12568,23
12023,13131,49
12024,12080,2
12024,12974,42
12024,13038,45
12025,12110,3
12025,13039,45
12025,13340,61
12026,12737,31
12026,12976,42
12026,13039,45
12027,12722,30
12027,12873,37
12030,12310,11
12030,12913,38
12031,12699,29
12032,12210,7
12032,12331,12
12032,12355,13
12032,12758,32
12033,12118,3
12033,12487,19
12033,12826,35
12034,12212,7
12034,12448,17
12035,12189,6
12035,13350,61
12036,12336,12
12036,12827,35
12037,12219,7
12037,12469,18
12038,12220,7
12038,13028,44
12039,12610,24
12040,12337,12
12041,12066,1
12041,12831,35
12042,12102,2
12042,12196,6
12042,12867,36
12042,12982,42
12043,12144,4
12043,12710,29
12043,12729,30
12043,12833,35
12044,12634,25
12045,12345,12
12045,13412,64
12046,12382,14
12046,13060,45
12048,12594,23
12048,13253,55
12048,13863,98
12049,12500,19
12049,13985,108
12050,13063,45
12050,13570,75
12051,12778,32
12052,12638,25
12052,12669,27
12053,12654,26
12053,12964,40
12054,12280,9
12054,12506,19
12054,12655,26
12056,12117,2
12056,12509,19
12056,12880,36
12057,12601,23
12058,12397,14
12058,13522,71
12059,12579,22
12059,13152,49
12060,12373,13
12060,13052,44
12061,12265,8
12062,12245,7
12062,12785,32
12062,13292,57
12063,12222,6
12063,12267,8
12063,12318,10
12063,12587,22
12064,12472,17
12064,13078,45
12064,13352,60
12065,12515,19
12065,12727,29
12066,13057,44
12067,12166,4
12069,12492,18
12069,13236,53
12071,12345,11
12071,12635,24
12071,13157,49
12072,12616,23
12073,12664,26
12074,12254,7
12074,12414,14
12075,12348,11
12076,12349,11
12076,13017,42
12076,13458,66
12077,12415,14
12077,12648,25
12077,12993,41
12077,13020,42
12078,12481,17
12078,13240,53
12079,13128,47
12079,13787,91
12080,12110,1
12082,12354,11
12082,12444,15
12082,13090,45
12083,12672,26
12083,12855,34
12083,13462,66
12085,12696,27
12086,12239,6
12086,12283,8
12087,12115,1
12087,12825,33
12088,12355,11
12088,12758,30
12089,12119,1
12089,12804,32
12090,12264,7
12090,12605,22
12091,13194,50
12092,12450,15
12092,12607,22
12093,12937,37
12094,12585,21
12094,12766,30
12095,12377,12
12095,12585,21
12096,13099,45
12097,12807,32
12097,13141,47
12098,12339,10
12098,12340,10
12099,13077,44
12100,12341,10
12100,13143,47
12101,13008,41
12101,13432,63
12102,12941,37
12102,13467,66
12103,12344,10
12104,12382,12
12104,12616,22
12105,12895,35
12105,13184,49
12105,13399,61
12105,13974,105
12106,12327,9
12106,12843,33
12107,13836,94
12107,13878,97
12108,12792,31
12109,12776,30
12109,12848,33
12109,13163,48
12110,13038,42
12111,12257,6
12111,12637,23
12111,13242,52
12112,12153,2
12112,12721,27
12112,13419,62
12113,12157,2
12113,12877,34
12113,13586,74
12114,12368,11
12115,12425,13
12115,12575,20
12115,13855,95
12116,12136,1
12116,12158,2
12116,12999,40
12118,12550,19
12118,13070,43
12119,12553,19
12119,12744,28
12120,12212,4
12120,12311,8
12120,12577,20
12121,12628,22
12122,12513,17
12122,12631,22
12122,12808,31
12123,12224,4
12123,12513,17
12123,12747,28
12124,12143,1
12124,12662,24
12124,12830,32
12125,12143,1
12125,12709,26
12125,12769,29
12126,12195,3
12126,12538,18
12126,12711,26
12127,13013,40
12127,13835,93
12128,12665,24
12128,12688,25
12129,12148,1
12129,12299,7
12129,12644,23
12129,13776,88
12129,13862,95
12129,14129,121
12130,12274,6
12130,12667,24
12130,12775,29
12131,12438,13
12131,13207,49
12132,13460,64
12133,12527,17
12133,12851,32
12133,13087,43
12133,13133,45
12134,12389,11
12134,13226,50
12135,12209,3
12135,12625,21
12135,13166,47
12135,13500,67
12136,13024,40
12137,12698,25
12137,12757,28
12138,12603,20
12138,12826,31
12139,12552,18
12139,12803,30
12140,12532,17
12140,12576,19
12141,13170,47
12141,13194,48
12142,12470,14
12142,12807,30
12142,13141,45
12143,13007,39
12144,12321,7
12144,13011,39
12146,12730,26
12146,13531,68
12146,14087,116
12147,12300,6
12147,13125,44
12148,13084,42
12148,13923,99
12148,14295,147
12149,12414,11
12149,12927,34
12150,12543,17
12150,13158,46
12150,13337,56
12151,13223,49
12151,13299,54
12152,12904,33
12152,13320,55
12153,12306,6
12153,12872,32
12153,13088,42
12154,12367,9
12154,12501,15
12155,12367,9
12155,12853,31
12155,12966,36
12156,12462,13
12156,13540,68
12157,12854,31
12157,13367,57
12157,13446,62
12158,13023,39
12158,13448,62
12159,13049,40
12160,12240,3
12160,12699,24
12161,12312,6
12161,12448,12
12161,12511,15
12162,12678,23
12162,12702,24
12162,13153,45
12163,12245,3
12163,12704,24
12163,12785,28
12163,13075,41
12164,12404,10
12164,12610,19
12164,13139,44
12166,12707,24
12167,12248,3
12167,13057,40
12167,13155,45
12168,12633,20
12168,12770,27
12168,12791,28
12169,12296,5
12169,13199,47
12169,13666,77
12169,13700,80
12170,12539,16
12170,13030,39
12171,13009,38
12171,13394,58
12171,13607,73
12172,12322,6
12172,13080,41
12173,12518,15
12173,12712,24
12174,12324,6
12174,12838,30
12175,12325,6
12175,13106,42
12175,13911,97
12175,14009,105
12176,12665,22
12177,12456,12
12177,13297,53
12178,12928,33
12179,12302,5
12179,13186,46
12179,13254,50
12180,12848,30
12182,12258,3
12182,12929,33
12182,13287,52
12182,13344,55
12183,12502,14
12183,13854,92
12184,12504,14
12184,12877,31
12184,13091,41
12185,13044,39
12186,13246,49
12186,13763,84
12187,12396,9
12188,12531,15
12188,12783,27
12189,12677,22
12189,13721,81
12190,12806,28
12191,12936,33
12192,12339,6
12192,12377,8
12194,12451,11
12194,13944,99
12195,12251,2
12195,13010,37
12196,13058,39
12197,12891,31
12197,13507,65
12198,12432,10
12198,13033,38
12198,14230,133
12201,12272,3
12201,12433,10
12201,13957,100
12202,12479,12
12202,13282,51
12203,12925,32
12203,12960,34
12204,13062,39
12204,13985,102
12205,12597,17
12205,12793,27
12206,12306,4
12206,12388,8
12206,12779,26
12206,13088,40
12207,12505,13
12207,13657,75
12208,12280,3
12208,12911,31
12209,12462,11
12209,12624,18
12210,12759,25
12210,12802,27
12211,12242,1
12211,12551,15
12212,12556,15
12213,12334,5
12213,12465,11
12213,12557,15
12214,12429,9
12214,13660,75
12214,13661,75
12215,13053,38
12215,13136,42
12216,12745,24
12216,12764,25
12216,13074,39
12217,12469,11
12217,12746,24
12218,12468,11
12218,13076,39
12219,12726,23
12219,12766,25
12220,13140,42
12220,13452,60
12222,12292,3
12222,13100,40
12223,12631,18
12224,12341,5
12224,12887,30
12225,12684,21
12225,13197,45
12226,12494,12
12227,12475,11
12227,13251,48
12227,13395,56
12228,12615,17
12228,13433,58
12229,12592,16
12229,12663,20
12229,13506,64
12230,12666,20
12230,12689,21
12231,12595,16
12231,13682,76
12233,12439,9
12233,13159,43
12235,12721,22
12235,13684,76
12236,12503,12
12236,12527,13
12236,12851,28
12237,12756,24
12237,12798,26
12238,12819,27
12238,12821,27
12239,13227,46
12240,12602,16
12240,12657,19
12241,12331,4
12241,12602,16
12241,12657,19
12241,12758,24
12243,12428,8
12243,13071,38
12244,12784,25
12244,12953,32
12244,13097,39
12245,13098,39
12245,13326,52
12246,12916,30
12246,13138,41
12247,12358,5
12247,12609,16
12247,13374,54
12248,12537,13
12248,13177,43
12250,12320,3
12250,13122,40
12250,13200,44
12251,12941,31
12252,12362,5
12252,12383,6
12252,12943,31
12253,12456,9
12253,12960,32
12255,13130,40
12256,12569,14
12256,13210,44
12257,12794,25
12257,13383,54
12258,12571,14
12258,13459,59
12259,12738,22
12259,13561,66
12259,13575,67
12260,12621,16
12260,12797,25
12261,12741,22
12261,12801,25
12261,13049,36
12263,12555,13
12263,13271,48
12264,13095,38
12265,12316,2
12265,12582,14
12266,12292,1
12266,12405,6
12266,12861,27
12266,12938,30
12266,13249,46
12266,13274,48
12267,12340,3
12267,13277,48
12268,12516,11
12268,13176,42
12270,12834,26
12270,12869,27
12271,13202,43
12272,13623,70
12272,13948,96
12273,13359,52
12274,12667,18
12274,12733,21
12275,12439,7
12276,12349,3
12276,12441,7
12277,12568,13
12278,12569,13
12279,12720,20
12279,12753,22
12279,13087,37
12279,13133,39
12280,12931,29
12281,12424,6
12281,12695,19
12281,13047,35
12282,12309,1
12282,12392,5
12282,12670,18
12282,12781,23
12283,12485,9
12283,12781,23
12283,13227,44
12284,12601,14
12284,12951,30
12284,13565,65
12285,12486,9
12285,12742,21
12285,13386,53
12286,12697,19
12286,12914,28
12287,12313,1
12287,12511,10
12288,12702,19
12288,12761,22
12288,13171,41
12289,12762,22
12289,13054,35
12290,12629,15
12290,12679,18
12290,13053,35
12291,12640,16
12291,13429,55
12292,12318,1
12292,13544,63
12293,12680,18
12293,13494,60
12294,12683,18
12294,13005,33
12295,12633,15
12295,12791,23
12295,13177,41
12295,13431,55
12296,12408,5
12296,13263,46
12296,13737,78
12297,12869,26
12297,13181,41
12298,12325,1
12298,12346,2
12298,13034,34
12298,14062,107
12299,12842,25
12299,13471,58
12299,13559,64
12300,12499,9
12300,13381,52
12301,12898,27
12301,13475,58
12301,13560,64
12301,14074,108
12302,12440,6
12302,12544,11
12303,12649,16
12303,13162,40
12303,13265,46
12303,13319,49
12304,12443,6
12304,12598,13
12305,13342,50
12306,12721,19
12306,13614,68
12307,12754,21
12307,13576,65
12308,12875,26
12308,13044,34
12309,12445,6
12309,12740,20
12309,13541,62
12310,13306,48
12311,12554,11
12311,12857,25
12312,12332,1
12312,13071,35
12313,12676,17
12313,13152,39
12314,12334,1
12314,12370,3
12317,12936,28
12317,13076,35
12318,12861,25
12318,13142,38
12319,12811,23
12319,13557,63
12320,12790,22
12320,13198,41
12321,12710,18
12321,12864,25
12322,13313,48
12322,13558,63
12323,13456,56
12323,13508,60
12324,12752,20
12324,12986,31
12325,13983,97
12326,14087,109
12327,12383,3
12327,13185,40
12328,12650,15
12328,13730,76
12329,12390,3
12329,12874,25
12329,13259,44
12329,13438,54
12330,12392,3
12330,12781,21
12330,12948,28
12330,13227,42
12331,12675,16
12331,12802,22
12332,12448,5
12332,12578,11
12333,12400,3
12333,12488,7
12334,13026,32
12335,12375,2
12335,12450,5
12335,13075,34
12336,12746,19
12336,13173,39
12337,13099,35
12338,12358,1
12338,12471,6
12338,12918,26
12339,12514,8
12339,12586,11
12340,12514,8
12340,13004,31
12341,12708,17
12342,12768,20
12342,13485,57
12343,12868,24
12343,13201,40
12343,14320,145
12344,12713,17
12344,12714,17
12345,13182,39
12346,13611,66
12347,12564,10
12348,12668,15
12349,13593,65
12350,12722,17
12350,13258,43
12351,12483,6
12351,13365,49
12352,13365,49
12352,13598,65
12353,12484,6
12353,13267,44
12353,13643,68
12354,12820,22
12354,13043,32
12354,13585,64
12356,12700,16
12356,12803,21
12356,13094,34
12357,12828,22
12358,12956,27
12359,12409,2
12359,13798,80
12360,12750,18
12360,13280,44
12360,13898,88
12361,12433,3
12361,12478,5
12361,12715,16
12362,12524,7
12362,12943,26
12363,12619,11
12363,13472,55
12364,12961,27
12364,13741,75
12364,14075,105
12365,12850,22
12365,12904,24
12366,13089,33
12366,13191,38
12366,13460,54
12367,13066,32
12367,13243,41
12368,12462,4
12368,12624,11
12369,12882,23
12369,13305,45
12370,12400,1
12370,12488,5
12371,12580,9
12371,13026,30
12371,13722,73
12372,12512,6
12372,13169,37
12372,13676,69
12373,13153,36
12374,13216,39
12375,13027,30
12375,13326,46
12376,12403,1
12377,12586,9
12377,12886,23
12378,12513,6
12378,12747,17
12379,12410,1
12379,13328,46
12380,12835,21
12380,13236,40
12381,12772,18
12382,12752,17
12383,13295,44
12384,12412,1
12385,12897,23
12386,12596,9
12386,13062,31
12387,13342,46
12388,12423,1
12388,12653,12
12388,13642,66
12389,12795,19
12389,13418,50
12390,12692,14
12390,13115,33
12390,13190,37
12391,13048,30
12391,13916,88
12392,12672,13
12392,13746,74
12393,12696,14
12393,12879,22
12394,12508,5
12395,13167,36
12396,13000,28
12397,12742,16
12397,13386,48
12398,12447,2
12399,12675,13
12399,13068,31
12400,12604,9
12401,12467,3
12401,12659,12
12401,13096,32
12402,12628,10
12402,12884,22
12403,12786,18
12404,12787,18
12404,12885,22
12404,13274,42
12405,12705,14
12405,12788,18
12405,13407,49
12406,13077,31
12407,12682,13
12407,12789,18
12407,12863,21
12408,13688,69
12408,13700,70
12409,13394,48
12410,12540,6
12410,13058,30
12411,13490,54
12413,12667,12
12413,12733,15
12414,12927,23
12415,13160,35
12416,12441,1
12416,13127,33
12416,13223,38
12417,12457,2
12418,13129,33
12418,13240,39
12419,12814,19
12419,12974,26
12419,13038,29
12419,13703,70
12420,12443,1
12420,12974,26
12421,13109,32
12421,13148,34
12422,12481,3
12422,13224,38
12422,13266,41
12423,12779,17
12423,12975,26
12423,13341,45
12424,12823,19
12424,13248,39
12425,12508,4
12425,13348,45
12426,12673,12
12426,12674,12
12426,13228,38
12426,13387,47
12427,12447,1
12427,13069,30
12428,12534,5
12429,12659,11
12431,12471,2
12431,12969,25
12432,13356,45
12432,13455,51
12432,13469,52
12433,13668,66
12435,13569,59
12436,13253,39
12437,13824,79
12437,14020,95
12437,14073,102
12438,13742,72
12439,12792,17
12440,13108,31
12440,13254,39
12441,13147,33
12441,13593,61
12442,12648,10
12442,13020,27
12442,13086,30
12442,13572,59
12443,13239,38
12443,13339,44
12444,12503,3
12445,12694,12
12445,12967,24
12445,13707,69
12447,12743,14
12448,12556,5
12449,12935,22
12449,12936,22
12449,13391,46
12450,12607,7
12450,13327,43
12451,13293,41
12452,13982,91
12453,13206,35
12453,13740,71
12454,13878,82
12455,12989,25
12455,13474,51
12456,13335,43
12457,13222,36
12458,12962,23
12458,13684,66
12459,12501,2
12459,13364,44
12460,12483,1
12461,12547,4
12461,13576,58
12462,13500,53
12463,12910,20
12463,13270,39
12464,12949,22
12464,13289,40
12464,13502,53
12466,13170,33
12467,12805,16
12467,12883,19
12467,13542,55
12468,13076,28
12469,12726,12
12469,13195,34
12470,13429,47
12470,13483,51
12471,13002,25
12472,12536,3
12472,12661,9
12472,14081,101
12473,12832,17
12473,13411,46
12474,13146,31
12474,13583,58
12474,13947,87
12475,13411,46
12476,13380,44
12476,13611,60
12477,12593,5
12477,12838,17
12478,13668,64
12478,13890,82
12479,12897,19
12479,13612,60
12480,12500,1
12480,13475,50
12481,12546,3
12481,13129,30
12482,13416,46
12482,13694,66
12484,12621,6
12485,13116,29
12485,13541,54
12486,12601,5
12486,12951,21
12486,13067,27
12487,12550,3
12487,12700,10
12487,13465,49
12489,12806,15
12489,13405,45
12490,12786,14
12490,12807,15
12491,13197,33
12491,13219,34
12492,13011,24
12492,13180,32
12492,13608,59
12493,13146,30
12493,13396,44
12494,12834,16
12495,12541,2
12495,12837,16
12496,12870,17
12496,13982,89
12497,12593,4
12497,13014,24
12499,12843,16
12499,13681,64
12500,13784,73
12500,13961,87
12501,13066,26
12502,13815,75
12503,13090,27
12504,12639,6
12504,13516,52
12505,13549,54
12505,13658,62
12506,13269,37
12506,13716,67
12507,12878,17
12507,13367,42
12507,13446,47
12507,13789,73
12508,13193,32
12509,13051,25
12510,12880,17
12510,12912,18
12511,12556,2
12511,12676,8
12512,12580,3
12514,12611,4
12514,12809,14
12515,12969,21
12515,13353,41
12516,13665,62
12518,13529,52
12518,13547,53
12519,12592,3
12519,12892,17
12519,13315,39
12519,13592,57
12520,13202,32
12520,13355,41
12521,12636,5
12521,12893,17
12521,13204,32
12521,13379,42
12522,13639,60
12522,13669,62
12522,13680,63
12523,13669,62
12524,12619,4
12524,13296,38
12525,13284,37
12526,13109,27
12526,13210,32
12527,12571,2
12527,13674,62
12528,13041,24
12529,12948,19
12529,13227,33
12530,12549,1
12530,12933,18
12530,13050,24
12531,13069,25
12532,12578,2
12532,12856,15
12533,13168,30
12533,13325,39
12534,13071,25
12535,13231,33
12535,13405,43
12535,13831,75
12536,13078,25
12536,13443,45
12536,14070,97
12537,13809,73
12538,12866,15
12538,13010,22
12539,13505,50
12539,13833,75
12541,12984,21
12541,13314,38
12542,13400,42
12542,13691,63
12543,13336,39
12544,13108,26
12544,13653,60
12545,12690,7
12545,13879,78
12547,13763,68
12548,13644,59
12549,12572,1
12549,13577,54
12549,13719,65
12550,13025,22
12550,13389,41
12551,12856,14
12552,13271,35
12552,13449,45
12553,13070,24
12553,13151,28
12554,12760,10
12554,13450,45
12555,13600,56
12556,12577,1
12557,12605,2
12557,13026,22
12558,12952,18
12559,13123,26
12559,13583,54
12559,13607,56
12560,12713,7
12560,13124,26
12561,13507,49
12562,12942,17
12562,13203,30
12562,13714,64
12563,12593,1
12563,12643,4
12565,13640,58
12565,14288,127
12566,13640,58
12566,13777,69
12567,13016,21
12567,13036,22
12567,13730,65
12568,13149,27
12569,12849,13
12569,13188,29
12570,12735,8
12570,12850,13
12571,13536,50
12572,12933,16
12572,13463,45
12572,13894,78
12573,13049,22
12573,13424,42
12574,13347,38
12574,13371,39
12574,13552,51
12575,13117,25
12575,13348,38
12575,13918,80
12576,12856,13
12577,12676,5
12577,12857,13
12578,13071,23
12579,13072,23
12579,14016,88
12580,13169,28
12581,12630,2
12581,13216,30
12583,12629,2
12583,12679,5
12583,13119,25
12583,13406,41
12584,12786,10
12584,12807,11
12585,12886,14
12585,12978,19
12586,12611,1
12586,12886,14
12587,12970,18
12587,13142,26
12587,13277,34
12588,12940,16
12589,12729,7
12589,12833,12
12589,13251,32
12589,13281,34
12590,12890,14
12590,13725,64
12591,12835,12
12591,12891,14
12591,14027,89
12592,13156,27
12592,13752,66
12593,12839,12
12594,13473,45
12595,13641,57
12595,13671,59
12597,12649,3
12597,13265,33
12598,12649,3
12598,13239,31
12599,13130,25
12600,13048,21
12600,13916,79
12602,12675,4
12603,12914,14
12603,13324,36
12605,13095,23
12605,13711,62
12606,12935,15
12606,12953,16
12607,12937,15
12608,12765,8
12608,13232,30
12608,13261,32
12609,12916,14
12609,13441,42
12610,13292,34
12611,12706,5
12611,12809,10
12611,12860,12
12611,13219,29
12612,13688,60
12613,13179,27
12613,13768,66
12614,13031,20
12614,13395,39
12614,13936,80
12615,12890,13
12615,13993,85
12616,12752,7
12616,12986,18
12617,12944,15
12617,13651,57
12617,13900,77
12617,14206,112
12618,13532,48
12619,13533,48
12620,13018,19
12620,13161,26
12620,13209,28
12620,13702,61
12621,13267,32
12622,13260,31
12622,13941,80
12623,13047,20
12625,13304,34
12626,12933,14
12626,13463,43
12626,13708,61
12626,13869,74
12627,12934,14
12627,13305,34
12628,13136,24
12629,13053,20
12629,13055,20
12630,13154,25
12630,13373,37
12631,12660,2
12632,12980,17
12632,13120,23
12632,13453,42
12632,14046,90
12633,13155,25
12634,13454,42
12634,13527,47
12635,13157,25
12636,13033,19
12636,13530,47
12637,13301,33
12638,12780,7
12638,13112,22
12639,13628,54
12640,13140,23
12640,13794,67
12641,12709,3
12641,13010,17
12641,13409,38
12642,13527,46
12642,13738,62
12643,12839,9
12644,13559,48
12644,13689,58
12644,14129,98
12645,13126,22
12645,13813,68
12646,12773,6
12646,13015,17
12646,13756,63
12646,14043,88
12647,13337,34
12647,13778,65
12647,13901,75
12648,13284,31
12649,13162,24
12650,12848,9
12650,13163,24
12651,13130,22
12651,13383,36
12652,12737,4
12652,13039,18
12652,13256,29
12652,13403,37
12653,12975,15
12653,13111,21
12653,13321,33
12654,12995,16
12654,13114,21
12655,13658,55
12655,13716,60
12656,12950,13
12656,13167,24
12656,13805,67
12657,12699,2
12657,12915,11
12658,13272,30
12658,13600,51
12659,13492,43
12659,13661,55
12660,12808,7
12661,12958,13
12662,13007,16
12662,13102,20
12662,13278,30
12663,13637,53
12663,13724,60
12664,13413,37
12666,13125,21
12666,13332,33
12669,12778,5
12669,13112,20
12670,12740,3
12670,12909,10
12670,13746,61
12671,12799,6
12671,13270,29
12671,14026,84
12672,12948,12
12672,14342,135
12673,12913,10
12673,13387,35
12674,12697,1
12674,13523,44
12675,13150,22
12676,13404,36
12677,13390,35
12677,13830,68
12678,13137,21
12678,13172,23
12678,13554,46
12679,12703,1
12679,12954,12
12680,13377,34
12681,12767,4
12681,12957,12
12681,13056,17
12681,13101,19
12682,13005,15
12682,13234,26
12683,12920,10
12683,13545,45
12684,13197,24
12685,13380,34
12685,13739,60
12685,13848,69
12686,12985,14
12686,13205,24
12686,13489,41
12687,12772,4
12687,13358,33
12687,13667,54
12689,12897,9
12689,13332,32
12690,13238,26
12691,12737,2
12691,13403,35
12691,13595,49
12691,13685,55
12692,12723,1
12692,13242,26
12692,13438,37
12693,12910,9
12693,13045,16
12694,12800,5
12694,12967,12
12694,13247,26
12694,13499,42
12694,13988,80
12695,12823,6
12695,13519,43
12695,13695,56
12696,13347,32
12697,13426,36
12698,13427,36
12700,13025,15
12700,13481,40
12701,12760,3
12701,12804,5
12701,13955,77
12702,13172,22
12702,13503,42
12703,13052,16
12704,12829,6
12704,12968,12
12704,13327,31
12705,13056,16
12705,13101,18
12705,13375,33
12706,12789,4
12706,12860,7
12706,12863,7
12708,12887,8
12708,13143,20
12708,13582,47
12709,13487,40
12710,12921,9
12710,12939,10
12711,12866,7
12712,12869,7
12712,13529,43
12713,12971,12
12714,12971,12
12714,13398,34
12715,13081,17
12716,12896,8
12716,13220,24
12716,13823,66
12716,14141,97
12717,13107,18
12717,13728,58
12718,13691,55
12718,13742,59
12718,14136,96
12719,13338,31
12719,13414,35
12719,14208,107
12720,12815,5
12720,13286,28
12720,13853,68
12721,14091,91
12722,13225,24
12723,12794,4
12723,13190,22
12723,13211,23
12724,12853,6
12724,12966,11
12724,12977,12
12724,14000,80
12725,13135,19
12725,13659,52
12726,13217,23
12726,13233,24
12727,13353,31
12727,13485,39
12728,12865,6
12728,13688,54
12729,12921,8
12729,13444,36
12730,13639,50
12730,13811,64
12731,12840,5
12732,12898,7
12732,13560,44
12732,13801,63
12732,13959,76
12734,12778,2
12734,13110,17
12735,13224,23
12736,13130,18
12736,13258,25
12736,13383,32
12737,13288,27
12738,12797,3
12738,13303,28
12739,12996,12
12739,13706,55
12739,13840,66
12740,12822,4
12740,12967,10
12741,13214,22
12741,13868,68
12743,13069,15
12743,13427,34
12744,12804,3
12744,13151,19
12744,13871,68
12745,13001,12
12745,13273,26
12746,13195,21
12746,13392,32
12747,12887,6
12747,13218,22
12748,13809,63
12748,13846,66
12749,13057,14
12749,13155,19
12750,13378,31
12751,12983,11
12751,13507,40
12753,12815,3
12753,13461,36
12753,13498,39
12754,12994,11
12754,13964,75
12755,13134,17
12755,13323,28
12755,13916,71
12756,12997,11
12757,13427,33
12758,12915,6
12759,13094,15
12759,13388,31
12760,13896,69
12761,13229,22
12761,13307,27
12762,12884,5
12762,13601,46
12763,13231,22
12764,13138,17
12764,13555,42
12765,13098,15
12766,12978,10
12766,13217,21
12767,12862,4
12767,13262,24
12767,13648,49
12768,12979,10
12768,14007,78
12769,12889,5
12769,13007,11
12769,13487,37
12770,12922,6
12770,12940,7
12771,13012,11
12771,13294,26
12771,13412,32
12772,13650,49
12773,13682,51
12773,13914,70
12774,13333,28
12776,13285,25
12776,13363,29
12776,13415,32
12777,12962,8
12777,13787,60
12779,13614,46
12779,13892,68
12780,13643,48
12780,13744,56
12781,13541,40
12782,13304,26
12782,13424,32
12783,13069,13
12783,13427,32
12784,13231,21
12784,13542,40
12785,12829,2
12785,13897,68
12787,12917,5
12787,13139,16
12787,13249,22
12788,12938,6
12788,13101,14
12788,13580,43
12789,13219,20
12790,13279,24
12790,13495,37
12791,12922,5
12791,13606,45
12792,13159,17
12793,13265,23
12794,13242,21
12794,13343,27
12795,12976,8
12795,13113,14
12796,12852,2
12796,13226,20
12796,14024,78
12797,13267,23
12797,13561,41
12798,12997,9
12798,13303,25
12799,13289,24
12799,13906,68
12800,13247,21
12800,13719,53
12800,13747,55
12801,12824,1
12801,13447,33
12801,13868,65
12802,13150,16
12802,13388,29
12803,13025,10
12803,13449,33
12804,13955,72
12805,13633,46
12805,13748,55
12806,12955,6
12809,13004,9
12809,13079,12
12810,13143,15
12810,13408,30
12810,13934,70
12811,13263,22
12811,13991,75
12812,13728,53
12812,13813,60
12813,13239,20
12813,13339,26
12813,13512,37
12813,13785,58
12814,13340,26
12814,13732,53
12814,13786,58
12815,13574,41
12815,13626,45
12816,12929,4
12816,13132,14
12816,13287,23
12816,13715,52
12817,13040,10
12817,13111,13
12817,13189,17
12818,12903,3
12818,13301,24
12818,13772,56
12819,12995,8
12819,13675,48
12820,13092,12
12820,13385,28
12821,12908,3
12821,13675,48
12822,12909,3
12822,12998,8
12822,13245,20
12823,13564,40
12823,13587,42
12824,13049,10
12824,13424,30
12824,13447,32
12825,13215,18
12825,13855,63
12826,13324,25
12826,13465,33
12827,13154,15
12827,13173,16
12828,13261,21
12829,13028,9
12829,13482,34
12830,12970,6
12830,13102,12
12830,13235,19
12831,12959,5
12831,13057,10
12832,13200,17
12832,13281,22
12833,13011,8
12833,13180,16
12835,13834,61
12836,13396,28
12836,13724,52
12837,12984,7
12838,12986,7
12839,13014,8
12841,13639,45
12842,13331,25
12842,13437,30
12842,13958,71
12843,13185,16
12843,13891,65
12844,13949,70
12844,13995,74
12844,14257,109
12845,12926,3
12845,12990,7
12845,13457,32
12845,13975,72
12847,12991,7
12847,14075,83
12849,13148,14
12850,13224,18
12850,13780,56
12851,13090,11
12851,13761,54
12852,12994,7
12852,14175,96
12853,13421,29
12853,13618,43
12853,14065,82
12854,12877,1
12854,13366,26
12854,13501,35
12855,12948,4
12857,13404,28
12857,13450,31
12858,13170,15
12858,13229,18
12859,12885,1
12859,13100,11
12860,12886,1
12860,13174,15
12861,12938,3
12861,13579,40
12862,13196,16
12862,13376,26
12862,13393,27
12863,13174,15
12863,13234,18
12864,12939,3
12864,13121,12
12864,13972,71
12865,13030,8
12865,13922,67
12867,13058,9
12867,13104,11
12867,13546,37
12868,14248,106
12869,13012,7
12870,14148,91
12871,12944,3
12871,13900,65
12871,14063,81
12872,12905,1
12872,13419,28
12872,13549,37
12873,13042,8
12873,13225,17
12873,13515,35
12874,13345,24
12874,13772,54
12875,12963,4
12875,13617,42
12875,13965,70
12876,12965,4
12876,13244,18
12876,13439,29
12876,13480,32
12877,13953,69
12878,13646,44
12878,13966,70
12878,13987,72
12879,13346,24
12879,13347,24
12880,13051,8
12880,13349,24
12881,13118,11
12881,13425,28
12881,13909,65
12882,13306,22
12882,13818,58
12883,13096,10
12883,13097,10
12883,13588,40
12884,13136,12
12884,13566,38
12885,13544,36
12886,13275,20
12886,13351,24
12887,13218,16
12888,13218,16
12888,13875,62
12889,13312,22
12889,13467,31
12889,13504,34
12890,13488,32
12890,14223,101
12891,13507,34
12891,14054,79
12892,12923,1
12892,13638,43
12892,14286,112
12893,13982,71
12893,13994,72
12894,13106,10
12894,14009,73
12894,14112,85
12894,14191,97
12895,13220,16
12895,14141,89
12896,12944,2
12897,13755,52
12898,13777,54
12899,13159,13
12899,13778,54
12900,13208,15
12900,13693,47
12900,13978,70
12901,12946,2
12901,13127,11
12901,13147,12
12901,13164,13
12902,13149,12
12902,13364,24
12902,13979,70
12903,13743,51
12904,13780,54
12905,13088,9
12905,13384,25
12905,14023,74
12906,13192,14
12906,13550,36
12907,13093,9
12907,13617,41
12908,13093,9
12908,14031,75
12909,13022,6
12909,14025,74
12910,13841,59
12911,12931,1
12911,13644,43
12912,13349,23
12912,13522,34
12913,13306,21
12913,13817,57
12914,13426,27
12914,13710,48
12916,13451,29
12916,13589,39
12917,13310,21
12917,13407,26
12917,13859,60
12918,12956,2
12918,13002,5
12918,13604,40
12919,13141,11
12919,13686,46
12919,13736,50
12920,12979,4
12920,14018,73
12921,13122,10
12921,13526,34
12922,13008,5
12923,13434,27
12923,13726,49
12923,14205,98
12924,13534,34
12924,13690,46
12925,13282,19
12925,13683,45
12926,13624,41
12926,14037,75
12927,12945,1
12927,13317,21
12928,13207,14
12929,13344,22
12929,13513,33
12930,13134,10
12930,13213,14
12931,13046,6
12932,13260,17
12932,13462,29
12933,13565,36
12934,13024,5
12934,13709,47
12935,13291,19
12935,13602,39
12936,13524,33
12937,12968,2
12937,13327,21
12938,13484,30
12939,13526,33
12939,13921,64
12941,13010,4
12941,13409,25
12942,13032,5
12942,14071,79
12943,13295,19
12943,13296,19
12944,13823,56
12945,13298,19
12945,13317,20
12946,12973,2
12946,13731,48
12946,13880,60
12947,13046,5
12947,13491,30
12949,13346,21
12949,13463,28
12949,13869,59
12950,13448,27
12950,14003,70
12951,13521,32
12951,13708,46
12952,13230,14
12952,13633,40
12953,13291,18
12953,13543,33
12954,13052,5
12954,13137,9
12954,13406,24
12955,13405,24
12956,13374,22
12956,13590,37
12957,13311,19
12957,13648,41
12957,13795,53
12958,13634,40
12958,14081,79
12960,13335,20
12960,13683,43
12961,13361,21
12961,13652,41
12961,13976,67
12962,14115,82
12963,13420,24
12964,13114,7
12964,13344,20
12965,13115,7
12965,13190,11
12965,13537,32
12966,13243,14
12966,13904,61
12967,12998,2
12968,13028,3
12969,13002,2
12969,13620,38
12970,13175,10
12970,13525,31
12971,13124,7
12971,13609,37
12972,13331,19
12972,13437,24
12972,13445,25
12972,14398,137
12973,13037,3
12973,13164,9
12973,13733,46
12974,13339,19
12975,13241,13
12975,13257,14
12976,13288,16
12976,13734,46
12977,13599,36
12977,13619,37
12977,14065,76
12978,13351,19
12978,13442,24
12979,14153,86
12980,13687,42
12980,14053,74
12981,13178,9
12981,13432,23
12981,13454,25
12982,13104,5
12982,13467,26
12982,13698,43
12983,13314,17
12983,13507,29
12984,13398,21
12985,13059,3
12985,13436,23
12987,13252,13
12987,13490,27
12988,13264,14
12988,13359,19
12989,14073,76
12990,13741,46
12991,13977,65
12992,13108,5
12992,13222,11
12992,13653,39
12993,13160,8
12993,13477,26
12993,13511,29
12994,14308,111
12995,13322,17
12995,13704,43
12996,13517,29
12996,14001,67
12997,13598,35
12998,13268,14
12998,13499,28
12999,13023,1
12999,13024,1
12999,13917,60
13000,13118,5
13000,13215,10
13001,13076,3
13001,13749,46
13002,13556,31
13003,13494,27
13003,13736,45
13003,14171,88
13004,13277,14
13004,13581,33
13005,13545,30
13005,13621,36
13006,13557,31
13006,13875,56
13007,13312,16
13008,13606,35
13009,13468,25
13009,13699,42
13009,13798,50
13012,13181,8
13012,13529,29
13013,13435,22
13013,13899,58
13013,14363,125
13015,13584,33
13015,14243,98
13016,13476,25
13016,13779,48
13016,13924,60
13017,13458,24
13017,13593,34
13017,14022,68
13018,13673,39
13018,13702,42
13018,13757,46
13019,13085,3
13019,13240,11
13019,13879,56
13020,13511,28
13020,13882,56
13021,13255,12
13021,14184,90
13022,13245,11
13022,13518,28
13022,13616,35
13023,13370,18
13023,13887,56
13024,13782,48
13025,13842,53
13026,13711,42
13027,13232,10
13027,13261,12
13028,13452,23
13029,13144,5
13029,13636,36
13029,13860,54
13029,14059,73
13030,13832,52
13030,13833,52
13031,13124,4
13031,13528,28
13032,13294,14
13032,14086,76
13033,13204,8
13033,13356,17
13034,13753,45
13034,13956,62
13034,13983,64
13035,13361,17
13035,13976,63
13036,13476,24
13037,13187,7
13037,13402,19
13037,13731,43
13038,13340,16
13039,13655,37
13040,13241,10
13040,14199,91
13041,13643,36
13041,13744,44
13042,13537,28
13042,13550,29
13043,13092,2
13043,13597,33
13043,13773,46
13044,13617,34
13045,13385,18
13045,13841,52
13046,13644,36
13047,13192,7
13047,13519,27
13050,13565,30
13051,13371,17
13052,13153,5
13053,13308,14
13053,13493,25
13053,13662,37
13054,13073,1
13054,13601,33
13054,13930,59
13055,13119,3
13055,13308,14
13055,13555,29
13056,13262,11
13056,13664,37
13058,13328,15
13059,13204,7
13059,13379,17
13060,13082,1
13061,13473,23
13061,13849,52
13061,14100,76
13062,13360,16
13063,13729,42
13064,13131,3
13064,13342,15
13064,13804,48
13065,13342,15
13065,13615,33
13065,13804,48
13065,14158,83
13066,13364,16
13066,13656,36
13067,13386,17
13067,13521,26
13067,13908,56
13068,13150,4
13068,13659,36
13070,13389,17
13070,13553,28
13072,13372,16
13072,14186,88
13073,13216,7
13073,13920,57
13074,13119,2
13074,13273,11
13074,13555,28
13075,13326,14
13075,13327,14
13076,13524,26
13076,13677,37
13077,13352,15
13078,13377,16
13078,13678,37
13079,13197,6
13079,13219,7
13079,13581,30
13080,13313,13
13081,13413,18
13083,13184,5
13083,13701,39
13083,13974,61
13083,14302,106
13084,14129,78
13084,14288,103
13085,13240,8
13085,13770,44
13086,13300,12
13086,13882,53
13086,13925,57
13087,13461,21
13087,13761,43
13088,13642,34
13089,13165,4
13089,13562,28
13089,13759,43
13090,13585,30
13091,13516,25
13091,13705,39
13091,13953,59
13092,13905,55
13092,14151,81
13093,13866,52
13094,13481,22
13094,13829,49
13095,13660,35
13096,13492,23
13096,13647,34
13097,13542,26
13097,13543,26
13098,13232,7
13100,13544,26
13101,13795,46
13102,13175,4
13102,13605,31
13103,13486,22
13103,13634,33
13104,13496,23
13104,13847,50
13105,13313,12
13105,13328,13
13105,13649,34
13106,13983,61
13106,14155,81
13107,13297,11
13107,14126,76
13109,13188,4
13110,13320,12
13110,13627,32
13111,13241,7
13111,13417,17
13112,13744,41
13113,13418,17
13113,13734,40
13113,13952,58
13114,13322,12
13114,13760,42
13115,13244,7
13115,13259,8
13116,13577,28
13116,13707,38
13117,13440,18
13117,14004,62
13117,14078,71
13118,13856,50
13119,13723,39
13120,13279,9
13120,14109,74
13121,13738,40
13121,14048,67
13122,13198,4
13122,13444,18
13123,13935,56
13123,13973,59
13123,14146,79
13124,13528,24
13125,13381,14
13125,13838,48
13126,13472,20
13126,14156,80
13127,13147,1
13127,13382,14
13127,13803,45
13127,14056,68
13128,14184,85
13128,14263,97
13129,13240,6
13129,13266,8
13131,13149,1
13131,13979,59
13132,13513,23
13132,13594,29
13132,13613,30
13133,13286,9
13133,13674,34
13134,13563,26
13134,13839,48
13135,13425,16
13135,14238,92
13136,13493,21
13137,13153,1
13137,13819,46
13138,13589,28
13138,13750,40
13139,13292,9
13139,13859,49
13140,13663,33
13140,13843,48
13141,13483,20
13142,13175,2
13142,13579,27
13143,13934,55
13144,13665,33
13144,14047,66
13145,13466,19
13145,13468,19
13145,13699,36
13145,14216,88
13146,14128,75
13147,13880,50
13148,13188,2
13150,13720,37
13151,13553,24
13151,14182,83
13152,13404,14
13152,14016,61
13154,13309,9
13154,13821,45
13155,13177,1
13156,13547,23
13156,13592,27
13157,13182,1
13158,13237,4
13158,13336,10
13160,13692,34
13161,13284,7
13161,13986,58
13162,13239,4
13162,13785,42
13163,13363,11
13163,13730,37
13164,13382,12
13164,14012,60
13165,13322,9
13165,13479,18
13165,13760,39
13166,13304,8
13166,13781,41
13166,13884,49
13167,13214,2
13167,13369,11
13168,13272,6
13168,13919,52
13168,14079,68
13169,13722,36
13169,13766,39
13170,13858,47
13171,13307,8
13171,13503,20
13171,13588,26
13172,13291,7
13172,13602,27
13173,13392,12
13173,13821,44
13174,13275,6
13174,13567,24
13175,13796,42
13176,13665,31
13176,13944,54
13177,13809,43
13178,13636,29
13178,13846,46
13179,13699,34
13179,13798,42
13180,13251,4
13180,13395,12
13181,13412,13
13182,13412,13
13183,13435,14
13183,13456,16
13183,14322,106
13184,14029,61
13184,14141,75
13185,13295,7
13185,13984,57
13186,13238,3
13186,13770,39
13187,13415,13
13187,13478,17
13187,13654,30
13188,13210,1
13189,13417,13
13189,13762,38
13190,13515,20
13191,13420,13
13191,13562,23
13191,14083,68
13192,14118,71
13193,13290,6
13193,13348,9
13194,13578,24
13194,13858,46
13195,13233,2
13195,13873,47
13196,13276,5
13196,13430,13
13196,14080,67
13197,13235,2
13197,13581,24
13198,13495,18
13198,13526,20
13199,13410,12
13199,13783,40
13199,14341,110
13200,13444,14
13201,13591,25
13201,14036,61
13201,14312,103
13202,13433,13
13202,14147,75
13203,13739,36
13205,13252,3
13206,14280,96
13207,13742,36
13208,13319,7
13208,13996,57
13209,13673,30
13209,13962,54
13209,13986,56
13211,13225,1
13211,13343,8
13211,13515,19
13212,13597,25
13212,13745,36
13212,13773,38
13212,13903,49
13213,13762,37
13213,13839,44
13214,13696,32
13215,13631,27
13215,13856,45
13216,13373,9
13217,13442,13
13217,13793,40
13218,13582,23
13221,13334,7
13221,13682,30
13221,13914,49
13222,13401,10
13223,13672,29
13223,14056,63
13224,13627,26
13225,13258,2
13226,13418,11
13226,14117,69
13228,13523,18
13228,13888,46
13228,13943,51
13229,13632,26
13229,13858,44
13230,13405,10
13230,13831,42
13231,13748,35
13232,13326,6
13233,13792,39
13233,13793,39
13234,13567,21
13234,13621,25
13235,13525,18
13236,13608,24
13236,13834,42
13237,13337,6
13237,13826,41
13237,13901,47
13238,13879,45
13241,13997,55
13242,13301,4
13243,13656,27
13243,13998,55
13244,13480,14
13244,13551,19
13244,13840,42
13244,13928,49
13245,13268,2
13245,13883,45
13246,13941,50
13246,14131,70
13247,13630,25
13247,14039,59
13248,13290,3
13248,13564,20
13249,13274,2
13249,13407,9
13250,13293,3
13250,13635,25
13250,14124,68
13251,13411,9
13252,13489,14
13252,13650,26
13253,13812,39
13253,14113,67
13254,13770,35
13255,13414,9
13255,14404,125
13256,13655,26
13256,13940,49
13256,14101,66
13257,13341,5
13257,13852,42
13257,13997,54
13258,13343,5
13259,13840,41
13260,13981,52
13260,14013,55
13262,13376,6
13262,13844,41
13263,14214,81
13264,13316,3
13266,13627,23
13267,13302,2
13268,13539,16
13268,14194,78
13269,13323,3
13269,13916,46
13270,13841,40
13271,13600,21
13271,13806,37
13272,14105,65
13273,13723,30
13273,13749,32
13274,13544,16
13275,13351,4
13275,13712,29
13276,13376,5
13276,13686,27
13276,13910,45
13277,13525,15
13278,13312,2
13278,13605,21
13278,14233,83
13279,14172,74
13279,14201,79
13280,13558,17
13280,13946,48
13281,13411,7
13281,13444,9
13282,13612,21
13282,14142,69
13283,13784,35
13283,13961,49
13283,14088,63
13283,14318,99
13284,13572,18
13285,13694,27
13285,14221,80
13286,13573,18
13286,14030,55
13287,13459,10
13287,13951,48
13288,13685,26
13288,14174,74
13289,13645,23
13289,13954,48
13290,13765,32
13290,14004,52
13291,13503,13
13292,13897,43
13293,13944,47
13294,13529,14
13294,13547,15
13295,13837,38
13296,13533,14
13296,13837,38
13297,13335,2
13297,14219,79
13298,13509,13
13298,13914,44
13299,13672,24
13299,13692,26
13300,13572,17
13300,13851,39
13300,13963,48
13301,13438,7
13302,13561,16
13302,13643,22
13303,13575,17
13303,13598,19
13304,13368,3
13305,13709,27
13305,13818,36
13306,14134,66
13307,13632,21
13307,13647,22
13308,13750,30
13308,13820,36
13309,13373,3
13309,14051,57
13309,14123,64
13310,13375,3
13310,13428,6
13310,13932,45
13311,13751,30
13311,13874,40
13311,14057,58
13312,13822,36
13313,13354,2
13314,13398,4
13314,14061,58
13315,13638,21
13315,13752,30
13315,14240,82
13316,13359,2
13316,13569,16
13317,13509,12
13318,13729,28
13318,13742,29
13318,14136,66
13319,13785,33
13320,13780,32
13321,13417,5
13321,13642,21
13321,13828,36
13322,13562,15
13323,13563,15
13323,13716,27
13324,13710,26
13324,13857,38
13325,13350,1
13325,14079,59
13328,13546,13
13329,13380,2
13329,13848,37
13329,13956,46
13329,14140,66
13330,13568,15
13330,13754,29
13330,14183,73
13330,14218,77
13331,13471,8
13331,14412,124
13332,13755,29
13332,13838,36
13333,13825,35
13333,13960,46
13334,13641,20
13335,14157,68
13338,13362,1
13338,14166,70
13339,13703,25
13340,13655,21
13341,13892,40
13341,14143,66
13343,13383,2
13344,13760,29
13345,13743,28
13346,13886,39
13347,13886,39
13348,14004,49
13349,13371,1
13349,13908,41
13350,13721,26
13350,14200,75
13351,13697,24
13352,13377,1
13353,13620,18
13353,14145,66
13354,13558,13
13354,13649,20
13354,14042,53
13355,14147,66
13355,14180,71
13356,13530,11
13356,14204,75
13357,13434,4
13357,13610,17
13357,13726,26
13357,14125,62
13358,13727,26
13358,14148,66
13360,13938,43
13360,13985,47
13361,13571,14
13361,14075,57
13362,13497,9
13363,13625,18
13363,13779,30
13364,14116,61
13365,13629,18
13366,13764,28
13366,13953,44
13366,14120,61
13367,13501,9
13367,14014,49
13368,13424,3
13368,13447,5
13368,13781,30
13369,13423,3
13369,13696,23
13369,13805,32
13370,13448,5
13370,13520,10
13370,14050,54
13371,13968,45
13372,13390,1
13372,14313,94
13373,13920,41
13374,13441,4
13374,13807,32
13375,13407,2
13375,13664,20
13376,13933,42
13377,13494,8
13378,13898,39
13378,14053,54
13379,13436,3
13379,13994,47
13380,14062,55
13381,13681,21
13381,14256,82
13382,13827,33
13382,13926,41
13384,13549,11
13384,13658,19
13384,14193,72
13385,14026,49
13385,14151,65
13386,13522,9
13387,13464,5
13387,13817,32
13387,13870,36
13387,13888,37
13388,13720,24
13388,13829,33
13389,13735,25
13389,13842,34
13390,14185,71
13391,13524,9
13391,13602,15
13391,13767,27
13392,13872,36
13392,13873,36
13393,13648,18
13393,13845,34
13393,14080,56
13394,13798,30
13395,13608,15
13396,14128,61
13397,13622,16
13397,14239,78
13397,14344,100
13397,14378,109
13398,13609,15
13399,13948,42
13399,14315,93
13400,13691,21
13400,14037,50
13400,14150,64
13401,13653,18
13402,13478,5
13402,13715,23
13402,13733,24
13403,13788,29
13403,13940,41
13404,14152,64
13406,13723,23
13406,13819,31
13408,13768,26
13408,13992,45
13409,13467,4
13409,13487,5
13410,13666,18
13410,14060,53
13410,14285,85
13414,14303,88
13415,13625,15
13415,14221,73
13416,13460,3
13416,14082,55
13417,13596,13
13418,14064,53
13419,13657,17
13419,13815,30
13420,13965,42
13421,13540,8
13422,13646,16
13422,13966,42
13422,14050,51
13422,14093,56
13423,13501,6
13423,13718,22
13423,14014,46
13425,13969,42
13425,14138,61
13426,13523,7
13426,14040,49
13428,13663,17
13428,13664,17
13428,13843,32
13429,13794,28
13429,13910,37
13430,13686,19
13430,13736,23
13430,14017,46
13431,13606,13
13431,13809,29
13431,13846,32
13432,13606,13
13432,13846,32
13433,13993,44
13434,14154,63
13434,14359,102
13435,14350,100
13436,13489,4
13436,13727,22
13437,14255,79
13437,14374,106
13438,13772,25
13439,13537,7
13439,13550,8
13439,13867,33
13440,13929,38
13440,13942,39
13440,13967,41
13441,13451,1
13441,13791,27
13442,13697,19
13442,13970,41
13443,13678,17
13443,14265,80
13443,14327,93
13445,13754,23
13445,14183,67
13445,14255,78
13446,13586,10
13446,13987,42
13447,14066,51
13447,14085,53
13447,14211,70
13448,14077,52
13449,13806,27
13449,13842,30
13450,13896,34
13450,14152,61
13451,13603,11
13451,14005,43
13452,13482,2
13452,13843,30
13453,13687,17
13453,13971,40
13453,14188,67
13454,13636,13
13454,14059,50
13455,13470,1
13455,13622,12
13455,14230,72
13456,13889,33
13456,14098,54
13457,13624,12
13457,13800,26
13457,13802,26
13458,13924,36
13458,14010,43
13458,14038,46
13459,13536,5
13459,13926,36
13460,13759,22
13461,13980,40
13461,14222,70
13462,13981,40
13462,14342,95
13463,13502,3
13464,13870,31
13464,13942,37
13464,13989,41
13465,13481,1
13465,13857,30
13466,13768,22
13466,13992,41
13466,14203,68
13467,13487,1
13467,13698,17
13468,13607,10
13468,14285,81
13469,13622,11
13469,14204,68
13469,14344,95
13470,14229,71
13470,14306,85
13470,14396,110
13471,13776,23
13471,14242,73
13472,13533,4
13472,14296,83
13473,13863,30
13474,14073,50
13475,13961,38
13476,14038,45
13477,13672,14
13477,13692,16
13477,13771,22
13478,13613,10
13478,14221,69
13479,13513,3
13479,13594,9
13479,13759,21
13480,13717,18
13480,13867,30
13481,14104,53
13482,13897,32
13482,13932,35
13483,13686,15
13483,13910,33
13484,13579,7
13484,13580,7
13484,14164,61
13485,14007,41
13485,14145,58
13486,13774,22
13486,13921,34
13486,13945,36
13488,13993,40
13488,14197,66
13488,14400,110
13489,13667,13
13490,13650,12
13491,13644,11
13492,14121,53
13492,14122,53
13493,13566,5
13493,13662,12
13494,13678,13
13495,13810,24
13495,14201,66
13496,13546,3
13496,13797,23
13496,14008,40
13497,14166,60
13497,14268,76
13498,13574,5
13498,13980,37
13498,14224,68
13499,14039,43
13499,14194,64
13500,13540,2
13500,13884,29
13501,14120,52
13502,13645,10
13502,13894,30
13503,13543,2
13504,13698,14
13504,13822,24
13504,14202,65
13505,13591,6
13505,14110,51
13506,13637,9
13506,13752,18
13506,14279,77
13507,14061,46
13508,13889,29
13508,14087,49
13509,13756,18
13510,13571,4
13510,13826,24
13510,13901,30
13511,13771,19
13511,13850,26
13512,13703,14
13512,13996,38
13512,14089,49
13513,13760,18
13514,13628,8
13514,14158,57
13515,13537,1
13516,13538,1
13516,13628,8
13517,13586,5
13518,13893,29
13518,14025,40
13518,14103,50
13519,14118,51
13519,14119,51
13520,13887,28
13520,14015,39
13520,14132,53
13521,13907,30
13521,13968,35
13522,13908,30
13523,13895,29
13524,13677,11
13525,13581,4
13526,13810,22
13527,14059,45
13528,13609,6
13528,13936,32
13528,14027,40
13528,14054,44
13530,14180,60
13531,13811,22
13531,14218,65
13531,14266,74
13532,13799,21
13532,13949,33
13533,14232,67
13534,13670,10
13534,13671,10
13535,13778,19
13535,13901,29
13536,13674,10
13536,13926,31
13538,13705,13
13538,13904,29
13538,14169,58
13539,13883,27
13539,13927,31
13539,14137,53
13540,13618,6
13541,13707,13
13542,13748,16
13543,13588,4
13545,14006,37
13545,14018,38
13546,13649,8
13547,14086,47
13548,13641,7
13548,13671,9
13549,13657,8
13550,14118,49
13551,13717,13
13551,13885,26
13551,14225,65
13552,13886,26
13552,13907,28
13552,13968,33
13553,13735,14
13553,14227,65
13554,13602,4
13554,13767,16
13554,13819,21
13555,13750,15
13556,13604,4
13556,13620,5
13556,14069,44
13557,13991,35
13557,14097,47
13558,14273,73
13559,13958,32
13559,14345,89
13560,13691,10
13560,14150,53
13562,13704,11
13563,14084,45
13563,14251,68
13564,13765,15
13564,13790,18
13565,13708,11
13566,13601,3
13566,14095,46
13567,13712,11
13567,14052,41
13568,14099,46
13568,14111,47
13568,14183,58
13570,13729,12
13570,13938,29
13571,13977,32
13572,13986,33
13573,13827,20
13573,13853,22
13573,13915,27
13574,13814,19
13574,13939,29
13575,13629,4
13576,13763,14
13576,13964,31
13577,13988,33
13578,13676,7
13578,14068,42
13579,13796,17
13580,13795,17
13580,14108,46
13582,13875,23
13582,13934,28
13583,13769,14
13583,13973,31
13584,13995,33
13585,13597,1
13585,13761,13
13586,14001,33
13587,13695,8
13587,13790,16
13587,14177,55
13588,13647,4
13589,13603,1
13589,13931,27
13590,13604,1
13590,13807,17
13590,14096,44
13591,14217,60
13592,14086,43
13592,14286,72
13593,13880,22
13594,14082,42
13594,14235,63
13595,13788,15
13595,13865,21
13595,14192,57
13596,13762,12
13596,13828,18
13596,13839,19
13597,14222,60
13598,13629,2
13599,14000,32
13599,14045,37
13599,14170,53
13600,14105,44
13601,14178,54
13603,14213,59
13603,14253,65
13604,14139,48
13605,13796,15
13605,14233,62
13607,14146,49
13608,13936,26
13609,14061,39
13610,14055,38
13610,14072,40
13610,14333,82
13611,14062,39
13612,13755,11
13612,14317,78
13613,13715,8
13613,14235,62
13614,14091,42
13614,14290,71
13615,13804,15
13615,14116,44
13615,14291,71
13616,13883,21
13616,13952,27
13616,14103,43
13617,13866,20
13618,13884,21
13618,14065,39
13619,14045,36
13619,14085,41
13619,14176,53
13620,14163,51
13621,14006,31
13621,14052,37
13622,14229,60
13623,13836,17
13623,13878,20
13624,14207,57
13624,14267,67
13625,13654,2
13625,14021,32
13626,13853,18
13626,13939,25
13626,14011,31
13627,13780,12
13628,14169,51
13630,13747,9
13630,14210,57
13630,14269,67
13631,13855,18
13631,14094,41
13631,14252,63
13632,14068,38
13632,14122,43
13633,13831,16
13634,13945,25
13634,14201,56
13635,13774,11
13635,14047,35
13635,14048,35
13637,14275,67
13637,14358,87
13638,13726,7
13638,13775,11
13639,13877,19
13640,14277,67
13640,14282,68
13641,13682,3
13642,14023,31
13645,13747,8
13645,14210,56
13646,13789,12
13646,14077,38
13647,14122,42
13648,13874,18
13649,13797,12
13650,13667,1
13651,14292,69
13651,14316,75
13651,14449,120
13652,13741,7
13652,14127,42
13652,14262,64
13654,13731,6
13654,14010,29
13655,13732,6
13656,14116,41
13656,14291,68
13657,13854,16
13658,14084,38
13659,13720,5
13659,14238,59
13660,13711,4
13660,14032,31
13661,14032,31
13661,14121,41
13662,13820,13
13662,14095,39
13663,13794,11
13663,13844,15
13664,13844,15
13665,14124,41
13666,13737,6
13666,14216,55
13667,13727,5
13668,13912,20
13668,13957,24
13669,14231,57
13670,13690,2
13672,14352,83
13673,13881,17
13673,13902,19
13674,14030,30
13675,13704,3
13675,14031,30
13676,13766,7
13676,14212,54
13677,13749,6
13677,13767,7
13678,14171,48
13679,14112,39
13679,14191,51
13679,14335,77
13679,14499,147
13680,13877,16
13680,14231,56
13680,14443,115
13681,13891,17
13681,14447,117
13683,14142,43
13683,14157,45
13684,14091,37
13684,14115,39
13685,13865,15
13685,14168,47
13687,13876,15
13687,14053,32
13688,13922,19
13689,14281,64
13689,14345,79
13689,14456,120
13691,14074,34
13691,14088,36
13693,13702,1
13693,13757,5
13694,14082,35
13694,14235,56
13695,13816,10
13695,14119,38
13696,13718,2
13696,13868,14
13697,13712,1
13697,14107,37
13698,13847,12
13699,13768,5
13700,13783,7
13700,13922,18
13701,14029,27
13701,14323,72
13701,14369,84
13703,13786,7
13704,14083,34
13705,14000,24
13705,14170,45
13706,13928,18
13706,14001,24
13706,14337,75
13707,13988,23
13708,13907,16
13709,13782,6
13709,14284,63
13710,14040,28
13710,14246,56
13711,13722,1
13712,14144,41
13713,13935,18
13713,13973,21
13713,14035,27
13713,14480,133
13714,13739,2
13714,14071,32
13714,14205,50
13715,13951,19
13716,14084,33
13717,13816,8
13717,14119,36
13718,14066,31
13718,14120,36
13719,13894,14
13719,13988,22
13720,14238,54
13721,13830,9
13721,14195,48
13722,14032,26
13723,14033,26
13724,14128,37
13724,14275,60
13725,14223,51
13725,14248,55
13726,14072,31
13727,13994,22
13728,14126,36
13728,14408,96
13729,14318,69
13730,13779,4
13731,14022,24
13732,14101,34
13732,14114,35
13733,13951,18
13733,14012,23
13734,13999,22
13734,14174,44
13735,13990,21
13735,14041,26
13736,14034,25
13737,14203,48
13737,14214,49
13738,13860,10
13738,14059,29
13739,14154,40
13740,13890,12
13740,14280,60
13741,13975,19
13743,13772,2
13745,13980,19
13745,14092,32
13745,14222,49
13746,14025,23
13746,14342,74
13747,13894,12
13748,13831,7
13749,14033,24
13750,13931,15
13751,13808,5
13751,14305,64
13751,14328,70
13752,14279,59
13753,14310,65
13753,14351,76
13753,14395,88
13754,14397,89
13754,14398,89
13755,14289,60
13756,13825,6
13756,13914,13
13757,13881,10
13757,13978,18
13758,13827,6
13758,13853,8
13758,13864,9
13758,14011,21
13759,14082,30
13761,14222,48
13763,14131,35
13764,14045,25
13764,14076,29
13764,14170,41
13765,13929,14
13765,14160,39
13766,14032,23
13766,14121,33
13767,14033,23
13769,13947,15
13769,14274,57
13769,14423,98
13770,13879,9
13771,13864,8
13771,14352,75
13773,13905,11
13773,14209,46
13774,13972,16
13775,14072,27
13775,14240,50
13775,14260,54
13776,13862,7
13776,14364,77
13777,13959,15
13777,14282,57
13779,14021,20
13781,14085,28
13781,14176,40
13782,13917,11
13782,14284,57
13783,13832,4
13783,14254,52
13784,13938,12
13784,13985,16
13785,13996,17
13786,14089,28
13786,14114,30
13787,14115,30
13787,14263,53
13788,14244,49
13788,14297,59
13789,14003,17
13789,14014,18
13790,14002,17
13790,14160,36
13791,13807,1
13791,14005,17
13791,14247,49
13792,13873,6
13792,14106,29
13792,14390,83
13793,13970,14
13793,14106,29
13794,13933,11
13795,14057,24
13796,14164,37
13797,14042,21
13797,14058,24
13799,14231,46
13799,14465,118
13800,14267,53
13800,14375,78
13800,14429,96
13801,14150,34
13801,14283,55
13801,14385,81
13802,13975,14
13802,14293,57
13802,14375,78
13803,13827,2
13803,14056,23
13803,14090,27
13804,13979,14
13805,14003,16
13805,14014,17
13806,14041,20
13806,14105,28
13807,14196,41
13808,13874,5
13808,14179,38
13808,14187,40
13810,13921,9
13810,13945,11
13811,13877,5
13811,14397,84
13812,13913,8
13812,14429,95
13813,14156,34
13813,14408,89
13814,13939,10
13814,14224,44
13814,14244,47
13815,13854,3
13816,13885,5
13816,14177,37
13817,13989,14
13817,14134,30
13818,14134,30
13818,14284,54
13819,14033,18
13820,13931,9
13820,14420,93
13821,13872,4
13821,14123,28
13822,14233,45
13822,14357,72
13823,14206,41
13823,14392,81
13824,13937,9
13824,13960,11
13824,14243,46
13825,14043,19
13826,13977,12
13827,13915,7
13827,14090,25
13828,14023,16
13828,14251,47
13829,14104,26
13829,14238,45
13830,14185,38
13830,14294,55
13832,13922,7
13832,14190,38
13833,14110,26
13833,14190,38
13834,13936,8
13834,14027,16
13835,13899,5
13835,14230,43
13836,13948,9
13837,13984,12
13837,14232,43
13838,14256,48
13838,14289,53
13839,14251,46
13840,13928,7
13841,14026,15
13842,14041,17
13843,13932,7
13844,13933,7
13845,13874,2
13845,14187,37
13845,14264,49
13847,14008,13
13847,14202,39
13848,14154,31
13848,14359,70
13849,14198,38
13849,14293,53
13850,13864,1
13850,13882,2
13850,14011,13
13851,13950,8
13851,13962,9
13851,13986,11
13852,14143,29
13852,14208,39
13852,14220,40
13855,13918,5
13856,13909,4
13856,14094,23
13857,14104,24
13857,14246,44
13858,14068,20
13859,13897,3
13859,13932,6
13860,14047,17
13860,14048,17
13861,14239,43
13861,14321,59
13861,14378,74
13861,14410,86
13862,14295,53
13862,14372,72
13863,14100,23
13863,14113,24
13864,14090,22
13865,14162,31
13865,14173,33
13865,14192,36
13865,14393,78
13866,13965,8
13866,14031,14
13867,14118,24
13867,14119,24
13868,14066,19
13869,13886,1
13869,13907,3
13870,14078,20
13870,14252,44
13871,13955,7
13871,14182,34
13871,14294,52
13872,14259,46
13872,14270,48
13873,14259,46
13875,14097,22
13876,13971,8
13876,14161,30
13876,14272,48
13877,14307,54
13880,14022,12
13881,14089,21
13881,14114,23
13882,14130,25
13883,13999,10
13884,14176,32
13885,14226,39
13885,14338,61
13887,13917,3
13887,14237,41
13888,14094,21
13888,14252,43
13889,14249,42
13889,14266,46
13890,13912,2
13890,14334,60
13891,13984,8
13891,14479,118
13892,14250,42
13892,14290,49
13893,14159,28
13893,14325,58
13893,14381,73
13895,13943,4
13895,14040,13
13895,14138,25
13896,13955,5
13896,14470,113
13898,13946,4
13898,14272,46
13899,14276,46
13899,14396,77
13900,14316,55
13900,14388,74
13902,13962,5
13902,14101,20
13902,14114,21
13903,14044,13
13903,14092,19
13903,14209,35
13904,13998,8
13904,14000,8
13905,14245,40
13905,14336,59
13906,13954,4
13906,14026,10
13906,14151,26
13908,13968,5
13909,13943,3
13909,14138,24
13910,13933,2
13911,14280,46
13911,14311,52
13912,14315,54
13912,14371,68
13913,14063,15
13913,14418,85
13915,13926,1
13915,14030,10
13917,14299,49
13918,14078,16
13918,14252,40
13919,13990,6
13919,14041,11
13919,14105,19
13920,13930,1
13920,14051,13
13921,13972,4
13923,14020,8
13923,14073,15
13924,14021,8
13924,14038,10
13925,13939,1
13925,13963,3
13925,14130,21
13926,13951,2
13926,14012,7
13926,14030,9
13927,14194,31
13927,14380,70
13927,14394,73
13928,14225,35
13929,14004,6
13929,14133,21
13930,14178,28
13930,14365,65
13931,14253,39
13934,13992,5
13934,14097,17
13934,14189,30
13935,14060,13
13935,14468,108
13937,13995,5
13937,14020,7
13937,14257,40
13938,14318,52
13939,14102,17
13939,14130,20
13940,14167,26
13940,14297,47
13941,14013,6
13941,14405,77
13942,14067,13
13942,14078,14
13943,14094,16
13944,14124,18
13945,14201,31
13946,14215,32
13946,14273,42
13947,14128,19
13947,14275,42
13948,13957,1
13949,14372,65
13949,14465,106
13950,13963,1
13950,14167,25
13950,14297,46
13952,13999,4
13952,14064,12
13953,14170,25
13954,14210,31
13954,14336,55
13955,14432,86
13955,14444,93
13956,14062,11
13956,14310,48
13957,14315,50
13958,14149,21
13958,14374,65
13959,14283,42
13959,14455,97
13960,14043,8
13961,14074,12
13962,14167,24
13963,14102,15
13964,14131,18
13964,14308,47
13965,14083,13
13966,14337,54
13966,14338,54
13967,14067,11
13967,14133,18
13967,14304,46
13969,14238,34
13969,14258,38
13969,14377,65
13970,14107,15
13970,14324,51
13971,14019,4
13971,14271,40
13972,14048,8
13973,14274,40
13974,14315,49
13974,14371,63
13975,14262,38
13976,14127,16
13977,14075,11
13978,13996,2
13978,14089,13
13979,14116,15
13980,14173,24
13981,14325,51
13981,14381,66
13982,14148,19
13983,14395,69
13984,14425,80
13987,14001,1
13987,14337,52
13989,14067,9
13989,14300,43
13990,14079,10
13990,14227,30
13991,14189,25
13991,14214,28
13992,14165,21
13993,14147,18
13994,14148,18
13995,14243,32
13997,14199,26
13997,14220,28
13998,14169,21
13998,14291,40
13999,14137,16
14002,14177,22
14002,14181,23
14002,14236,31
14003,14077,9
14005,14213,27
14005,14326,49
14006,14349,55
14006,14356,57
14007,14153,18
14007,14451,92
14008,14058,7
14008,14367,59
14009,14311,44
14009,14323,47
14010,14021,1
14010,14022,1
14011,14130,14
14013,14325,48
14013,14376,61
14015,14181,22
14015,14236,30
14015,14237,30
14016,14152,17
14016,14186,23
14017,14034,2
14017,14080,8
14017,14340,50
14018,14153,17
14018,14356,56
14019,14188,23
14019,14332,49
14019,14431,80
14020,14295,40
14023,14193,23
14024,14117,11
14024,14175,20
14024,14331,48
14025,14381,62
14027,14054,4
14028,14228,27
14028,14240,29
14028,14260,33
14028,14301,40
14029,14392,64
14029,14401,67
14031,14083,7
14034,14171,18
14034,14407,70
14035,14319,44
14035,14468,99
14035,14500,118
14036,14217,24
14036,14440,83
14036,14454,90
14037,14207,23
14039,14269,33
14039,14419,74
14040,14258,31
14042,14273,33
14042,14329,45
14043,14243,27
14044,14162,15
14044,14298,37
14044,14389,61
14045,14211,22
14046,14109,7
14046,14188,19
14046,14399,64
14047,14124,8
14049,14321,42
14049,14410,69
14049,14424,73
14049,14454,88
14050,14077,3
14050,14132,9
14051,14339,45
14051,14365,53
14052,14144,11
14052,14349,49
14053,14272,31
14054,14061,1
14055,14354,50
14055,14379,56
14055,14383,58
14056,14352,49
14057,14108,5
14057,14305,36
14058,14309,37
14058,14329,42
14060,14146,10
14060,14341,45
14063,14388,58
14063,14476,100
14064,14103,4
14064,14117,5
14065,14176,14
14066,14076,1
14067,14300,34
14068,14212,19
14069,14139,8
14069,14163,12
14069,14353,48
14070,14081,1
14070,14172,13
14070,14265,28
14071,14086,2
14071,14286,31
14072,14354,48
14074,14088,2
14076,14120,4
14076,14211,18
14079,14200,17
14080,14264,27
14081,14201,17
14084,14193,15
14085,14211,17
14087,14266,26
14088,14136,5
14090,14352,45
14091,14436,73
14092,14162,9
14092,14173,11
14093,14132,4
14093,14226,18
14093,14338,40
14095,14178,11
14095,14420,67
14096,14139,5
14096,14196,14
14096,14406,61
14097,14189,13
14098,14249,21
14098,14287,28
14098,14322,36
14099,14218,16
14099,14249,21
14099,14266,25
14100,14293,29
14100,14375,50
14101,14167,9
14102,14244,20
14102,14297,30
14103,14159,7
14104,14377,50
14106,14324,36
14106,14386,53
14107,14144,5
14107,14415,64
14108,14164,8
14108,14434,71
14109,14172,9
14109,14265,24
14110,14217,15
14110,14278,26
14111,14249,20
14111,14287,27
14111,14314,34
14112,14155,6
14112,14391,54
14113,14375,49
14113,14429,67
14115,14436,71
14117,14159,6
14121,14212,14
14122,14212,14
14123,14270,24
14123,14339,38
14125,14333,37
14125,14359,44
14125,14426,66
14126,14219,14
14126,14536,140
14127,14198,12
14129,14281,24
14131,14405,57
14132,14236,16
14133,14160,4
14133,14360,43
14134,14300,27
14135,14314,31
14135,14441,72
14135,14446,74
14135,14474,91
14136,14318,31
14137,14174,6
14137,14394,51
14138,14258,19
14139,14413,59
14140,14310,28
14140,14359,41
14140,14426,63
14141,14392,50
14142,14317,30
14142,14490,96
14143,14250,16
14143,14303,26
14144,14403,53
14145,14163,3
14145,14451,75
14146,14285,22
14147,14197,8
14149,14345,36
14149,14428,62
14149,14501,104
14150,14207,9
14151,14336,33
14152,14470,86
14153,14486,93
14154,14205,8
14155,14395,49
14155,14469,85
14156,14296,23
14156,14546,143
14157,14219,9
14157,14490,94
14158,14169,2
14158,14291,21
14159,14331,31
14160,14181,4
14161,14215,8
14161,14271,18
14161,14453,74
14162,14393,47
14163,14416,56
14164,14233,10
14165,14189,4
14165,14203,6
14165,14214,7
14166,14208,6
14166,14220,7
14168,14174,1
14168,14393,46
14168,14394,46
14171,14327,28
14172,14201,5
14173,14224,7
14175,14308,22
14175,14376,40
14177,14226,7
14178,14439,63
14179,14328,27
14179,14370,38
14179,14452,71
14180,14197,3
14180,14204,4
14181,14360,35
14182,14195,2
14182,14227,6
14183,14314,23
14183,14441,64
14183,14496,94
14184,14346,30
14184,14404,47
14185,14313,22
14185,14432,58
14186,14313,22
14186,14470,80
14187,14343,29
14187,14370,36
14188,14458,73
14190,14254,10
14190,14278,14
14191,14323,23
14191,14369,35
14192,14224,4
14192,14244,7
14193,14251,8
14194,14419,53
14195,14200,1
14195,14294,16
14196,14247,7
14196,14430,56
14197,14483,85
14198,14262,10
14199,14268,11
14200,14227,3
14202,14357,31
14202,14367,33
14203,14216,1
14204,14483,84
14205,14286,13
14206,14292,14
14206,14475,80
14207,14385,38
14208,14303,16
14209,14245,5
14209,14389,39
14210,14402,43
14213,14366,32
14213,14442,61
14215,14272,10
14215,14387,38
14216,14285,12
14217,14515,108
14218,14397,41
14219,14540,130
14220,14268,9
14221,14235,3
14223,14400,41
14223,14510,102
14225,14337,22
14225,14338,22
14226,14236,2
14228,14279,9
14228,14330,20
14228,14457,67
14229,14378,33
14229,14382,35
14230,14396,39
14231,14478,79
14232,14296,12
14232,14425,49
14233,14373,31
14233,14434,53
14234,14305,13
14234,14328,19
14234,14373,31
14234,14488,82
14237,14299,11
14237,14360,27
14238,14377,31
14239,14521,110
14239,14522,110
14240,14279,7
14241,14255,3
14241,14374,30
14241,14462,69
14241,14533,120
14242,14364,27
14242,14412,43
14242,14478,77
14245,14402,38
14245,14460,68
14246,14258,3
14246,14377,30
14247,14326,17
14247,14421,46
14248,14320,15
14248,14510,98
14250,14346,21
14250,14404,38
14253,14366,26
14253,14420,45
14254,14341,18
14254,14463,67
14255,14496,83
14256,14447,56
14256,14506,94
14257,14295,7
14257,14372,26
14259,14355,22
14259,14390,31
14260,14354,21
14260,14473,71
14261,14414,40
14261,14446,54
14261,14474,71
14261,14494,79
14262,14293,5
14263,14346,18
14263,14436,48
14264,14340,15
14264,14343,17
14265,14399,33
14267,14385,28
14267,14418,41
14269,14402,33
14269,14460,63
14270,14355,20
14270,14417,40
14271,14332,13
14271,14493,77
14273,14387,28
14274,14480,72
14274,14508,92
14275,14423,41
14276,14363,21
14276,14435,46
14276,14538,118
14277,14288,2
14277,14497,80
14277,14516,98
14278,14463,63
14278,14515,97
14279,14330,11
14279,14358,19
14280,14334,12
14281,14288,1
14281,14516,97
14282,14455,55
14282,14497,79
14283,14388,27
14283,14476,69
14284,14299,3
14284,14300,3
14287,14411,35
14287,14484,71
14289,14317,7
14289,14506,89
14290,14346,14
14290,14436,44
14292,14485,70
14292,14518,97
14294,14432,41
14296,14539,116
14298,14380,22
14298,14393,25
14298,14394,25
14299,14304,1
14300,14304,1
14301,14457,54
14301,14473,64
14301,14491,71
14302,14311,2
14302,14323,5
14302,14371,18
14303,14404,28
14304,14360,15
14305,14434,40
14306,14382,21
14306,14435,40
14306,14526,103
14307,14397,25
14307,14398,25
14307,14443,45
14308,14405,28
14309,14367,15
14309,14433,38
14309,14492,70
14310,14482,65
14311,14334,6
14312,14320,2
14312,14410,29
14312,14454,48
14313,14444,43
14314,14484,64
14316,14455,47
14316,14497,71
14317,14535,107
14319,14461,53
14319,14471,57
14319,14480,62
14320,14521,94
14321,14525,99
14321,14531,103
14322,14350,8
14322,14411,27
14324,14415,28
14324,14467,54
14325,14331,1
14326,14409,25
14326,14442,39
14327,14399,20
14327,14407,24
14328,14492,65
14329,14387,16
14329,14433,33
14330,14489,63
14330,14517,88
14331,14376,12
14332,14343,3
14332,14370,10
14333,14379,12
14333,14498,69
14334,14371,10
14335,14391,16
14335,14543,108
14335,14552,131
14336,14402,19
14339,14417,26
14339,14450,41
14340,14407,22
14340,14431,30
14341,14468,50
14342,14381,11
14343,14431,28
14344,14483,57
14344,14522,88
14345,14514,81
14347,14361,4
14347,14461,46
14347,14471,50
14347,14472,52
14348,14361,4
14348,14362,4
14348,14461,46
14348,14524,89
14349,14403,15
14349,14422,23
14350,14363,3
14350,14527,91
14351,14482,54
14351,14503,68
14351,14537,99
14353,14413,19
14353,14416,20
14353,14511,75
14354,14445,33
14355,14409,17
14355,14466,45
14356,14422,21
14356,14486,54
14357,14373,4
14357,14488,55
14358,14423,21
14358,14517,80
14361,14424,20
14361,14448,33
14362,14437,26
14362,14448,33
14362,14489,54
14363,14544,103
14364,14372,2
14364,14465,43
14365,14439,26
14365,14450,33
14366,14439,26
14366,14450,33
14367,14488,53
14368,14384,5
14368,14481,50
14368,14509,70
14368,14527,87
14369,14401,10
14369,14499,61
14370,14493,54
14373,14434,22
14374,14501,60
14376,14405,10
14378,14525,84
14379,14519,76
14379,14545,99
14380,14389,2
14380,14419,14
14382,14525,82
14382,14530,85
14383,14445,25
14383,14505,63
14383,14519,74
14384,14411,10
14384,14484,46
14384,14547,100
14385,14476,43
14386,14390,1
14386,14467,37
14386,14502,58
14387,14453,28
14388,14455,28
14389,14460,34
14390,14466,36
14391,14469,37
14391,14549,112
14392,14475,40
14395,14503,56
14396,14435,15
14398,14412,6
14399,14458,28
14400,14483,41
14400,14522,72
14401,14475,37
14401,14528,79
14403,14415,6
14403,14529,79
14406,14413,3
14406,14430,9
14406,14507,57
14407,14458,24
14408,14536,80
14408,14546,88
14409,14417,3
14409,14421,4
14410,14521,67
14411,14527,72
14412,14443,14
14413,14495,40
14414,14427,4
14414,14477,33
14414,14537,79
14415,14541,82
14416,14451,16
14416,14504,48
14417,14442,11
14418,14429,2
14418,14476,30
14419,14460,22
14420,14439,7
14421,14430,3
14421,14466,24
14422,14504,46
14422,14529,71
14423,14508,51
14424,14472,28
14424,14531,72
14425,14479,30
14425,14539,79
14426,14482,30
14426,14498,40
14427,14459,18
14427,14474,27
14427,14534,74
14428,14464,22
14428,14514,55
14428,14558,124
14430,14502,42
14431,14458,16
14432,14444,7
14433,14452,11
14433,14453,11
14435,14542,75
14437,14457,12
14437,14491,29
14437,14532,67
14438,14481,25
14438,14505,43
14438,14509,45
14438,14519,54
14440,14471,18
14440,14472,20
14440,14515,49
14441,14496,30
14441,14553,95
14442,14450,4
14443,14478,20
14444,14470,15
14445,14473,17
14445,14520,50
14446,14484,21
14446,14547,75
14447,14479,18
14447,14560,147
14448,14531,59
14448,14532,60
14449,14485,19
14449,14497,26
14449,14516,44
14451,14486,19
14452,14492,21
14452,14493,21
14453,14493,21
14454,14472,13
14456,14485,16
14456,14514,40
14456,14516,41
14457,14489,16
14459,14487,14
14459,14503,26
14459,14537,57
14461,14550,80
14462,14501,21
14462,14548,77
14462,14552,81
14463,14468,1
14463,14500,20
14464,14528,47
14464,14543,57
14464,14551,79
14465,14478,7
14466,14502,21
14467,14507,27
14467,14541,56
14469,14487,8
14469,14503,20
14471,14500,17
14473,14523,35
14474,14553,76
14475,14518,31
14477,14494,6
14477,14512,23
14477,14545,53
14479,14561,154
14480,14550,71
14481,14513,24
14481,14544,52
14482,14512,22
14485,14551,70
14486,14504,13
14487,14534,42
14487,14549,67
14488,14492,2
14489,14524,31
14490,14535,41
14490,14540,45
14491,14523,28
14491,14556,78
14494,14547,50
14494,14555,72
14495,14507,14
14495,14511,16
14495,14541,43
14496,14533,34
14498,14512,12
14498,14545,42
14499,14528,28
14499,14543,38
14500,14515,14
14501,14558,82
14502,14507,6
14504,14511,7
14505,14513,6
14505,14520,12
14506,14535,25
14506,14560,109
14508,14517,8
14508,14550,51
14509,14547,35
14509,14555,57
14510,14521,11
14510,14522,11
14511,14529,18
14512,14537,23
14513,14538,22
14513,14554,52
14514,14551,46
14517,14524,6
14518,14528,11
14518,14551,43
14519,14555,48
14520,14523,2
14520,14554,46
14523,14559,75
14524,14550,37
14525,14557,56
14526,14530,3
14526,14542,12
14526,14559,70
14527,14544,15
14529,14541,9
14530,14556,42
14530,14557,53
14531,14557,52
14532,14556,40
14532,14557,51
14533,14548,26
14533,14553,31
14534,14548,24
14534,14553,29
14535,14562,137
14536,14540,4
14536,14563,167
14538,14542,3
14538,14544,6
14539,14546,4
14539,14561,105
14540,14562,133
14542,14554,27
14543,14558,45
14545,14555,25
14546,14563,159
14548,14549,1
14549,14552,3
14552,14558,22
14554,14559,31
14556,14559,25
14560,14561,25
14560,14562,53
14561,14563,58
14562,14563,30
