lower,upper,layer_jump
1,188,2
1,191,2
1,348,3
1,509,4
2,81,1
2,190,2
2,835,6
2,836,6
2,1217,9
3,192,2
3,510,4
3,1104,8
4,82,1
4,351,3
5,194,2
5,513,4
6,86,1
6,87,1
6,198,2
6,355,3
6,1225,9
7,87,1
7,90,1
7,200,2
7,691,5
8,89,1
8,91,1
8,92,1
8,202,2
8,206,2
8,207,2
8,360,3
8,361,3
8,365,3
9,364,3
9,536,4
9,538,4
9,693,5
9,700,5
10,376,3
10,1006,7
11,95,1
11,212,2
11,374,3
11,378,3
11,543,4
11,552,4
12,215,2
12,379,3
13,219,2
14,97,1
14,101,1
14,221,2
14,222,2
14,223,2
14,551,4
15,383,3
16,563,4
16,1006,7
17,223,2
17,549,4
18,107,1
18,108,1
18,228,2
18,390,3
18,549,4
19,224,2
19,713,5
20,566,4
20,872,6
21,99,1
21,116,1
21,123,1
21,127,1
21,130,1
21,133,1
21,138,1
21,141,1
21,142,1
21,143,1
21,144,1
21,145,1
21,146,1
21,148,1
21,149,1
21,150,1
21,152,1
21,210,2
21,243,2
21,244,2
21,251,2
21,255,2
21,259,2
21,263,2
21,271,2
21,273,2
21,274,2
21,276,2
21,282,2
21,284,2
21,285,2
21,287,2
21,289,2
21,290,2
21,396,3
21,418,3
21,419,3
21,431,3
21,450,3
21,453,3
21,589,4
21,590,4
22,108,1
23,229,2
23,391,3
24,395,3
24,724,5
25,568,4
25,872,6
26,112,1
26,231,2
26,390,3
26,726,5
27,109,1
27,113,1
27,114,1
27,115,1
27,117,1
27,118,1
27,119,1
27,120,1
27,121,1
27,122,1
27,124,1
27,125,1
27,126,1
27,134,1
27,229,2
27,230,2
27,231,2
27,232,2
27,234,2
27,237,2
27,238,2
27,240,2
27,241,2
27,245,2
27,246,2
27,247,2
27,249,2
27,252,2
27,253,2
27,257,2
27,261,2
27,265,2
27,268,2
27,394,3
27,398,3
27,400,3
27,401,3
27,402,3
27,403,3
27,405,3
27,407,3
27,410,3
27,411,3
27,412,3
27,413,3
27,414,3
27,423,3
27,569,4
27,572,4
27,573,4
27,581,4
27,582,4
27,594,4
27,601,4
27,728,5
27,737,5
27,1022,7
28,99,1
29,109,1
29,227,2
30,115,1
31,99,1
31,109,1
31,233,2
31,366,3
32,115,1
33,129,1
33,135,1
33,258,2
33,266,2
33,429,3
33,588,4
33,596,4
33,600,4
33,742,5
33,883,6
33,1022,7
34,115,1
35,131,1
35,265,2
35,427,3
35,740,5
36,131,1
36,267,2
36,432,3
37,132,1
37,747,5
37,1252,9
38,137,1
38,269,2
39,135,1
39,147,1
39,160,1
39,279,2
39,297,2
39,302,2
39,787,5
40,437,3
40,1026,7
41,602,4
42,151,1
42,287,2
42,290,2
43,150,1
43,153,1
43,157,1
43,158,1
43,291,2
43,300,2
43,303,2
43,463,3
43,468,3
43,620,4
43,629,4
44,154,1
44,156,1
44,779,5
44,918,6
45,155,1
46,156,1
46,306,2
47,795,5
47,1483,11
47,1574,12
48,308,2
49,476,3
50,642,4
50,1393,10
51,309,2
51,311,2
51,801,5
52,799,5
52,1489,11
53,164,1
53,165,1
53,314,2
53,315,2
53,1292,9
53,1293,9
53,1394,10
53,1982,17
54,166,1
54,316,2
55,167,1
55,313,2
56,169,1
56,649,4
56,1080,7
57,320,2
57,650,4
58,2060,18
59,651,4
59,948,6
59,1659,13
60,1816,15
60,2065,18
60,3682,44
61,173,1
61,176,1
61,323,2
61,328,2
61,485,3
62,1493,11
62,1744,14
63,3626,43
64,329,2
64,956,6
65,489,3
65,657,4
65,957,6
66,177,1
67,177,1
67,812,5
68,180,1
68,181,1
68,1090,7
69,180,1
69,338,2
69,340,2
69,1095,7
69,1505,11
70,2223,20
70,2774,28
71,183,1
71,501,3
72,183,1
72,821,5
72,1312,9
73,502,3
73,670,4
73,824,5
74,343,2
74,1098,7
75,504,3
75,672,4
76,185,1
77,975,6
78,346,2
78,3206,35
79,3486,40
80,188,1
80,348,2
80,676,4
80,832,5
81,190,1
81,349,2
81,350,2
81,982,6
81,1419,10
82,351,2
82,511,3
82,1319,9
83,351,2
84,681,4
84,986,6
85,683,4
85,988,6
86,196,1
86,197,1
86,353,2
86,355,2
86,357,2
86,515,3
86,521,3
86,522,3
86,686,4
87,358,2
88,199,1
88,201,1
88,523,3
88,690,4
88,692,4
88,844,5
89,205,1
89,359,2
89,360,2
89,524,3
89,691,4
89,693,4
90,526,3
90,845,5
91,203,1
91,206,1
91,362,2
91,363,2
91,525,3
92,206,1
92,365,2
92,693,4
92,702,4
93,208,1
93,364,2
93,533,3
93,536,3
93,700,4
94,211,1
94,548,3
94,708,4
94,1005,6
95,214,1
95,373,2
95,374,2
95,543,3
95,552,3
96,212,1
96,215,1
96,370,2
97,218,1
97,377,2
97,549,3
97,551,3
97,709,4
98,217,1
98,704,4
98,865,5
99,210,1
99,233,1
99,236,1
99,239,1
99,242,1
99,243,1
99,251,1
99,366,2
99,388,2
99,396,2
99,404,2
99,409,2
99,415,2
99,885,5
100,379,2
100,550,3
100,557,3
100,715,4
101,222,1
101,386,2
101,551,3
102,558,3
102,1006,6
103,210,1
103,366,2
104,383,2
105,716,4
105,867,5
106,387,2
107,225,1
107,549,3
109,210,1
109,227,1
109,233,1
109,237,1
109,245,1
109,250,1
109,366,2
109,385,2
109,406,2
109,410,2
109,549,3
109,576,3
109,582,3
109,734,4
110,387,2
110,565,3
110,871,5
111,226,1
111,721,4
112,230,1
112,726,4
113,230,1
113,400,2
113,569,3
114,229,1
114,567,3
115,248,1
115,568,3
115,872,5
115,1145,7
116,235,1
116,396,2
117,231,1
117,234,1
117,399,2
118,231,1
118,726,4
119,401,2
120,240,1
120,574,3
121,402,2
122,261,1
122,407,2
122,583,3
123,244,1
124,246,1
124,253,1
124,408,2
125,254,1
125,586,3
125,731,4
125,884,5
126,257,1
126,423,2
127,419,2
127,430,2
127,598,3
128,260,1
128,421,2
128,582,3
128,593,3
129,1022,6
130,590,3
131,264,1
131,267,1
131,422,2
131,432,2
131,582,3
132,270,1
132,749,4
133,263,1
133,273,1
133,431,2
134,265,1
134,427,2
134,601,3
135,269,1
135,279,1
135,429,2
135,434,2
135,436,2
135,440,2
135,600,3
135,607,3
135,744,4
135,751,4
135,1250,8
136,602,3
137,269,1
137,604,3
137,744,4
138,271,1
138,274,1
138,430,2
139,267,1
139,593,3
140,270,1
140,435,2
140,602,3
141,431,2
142,430,2
143,275,1
143,277,1
143,278,1
143,438,2
143,443,2
143,444,2
144,276,1
144,442,2
146,280,1
146,281,1
146,284,1
146,446,2
146,449,2
146,450,2
146,452,2
146,613,3
146,616,3
146,761,4
146,765,4
146,904,5
147,283,1
147,286,1
147,292,1
147,295,1
147,445,2
147,448,2
147,454,2
147,461,2
147,776,4
147,785,4
147,1178,7
148,284,1
148,442,2
149,285,1
149,288,1
149,447,2
149,451,2
149,617,3
149,763,4
149,1162,7
150,289,1
150,769,4
150,912,5
151,287,1
151,290,1
151,768,4
151,910,5
152,290,1
153,294,1
153,458,2
153,463,2
153,769,4
154,457,2
154,1169,7
155,293,1
155,296,1
155,298,1
155,299,1
155,455,2
155,464,2
155,466,2
155,469,2
155,631,3
156,467,2
156,632,3
156,637,3
156,792,4
156,937,5
156,1058,6
157,629,3
157,929,5
158,300,1
158,301,1
158,303,1
158,468,2
158,471,2
158,1479,10
159,474,2
159,791,4
159,1057,6
159,1281,8
160,307,1
160,470,2
161,305,1
161,473,2
162,307,1
162,308,1
162,641,3
163,310,1
163,476,2
164,313,1
164,1073,6
165,314,1
165,1811,14
166,804,4
167,479,2
167,1582,11
168,318,1
168,943,5
169,319,1
169,805,4
170,1080,6
170,1903,15
171,322,1
171,2061,17
172,321,1
172,324,1
172,652,3
173,328,1
173,486,2
173,951,5
173,1081,6
173,1586,11
174,329,1
174,654,3
175,655,3
175,809,4
176,811,4
176,1495,10
177,331,1
177,332,1
177,488,2
177,491,2
177,659,3
178,334,1
178,335,1
178,958,5
179,815,4
179,2439,22
180,336,1
180,338,1
180,492,2
180,816,4
180,1090,6
180,1749,13
181,337,1
181,1301,8
182,2511,23
183,341,1
183,497,2
183,500,2
183,501,2
183,667,3
183,668,3
183,1098,6
184,342,1
184,1210,7
185,672,3
185,828,4
186,676,3
186,832,4
186,977,5
187,978,5
188,832,4
188,834,4
188,979,5
189,348,1
189,509,2
189,833,4
189,1102,6
190,678,3
190,835,4
190,981,5
190,982,5
190,1103,6
191,836,4
192,510,2
192,837,4
192,983,5
193,351,1
193,352,1
193,680,3
194,352,1
194,1107,6
195,513,2
195,1514,10
196,354,1
196,517,2
196,520,2
196,521,2
196,991,5
197,357,1
197,688,3
198,358,1
198,522,2
199,523,2
199,991,5
200,358,1
200,691,3
201,359,1
201,524,2
201,690,3
202,361,1
202,691,3
203,361,1
203,525,2
204,694,3
205,528,2
205,693,3
206,529,2
206,693,3
207,363,1
208,367,1
208,693,3
208,700,3
209,365,1
209,539,2
209,702,3
210,366,1
210,381,1
210,385,1
210,388,1
210,396,1
210,537,2
210,549,2
210,559,2
210,562,2
210,564,2
210,868,4
211,373,1
211,543,2
211,700,3
212,370,1
212,543,2
213,377,1
213,547,2
213,703,3
213,709,3
214,373,1
214,552,2
215,370,1
215,700,3
216,375,1
216,704,3
217,375,1
217,553,2
217,704,3
218,551,2
218,2692,25
219,378,1
219,555,2
220,384,1
220,554,2
220,556,2
220,560,2
220,1006,5
221,552,2
221,711,3
222,386,1
222,549,2
223,386,1
223,549,2
224,557,2
224,713,3
225,389,1
225,549,2
226,869,4
226,1006,5
227,385,1
227,392,1
227,549,2
227,564,2
228,390,1
229,565,2
229,567,2
229,871,4
230,569,2
231,399,1
231,549,2
232,395,1
232,567,2
232,871,4
233,396,1
233,576,2
234,398,1
234,723,3
235,396,1
236,366,1
237,401,1
237,549,2
238,398,1
238,401,1
238,549,2
239,388,1
239,570,2
240,574,2
241,402,1
241,575,2
241,878,4
242,404,1
242,409,1
242,579,2
242,730,3
244,396,1
246,408,1
246,573,2
246,728,3
247,402,1
247,574,2
249,578,2
249,731,3
250,406,1
251,409,1
251,730,3
251,738,3
251,881,4
252,413,1
252,734,3
253,416,1
253,583,2
253,735,3
254,411,1
254,417,1
254,880,4
255,590,2
255,739,3
256,406,1
256,576,2
257,582,2
257,740,3
258,588,2
258,880,4
258,1022,5
259,418,1
259,419,1
259,743,3
260,406,1
260,426,1
260,576,2
260,582,2
260,593,2
261,594,2
261,741,3
262,1145,6
262,1250,7
263,420,1
263,431,1
263,585,2
263,590,2
263,592,2
264,421,1
264,582,2
264,593,2
265,423,1
266,596,2
266,1148,6
267,427,1
267,432,1
267,439,1
267,753,3
267,754,3
268,594,2
268,601,2
268,889,4
269,433,1
269,436,1
269,595,2
269,604,2
269,607,2
269,744,3
269,887,4
270,435,1
270,749,3
270,892,4
271,430,1
272,434,1
272,600,2
272,744,3
273,431,1
274,430,1
275,431,1
275,438,1
275,605,2
275,733,3
276,430,1
276,609,2
277,438,1
277,593,2
278,443,1
278,444,1
278,593,2
279,445,1
279,757,3
279,1034,5
280,441,1
280,446,1
280,760,3
280,761,3
280,899,4
281,613,2
281,893,4
282,442,1
283,445,1
283,894,4
283,1261,7
284,442,1
285,444,1
285,612,2
286,618,2
286,905,4
286,909,4
286,911,4
286,1263,7
287,616,2
287,764,3
287,910,4
288,453,1
288,456,1
288,766,3
288,770,3
288,1162,6
288,1264,7
288,1268,7
289,453,1
289,1041,5
290,457,1
290,768,3
290,917,4
290,918,4
290,1169,6
291,458,1
291,620,2
292,454,1
292,625,2
293,455,1
293,459,1
293,619,2
293,626,2
294,460,1
294,782,3
294,783,3
294,919,4
294,924,4
294,925,4
294,1174,6
295,461,1
295,465,1
295,776,3
296,455,1
296,780,3
296,1476,9
297,787,3
297,1178,6
298,466,1
298,921,4
299,462,1
299,466,1
299,778,3
299,927,4
300,468,1
301,633,2
301,929,4
301,934,4
302,470,1
303,471,1
303,796,3
304,470,1
304,475,1
304,638,2
304,931,4
304,936,4
304,1180,6
305,473,1
305,1185,6
305,1656,11
306,639,2
306,937,4
307,1068,5
308,799,3
308,1069,5
309,940,4
309,1574,10
309,2051,16
310,1071,5
310,1390,8
311,644,2
311,803,3
312,477,1
312,804,3
312,1191,6
313,479,1
313,645,2
314,1293,7
314,2429,21
315,943,4
315,3026,30
316,480,1
316,804,3
317,942,4
318,649,2
318,1579,10
319,484,1
319,487,1
319,807,3
319,944,4
319,945,4
319,947,4
319,1080,5
319,1195,6
319,1903,14
319,2138,17
319,2434,21
320,1078,5
320,1194,6
320,1396,8
321,1491,9
321,1659,11
322,1397,8
322,2139,17
323,486,1
323,2062,16
323,3135,32
324,654,2
324,1196,6
325,655,2
325,1083,5
326,488,1
326,656,2
326,1084,5
326,1198,6
326,1661,11
327,488,1
327,951,4
327,1494,9
327,1586,10
328,951,4
328,1495,9
329,654,2
329,658,2
329,953,4
330,657,2
331,491,1
331,656,2
332,488,1
332,1820,13
333,1401,8
333,3092,31
334,1204,6
334,1498,9
335,1088,5
336,492,1
336,662,2
336,816,3
337,1663,11
338,492,1
338,493,1
338,662,2
338,665,2
339,664,2
339,3482,38
340,819,3
340,1095,5
341,667,2
341,969,4
342,823,3
342,968,4
342,1758,12
343,503,1
343,971,4
344,671,2
344,827,3
345,2584,23
345,3258,34
346,831,3
346,2586,23
347,976,4
347,3434,37
348,676,2
349,982,4
349,1419,8
350,510,1
350,837,3
351,838,3
351,984,4
351,1320,7
352,512,1
352,1106,5
352,1219,6
353,515,1
353,686,2
353,1109,5
353,1223,6
354,516,1
354,517,1
354,684,2
354,840,3
354,842,3
354,991,4
355,1113,5
355,1225,6
355,1835,13
355,2002,15
356,519,1
356,523,1
356,841,3
356,989,4
356,990,4
356,991,4
356,1114,5
357,521,1
357,843,3
358,522,1
358,691,2
359,528,1
359,691,2
359,692,2
359,693,2
359,843,3
359,846,3
360,691,2
361,525,1
362,694,2
362,845,3
364,533,1
364,693,2
366,530,1
366,531,1
366,535,1
366,537,1
366,545,1
366,549,1
366,559,1
366,696,2
366,699,2
366,703,2
366,717,2
366,720,2
366,868,3
367,532,1
367,693,2
367,700,2
367,848,3
368,538,1
368,856,3
369,544,1
369,701,2
369,1005,4
369,1133,5
370,543,1
370,700,2
371,540,1
371,547,1
371,703,2
371,861,3
371,1008,4
372,542,1
372,704,2
372,863,3
373,548,1
373,551,1
373,552,1
373,708,2
373,711,2
374,543,1
375,546,1
375,553,1
375,704,2
376,710,2
376,1135,5
377,703,2
378,552,1
378,714,2
379,550,1
379,700,2
380,866,3
380,1006,4
381,549,1
382,552,1
383,552,1
383,555,1
383,714,2
384,556,1
384,713,2
385,549,1
385,564,1
386,549,1
387,560,1
387,565,1
387,713,2
388,562,1
388,570,1
388,725,2
389,549,1
390,549,1
391,565,1
391,713,2
392,549,1
393,549,1
394,566,1
394,721,2
394,872,3
395,871,3
396,571,1
396,576,1
396,585,1
396,733,2
396,739,2
397,549,1
398,549,1
398,723,2
399,549,1
399,723,2
400,569,1
401,549,1
402,574,1
402,577,1
402,729,2
402,732,2
402,877,3
402,1018,4
403,572,1
403,575,1
403,875,3
404,570,1
404,730,2
405,578,1
405,875,3
406,576,1
406,582,1
407,583,1
408,580,1
408,728,2
408,735,2
409,730,2
410,582,1
411,880,3
412,880,3
413,582,1
414,1145,5
415,738,2
415,885,3
416,583,1
416,735,2
416,741,2
416,886,3
417,588,1
417,742,2
417,884,3
418,589,1
418,743,2
419,591,1
419,746,2
420,585,1
420,590,1
420,592,1
420,733,2
420,739,2
421,582,1
422,582,1
422,740,2
423,740,2
424,587,1
424,736,2
424,744,2
424,882,3
424,888,3
425,576,1
425,592,1
425,733,2
426,576,1
426,593,1
426,733,2
427,601,1
428,600,1
428,744,2
428,888,3
429,1022,4
429,1353,7
430,598,1
430,603,1
430,606,1
430,746,2
430,752,2
430,756,2
431,592,1
431,605,1
431,733,2
432,593,1
433,599,1
433,755,2
433,887,3
433,1027,4
434,600,1
434,744,2
435,602,1
436,744,2
437,1153,5
438,593,1
438,733,2
439,593,1
439,608,1
439,733,2
439,754,2
439,891,3
440,607,1
440,757,2
440,894,3
441,610,1
441,611,1
441,760,2
441,896,3
442,609,1
442,613,1
442,893,3
443,593,1
444,612,1
444,733,2
445,894,3
445,1033,4
446,760,2
446,904,3
447,612,1
447,901,3
448,905,3
448,1261,6
449,614,1
449,615,1
449,760,2
449,1040,4
450,764,2
451,763,2
451,908,3
451,1159,5
452,616,1
453,1268,6
454,621,1
454,771,2
454,775,2
454,911,3
455,619,1
455,622,1
455,772,2
455,780,2
455,922,3
456,774,2
456,1044,4
456,1271,6
457,918,3
458,769,2
459,619,1
459,626,1
459,777,2
460,630,1
460,783,2
460,784,2
460,1050,4
460,1170,5
460,1270,6
461,776,2
462,628,1
462,631,1
462,781,2
462,788,2
462,923,3
462,927,3
462,1057,4
462,1176,5
462,1276,6
463,782,2
463,1277,6
464,626,1
464,921,3
465,776,2
465,785,2
465,1059,4
465,1279,6
466,1056,4
467,632,1
467,1563,9
467,1802,12
468,929,3
469,1476,8
470,634,1
470,787,2
470,794,2
470,931,3
470,1068,4
471,1064,4
471,1479,8
472,633,1
472,934,3
472,1184,5
473,635,1
473,1062,4
473,1975,14
473,2422,20
474,795,2
474,1063,4
474,1183,5
475,638,1
475,1066,4
475,1187,5
476,639,1
476,797,2
476,939,3
476,1188,5
476,1390,7
477,644,1
477,1392,7
478,1391,7
478,1488,8
478,1489,8
479,802,2
479,2837,26
480,647,1
480,1294,6
481,1076,4
481,2058,15
482,1079,4
482,1740,11
482,2060,15
483,1581,9
483,2289,18
484,945,3
484,1077,4
485,1490,8
485,3135,31
486,1081,4
486,1583,9
487,653,1
487,1082,4
487,1585,9
488,656,1
488,1398,7
488,1905,13
488,2296,18
489,955,3
489,1404,7
490,954,3
490,1299,6
490,1589,9
490,2370,19
491,810,2
491,1203,5
492,662,1
493,662,1
493,963,3
494,3483,37
494,4404,55
495,1093,4
495,1754,11
495,1993,14
496,1827,12
496,2847,26
497,666,1
497,820,2
497,967,3
497,1207,5
498,2223,17
498,2446,20
499,970,3
499,1911,13
499,2513,21
500,969,3
500,1312,6
501,822,2
501,1098,4
502,826,2
502,1507,8
503,669,1
503,827,2
504,671,1
504,672,1
504,1313,6
505,829,2
506,976,3
506,3635,40
507,832,2
507,979,3
507,1316,6
508,834,2
508,1511,8
509,836,2
509,1217,5
511,984,3
511,1105,4
511,1218,5
511,1319,6
511,2449,20
512,1106,4
512,1421,7
513,1107,4
513,2232,17
514,987,3
514,1220,5
514,1516,8
515,682,1
515,1113,4
516,842,2
516,987,3
517,686,1
517,1111,4
518,687,1
518,1225,5
519,1226,5
519,1324,6
520,991,3
521,843,2
522,688,1
522,691,1
522,843,2
523,689,1
523,844,2
523,992,3
524,843,2
524,991,3
525,691,1
525,845,2
526,694,1
526,845,2
527,693,1
527,846,2
528,693,1
529,693,1
530,695,1
530,698,1
530,1007,3
530,1137,4
530,1346,6
530,1779,11
530,1857,12
531,696,1
531,699,1
531,852,2
532,693,1
532,697,1
532,700,1
532,846,2
532,848,2
533,693,1
534,693,1
535,699,1
535,1003,3
536,700,1
537,699,1
538,700,1
538,704,1
538,857,2
538,1006,3
539,705,1
539,856,2
540,703,1
540,858,2
540,861,2
540,2178,16
540,2627,22
541,701,1
541,1004,3
541,1133,4
542,700,1
542,857,2
542,863,2
543,700,1
544,707,1
544,1241,5
544,1948,13
545,858,2
546,704,1
547,864,2
547,1008,3
548,708,1
549,703,1
549,718,1
549,723,1
550,700,1
550,863,2
551,711,1
551,1009,3
551,1698,10
551,1865,12
551,2877,26
552,711,1
552,712,1
552,714,1
553,704,1
553,863,2
554,865,2
555,714,1
556,713,1
556,863,2
557,715,1
557,863,2
558,1006,3
559,720,1
560,713,1
561,867,2
561,1139,4
562,719,1
562,722,1
562,868,2
562,870,2
562,873,2
563,872,2
563,1006,3
565,871,2
566,872,2
567,871,2
568,872,2
568,1013,3
569,726,1
570,725,1
570,727,1
570,874,2
570,876,2
572,875,2
573,728,1
574,728,1
574,1016,3
575,731,1
575,875,2
575,878,2
575,1019,3
576,733,1
577,878,2
578,1017,3
579,730,1
580,728,1
580,877,2
581,880,2
582,734,1
583,741,1
584,730,1
584,1023,3
584,1143,4
585,733,1
585,739,1
586,879,2
586,1148,4
587,736,1
587,745,1
587,883,2
588,742,1
588,880,2
589,885,2
591,743,1
591,885,2
592,733,1
593,733,1
593,753,1
593,897,2
594,741,1
595,744,1
595,882,2
595,887,2
595,1021,3
596,883,2
596,1148,4
597,1151,4
597,1250,5
598,746,1
599,887,2
600,745,1
600,883,2
601,748,1
601,754,1
601,891,2
603,750,1
603,885,2
603,1025,3
604,744,1
605,733,1
606,752,1
606,893,2
607,1027,3
608,733,1
609,756,1
609,759,1
609,893,2
610,758,1
610,1031,3
610,1035,3
610,1456,7
611,899,2
611,1149,4
612,733,1
612,901,2
613,759,1
614,760,1
614,904,2
615,760,1
615,762,1
615,906,2
615,1367,6
615,1549,8
616,764,1
616,765,1
617,766,1
617,908,2
618,909,2
618,911,2
618,1553,8
619,767,1
619,914,2
619,1045,3
619,1164,4
619,1165,4
620,769,1
621,775,1
621,913,2
621,1042,3
622,1047,3
622,1272,5
623,773,1
623,923,2
623,1048,3
623,1049,3
624,917,2
624,1053,3
624,1169,4
624,1274,5
625,775,1
625,776,1
625,1054,3
626,921,2
627,921,2
627,927,2
627,1055,3
627,1276,5
628,1176,4
629,1179,4
629,1277,5
630,786,1
630,928,2
630,1472,7
631,788,1
631,1057,3
632,1570,8
632,1728,10
633,935,2
633,1179,4
633,1284,5
633,1478,7
634,931,2
634,1279,5
635,789,1
635,1062,3
635,1185,4
635,1280,5
635,1385,6
636,790,1
636,1476,7
637,1386,6
637,1733,10
638,794,1
638,1067,3
639,797,1
639,937,2
640,794,1
640,1288,5
640,1388,6
640,1389,6
641,1068,3
641,1069,3
641,1388,6
642,798,1
642,938,2
642,1290,5
643,1393,6
643,2132,15
644,801,1
644,1191,4
645,802,1
645,1073,3
645,1738,10
646,2057,14
646,4202,50
647,803,1
647,1294,5
648,1192,4
648,1812,11
648,2645,22
649,805,1
649,2207,16
650,1078,3
650,1296,5
650,2363,18
651,1192,4
651,1742,10
652,1196,4
652,1491,7
653,1086,3
653,1745,10
653,1987,13
654,952,2
654,1085,3
654,1199,4
654,1298,5
654,1985,13
655,809,1
655,1492,7
656,810,1
657,1403,6
658,956,2
658,1199,4
658,1588,8
659,812,1
659,1203,4
659,2437,19
660,812,1
660,3687,40
661,814,1
661,960,2
661,1499,7
662,816,1
662,817,1
662,961,2
663,3430,35
663,4006,46
664,1092,3
664,2581,21
665,963,2
665,1095,3
665,1307,5
666,965,2
666,1309,5
667,820,1
667,1209,4
668,822,1
668,967,2
668,1668,9
669,971,2
669,1211,4
670,1670,9
670,1912,12
671,827,1
671,1313,5
671,1594,8
672,823,1
672,828,1
672,1313,5
673,825,1
673,2583,21
674,1213,4
674,1315,5
674,3691,40
675,2585,21
675,2903,26
676,833,1
677,978,2
677,1511,7
678,982,2
678,1512,7
678,2379,18
679,1104,3
679,1319,5
680,1106,3
680,1320,5
680,1599,8
681,1514,7
681,1832,11
682,1109,3
682,1999,13
683,986,2
683,1322,5
684,840,1
684,1111,3
685,841,1
685,989,2
685,1323,5
685,1836,11
686,1223,4
687,988,2
687,2462,19
688,843,1
689,992,2
689,1327,5
690,991,2
691,843,1
691,845,1
692,846,1
692,1116,3
693,846,1
694,845,1
695,850,1
695,998,2
695,1235,4
695,1691,9
695,1693,9
696,847,1
696,851,1
696,852,1
696,995,2
696,1127,3
696,1779,10
697,846,1
697,848,1
697,1124,3
698,849,1
698,853,1
698,997,2
698,1007,2
698,1126,3
699,852,1
700,848,1
700,857,1
700,863,1
700,1000,2
700,1005,2
700,1340,5
701,854,1
701,855,1
701,1002,2
701,1005,2
701,1439,6
702,856,1
703,852,1
703,858,1
703,1003,2
704,857,1
704,862,1
704,863,1
704,865,1
704,1006,2
705,860,1
705,1006,2
706,859,1
706,1535,7
706,1861,11
706,1945,12
707,1133,3
707,2691,22
708,1009,2
708,1241,4
708,1624,8
708,1948,12
709,864,1
709,2692,22
710,1006,2
711,1243,4
713,863,1
713,871,1
715,863,1
716,1006,2
717,1137,3
717,1246,4
719,868,1
719,870,1
719,1010,2
721,872,1
721,1006,2
722,870,1
722,1631,8
724,871,1
725,873,1
725,874,1
725,1014,2
727,1015,2
727,1143,3
728,877,1
729,878,1
729,1018,2
730,876,1
730,881,1
730,1020,2
730,1023,2
730,1146,3
731,875,1
731,879,1
731,1017,2
732,877,1
732,1016,2
733,891,1
733,897,1
733,898,1
733,901,1
733,1021,2
733,1032,2
735,877,1
735,886,1
735,1021,2
736,878,1
736,882,1
736,1018,2
736,1019,2
737,1145,3
738,881,1
738,1024,2
741,889,1
741,1021,2
742,1148,3
743,885,1
744,888,1
745,883,1
745,888,1
746,885,1
747,1151,3
747,1252,4
748,889,1
748,890,1
748,891,1
748,1021,2
749,1252,4
750,885,1
750,1025,2
751,1153,3
751,1353,5
752,893,1
752,1025,2
755,887,1
755,1027,2
756,893,1
757,894,1
757,1027,2
758,895,1
758,896,1
758,1028,2
758,1031,2
759,893,1
760,903,1
760,906,1
760,1035,2
760,1038,2
761,893,1
761,1025,2
762,1158,3
762,1262,4
762,1365,5
763,901,1
763,1039,2
763,1260,4
765,910,1
765,1040,2
766,1264,4
767,907,1
767,1160,3
767,1266,4
767,1267,4
767,1464,6
768,917,1
768,1161,3
768,1269,4
768,1370,5
769,912,1
769,919,1
769,1043,2
770,1264,4
770,1271,4
770,1720,9
771,911,1
771,1042,2
772,1164,3
772,1272,4
773,915,1
773,916,1
773,1556,7
774,920,1
774,1051,2
774,1171,3
774,1467,6
774,1561,7
774,1720,9
774,1798,10
775,1052,2
775,1168,3
775,1172,3
775,1375,5
775,1465,6
776,926,1
776,1054,2
777,921,1
777,1045,2
778,921,1
778,927,1
778,1055,2
778,1056,2
779,1053,2
779,1058,2
779,1169,3
779,1173,3
780,1175,3
780,1476,6
780,1888,11
780,1967,12
781,923,1
781,1274,4
782,924,1
782,1177,3
783,925,1
783,1472,6
784,928,1
784,1170,3
784,1560,7
785,1178,3
785,1279,4
786,1061,2
786,1477,6
786,1803,10
787,1279,4
788,1057,2
789,932,1
789,1060,2
790,1383,5
790,1569,7
790,2044,13
791,930,1
791,1063,2
792,1386,5
792,1570,7
793,936,1
793,1065,2
793,1480,6
793,1482,6
794,1067,2
794,1388,5
795,1732,9
796,938,1
796,1064,2
797,1484,6
797,1576,7
798,941,1
798,1190,3
798,1486,6
799,1189,3
799,1291,4
800,1070,2
800,3781,41
801,940,1
801,1392,5
802,1738,9
802,3530,36
803,1191,3
804,1294,4
805,944,1
805,2207,15
806,946,1
806,1078,2
806,1396,5
806,2135,14
806,2288,16
806,2840,24
807,1082,2
807,3534,36
808,2506,19
808,2959,26
809,954,1
809,1197,3
809,1299,4
809,1399,5
810,1198,3
810,1203,3
810,1300,4
811,3092,28
812,3138,29
813,2370,17
813,2439,18
814,1088,2
814,1204,3
815,960,1
815,2142,14
816,959,1
816,1089,2
816,1407,5
817,961,1
817,962,1
817,963,1
817,1091,2
817,1304,4
818,964,1
818,1206,3
818,1592,7
819,1095,2
819,1505,6
819,1828,10
820,965,1
820,1412,5
821,1312,4
821,2148,14
822,971,1
822,1211,3
823,1594,7
823,2073,13
824,1507,6
824,1669,8
824,1912,11
825,1759,9
825,2074,13
826,970,1
827,1211,3
829,3258,31
830,1099,2
830,5143,69
831,1913,11
833,977,1
833,1760,9
834,1418,5
835,1217,3
836,1217,3
837,983,1
837,1419,5
838,984,1
838,985,1
838,1420,5
839,1108,2
839,1220,3
839,1676,8
840,987,1
841,1765,9
842,1224,3
842,1325,4
843,991,1
844,1116,2
844,1327,4
846,993,1
846,994,1
846,996,1
846,1116,2
846,1124,2
846,1230,3
847,995,1
847,1127,2
847,1335,4
848,1000,1
848,1124,2
848,1234,3
848,1528,6
848,1621,7
849,997,1
849,1126,2
850,998,1
850,1122,2
850,1233,3
850,1693,8
851,1127,2
851,1235,3
851,1435,5
852,995,1
852,999,1
852,1001,1
852,1003,1
852,1121,2
852,1239,3
852,1781,9
852,2178,14
853,997,1
853,1007,1
853,1134,2
854,1004,1
854,1439,5
854,2022,12
855,1002,1
855,1338,4
856,1006,1
859,1004,1
859,1133,2
860,1006,1
861,2477,18
861,2627,20
862,1006,1
864,1947,11
864,3517,35
865,1006,1
866,1006,1
866,1136,2
867,1006,1
868,1010,1
868,1137,2
868,1246,3
869,1006,1
869,1139,2
870,1011,1
870,1138,2
870,1446,5
872,1006,1
872,1013,1
873,1012,1
873,1014,1
873,1140,2
873,1631,7
874,1014,1
874,1015,1
874,1142,2
874,1248,3
874,1249,3
875,1017,1
876,1143,2
877,1016,1
877,1018,1
877,1021,1
877,1144,2
878,1018,1
878,1019,1
879,1019,1
880,1022,1
881,1149,2
882,1018,1
882,1021,1
882,1144,2
883,1019,1
883,1147,2
884,1148,2
885,1024,1
885,1025,1
885,1149,2
886,1021,1
887,1021,1
887,1027,1
887,1150,2
887,1152,2
889,1021,1
890,1021,1
891,1021,1
892,1252,3
893,1025,1
894,1027,1
894,1030,1
894,1033,1
894,1034,1
894,1036,1
894,1152,2
894,1155,2
894,1255,3
895,1028,1
895,1709,8
896,1149,2
896,1251,3
897,1032,1
898,1021,1
898,1152,2
899,1025,1
899,1149,2
900,1032,1
900,1256,3
901,1156,2
901,1260,3
902,1158,2
902,1259,3
903,1038,1
903,1158,2
903,1257,3
903,1262,3
903,1361,4
905,1157,2
905,1547,6
905,1643,7
906,1262,3
906,1365,4
906,1549,6
907,1160,2
907,1366,4
907,1461,5
907,1717,8
907,1718,8
908,1159,2
908,1264,3
909,1263,3
909,1884,10
910,1161,2
911,1553,6
911,1797,9
912,1041,1
912,1270,3
913,1163,2
913,1465,5
914,1165,2
915,1048,1
915,1273,3
915,1464,5
916,1049,1
916,1372,4
916,1556,6
917,1372,4
919,1270,3
920,1044,1
920,1467,5
920,1886,10
921,1045,1
921,1046,1
921,1055,1
921,1056,1
921,1166,2
921,1167,2
922,1047,1
922,1558,6
922,1888,10
923,1048,1
923,1167,2
923,1469,5
924,1174,2
924,1377,4
925,1174,2
925,1378,4
926,1054,1
926,1059,1
926,1379,4
927,1055,1
927,1176,2
928,1477,5
928,1970,11
929,1179,2
930,1281,3
930,1382,4
930,1724,8
931,1180,2
931,1279,3
932,1181,2
932,1385,4
932,1653,7
933,1063,1
933,1183,2
933,1570,6
933,1728,8
934,1283,3
934,1479,5
935,1384,4
935,1731,8
935,1973,11
936,1066,1
936,1187,2
936,1387,4
936,1568,6
936,1573,6
937,1484,5
937,1733,8
938,1486,5
940,1978,11
941,1289,3
941,2889,24
942,1658,7
942,1981,11
943,1579,6
943,3305,31
944,1077,1
944,1580,6
944,1899,10
945,1077,1
945,1741,8
945,1814,9
945,1900,10
945,1901,10
946,1295,3
946,2431,17
946,3307,31
947,1080,1
947,1903,10
948,1742,8
948,2364,16
948,2433,17
949,1194,2
949,2061,12
950,3998,44
951,2140,13
952,1299,3
953,1199,2
954,1200,2
955,1202,2
955,1498,5
956,1202,2
956,1907,10
957,1403,4
957,1404,4
958,1088,1
958,1204,2
959,1406,4
959,1749,8
959,1908,10
960,1748,8
961,1407,4
961,1822,9
962,1091,1
962,1205,2
963,1753,8
964,1305,3
964,1502,5
965,1410,4
965,1412,4
965,1502,5
965,1666,7
966,1095,1
966,1411,4
966,1828,9
966,2070,12
967,1207,2
967,1311,3
968,1096,1
968,1210,2
968,1756,8
969,1209,2
969,2445,17
970,1507,5
971,1098,1
972,1508,5
972,2377,16
973,1212,2
973,2377,16
974,3096,27
976,4210,48
977,1216,2
978,1671,7
979,1418,4
980,1103,1
980,1317,3
980,1596,6
980,2378,16
981,1103,1
981,1217,2
981,1597,6
982,1598,6
982,2077,12
983,1104,1
983,1419,4
983,1997,11
984,1673,7
985,1320,3
985,1420,4
985,1915,10
986,1832,9
986,2161,13
987,1111,1
987,1220,2
987,1224,2
987,1516,5
987,1517,5
987,1602,6
988,1322,3
988,2532,18
989,1324,3
989,1606,6
990,1607,6
990,1765,8
991,1115,1
991,1325,3
991,1425,4
991,1518,5
992,1114,1
992,1326,3
992,1934,10
993,1116,1
994,1230,2
994,1431,4
995,1117,1
995,1120,1
995,1121,1
995,1228,2
995,1229,2
995,1335,3
995,1524,5
995,2810,22
996,1231,2
996,1685,7
997,1119,1
997,1125,1
997,1129,1
997,1130,1
997,1131,1
997,1232,2
997,1237,2
997,1238,2
997,1242,2
997,1342,3
997,1443,4
997,1618,6
997,1854,9
997,2621,19
998,1122,1
998,1778,8
999,1121,1
999,1128,1
999,1239,2
999,1437,4
999,2624,19
1000,1132,1
1000,1440,4
1000,1621,6
1000,1695,7
1000,1780,8
1000,2475,17
1001,1121,1
1002,1533,5
1002,1858,9
1002,2021,11
1002,2749,21
1004,1861,9
1005,1132,1
1005,1241,2
1005,1338,3
1005,1340,3
1006,1135,1
1006,1136,1
1006,1139,1
1007,1134,1
1007,1245,2
1007,1345,3
1007,1445,4
1008,1947,10
1008,2477,17
1009,1624,6
1009,1865,9
1010,1138,1
1010,1346,3
1011,1247,2
1011,1348,3
1011,1787,8
1012,1140,1
1012,1869,9
1014,1140,1
1014,1141,1
1014,1248,2
1015,1143,1
1015,1249,2
1018,1144,1
1019,1147,1
1019,1148,1
1020,1143,1
1021,1144,1
1021,1150,1
1021,1152,1
1022,1145,1
1022,1250,2
1023,1143,1
1023,1146,1
1023,1149,1
1023,1251,2
1024,1149,1
1025,1149,1
1026,1153,1
1026,1252,2
1026,1354,3
1027,1152,1
1028,1154,1
1028,1251,2
1028,1253,2
1028,1352,3
1028,1638,6
1028,2188,13
1029,1152,1
1030,1152,1
1030,1155,1
1030,1255,2
1031,1545,5
1031,1709,7
1032,1152,1
1032,1156,1
1032,1256,2
1032,1260,2
1032,1362,3
1035,1257,2
1035,1361,3
1035,1456,4
1036,1255,2
1036,1261,2
1036,1358,3
1037,1158,1
1037,1258,2
1037,1259,2
1037,1359,3
1038,1262,2
1039,1159,1
1039,1362,3
1039,1552,5
1040,1161,1
1040,1265,2
1040,1367,3
1040,1370,3
1041,1268,2
1041,1371,3
1042,1163,1
1042,1797,8
1043,1270,2
1044,1162,1
1044,1721,7
1045,1165,1
1045,1166,1
1045,1267,2
1046,1166,1
1046,1167,1
1046,1267,2
1047,1558,5
1047,1722,7
1048,1167,1
1049,1274,2
1049,1469,4
1050,1373,3
1050,1466,4
1051,1720,7
1051,1887,9
1052,1275,2
1052,1374,3
1053,1274,2
1053,1376,3
1054,1172,1
1054,1474,4
1057,1274,2
1057,1281,2
1057,1376,3
1057,1724,7
1058,1563,5
1059,1180,1
1059,1379,3
1060,1181,1
1060,1280,2
1060,1475,4
1061,1477,4
1061,1729,7
1061,1893,9
1061,1971,10
1061,2046,11
1062,2422,16
1062,2704,20
1063,1382,3
1064,1283,2
1064,1479,4
1064,1486,4
1064,1734,7
1065,1186,1
1065,1480,4
1065,2201,13
1067,1187,1
1067,1389,3
1068,1388,3
1069,1189,1
1069,1288,2
1070,1287,2
1070,4052,44
1071,1392,3
1071,1576,5
1072,1395,3
1072,1898,9
1072,2132,12
1073,1292,2
1073,2355,15
1074,1488,4
1074,1981,10
1075,2499,17
1075,2715,20
1076,1581,5
1076,2206,13
1076,2287,14
1077,1580,5
1078,2209,13
1079,1296,2
1079,2136,12
1079,2647,19
1081,2292,14
1081,3893,41
1082,1987,10
1082,3623,36
1083,1492,4
1083,1493,4
1083,2291,14
1084,1398,3
1084,1817,8
1084,2212,13
1085,1299,2
1085,1660,6
1086,1496,4
1086,2366,15
1086,3370,31
1087,1201,1
1087,1587,5
1087,3896,41
1089,1406,3
1089,1750,7
1090,1301,2
1090,3945,42
1091,1408,3
1091,1822,8
1092,2581,18
1093,2221,13
1093,3482,33
1094,1308,2
1094,2511,17
1095,1307,2
1096,1208,1
1096,1758,7
1096,2147,12
1097,2149,12
1097,4462,52
1099,3206,28
1100,1214,1
1100,3797,39
1101,2970,24
1101,3434,32
1102,1217,1
1102,1318,2
1102,1760,7
1103,1317,2
1103,1512,4
1104,1914,9
1105,1672,6
1105,2777,21
1106,1421,3
1107,1219,1
1107,2784,21
1108,1600,5
1108,1601,5
1108,1762,7
1108,1763,7
1108,2083,11
1109,1423,3
1109,1674,6
1109,2084,11
1109,3162,27
1110,1603,5
1110,1604,5
1110,1998,10
1110,2605,18
1111,1223,1
1111,1321,2
1111,1831,8
1112,1222,1
1112,1323,2
1112,1836,8
1112,2316,14
1113,1835,8
1113,1999,10
1114,1226,1
1114,1518,4
1114,1519,4
1114,1607,5
1115,1425,3
1116,1429,3
1116,1431,3
1116,1771,7
1117,1227,1
1117,1228,1
1117,1328,2
1117,1524,4
1118,1333,2
1118,1430,3
1118,1526,4
1119,1616,5
1119,1854,8
1119,2013,10
1120,1228,1
1120,1229,1
1120,1330,2
1121,1229,1
1121,1437,3
1121,1525,4
1121,1692,6
1122,1233,1
1122,1433,3
1122,1778,7
1123,1235,1
1123,1435,3
1123,1527,4
1123,1691,6
1124,1231,1
1125,1232,1
1126,1857,8
1126,2621,18
1127,2687,19
1128,1437,3
1128,3455,32
1129,1236,1
1129,1237,1
1129,1240,1
1129,1336,2
1129,1339,2
1129,1442,3
1130,1237,1
1130,1238,1
1130,1336,2
1131,1238,1
1131,1336,2
1131,1942,9
1132,1340,2
1132,1440,3
1133,1343,2
1133,1535,4
1134,1242,1
1134,1244,1
1134,1245,1
1134,1344,2
1134,1445,3
1137,1346,2
1138,1247,1
1138,1347,2
1138,1445,3
1140,1349,2
1140,1539,4
1140,1630,5
1140,1702,6
1141,1248,1
1142,1248,1
1142,1249,1
1142,1541,4
1143,1350,2
1143,1351,2
1143,1451,3
1145,1250,1
1149,1251,1
1151,1250,1
1151,1354,2
1152,1255,1
1152,1256,1
1152,1357,2
1153,1250,1
1154,1254,1
1154,1355,2
1154,1638,5
1155,1255,1
1156,1260,1
1157,1261,1
1157,1363,2
1157,1457,3
1158,1360,2
1158,1364,2
1158,1460,3
1158,1549,4
1159,1264,1
1159,1463,3
1159,1647,5
1160,1718,6
1162,1268,1
1163,1797,7
1163,2271,13
1164,1266,1
1164,1555,4
1165,1267,1
1166,1267,1
1167,1273,1
1167,1276,1
1167,1369,2
1168,1374,2
1168,1468,3
1168,1964,9
1168,1965,9
1168,2192,12
1170,1373,2
1170,1889,8
1171,1278,1
1171,1470,3
1171,1561,4
1171,1723,6
1171,1887,8
1172,1375,2
1172,1471,3
1172,1652,5
1173,1376,2
1173,1563,4
1174,1651,5
1175,1562,4
1175,2122,11
1176,1276,1
1177,1277,1
1177,1377,2
1177,1566,4
1178,1279,1
1179,1381,2
1180,1279,1
1180,1568,4
1181,1380,2
1182,1282,1
1182,1383,2
1182,1805,7
1182,2761,20
1183,1654,5
1183,1732,6
1184,1283,1
1184,1284,1
1184,1655,5
1185,1656,5
1185,2350,14
1186,1482,3
1186,1575,4
1186,1977,9
1186,2050,10
1186,2126,11
1187,1485,3
1189,1291,1
1189,1391,2
1190,1289,1
1190,1290,1
1190,1897,8
1191,1294,1
1192,1742,6
1193,2838,21
1193,4204,46
1194,1902,8
1195,1585,4
1195,2434,15
1196,1584,4
1196,1985,9
1197,1492,3
1197,1743,6
1198,1400,2
1198,1661,5
1198,2436,15
1199,1299,1
1199,1747,6
1199,1819,7
1200,1299,1
1201,1402,2
1201,4511,52
1202,1746,6
1203,2961,23
1204,1499,3
1204,1746,6
1204,1907,8
1205,1304,1
1205,1408,2
1206,1305,1
1207,1309,1
1207,1995,9
1208,1593,4
1208,1756,6
1208,1910,8
1209,1412,2
1209,2072,10
1210,1505,3
1211,1594,4
1211,1668,5
1212,3142,26
1213,2075,10
1213,2585,17
1214,5143,66
1215,2151,11
1215,3635,35
1216,1760,6
1217,1318,1
1218,1672,5
1218,1914,8
1218,2587,17
1219,1421,2
1219,3274,28
1220,1515,3
1220,1517,3
1220,1601,4
1220,1605,4
1220,1830,7
1221,1321,1
1221,1831,7
1222,1604,4
1222,1834,7
1222,1924,8
1223,1423,2
1224,1518,3
1224,1607,4
1225,2462,15
1226,1424,2
1227,1328,1
1227,1329,1
1227,1426,2
1228,1328,1
1228,1330,1
1228,1428,2
1229,1330,1
1229,1331,1
1229,1332,1
1229,1428,2
1229,1612,4
1229,2097,10
1230,1685,5
1231,1528,3
1231,1614,4
1232,1334,1
1232,1618,4
1232,1853,7
1232,1942,8
1232,2020,9
1232,2542,16
1233,1433,2
1233,2103,10
1234,1333,1
1234,1528,3
1234,1621,4
1234,2101,10
1234,2997,23
1235,1779,6
1236,1336,1
1236,1337,1
1236,1339,1
1236,1438,2
1236,1441,2
1237,1336,1
1238,1336,1
1239,2875,21
1239,3288,28
1240,1341,1
1240,1441,2
1242,1443,2
1242,1537,3
1243,1698,5
1243,2877,21
1243,3518,32
1244,1344,1
1244,1444,2
1244,1537,3
1245,1445,2
1247,1347,1
1247,1445,2
1248,1349,1
1248,1449,2
1248,1450,2
1248,1633,4
1249,1350,1
1250,1353,1
1250,1354,1
1251,1351,1
1251,1352,1
1251,1453,2
1252,1354,1
1253,1352,1
1253,1355,1
1253,1543,3
1254,1356,1
1254,1454,2
1254,2343,13
1255,1357,1
1255,1358,1
1255,1457,2
1256,1357,1
1256,1362,1
1256,1459,2
1257,1360,1
1257,1361,1
1257,1545,3
1258,1359,1
1258,1364,1
1258,1458,2
1259,1360,1
1259,1711,5
1260,1362,1
1261,1358,1
1263,1643,4
1263,1962,8
1264,1647,4
1265,1368,1
1265,1549,3
1265,1645,4
1266,1366,1
1266,1555,3
1267,1369,1
1267,1464,2
1268,1557,3
1268,1721,5
1269,1370,1
1269,1372,1
1269,1556,3
1270,1371,1
1270,1466,2
1271,1720,5
1272,1555,3
1272,1722,5
1273,1464,2
1274,1372,1
1274,1376,1
1274,1469,2
1275,1375,1
1275,1471,2
1275,1650,4
1277,1381,1
1278,1473,2
1278,1567,3
1278,1800,6
1280,2486,15
1280,2704,18
1282,1975,8
1283,1571,3
1284,1731,5
1284,2202,11
1285,1729,5
1285,1893,7
1285,2048,9
1285,2125,10
1286,1481,2
1286,2049,9
1286,2423,14
1286,2640,17
1287,1656,4
1287,2353,13
1288,1388,1
1288,1391,1
1288,1808,6
1288,2129,10
1289,1487,2
1289,1577,3
1289,2286,12
1289,3470,31
1290,1393,1
1290,2133,10
1291,1391,1
1291,1489,2
1292,1394,1
1292,2713,18
1293,1982,8
1293,3889,39
1295,1739,5
1295,1983,8
1295,3532,32
1296,2894,21
1297,1816,6
1297,3368,29
1297,3427,30
1298,1660,4
1298,1985,8
1298,2063,9
1299,1399,1
1299,1497,2
1299,1589,3
1299,1743,5
1300,2295,12
1300,2436,14
1300,2961,22
1301,1663,4
1301,4058,42
1302,4250,46
1302,4358,48
1303,3313,28
1303,3430,30
1304,1409,1
1304,1753,5
1304,1824,6
1304,1992,8
1305,1501,2
1305,1502,2
1305,1591,3
1305,2442,14
1306,1410,1
1306,1666,4
1306,1909,7
1307,1411,1
1307,1753,5
1308,1757,5
1308,3632,34
1308,4800,57
1309,1666,4
1309,2222,11
1310,2375,13
1310,2901,21
1311,1668,4
1311,1995,8
1311,2444,14
1312,2445,14
1313,1594,3
1314,1416,1
1314,1508,2
1314,1670,4
1315,2584,16
1315,2585,16
1316,1418,1
1316,1671,4
1317,1597,3
1317,2226,11
1318,1510,2
1318,1597,3
1319,1914,7
1320,2078,9
1321,1423,1
1322,2161,10
1322,2988,22
1323,1765,5
1323,1924,7
1324,1424,1
1324,1841,6
1325,1425,1
1325,1518,2
1326,1519,2
1326,1932,7
1326,2007,8
1327,1429,1
1327,1934,7
1328,1426,1
1328,1427,1
1328,1428,1
1328,1521,2
1328,1522,2
1329,1524,2
1329,1609,3
1330,1428,1
1331,1428,1
1331,1523,2
1331,1612,3
1331,2010,8
1332,2403,13
1332,2747,18
1333,1430,1
1333,1528,2
1333,2101,9
1334,1432,1
1334,1615,3
1335,2687,17
1335,3660,34
1336,1436,1
1336,1438,1
1336,1530,2
1336,1531,2
1336,1532,2
1336,1620,3
1336,1942,7
1337,1438,1
1337,1534,2
1338,1440,1
1338,2021,8
1339,1441,1
1341,1441,1
1341,1442,1
1341,1697,4
1342,1442,1
1342,1623,3
1343,2332,12
1343,2691,17
1343,3518,31
1344,1537,2
1345,1445,1
1346,1445,1
1347,1445,1
1347,1538,2
1348,1445,1
1348,1538,2
1348,1629,3
1348,1701,4
1349,1448,1
1349,1540,2
1349,1632,3
1349,1633,3
1350,1541,2
1351,1451,1
1351,1452,1
1351,1542,2
1351,1543,2
1352,1453,1
1352,1543,2
1355,1454,1
1355,1543,2
1355,1707,4
1356,1455,1
1356,1544,2
1356,1957,7
1357,1457,1
1357,1642,3
1358,1457,1
1359,1546,2
1359,1710,4
1359,1711,4
1359,1793,5
1360,1640,3
1362,1459,1
1362,1462,1
1362,1548,2
1362,1550,2
1362,1719,4
1363,1457,1
1363,1547,2
1364,1641,3
1365,1549,2
1366,1551,2
1366,1646,3
1366,1717,4
1367,1549,2
1368,1549,2
1368,1645,3
1369,1464,1
1370,1645,3
1371,1557,2
1371,1648,3
1373,1559,2
1373,1648,3
1374,1468,1
1374,1650,3
1376,1969,7
1377,1566,2
1377,1651,3
1378,1472,1
1378,1651,3
1378,1971,7
1379,1474,1
1379,1568,2
1380,1475,1
1380,1565,2
1380,1653,3
1380,2196,10
1380,3836,37
1381,1478,1
1381,1566,2
1382,1728,4
1382,1969,7
1383,2120,9
1383,2420,13
1384,1481,1
1384,1730,4
1384,2123,9
1385,2350,12
1385,2828,19
1386,1654,3
1386,2279,11
1387,1482,1
1387,2126,9
1389,1485,1
1389,1808,5
1390,1576,2
1391,1488,1
1391,1896,6
1392,1978,7
1393,1578,2
1394,1811,5
1394,2948,21
1395,2645,16
1396,1902,6
1396,2840,19
1397,1744,4
1397,2139,9
1398,1905,6
1398,3030,22
1399,1743,4
1400,1661,3
1400,1986,7
1400,3309,27
1401,1820,5
1401,3310,27
1402,2297,11
1402,2844,19
1402,4000,40
1404,1498,1
1405,3198,25
1405,3582,32
1406,1590,2
1406,2580,15
1407,1664,3
1407,1750,4
1408,1824,5
1408,2441,13
1409,1665,3
1409,2220,10
1410,1502,1
1410,2068,8
1411,1503,1
1411,1826,5
1412,1502,1
1412,1994,7
1412,2071,8
1413,1993,7
1413,2774,18
1414,1670,3
1414,1912,6
1414,2225,10
1414,3141,24
1415,1996,7
1415,2150,9
1415,2304,11
1416,1670,3
1417,2377,12
1417,3095,23
1418,1511,1
1419,1598,2
1419,1997,7
1419,2227,10
1420,1673,3
1420,3045,22
1421,1599,2
1421,2782,18
1421,3158,24
1422,1764,4
1422,1833,5
1422,2314,11
1422,2738,17
1423,1831,5
1424,1519,1
1424,1932,6
1426,1520,1
1426,1521,1
1426,1608,2
1426,1609,2
1427,1521,1
1427,1522,1
1427,1608,2
1428,1522,1
1428,1523,1
1428,1608,2
1429,1771,4
1430,1611,2
1430,1687,3
1430,1845,5
1430,2326,11
1431,1685,3
1431,1846,5
1432,1615,2
1432,1853,5
1432,2256,10
1433,1686,3
1433,1773,4
1433,1850,5
1433,1855,5
1434,1525,1
1434,1939,6
1435,2543,14
1435,2687,16
1436,1531,1
1436,1532,1
1436,1690,3
1437,1692,3
1437,2473,13
1437,3349,27
1438,1529,1
1438,1534,1
1438,1619,2
1438,1622,2
1439,1533,1
1439,4186,43
1440,2999,21
1441,1534,1
1441,1536,1
1441,1696,3
1442,1623,2
1443,1623,2
1443,1697,3
1444,1537,1
1445,1537,1
1445,1538,1
1445,1628,2
1445,1700,3
1446,1631,2
1446,1787,4
1447,1630,2
1447,1701,3
1447,1702,3
1447,1868,5
1448,1703,3
1448,1870,5
1449,1633,2
1450,1541,1
1450,1633,2
1450,1703,3
1450,1954,6
1451,1541,1
1451,1542,1
1451,1634,2
1452,1542,1
1452,1635,2
1453,1543,1
1454,1544,1
1454,1636,2
1454,1707,3
1455,1544,1
1455,1792,4
1455,1876,5
1456,1545,1
1457,1547,1
1458,1546,1
1458,1641,2
1458,1712,3
1459,1548,1
1459,1642,2
1460,1641,2
1460,1644,2
1460,1715,3
1460,1718,3
1461,1717,3
1461,1881,5
1461,1960,6
1461,1961,6
1461,2038,7
1462,1642,2
1462,1797,4
1463,1552,1
1463,1647,2
1464,1554,1
1464,1556,1
1464,1645,2
1464,1718,3
1465,1964,6
1465,2271,10
1466,1648,2
1467,1966,6
1468,1649,2
1468,1799,4
1470,1723,3
1470,1800,4
1470,2043,7
1471,1564,1
1471,1968,6
1472,1803,4
1473,1561,1
1473,1726,3
1473,2419,12
1474,1652,2
1474,1727,3
1475,2486,13
1475,4688,53
1476,1569,1
1476,2122,8
1477,2195,9
1478,1973,6
1480,1568,1
1480,2199,9
1480,2277,10
1480,2488,13
1481,1730,3
1481,1731,3
1481,2423,12
1481,3240,25
1483,1732,3
1483,2203,9
1484,1733,3
1484,1978,6
1484,2490,13
1485,1573,1
1485,1980,6
1486,2889,19
1487,1577,1
1487,2055,7
1487,2134,8
1488,1810,4
1490,2365,11
1490,3426,28
1490,3622,32
1491,1584,1
1491,1659,2
1492,2504,13
1493,2505,13
1494,2140,8
1494,2296,10
1495,2140,8
1495,3092,22
1496,2141,8
1496,2214,9
1496,2367,11
1497,1819,4
1497,1988,6
1498,1746,3
1499,1748,3
1499,1821,4
1500,2651,15
1500,2898,19
1500,4358,46
1501,1991,6
1502,1592,1
1502,1752,3
1502,2071,7
1503,2069,7
1503,2070,7
1503,2443,12
1504,2847,18
1504,4561,50
1505,1756,3
1506,2514,13
1506,3257,25
1507,2513,13
1508,2150,8
1508,2304,10
1509,2151,8
1509,3316,26
1509,4935,58
1510,1595,1
1510,1597,1
1510,1760,3
1510,2226,9
1511,1671,2
1512,2153,8
1512,2378,11
1513,1761,3
1513,1918,5
1513,2308,10
1513,2669,15
1514,2232,9
1514,2452,12
1515,1605,1
1515,1676,2
1515,1834,4
1516,1830,4
1517,1607,1
1517,1765,3
1519,1932,5
1520,1608,1
1520,1682,2
1520,2246,9
1521,1608,1
1522,1608,1
1523,1608,1
1523,1610,1
1523,1770,3
1524,2472,12
1524,2810,17
1525,1613,1
1525,1774,3
1525,2097,7
1525,2467,12
1525,2473,12
1525,3121,22
1525,3661,32
1526,1611,1
1526,1775,3
1526,1940,5
1526,2101,7
1526,2622,14
1527,2543,13
1527,2745,16
1527,2931,19
1528,1687,2
1529,1617,1
1529,1619,1
1529,1688,2
1529,1689,2
1530,1619,1
1530,1620,1
1530,1777,3
1531,1620,1
1531,1690,2
1531,1777,3
1532,2020,6
1532,2102,7
1533,1694,2
1533,4382,46
1534,1622,1
1534,1696,2
1535,2332,10
1535,3290,25
1536,1696,2
1536,1697,2
1536,1784,3
1537,1625,1
1537,1626,1
1537,1627,1
1537,1628,1
1537,1697,2
1537,1699,2
1537,1700,2
1537,1786,3
1538,2028,6
1539,1632,1
1539,1702,2
1540,1703,2
1541,1704,2
1541,1789,3
1542,1705,2
1542,1706,2
1542,1790,3
1543,1635,1
1544,1637,1
1544,1708,2
1544,1791,3
1544,1876,4
1545,1640,1
1545,1878,4
1546,1639,1
1546,1877,4
1547,1642,1
1547,1713,2
1547,1795,3
1548,1642,1
1549,1645,1
1549,1718,2
1550,1797,3
1551,1882,4
1551,2039,6
1552,1719,2
1552,2040,6
1553,1884,4
1554,1718,2
1555,1646,1
1555,1885,4
1555,2118,7
1556,1645,1
1557,1721,2
1558,2041,6
1558,2887,18
1559,1721,2
1559,1889,4
1559,1966,5
1560,1889,4
1560,1970,5
1560,2042,6
1561,2273,9
1562,1801,3
1562,1967,5
1562,2120,7
1563,1969,5
1564,1652,1
1564,1804,3
1564,2274,9
1565,2196,8
1565,2825,17
1566,1725,2
1566,1973,5
1566,2123,7
1567,1726,2
1567,1890,4
1567,2124,7
1568,1727,2
1568,1806,3
1569,2044,6
1570,1654,1
1571,1655,1
1571,1734,2
1572,1735,2
1572,1893,4
1572,2048,6
1572,2763,16
1573,2126,7
1573,2204,8
1574,2051,6
1574,2203,8
1575,1737,2
1575,2054,6
1575,2564,13
1576,1978,5
1577,1894,4
1577,3361,26
1578,2132,7
1578,2133,7
1578,2357,10
1579,2207,8
1579,3247,24
1580,1899,4
1580,1900,4
1580,2205,8
1580,2360,10
1581,2502,12
1582,2573,13
1582,2837,17
1583,2062,6
1583,2843,17
1583,3893,36
1584,2364,10
1584,2503,12
1585,1745,2
1585,1904,4
1586,1905,4
1586,2292,9
1587,1818,3
1587,3369,26
1588,1747,2
1588,1821,3
1588,1907,4
1589,1988,5
1589,2370,10
1590,1750,2
1590,2299,9
1590,3033,20
1591,1752,2
1591,1991,5
1592,3037,20
1593,1755,2
1593,2147,7
1593,2655,14
1594,1758,2
1594,2073,6
1594,2444,11
1595,1760,2
1595,2226,8
1596,2076,6
1596,2226,8
1596,2447,11
1598,2517,12
1599,2078,6
1599,3700,32
1600,1762,2
1600,1763,2
1600,2082,6
1601,1830,3
1601,2083,6
1602,1830,3
1602,1831,3
1602,2672,14
1603,1677,1
1603,1998,5
1603,2794,16
1604,1675,1
1604,2316,9
1605,1765,2
1606,1836,3
1606,1841,3
1606,2243,8
1608,1678,1
1608,1679,1
1608,1680,1
1608,1681,1
1608,1682,1
1608,1766,2
1608,1768,2
1608,1769,2
1608,1844,3
1609,1683,1
1609,1847,3
1609,2246,8
1609,2472,11
1610,2010,5
1610,2324,9
1611,2093,6
1611,2254,8
1612,2403,10
1613,1848,3
1613,3717,32
1614,1685,1
1614,1687,1
1614,1936,4
1615,1772,2
1615,2020,5
1615,2102,6
1615,2872,17
1616,2402,10
1616,2621,13
1616,2809,16
1617,1688,1
1617,1689,1
1617,1776,2
1618,2808,16
1619,1777,2
1620,1777,2
1621,2997,19
1622,1688,1
1622,1696,1
1622,1783,2
1623,1697,1
1624,1948,4
1624,3004,19
1625,1697,1
1626,1697,1
1626,1785,2
1626,1950,4
1626,2027,5
1627,1699,1
1627,1700,1
1627,1867,3
1629,1701,1
1629,2028,5
1629,2753,15
1630,1701,1
1630,1869,3
1631,1869,3
1632,1788,2
1632,1870,3
1632,2180,7
1632,2551,12
1633,1703,1
1634,1705,1
1634,1789,2
1635,1706,1
1635,1707,1
1635,1790,2
1636,1708,1
1636,1790,2
1637,1791,2
1637,2036,5
1638,1958,4
1638,2343,9
1639,1712,1
1639,1879,3
1639,2189,7
1640,1711,1
1641,1794,2
1642,1716,1
1642,1797,2
1642,1884,3
1642,1962,4
1643,1713,1
1643,1795,2
1644,1718,1
1644,1796,2
1645,1718,1
1646,2039,5
1646,2270,8
1647,1720,1
1647,2040,5
1647,2119,6
1648,1721,1
1649,1723,1
1649,1887,3
1649,1965,4
1650,1799,2
1650,1968,4
1651,1725,1
1652,1891,3
1653,2828,16
1653,3302,24
1654,1976,4
1655,2202,7
1655,3020,19
1656,2764,15
1657,2131,6
1657,2709,14
1657,2835,16
1657,2946,18
1658,2058,5
1658,2356,9
1659,2364,9
1660,1743,1
1660,2290,8
1661,1817,2
1662,1906,3
1662,2960,18
1662,3897,35
1663,3687,31
1664,1822,2
1664,2217,7
1664,2509,11
1665,1751,1
1665,1823,2
1665,1824,2
1665,2144,6
1665,2654,13
1666,2373,9
1667,1757,1
1667,2969,18
1668,2444,10
1669,2224,7
1669,2513,11
1669,2721,14
1670,2225,7
1670,2304,8
1672,2905,17
1672,3146,21
1673,2449,10
1673,3696,31
1674,1919,3
1674,3396,25
1674,3707,31
1675,1834,2
1675,1920,3
1675,1998,4
1676,1763,1
1676,1834,2
1676,1921,3
1677,1764,1
1677,1923,3
1677,2677,13
1678,1767,1
1678,1769,1
1678,1837,2
1678,1844,2
1678,2006,4
1679,1766,1
1679,1768,1
1679,1842,2
1680,1766,1
1681,1766,1
1681,1840,2
1682,1768,1
1682,2092,5
1683,2246,7
1683,2869,16
1684,1845,2
1684,2008,4
1684,2535,11
1685,1936,3
1685,2007,4
1686,1773,1
1686,1850,2
1686,2806,15
1687,1845,2
1687,2008,4
1688,1776,1
1688,1782,1
1688,1860,2
1688,1862,2
1689,1777,1
1689,1852,2
1689,1938,3
1690,1777,1
1690,2102,5
1690,2259,7
1690,2930,17
1691,1778,1
1691,2931,17
1692,2473,10
1693,1857,2
1693,2103,5
1694,2544,11
1694,2749,14
1694,4185,40
1695,2475,10
1695,2999,18
1696,1862,2
1696,1863,2
1696,1946,3
1697,1785,1
1697,1864,2
1698,1865,2
1698,3518,27
1699,1786,1
1700,1867,2
1700,1951,3
1700,2028,4
1700,2110,5
1701,1787,1
1701,1868,2
1701,2029,4
1702,2180,6
1703,1870,2
1703,1871,2
1703,1952,3
1703,2032,4
1704,1872,2
1704,1954,3
1705,1790,1
1705,1872,2
1706,1790,1
1707,1790,1
1708,1791,1
1708,1873,2
1709,1878,2
1709,2188,6
1710,1793,1
1710,1877,2
1710,1958,3
1711,1878,2
1712,1794,1
1712,1959,3
1714,1881,2
1714,1960,3
1714,2190,6
1715,1794,1
1715,1796,1
1715,1959,3
1716,1795,1
1717,1882,2
1718,1796,1
1718,1883,2
1718,2038,4
1719,1797,1
1719,1963,3
1720,2119,5
1720,2193,6
1720,2272,7
1721,1886,2
1722,1885,2
1722,2041,4
1723,1799,1
1724,1969,3
1725,1971,3
1725,2348,8
1726,1892,2
1726,2275,7
1727,1891,2
1727,2277,7
1728,1802,1
1729,1974,3
1729,2047,4
1729,2195,6
1730,2348,8
1730,2421,9
1731,2705,13
1732,1976,3
1733,2279,7
1734,2889,16
1734,3020,18
1735,2052,4
1735,2424,9
1735,2425,9
1736,2049,4
1736,2127,5
1736,2284,7
1736,2491,10
1737,2050,4
1737,2767,14
1738,2130,5
1738,2355,8
1738,2428,9
1738,2495,10
1738,2711,13
1739,1813,1
1739,1983,3
1739,3028,18
1739,3133,20
1739,3941,35
1740,2136,5
1740,2210,6
1740,2501,10
1741,2714,13
1741,2771,14
1742,1812,1
1743,2504,10
1743,2574,11
1743,2716,13
1743,2773,14
1744,2505,10
1744,2956,17
1745,2506,10
1745,3370,24
1746,1907,2
1747,2298,7
1747,2438,9
1748,2142,5
1748,2438,9
1749,2300,7
1749,3945,35
1750,2217,6
1751,1823,1
1751,2371,8
1751,3203,21
1752,2068,4
1752,2145,5
1752,2720,13
1753,1826,1
1754,1993,3
1754,2221,6
1754,2374,8
1754,3795,32
1754,3947,35
1755,1910,2
1755,2655,12
1756,1828,1
1757,4846,53
1758,2073,4
1758,2303,7
1759,2515,10
1759,3948,35
1761,1916,2
1761,2229,6
1761,2307,7
1762,1917,2
1762,2231,6
1762,2383,8
1762,2667,12
1763,1921,2
1764,2677,12
1764,2790,14
1765,1834,1
1766,1838,1
1766,1839,1
1766,1840,1
1766,1843,1
1766,1925,2
1766,1927,2
1766,1928,2
1766,1931,2
1767,1837,1
1767,1933,2
1767,2169,5
1768,1842,1
1768,1930,2
1768,2092,4
1769,1840,1
1769,1929,2
1770,1844,1
1770,2324,7
1771,1846,1
1771,1934,2
1772,1849,1
1772,2256,6
1772,2684,12
1773,1855,1
1773,2253,6
1773,2466,9
1774,1939,2
1774,2748,13
1774,3452,25
1775,2254,6
1775,2686,12
1776,1851,1
1776,1852,1
1776,1856,1
1776,1859,1
1776,1937,2
1776,1941,2
1776,1943,2
1776,2096,4
1777,2014,3
1777,2015,3
1777,2016,3
1777,2099,4
1777,2100,4
1778,1855,1
1780,2475,9
1780,2997,17
1781,2875,15
1781,4434,44
1782,1860,1
1782,1944,2
1783,1862,1
1784,1863,1
1784,1864,1
1784,2025,3
1785,1864,1
1785,1866,1
1785,1949,2
1785,2109,4
1786,1867,1
1786,1950,2
1787,1869,1
1788,2552,10
1788,2695,12
1789,1872,1
1790,1873,1
1790,1955,2
1790,2035,3
1791,1874,1
1791,1956,2
1791,2035,3
1791,2036,3
1791,2113,4
1792,1876,1
1792,1957,2
1792,2114,4
1793,1878,1
1793,2188,5
1794,1959,2
1795,1962,2
1796,1959,2
1797,1884,1
1797,2117,4
1798,1966,2
1798,2273,6
1799,2043,3
1800,1890,1
1800,2043,3
1800,2274,6
1801,2120,4
1801,2122,4
1801,2420,8
1802,1969,2
1803,1971,2
1804,1891,1
1804,1972,2
1804,2349,7
1805,2120,4
1805,2197,5
1806,2277,6
1807,1892,1
1807,2124,4
1807,2278,6
1807,2562,10
1808,1980,2
1808,2129,4
1809,1895,1
1809,2056,3
1809,2287,6
1810,1896,1
1810,1981,2
1810,2356,7
1811,2429,8
1811,3364,23
1812,1984,2
1812,2059,3
1812,2137,4
1812,2433,8
1812,2572,10
1813,2208,5
1813,3028,17
1813,3784,31
1814,2432,8
1814,2771,13
1815,2290,6
1815,2364,7
1815,2772,13
1815,2841,14
1816,4301,41
1817,1986,2
1817,2064,3
1818,3790,31
1818,3841,32
1818,3896,33
1819,2298,6
1820,2296,6
1821,1907,1
1821,2438,8
1822,2441,8
1823,1990,2
1823,2371,7
1823,2653,11
1823,2845,14
1823,2963,16
1824,2218,5
1825,2067,3
1825,2372,7
1825,3140,19
1825,3481,25
1826,1992,2
1826,2069,3
1827,2375,7
1827,2582,10
1827,3689,29
1827,4459,44
1828,1910,1
1829,1996,2
1829,2305,6
1829,2656,11
1830,2159,4
1830,2672,11
1831,2084,3
1831,2385,7
1831,2918,15
1832,2452,8
1832,3652,28
1833,1922,1
1833,2314,6
1833,2455,8
1833,2790,13
1833,2861,14
1834,1921,1
1834,1924,1
1834,2158,4
1835,3601,27
1835,3814,31
1836,3111,18
1837,1926,1
1837,1929,1
1837,2001,2
1837,2089,3
1838,1927,1
1838,1928,1
1838,2000,2
1839,1925,1
1839,1928,1
1839,2000,2
1840,1925,1
1840,1929,1
1840,2005,2
1841,1932,1
1841,2243,5
1842,1930,1
1842,1931,1
1842,2003,2
1842,2091,3
1843,1931,1
1843,2004,2
1844,2170,4
1844,2249,5
1845,2008,2
1845,2326,6
1845,3115,18
1846,2007,2
1847,2541,9
1847,2869,14
1847,2929,15
1848,2325,6
1848,2467,8
1848,3717,29
1849,2248,5
1849,2470,8
1849,2872,14
1850,2103,3
1850,2685,11
1850,2809,13
1850,2870,14
1851,1937,1
1852,1938,1
1852,2173,4
1853,2012,2
1853,2542,9
1854,2257,5
1854,2808,13
1855,2931,15
1856,1937,1
1856,1941,1
1856,2011,2
1857,2873,14
1858,3718,29
1858,3982,34
1859,2105,3
1859,2625,10
1860,1943,1
1860,1944,1
1860,2023,2
1861,2022,2
1861,3664,28
1862,1944,1
1862,2107,3
1863,2107,3
1863,2263,5
1864,1949,1
1864,2025,2
1864,2108,3
1865,3004,16
1866,1949,1
1866,2026,2
1866,2334,6
1867,1950,1
1867,1951,1
1867,2629,10
1868,2180,4
1870,2031,2
1870,2552,9
1870,3007,16
1871,1953,1
1871,1954,1
1871,2032,2
1871,2408,7
1871,2697,11
1872,1955,1
1872,2034,2
1873,1956,1
1873,2035,2
1874,2113,3
1874,2184,4
1874,2267,5
1875,2036,2
1875,2185,4
1875,2635,10
1876,2036,2
1876,2187,4
1876,2414,7
1877,2115,3
1877,2189,4
1879,1959,1
1879,2037,2
1879,2343,6
1880,1960,1
1880,2190,4
1880,2415,7
1880,3015,16
1881,1961,1
1881,2190,4
1882,1960,1
1882,2560,9
1883,1959,1
1883,2038,2
1884,1962,1
1885,2118,3
1885,2347,6
1886,1966,1
1887,2193,4
1888,2887,14
1888,3777,30
1889,1966,1
1890,1972,1
1890,2045,2
1890,2198,4
1891,2199,4
1892,2124,3
1892,2827,13
1893,2942,15
1894,2055,2
1894,2766,12
1894,3022,16
1895,2128,3
1895,2427,7
1895,2494,8
1896,2129,3
1896,2569,9
1897,2133,3
1897,2286,5
1897,2358,6
1898,2132,3
1898,2357,6
1898,2645,10
1899,2207,4
1899,2836,13
1900,2714,11
1900,2892,14
1901,2138,3
1901,2432,7
1901,4148,37
1902,2061,2
1902,2211,4
1903,2434,7
1904,2434,7
1904,2506,8
1905,2575,9
1906,4605,46
1908,2300,5
1908,2580,9
1908,3032,16
1909,2068,2
1909,2146,3
1909,2373,6
1909,2964,15
1909,3036,16
1910,2070,2
1911,2901,14
1911,3379,22
1912,2721,11
1913,2586,9
1914,1997,1
1915,2078,2
1915,3045,16
1915,3549,25
1916,2079,2
1916,2229,4
1916,2664,10
1916,2727,11
1916,3159,18
1917,2157,3
1917,2231,4
1917,3052,16
1918,2307,5
1918,2732,11
1919,2730,11
1919,3651,27
1919,3756,29
1920,2081,2
1920,2158,3
1920,2233,4
1921,2082,2
1921,2158,3
1922,2160,3
1922,2733,11
1922,2737,11
1923,1998,1
1923,2600,9
1923,2790,12
1925,2000,1
1925,2087,2
1925,2167,3
1926,2001,1
1927,2004,1
1927,2088,2
1928,2000,1
1929,2089,2
1930,2090,2
1930,2534,8
1931,2091,2
1932,2464,7
1932,2679,10
1932,2681,10
1933,2006,1
1933,2245,4
1934,2007,1
1935,2097,2
1935,2249,4
1935,2540,8
1935,3121,17
1936,2008,1
1936,2250,4
1936,2327,5
1937,2011,1
1937,2094,2
1937,2096,2
1937,2172,3
1937,2252,4
1938,2014,1
1938,2173,3
1938,2255,4
1939,2104,2
1939,2748,11
1939,3661,27
1939,3865,31
1940,2104,2
1940,2686,10
1940,2748,11
1941,2011,1
1941,2017,1
1941,2098,2
1941,2476,7
1941,2545,8
1941,2625,9
1942,2020,1
1943,2105,2
1943,2177,3
1944,2024,1
1944,2106,2
1944,2107,2
1944,2177,3
1945,3290,20
1945,3664,27
1945,4994,54
1946,2107,2
1947,3411,22
1947,4187,37
1948,2691,10
1949,2108,2
1950,2027,1
1951,2110,2
1951,2549,8
1952,2031,1
1952,2032,1
1952,2336,5
1953,2033,1
1953,2181,3
1953,2754,11
1954,2034,1
1954,2337,5
1955,2035,1
1955,2111,2
1955,2182,3
1956,2035,1
1957,2343,5
1958,2115,2
1958,2188,3
1959,2037,1
1959,2038,1
1959,2116,2
1960,2269,4
1960,3184,18
1961,2268,4
1961,2416,6
1963,2040,1
1963,2117,2
1963,2271,4
1964,2192,3
1964,2271,4
1965,2193,3
1965,2272,4
1966,2042,1
1966,2419,6
1967,2418,6
1967,3777,29
1968,2043,1
1968,2274,4
1970,2121,2
1970,2195,3
1971,2421,6
1971,2888,13
1972,2274,4
1972,2276,4
1973,2123,2
1974,2047,1
1974,2195,3
1974,2760,11
1975,2761,11
1976,2203,3
1976,2279,4
1977,2201,3
1977,2352,5
1977,2642,9
1978,2051,1
1979,2052,1
1979,2425,6
1979,2493,7
1979,2707,10
1980,2204,3
1980,2427,6
1981,2356,5
1982,3026,15
1982,4298,39
1983,2431,6
1983,3783,29
1984,2137,2
1984,2361,5
1985,2503,7
1986,2435,6
1986,2649,9
1987,2366,5
1987,3942,32
1988,2298,4
1988,2578,8
1989,3897,31
1989,5328,61
1990,2653,9
1990,2845,12
1990,3584,25
1991,2219,3
1991,2442,6
1991,2720,10
1991,3432,22
1992,2220,3
1993,3094,16
1993,3795,29
1993,3899,31
1994,2071,1
1994,2072,1
1994,3205,18
1995,2222,3
1995,2655,9
1996,2377,5
1996,2516,7
1997,2587,8
1998,2233,3
1998,2671,9
1999,3162,17
1999,3814,29
2000,2086,1
2000,2087,1
2000,2088,1
2000,2163,2
2000,2164,2
2001,2085,1
2001,2168,2
2001,2169,2
2001,2237,3
2001,2463,6
2002,2462,6
2002,3601,25
2003,2090,1
2003,2091,1
2003,2165,2
2004,2091,1
2004,2166,2
2005,2089,1
2005,2167,2
2006,2170,2
2006,2680,9
2007,2250,3
2007,2681,9
2008,2327,4
2008,2613,8
2009,2323,4
2009,2466,6
2009,3407,21
2010,2403,5
2010,2540,7
2011,2094,1
2011,2098,1
2011,2171,2
2012,2256,3
2012,3172,17
2012,3347,20
2013,2257,3
2013,2402,5
2013,2618,8
2014,2099,1
2014,2255,3
2015,2099,1
2015,2100,1
2015,2329,4
2016,2100,1
2016,2259,3
2016,2469,6
2017,2098,1
2018,2101,1
2018,2622,8
2018,3718,27
2019,2098,1
2019,2474,6
2019,2545,7
2021,2999,14
2021,3982,32
2022,4186,36
2022,4383,40
2023,2177,2
2024,2106,1
2024,2262,3
2025,2263,3
2025,2750,10
2026,2108,1
2026,2334,4
2026,2628,8
2027,2109,1
2027,2629,8
2028,2405,5
2029,2180,2
2029,2335,4
2029,2753,10
2030,2180,2
2030,2406,5
2030,2551,7
2031,2696,9
2031,2817,11
2032,2181,2
2033,2407,5
2033,2696,9
2033,2881,12
2034,2111,1
2034,2337,4
2035,2112,1
2035,2113,1
2035,2183,2
2035,2266,3
2036,2267,3
2036,2414,5
2037,2116,1
2037,2268,3
2037,2482,6
2038,2116,1
2038,2191,2
2038,2268,3
2039,2417,5
2039,2560,7
2040,2192,2
2041,2347,4
2041,3883,30
2042,2121,1
2042,2419,5
2044,2122,1
2044,2420,5
2045,2124,1
2045,2198,2
2045,2487,6
2046,2888,12
2046,2942,13
2047,2125,1
2047,2638,8
2048,2351,4
2048,2425,5
2049,2280,3
2049,3993,32
2050,2352,4
2050,2492,6
2050,2708,9
2051,2490,6
2052,2283,3
2052,2832,11
2053,2127,1
2053,2284,3
2053,2567,7
2053,3024,14
2054,2128,1
2054,2494,6
2054,2767,10
2055,2134,1
2055,2712,9
2056,2356,4
2056,2427,5
2057,2499,6
2057,4202,36
2058,2287,3
2058,2356,4
2059,2361,4
2059,2952,13
2060,2210,2
2060,2289,3
2061,2139,1
2062,3135,16
2062,3193,17
2063,2290,3
2063,2433,5
2063,2503,6
2064,2212,2
2064,2649,8
2064,2957,13
2065,2293,3
2065,3737,27
2065,3841,29
2066,2214,2
2066,2367,4
2066,2650,8
2066,3792,28
2067,4006,32
2067,4797,48
2068,3034,14
2069,2220,2
2069,2301,3
2070,2655,8
2071,3037,14
2072,2445,5
2072,2902,12
2074,2515,6
2074,2583,7
2074,2656,8
2075,2903,12
2076,2152,1
2076,2378,4
2076,2848,11
2077,2379,4
2077,2517,6
2077,3909,30
2077,4310,38
2078,3754,27
2079,2155,1
2079,2660,8
2079,2725,9
2080,2230,2
2080,2307,3
2080,2664,8
2081,2598,7
2081,2599,7
2081,2788,10
2082,2158,1
2082,2383,4
2083,2159,1
2083,2667,8
2084,3396,20
2085,2162,1
2085,2237,2
2085,2238,2
2085,2318,3
2086,2163,1
2086,2235,2
2087,2164,1
2087,2240,2
2088,2166,1
2088,2236,2
2089,2167,1
2089,2237,2
2090,2244,2
2090,2530,6
2091,2241,2
2091,2320,3
2092,2246,2
2092,2534,6
2092,2608,7
2092,2740,9
2092,2801,10
2093,2326,3
2093,2804,10
2093,4035,32
2094,2171,1
2094,2172,1
2094,2322,3
2094,2397,4
2095,2248,2
2095,2470,5
2096,2173,1
2096,2400,4
2097,2747,9
2098,2171,1
2098,2174,1
2098,2175,1
2098,2258,2
2098,2328,3
2099,2329,3
2100,2329,3
2101,3823,28
2102,2872,11
2103,2873,11
2104,2544,6
2104,2622,7
2104,2623,7
2104,2748,9
2104,3925,30
2105,2176,1
2105,2261,2
2106,2177,1
2106,2548,6
2107,2262,2
2107,2333,3
2107,2478,5
2107,2815,10
2108,2750,9
2109,2334,3
2109,2693,8
2110,2179,1
2110,2405,4
2110,2880,11
2111,2182,1
2111,2265,2
2111,2338,3
2112,2266,2
2113,2183,1
2113,2184,1
2113,2339,3
2114,2187,1
2114,2343,3
2115,2343,3
2116,2191,1
2116,2268,2
2117,2271,2
2118,2270,2
2118,2824,10
2119,2192,1
2119,2272,2
2120,2197,1
2120,2418,4
2120,2420,4
2120,2637,7
2121,2195,1
2123,2348,3
2124,2487,5
2125,2200,1
2125,2351,3
2126,2564,6
2127,2280,2
2127,2643,7
2128,2427,4
2128,2564,6
2129,2427,4
2130,2285,2
2130,2711,8
2130,3130,15
2131,2428,4
2131,2495,5
2131,2710,8
2133,2496,5
2134,2286,2
2134,2498,5
2134,2834,10
2134,2950,12
2135,2209,1
2135,2288,2
2135,2430,4
2136,2647,7
2136,3189,16
2137,2364,3
2137,2772,9
2138,3534,22
2138,5098,54
2139,2211,1
2139,2648,7
2139,2956,12
2140,3310,18
2141,2897,11
2141,3195,16
2141,3370,19
2142,2369,3
2142,2439,4
2143,3313,18
2144,2218,1
2144,2963,12
2144,3093,14
2145,2720,8
2145,2846,10
2145,3034,13
2146,2899,11
2146,3035,13
2147,2303,2
2147,2444,4
2148,2445,4
2148,2902,11
2149,2514,5
2149,5478,63
2150,2377,3
2151,5549,65
2152,2447,4
2152,2775,9
2153,2379,3
2153,2904,11
2153,3801,27
2154,2228,1
2154,2380,3
2154,2519,5
2154,2590,6
2155,2519,5
2155,2724,8
2155,3154,15
2156,2230,1
2156,2382,3
2156,2664,7
2156,2726,8
2157,2521,5
2157,2981,12
2157,3330,18
2158,2599,6
2158,2914,11
2159,2594,6
2159,3055,13
2160,2529,5
2160,2733,8
2161,3222,16
2161,3652,24
2162,2234,1
2162,2238,1
2162,2310,2
2162,2387,3
2163,2235,1
2163,2236,1
2163,2313,2
2164,2235,1
2164,2315,2
2165,2320,2
2165,2392,3
2165,2530,5
2166,2241,1
2166,2317,2
2167,2240,1
2167,2315,2
2168,2242,1
2168,2318,2
2169,2245,1
2169,2463,4
2170,2247,1
2170,2995,12
2171,2251,1
2171,2322,2
2171,2328,2
2171,2399,3
2172,2252,1
2172,2614,6
2173,2255,1
2173,2536,5
2173,2616,6
2174,2258,1
2174,2401,3
2175,2260,1
2175,2330,2
2175,2474,4
2176,2331,2
2176,2625,6
2176,2812,9
2176,2814,9
2176,2876,10
2177,2261,1
2177,2547,5
2177,2548,5
2177,2626,6
2178,2627,6
2178,4434,39
2179,2549,5
2179,2694,7
2179,2935,11
2180,2550,5
2181,2336,2
2181,2407,3
2182,2266,1
2182,2479,4
2183,2266,1
2183,2339,2
2184,2341,2
2184,2410,3
2184,2411,3
2184,2480,4
2184,2556,5
2185,2267,1
2185,2413,3
2186,2344,2
2186,2481,4
2186,2635,6
2186,2702,7
2187,2344,2
2187,2482,4
2189,2343,2
2190,2416,3
2190,2484,4
2190,2559,5
2191,2268,1
2192,2271,1
2192,2272,1
2194,2418,3
2194,2637,6
2194,2940,11
2195,2275,1
2195,2419,3
2195,2760,8
2196,2561,5
2196,3018,12
2196,3302,17
2196,3468,20
2197,2637,6
2197,2759,8
2197,2761,8
2197,2826,9
2197,3779,26
2198,2276,1
2198,2639,6
2199,2277,1
2199,2349,2
2200,2489,4
2200,2638,6
2200,2706,7
2201,2488,4
2201,3083,13
2202,2705,7
2202,3675,24
2203,2490,4
2204,2427,3
2204,2564,5
2205,2360,2
2205,2571,5
2205,2892,10
2206,2287,1
2206,2359,2
2206,2502,4
2207,3365,18
2207,3573,22
2208,2362,2
2208,3191,15
2208,3784,26
2209,2363,2
2209,2893,10
2210,2502,4
2210,2646,6
2211,2648,6
2211,2840,9
2212,3030,12
2212,5663,67
2213,2294,1
2213,2507,4
2213,2577,5
2213,2958,11
2214,2366,2
2214,3371,18
2215,2367,2
2215,3312,17
2215,3792,26
2215,3843,27
2216,2508,4
2216,2580,5
2216,3032,12
2216,3373,18
2217,2440,3
2217,3033,12
2218,2441,3
2218,3429,19
2219,3202,15
2219,3376,18
2220,2654,6
2221,3482,20
2221,3947,29
2222,2373,2
2222,2655,6
2223,4516,40
2224,2512,4
2224,3378,18
2224,3379,18
2225,2376,2
2225,3900,28
2226,2447,3
2227,2517,4
2227,2587,5
2227,4219,34
2228,2519,4
2228,2724,7
2228,2976,11
2229,2308,1
2229,3159,14
2229,3329,17
2229,3503,20
2230,2666,6
2230,2913,10
2231,2981,11
2232,2784,8
2232,4025,30
2233,2598,5
2233,2671,6
2234,2310,1
2234,2526,4
2235,2312,1
2235,2386,2
2235,2387,2
2236,2313,1
2236,2317,1
2236,2389,2
2236,2456,3
2237,2315,1
2237,2387,2
2238,2318,1
2238,2388,2
2238,2459,3
2239,2319,1
2239,2390,2
2239,2391,2
2239,2460,3
2239,2607,5
2239,2737,7
2240,2315,1
2241,2320,1
2241,2393,2
2242,2459,3
2242,2463,3
2242,2796,8
2243,2679,6
2243,2797,8
2243,3111,13
2243,3164,14
2244,2530,4
2244,2534,4
2244,2608,5
2245,2680,6
2245,2990,11
2246,2321,1
2246,2801,8
2247,2680,6
2247,3171,14
2247,3450,19
2248,2398,2
2248,2539,4
2248,2684,6
2248,2743,7
2248,3167,14
2248,3173,14
2249,2324,1
2249,2995,11
2250,2327,1
2250,2396,2
2251,2322,1
2251,2399,2
2252,2400,2
2252,2742,7
2253,2466,3
2253,2806,8
2254,2804,8
2254,3453,19
2255,2329,1
2255,2537,4
2255,2616,5
2256,3658,23
2257,3344,17
2257,3980,29
2258,2330,1
2258,2468,3
2259,2930,10
2259,3173,14
2260,2330,1
2260,2620,5
2260,3409,18
2261,2626,5
2261,2876,9
2262,2548,4
2262,2933,10
2263,2815,8
2263,3459,19
2264,2334,1
2264,2628,5
2264,2751,7
2264,2879,9
2265,2337,1
2265,2479,3
2265,2553,4
2266,2339,1
2266,2409,2
2267,2341,1
2267,2342,1
2267,2412,2
2267,2557,4
2267,2633,5
2268,2346,1
2268,2416,2
2268,2483,3
2268,2558,4
2269,2560,4
2270,2417,2
2270,3016,11
2273,2419,2
2275,2419,2
2275,2827,8
2276,2349,1
2276,2762,7
2278,2487,3
2278,2489,3
2278,2563,4
2279,2490,3
2280,2640,5
2280,3417,18
2281,2641,5
2281,2765,7
2281,2830,8
2281,2831,8
2282,2352,1
2282,2492,3
2282,2642,5
2283,2424,2
2283,2643,5
2283,3023,11
2284,2766,7
2284,2947,10
2285,2495,3
2285,2644,5
2285,2710,6
2286,2497,3
2286,2949,10
2287,2356,1
2287,2359,1
2287,2494,3
2287,3025,11
2288,2431,2
2288,2953,10
2289,2502,3
2290,2433,2
2290,2773,7
2290,3134,13
2291,2504,3
2291,2505,3
2291,2842,8
2292,2575,4
2292,4247,34
2293,3369,17
2294,2718,6
2294,3625,22
2294,5061,51
2295,2507,3
2295,2577,4
2295,3196,14
2296,3310,16
2297,3198,14
2298,2369,1
2299,2579,4
2299,2580,4
2299,3373,17
2300,3374,17
2300,3684,23
2301,2443,2
2301,2654,5
2301,2899,9
2302,2512,3
2302,2900,9
2302,2968,10
2302,3378,17
2303,2444,2
2304,2376,1
2304,2516,3
2304,4705,43
2305,2377,1
2305,3095,12
2306,3486,19
2306,3798,25
2307,2597,4
2307,2664,5
2307,2666,5
2308,2451,2
2308,3503,19
2309,2385,1
2309,2729,6
2309,2915,9
2309,3275,15
2310,2384,1
2310,2388,1
2310,2450,2
2310,2454,2
2311,2451,2
2311,2733,6
2311,2917,9
2312,2386,1
2312,2453,2
2313,2386,1
2313,2456,2
2314,2391,1
2314,2737,6
2315,2387,1
2316,2605,4
2316,3111,12
2317,2393,1
2317,2458,2
2318,2459,2
2319,2739,6
2319,3059,11
2320,2461,2
2321,2611,4
2321,2869,8
2321,3169,13
2322,2397,1
2322,2465,2
2322,2612,4
2322,2868,8
2323,2803,7
2323,3119,12
2323,3404,17
2324,2540,3
2325,3171,13
2325,3450,18
2325,4131,31
2326,3711,23
2327,2396,1
2328,2401,1
2328,2465,2
2329,2469,2
2329,2538,3
2329,2615,4
2329,2617,4
2329,2683,5
2330,2619,4
2330,2620,4
2330,2807,7
2331,2404,1
2331,2688,5
2331,3001,10
2332,3458,18
2332,3518,19
2333,2478,2
2333,3769,24
2334,2816,7
2334,2879,8
2335,2550,3
2335,3006,10
2335,3520,19
2336,2696,5
2337,2408,1
2338,2479,2
2339,2410,1
2339,2630,4
2340,2480,2
2340,2554,3
2340,2556,3
2340,2631,4
2341,2633,4
2342,2412,1
2342,2413,1
2342,2885,8
2343,2482,2
2344,2414,1
2344,2558,3
2345,2415,1
2345,2758,6
2345,3015,10
2345,3127,12
2346,2416,1
2347,2824,7
2347,4245,33
2348,2421,1
2349,2488,2
2350,2764,6
2350,3733,23
2351,2706,5
2351,2829,7
2353,2764,6
2353,4052,29
2353,4294,34
2354,2567,3
2354,2768,6
2354,3024,10
2355,2713,5
2355,3304,15
2356,2569,3
2357,2496,2
2357,2572,3
2358,2496,2
2358,2949,9
2358,3248,14
2359,2891,8
2360,2836,7
2360,3246,14
2361,2772,6
2361,3027,10
2361,3248,14
2361,3252,14
2362,2839,7
2362,3249,14
2362,3366,16
2363,2500,2
2363,2894,8
2364,2433,1
2364,2503,2
2365,4054,29
2366,3627,21
2367,3195,13
2368,2437,1
2368,3136,12
2368,3196,13
2368,4456,37
2369,2438,1
2369,2578,3
2370,2578,3
2371,3035,10
2371,3377,16
2372,4561,39
2373,2966,9
2374,3740,23
2374,4458,37
2374,4562,39
2375,3204,13
2376,3540,19
2377,3142,12
2378,2904,8
2379,3905,26
2380,2448,1
2380,2779,6
2380,2907,8
2381,2723,5
2381,3048,10
2381,3328,15
2381,3810,24
2382,2662,4
2382,2726,5
2382,2853,7
2382,2913,8
2383,2914,8
2383,3052,10
2384,2450,1
2384,2523,2
2384,2596,3
2385,2672,4
2385,2915,8
2385,3055,10
2385,3756,23
2386,2456,1
2386,2595,3
2387,2453,1
2387,2526,2
2388,2457,1
2388,2527,2
2388,2528,2
2389,2458,1
2389,2674,4
2390,2460,1
2390,2529,2
2390,2793,6
2391,2738,5
2391,3059,10
2392,2461,1
2392,2530,2
2393,2461,1
2393,2531,2
2394,2530,2
2394,2608,3
2394,2864,7
2394,2920,8
2395,2533,2
2395,2607,3
2395,2796,6
2396,2464,1
2396,2613,3
2396,2681,4
2396,2799,6
2397,2614,3
2397,3064,10
2398,2615,3
2398,3761,23
2399,2465,1
2400,2536,2
2400,2742,5
2401,2468,1
2401,2682,4
2402,2994,9
2402,3229,13
2403,2747,5
2404,2546,2
2404,2811,6
2404,3001,9
2405,2753,5
2405,2880,7
2406,2550,2
2406,3727,22
2406,3773,23
2407,2696,4
2408,2553,2
2408,2697,4
2409,2479,1
2409,2630,3
2410,2480,1
2410,2555,2
2410,2630,3
2411,2633,3
2411,2820,6
2412,2634,3
2412,3014,9
2413,2481,1
2413,2635,3
2414,2635,3
2415,2484,1
2415,2758,5
2416,2483,1
2416,2559,2
2417,2703,4
2417,4198,31
2418,3300,14
2421,2888,7
2421,3240,13
2422,2761,5
2422,3779,23
2423,2705,4
2423,3993,27
2424,2763,5
2424,3417,16
2425,2829,6
2426,2493,1
2426,2568,2
2426,2707,4
2426,3528,18
2427,2569,2
2428,2835,6
2428,3530,18
2429,3889,25
2429,4692,41
2430,2893,7
2430,2953,8
2430,3529,18
2431,3572,19
2432,3251,13
2432,3786,23
2435,3309,14
2435,3683,21
2435,3788,23
2436,2577,2
2436,3309,14
2437,2961,8
2437,3138,11
2439,2578,2
2440,2509,1
2440,3375,15
2440,4003,27
2441,2509,1
2442,3201,12
2443,2655,3
2443,3036,9
2444,2655,3
2446,3948,26
2446,4516,37
2448,2588,2
2448,2590,2
2448,2657,3
2448,2851,6
2448,2907,7
2448,2974,8
2448,3042,9
2449,2777,5
2449,4945,46
2450,2523,1
2450,2526,1
2450,2593,2
2450,2728,4
2451,2669,3
2451,3650,20
2452,4025,27
2452,4080,28
2453,2525,1
2453,2595,2
2453,2602,2
2454,2527,1
2454,2596,2
2454,2670,3
2455,2734,4
2455,2861,6
2455,3395,15
2456,2524,1
2456,2595,2
2456,2601,2
2456,2668,3
2456,2674,3
2457,2527,1
2457,2603,2
2457,2666,3
2458,2531,1
2458,2604,2
2459,2528,1
2459,2607,2
2460,2528,1
2460,2607,2
2460,2862,6
2461,2673,3
2462,2532,1
2463,2678,3
2463,2990,8
2464,2679,3
2464,2799,5
2465,2610,2
2465,2612,2
2465,2682,3
2465,2800,5
2465,2867,6
2466,2745,4
2466,2931,7
2466,3119,10
2466,3228,12
2466,3510,17
2467,3452,16
2467,4131,29
2468,2619,2
2468,2927,7
2469,2539,1
2469,3173,11
2470,2930,7
2470,3173,11
2471,2543,1
2471,2745,4
2471,2746,4
2471,3716,21
2472,2541,1
2472,2810,5
2473,3661,20
2474,3068,9
2474,3409,15
2475,3176,11
2475,3823,23
2475,4735,41
2476,2812,5
2476,3068,9
2477,3411,15
2477,5929,71
2478,2933,7
2478,3825,23
2479,2553,1
2479,2699,3
2480,2630,2
2481,2823,5
2481,2885,6
2482,2558,1
2483,2559,1
2483,2636,2
2483,2702,3
2483,2823,5
2484,2559,1
2484,2758,4
2485,2560,1
2485,3523,17
2485,3612,19
2485,3991,26
2486,3301,13
2486,3360,14
2487,2639,2
2487,2641,2
2487,3083,9
2488,2762,4
2489,2562,1
2489,2943,7
2491,2766,4
2491,3022,8
2491,3993,26
2492,2945,7
2492,3187,11
2493,2769,4
2493,2832,5
2494,3025,8
2496,2952,7
2497,2949,7
2497,2950,7
2497,3091,9
2498,2950,7
2498,2951,7
2498,3249,12
2499,4557,37
2499,5731,65
2500,2893,6
2500,3306,13
2500,3423,15
2501,2646,2
2501,3189,11
2501,3476,16
2502,2646,2
2502,2891,6
2504,3428,15
2505,3029,8
2506,3842,23
2507,2718,3
2507,3999,26
2508,3254,12
2508,3579,18
2508,3791,22
2509,3429,15
2510,2581,1
2510,3631,19
2510,4250,31
2511,3315,13
2511,3632,19
2512,3204,11
2512,3690,20
2513,3379,14
2514,4975,46
2515,3585,18
2515,3634,19
2516,2656,2
2516,3796,22
2517,4158,29
2518,2723,3
2518,3150,10
2518,3328,13
2518,3498,16
2519,2779,4
2519,2852,5
2519,3154,10
2520,2591,1
2520,2662,2
2520,2853,5
2520,2910,6
2521,2661,2
2521,3050,8
2521,3442,15
2522,2729,3
2522,3051,8
2522,3702,20
2522,4375,33
2523,2593,1
2523,2786,4
2524,2595,1
2524,2668,2
2525,2665,2
2526,2602,1
2527,2731,3
2528,2603,1
2528,2607,1
2528,2675,2
2529,2737,3
2529,2793,4
2530,2606,1
2530,2673,2
2530,2676,2
2530,2736,3
2531,2673,2
2532,2988,7
2532,3601,18
2533,2678,2
2533,2865,5
2534,2608,1
2535,2613,1
2535,3115,9
2536,2616,1
2536,2992,7
2537,2616,1
2537,2617,1
2537,2928,6
2538,2615,1
2538,2683,2
2538,3065,8
2539,2615,1
2540,2747,3
2541,2746,3
2541,3660,19
2542,2808,4
2542,3347,13
2543,3454,15
2544,2623,1
2544,3925,24
2545,3068,8
2546,2689,2
2546,2998,7
2546,3123,9
2547,2626,1
2548,2690,2
2548,3666,19
2548,3985,25
2549,2629,1
2550,3931,24
2551,2695,2
2551,3727,20
2552,3007,7
2552,3353,13
2553,2698,2
2553,2754,3
2553,3011,7
2554,2630,1
2554,2819,4
2555,2630,1
2556,2820,4
2556,2937,6
2557,2632,1
2557,2633,1
2557,2634,1
2557,2701,2
2557,2820,4
2558,2702,2
2559,2636,1
2560,2703,2
2560,3184,10
2561,2825,4
2561,2941,6
2561,4495,35
2562,2638,1
2562,2827,4
2563,2641,1
2563,2830,4
2563,2943,6
2565,3086,8
2565,3242,11
2565,4295,31
2565,4501,35
2566,2644,1
2566,2710,2
2566,3084,8
2566,3243,11
2567,2643,1
2567,3023,7
2568,2833,4
2568,2944,6
2568,3362,13
2570,2709,2
2570,3363,13
2570,4504,35
2571,2770,3
2571,3089,8
2571,3246,11
2572,2645,1
2572,2952,6
2573,3479,15
2573,5473,57
2574,2773,3
2574,3576,17
2575,3030,7
2575,3892,23
2576,2717,2
2576,2959,6
2576,4509,35
2577,3309,12
2579,3033,7
2579,3199,10
2579,3943,24
2581,3482,15
2581,3688,19
2581,5774,65
2581,5881,68
2582,3204,10
2582,3845,22
2582,4059,26
2583,3095,8
2584,3691,19
2585,2903,5
2586,3206,10
2586,3797,21
2587,2905,5
2588,2851,4
2588,2906,5
2589,2658,1
2589,2778,3
2589,3150,9
2589,3498,15
2590,2976,6
2590,3272,11
2591,2909,5
2591,2977,6
2591,3101,8
2591,3103,8
2592,2664,1
2592,2726,2
2592,2727,2
2592,2980,6
2593,2663,1
2593,2728,2
2593,2781,3
2593,2912,5
2593,2982,6
2594,2667,1
2594,3275,11
2594,3332,12
2595,2665,1
2595,2668,1
2595,2785,3
2596,2731,2
2596,2786,3
2597,2666,1
2597,2732,2
2598,3053,7
2598,3160,9
2599,2858,4
2600,2671,1
2600,2734,2
2600,3553,16
2601,2668,1
2601,2735,2
2601,2789,3
2602,2665,1
2602,2728,2
2603,2666,1
2603,2987,6
2604,2673,1
2604,2674,1
2604,2735,2
2605,2794,3
2605,3398,13
2606,2863,4
2606,2920,5
2607,2739,2
2607,2796,3
2607,2865,4
2607,2921,5
2608,2923,5
2608,3507,15
2609,2679,1
2609,2797,3
2609,2799,3
2609,2866,4
2609,2922,5
2609,3165,9
2610,2800,3
2610,2924,5
2610,3060,7
2611,2801,3
2611,3169,9
2611,3279,11
2611,3401,13
2611,4378,32
2612,2868,4
2612,3227,10
2613,2799,3
2614,2742,2
2614,3342,12
2615,2802,3
2616,2993,6
2616,3117,8
2617,2683,1
2617,2928,5
2618,2994,6
2618,3344,12
2619,2807,3
2619,3120,8
2620,2871,4
2620,2932,5
2620,3066,7
2620,3232,10
2621,2873,4
2622,4183,28
2623,3865,22
2623,4185,28
2624,3288,11
2624,3455,14
2624,5422,55
2625,2812,3
2626,2690,1
2626,3002,6
2626,3235,10
2627,5929,69
2628,2750,2
2628,3124,8
2629,2693,1
2629,2694,1
2629,2934,5
2630,2699,1
2630,2700,1
2630,2883,4
2630,3011,6
2631,2757,2
2631,2819,3
2631,2937,5
2632,2701,1
2632,2821,3
2632,3012,6
2634,2822,3
2634,2938,5
2636,2758,2
2636,2823,3
2637,2826,3
2637,3017,6
2637,3081,7
2638,2760,2
2639,2762,2
2639,3083,7
2640,3240,10
2640,3525,15
2641,3128,8
2642,2831,3
2642,2945,5
2642,3083,7
2643,3417,13
2644,3130,8
2644,3469,14
2646,3025,6
2646,3188,9
2647,2894,4
2647,3838,21
2648,3029,6
2648,3307,11
2649,3253,10
2649,3683,18
2650,3255,10
2650,3371,12
2650,3535,15
2651,4249,29
2651,5328,52
2652,2845,3
2652,2962,5
2652,3584,16
2652,4887,42
2653,2963,5
2653,3139,8
2654,3203,9
2655,2966,5
2656,3095,7
2656,3539,15
2656,3585,16
2657,2722,1
2657,2906,4
2657,3042,6
2658,2850,3
2658,3213,9
2658,3267,10
2659,2726,1
2659,2853,3
2659,2911,4
2659,2980,5
2660,2724,1
2660,2727,1
2660,2980,5
2661,2723,1
2661,3273,10
2661,3441,13
2662,2913,4
2662,3103,7
2663,2728,1
2663,2855,3
2663,2912,4
2664,2727,1
2665,2728,1
2665,2856,3
2666,2731,1
2666,2787,2
2666,2917,4
2667,2981,5
2668,2785,2
2668,2860,3
2669,2732,1
2669,2917,4
2670,2731,1
2671,3160,8
2672,3055,6
2673,2792,2
2673,3221,9
2674,2735,1
2675,2862,3
2675,2987,5
2676,2791,2
2676,2863,3
2677,2738,1
2677,2794,2
2677,3163,8
2677,3337,11
2678,2796,2
2678,2865,3
2678,3062,6
2680,3280,10
2682,2867,3
2682,2927,4
2683,2928,4
2684,3658,17
2684,3820,20
2685,2744,1
2685,3229,9
2686,2748,1
2686,3453,13
2687,3454,13
2688,2811,2
2688,2812,2
2688,3068,6
2689,2813,2
2689,2874,3
2689,3177,8
2690,3003,5
2690,4636,36
2691,3004,5
2692,2877,3
2692,3517,14
2693,2816,2
2694,2752,1
2694,3460,13
2695,3353,11
2695,3727,18
2696,2817,2
2696,3008,5
2696,3009,5
2696,3074,6
2696,3295,10
2697,2754,1
2698,2754,1
2698,2818,2
2698,2883,3
2699,3011,5
2700,2755,1
2700,2819,2
2701,2938,4
2701,3013,5
2702,2823,2
2703,3612,16
2704,3360,11
2704,3779,19
2705,4347,30
2706,2943,4
2706,3241,9
2707,2829,2
2707,2944,4
2708,2767,1
2708,3088,6
2708,3187,8
2709,3243,9
2709,3472,13
2709,3780,19
2709,4297,29
2710,2946,4
2711,3304,10
2711,3676,17
2712,2766,1
2712,2834,2
2712,2947,4
2713,2948,4
2713,3887,21
2714,3574,15
2715,3477,13
2715,3891,21
2715,4557,34
2716,3308,10
2716,3428,12
2716,3576,15
2717,2896,3
2717,4795,39
2718,4056,24
2718,4109,25
2719,3375,11
2719,3686,17
2719,3793,19
2719,4003,23
2720,3376,11
2721,3141,7
2721,3378,11
2722,2971,4
2722,3097,6
2722,3437,12
2723,3048,5
2723,3102,6
2723,3328,10
2723,4015,23
2723,4070,24
2723,4473,32
2723,4618,35
2724,3156,7
2725,3154,7
2725,3159,7
2725,3440,12
2728,2781,1
2728,2856,2
2728,2909,3
2729,2783,1
2729,3968,22
2730,3334,10
2730,3443,12
2730,3706,17
2731,2787,1
2731,2857,2
2732,2917,3
2733,2793,1
2733,2861,2
2733,3054,5
2733,3057,5
2733,3650,16
2734,2790,1
2734,3505,13
2735,2859,2
2735,2916,3
2735,3221,8
2736,2791,1
2736,2792,1
2736,2919,3
2738,3110,6
2739,3110,6
2739,3277,9
2740,2801,1
2740,2923,3
2740,3279,9
2741,3114,6
2741,3119,6
2741,3404,11
2741,3510,13
2742,2992,4
2742,3282,9
2742,3402,11
2743,3284,9
2743,3820,19
2744,2870,2
2744,3170,7
2744,3346,10
2745,3407,11
2746,2929,3
2746,3454,12
2748,3764,18
2749,3718,17
2749,3925,21
2750,3459,12
2751,3124,6
2751,3667,16
2751,3826,19
2752,2935,3
2752,3005,4
2752,3929,21
2753,3006,4
2754,2881,2
2755,2818,1
2755,2882,2
2755,2883,2
2756,2819,1
2756,3010,4
2756,3297,9
2757,2884,2
2757,3076,5
2757,3180,7
2758,2886,2
2758,2939,3
2758,3014,4
2758,3182,7
2759,3360,10
2759,3467,12
2759,3779,18
2760,2827,1
2762,3083,5
2763,2942,3
2763,3525,13
2764,4600,34
2765,2890,2
2765,3085,5
2765,3527,13
2767,3025,4
2768,3023,4
2768,3087,5
2768,3245,8
2769,3087,5
2769,3528,13
2770,2892,2
2770,3473,12
2770,3681,16
2771,3251,8
2771,3574,14
2772,2841,1
2772,3252,8
2772,3425,11
2773,3134,6
2774,3899,20
2774,4516,32
2775,2848,1
2775,3487,12
2776,2849,1
2776,2906,2
2776,3040,4
2776,3144,6
2776,3215,7
2777,3146,6
2777,5150,46
2778,2850,1
2778,2908,2
2778,2972,3
2778,4419,30
2778,4768,37
2779,2973,3
2779,3151,6
2780,2909,2
2780,3101,5
2780,3271,8
2781,2854,1
2781,2855,1
2781,2909,2
2782,3158,6
2782,3274,8
2782,4075,23
2783,2915,2
2783,3702,16
2783,4274,27
2784,3274,8
2784,4275,27
2785,2856,1
2785,3049,4
2786,2857,1
2786,2982,3
2787,2857,1
2787,2913,2
2788,2858,1
2788,3053,4
2788,3550,13
2789,2859,1
2789,2860,1
2789,2984,3
2791,2986,3
2791,3108,5
2792,3056,4
2793,2862,1
2794,3555,13
2795,2864,1
2795,2920,2
2795,3109,5
2795,3223,7
2797,2866,1
2797,3164,6
2798,2865,1
2798,2925,2
2798,3556,13
2799,3115,5
2799,3165,6
2800,3227,7
2800,3448,11
2802,2926,2
2802,3065,4
2802,3604,14
2802,3761,17
2803,3168,6
2803,3407,10
2803,4130,24
2804,3343,9
2804,4181,25
2805,3172,6
2805,3347,9
2805,3560,13
2805,4087,23
2806,2870,1
2806,3228,7
2807,3066,4
2807,3345,9
2808,3980,21
2809,2873,1
2809,3229,7
2810,3660,15
2811,2998,3
2811,3122,5
2813,3000,3
2813,3070,4
2813,3175,6
2813,3177,6
2814,2876,1
2814,3001,3
2814,3351,9
2815,3724,16
2815,3769,17
2816,2879,1
2816,2934,2
2817,3007,3
2817,3610,14
2818,2881,1
2818,2936,2
2819,2882,1
2819,3076,4
2820,3012,3
2821,3013,3
2821,3078,4
2821,3181,6
2822,3014,3
2823,2885,1
2823,2939,2
2824,3016,3
2824,4552,32
2825,3836,18
2825,5057,43
2826,3467,11
2828,3733,16
2828,4879,39
2829,3241,7
2830,3085,4
2830,3418,10
2831,2890,1
2831,3128,5
2832,3023,3
2832,3087,4
2833,3186,6
2833,3471,11
2833,3677,15
2834,2951,2
2834,3420,10
2835,4297,27
2835,4882,39
2836,3365,9
2836,3890,19
2837,3530,12
2837,5473,53
2838,3479,11
2838,3839,18
2838,5475,53
2839,3190,6
2839,3191,6
2839,3621,14
2840,3307,8
2841,3134,5
2841,3308,8
2842,2955,2
2842,3029,3
2842,3133,5
2842,3428,10
2843,3193,6
2843,3840,18
2843,4105,23
2844,3197,6
2844,3198,6
2844,3944,20
2845,3377,9
2845,3431,10
2845,3536,12
2846,3376,9
2846,3377,9
2846,4251,26
2847,3689,15
2847,4890,39
2848,2904,1
2848,3208,6
2849,3041,3
2849,3098,4
2849,3387,9
2850,2972,2
2850,3265,7
2851,2974,2
2851,3149,5
2852,3151,5
2852,3154,5
2852,3218,6
2853,2978,2
2854,2909,1
2855,3157,5
2856,2909,1
2856,2979,2
2856,3049,3
2857,2982,2
2858,2914,1
2858,2983,2
2859,2916,1
2859,2984,2
2860,3049,3
2861,3551,12
2862,3057,3
2863,3108,4
2863,3397,9
2864,3399,9
2864,3507,11
2865,2921,1
2865,3509,11
2866,2922,1
2866,3709,15
2867,2924,1
2867,3166,5
2868,3064,3
2868,3557,12
2869,3451,10
2870,3512,11
2871,2932,1
2871,3408,9
2871,3659,14
2872,2930,1
2874,2998,2
2874,3175,5
2874,3410,9
2875,4634,33
2875,5168,45
2876,3002,2
2877,4329,27
2878,3124,4
2878,3724,15
2878,3826,17
2878,3986,20
2879,3564,12
2879,3667,14
2879,3870,18
2880,2935,1
2880,3006,2
2881,2936,1
2881,3295,7
2882,2936,1
2882,3010,2
2883,3011,2
2884,3077,3
2884,3238,6
2884,3567,12
2885,3014,2
2886,3080,3
2886,3127,4
2886,3465,10
2887,3883,18
2887,4837,37
2888,3674,14
2889,3470,10
2890,2945,1
2890,3131,4
2891,3025,2
2892,3574,12
2893,3837,17
2894,3306,7
2894,3996,20
2895,2955,1
2895,3308,7
2895,3428,9
2895,3997,20
2896,3626,13
2896,5620,56
2897,3580,12
2897,3842,17
2897,3895,18
2898,4249,25
2898,4357,27
2898,4704,34
2899,3036,2
2899,3203,5
2900,3690,14
2900,4403,28
2900,4460,29
2901,3204,5
2902,3205,5
2904,3636,13
2905,4069,21
2905,4219,24
2906,3097,3
2906,3149,4
2906,3215,5
2907,2973,1
2907,3042,2
2908,3147,4
2908,4718,34
2909,2979,1
2909,3046,2
2909,3099,3
2909,3100,3
2909,3157,4
2910,2977,1
2910,2978,1
2910,3272,6
2911,2978,1
2911,3156,4
2911,3272,6
2912,3103,3
2912,3157,4
2913,2982,1
2913,3103,3
2914,3918,18
2915,4079,21
2916,2985,1
2916,3649,13
2917,2987,1
2917,3057,2
2918,3396,8
2918,3756,15
2919,2986,1
2919,3056,2
2919,3161,4
2920,3397,8
2921,3277,6
2921,3556,11
2922,3063,2
2922,3112,3
2922,3278,6
2922,3709,14
2923,3507,10
2923,3816,16
2924,2989,1
2924,3060,2
2924,3340,7
2925,3509,10
2925,3655,13
2926,3116,3
2926,4032,20
2927,3120,3
2927,3166,4
2927,3406,8
2928,2993,1
2928,3065,2
2928,3283,6
2928,3403,8
2929,3451,9
2929,3716,14
2932,3067,2
2932,3230,5
2933,3666,13
2933,3768,15
2934,3460,9
2934,3564,11
2935,3292,6
2936,3075,2
2936,3125,3
2937,3012,1
2937,3180,4
2938,3014,1
2938,3079,2
2939,3014,1
2940,3081,2
2940,3300,6
2940,4598,31
2941,3018,1
2941,4144,22
2941,4246,24
2942,3674,13
2943,3418,8
2944,3186,4
2944,3241,5
2945,3615,12
2946,3243,5
2947,3024,1
2947,3420,8
2948,3364,7
2948,4296,25
2949,3132,3
2950,3424,8
2951,3475,9
2951,3784,15
2952,3248,5
2953,3422,8
2953,3572,11
2954,3250,5
2954,3426,8
2954,3575,11
2954,4650,32
2955,3787,15
2956,3029,1
2957,3192,4
2957,3253,5
2957,5663,56
2958,3309,6
2958,3625,12
2958,3788,15
2959,3842,16
2959,3895,17
2960,4454,28
2960,4605,31
2960,4606,31
2961,3196,4
2962,3739,14
2962,4111,21
2962,4702,33
2963,3314,6
2964,3034,1
2964,3035,1
2964,3377,7
2965,3537,10
2965,3845,16
2965,4059,20
2965,4889,37
2966,3036,1
2967,3094,2
2967,3795,15
2967,4461,28
2968,3485,9
2968,3633,12
2968,4460,28
2969,4462,28
2969,4846,36
2970,3486,9
2970,5514,52
2971,3097,2
2971,3143,3
2971,4012,19
2972,3147,3
2972,3214,4
2973,3323,6
2973,3388,7
2974,3272,5
2974,3389,7
2975,3046,1
2975,3099,2
2975,3152,3
2975,3270,5
2976,3156,3
2976,3272,5
2977,3047,1
2978,3153,3
2979,3046,1
2979,3049,1
2979,3100,2
2980,3156,3
2981,3273,5
2981,3332,6
2981,3442,8
2981,3701,13
2982,3103,2
2983,3394,7
2983,3550,10
2983,3918,17
2984,3049,1
2984,3105,2
2984,3649,12
2985,3107,2
2985,3221,4
2985,3504,9
2986,3106,2
2986,3446,8
2987,3057,1
2988,3222,4
2988,4028,19
2989,3113,2
2989,3506,9
2989,3654,12
2990,3062,1
2990,3280,5
2991,3063,1
2991,3226,4
2991,3278,5
2991,3341,6
2992,3117,2
2992,3449,8
2993,3117,2
2993,3511,9
2994,3118,2
2994,3170,3
2994,3346,6
2994,4034,19
2995,3121,2
2995,3171,3
2996,3067,1
2996,3174,3
2996,3231,4
2996,3287,5
2997,3823,15
2998,3350,6
2999,3176,3
3000,3069,1
3000,3233,4
3000,3234,4
3001,3123,2
3001,3926,17
3001,4089,20
3002,3351,6
3002,3516,9
3003,3071,1
3003,3985,18
3003,5217,44
3004,3518,9
3005,3460,8
3005,3871,16
3005,3929,17
3006,3292,5
3007,4237,23
3008,3074,1
3008,3463,8
3008,3610,11
3009,3074,1
3009,3179,3
3009,3294,5
3009,3295,5
3009,3355,6
3009,3670,12
3010,3075,1
3010,3179,3
3010,3297,5
3010,3356,6
3012,3078,1
3013,3079,1
3013,3415,7
3014,3182,3
3014,3416,7
3015,3184,3
3015,3936,17
3016,3524,9
3016,4198,22
3017,3239,4
3017,3299,5
3017,3467,8
3018,3468,8
3018,5225,44
3019,3303,5
3019,4100,20
3019,4499,28
3019,4649,31
3020,3470,8
3020,3675,12
3021,3129,2
3021,3419,7
3021,4348,25
3021,4749,33
3022,3361,6
3022,4347,25
3024,3244,4
3024,3245,4
3024,3572,10
3025,3088,1
3025,3188,3
3025,3421,7
3026,3305,5
3026,5181,43
3027,3132,2
3027,3531,9
3028,3191,3
3028,3787,14
3029,3532,9
3030,4603,30
3031,3255,4
3031,3372,6
3031,3535,9
3031,3685,12
3032,3684,12
3032,3791,14
3033,3375,6
3034,3377,6
3035,3203,3
3037,3205,3
3038,3257,4
3038,5332,46
3039,3097,1
3039,3143,2
3039,3209,3
3039,3261,4
3040,3098,1
3040,3144,2
3041,3145,2
3041,3212,3
3041,3387,6
3042,3323,5
3042,3437,7
3042,3855,15
3043,3213,3
3043,3267,4
3043,3960,17
3044,3152,2
3044,3269,4
3044,3270,4
3044,3386,6
3045,3696,12
3045,4367,25
3046,3100,1
3047,3101,1
3047,3272,4
3047,3390,6
3048,3441,7
3048,4018,18
3049,3104,1
3049,3155,2
3049,3220,3
3049,3502,8
3050,3330,5
3050,3441,7
3050,4374,25
3051,3499,8
3051,4477,27
3051,4677,31
3052,3330,5
3052,3918,16
3053,3160,2
3053,3333,5
3053,3755,13
3054,3444,7
3054,3551,9
3054,3650,11
3055,3275,4
3056,3107,1
3056,3221,3
3058,3108,1
3058,3335,5
3058,3397,6
3058,3447,7
3059,3110,1
3060,3448,7
3060,3654,11
3061,3401,6
3061,4378,25
3061,4534,28
3061,4629,30
3062,3509,8
3062,3710,12
3063,3115,1
3063,3165,2
3064,3342,5
3064,3922,16
3065,3116,1
3066,3408,6
3066,3715,12
3067,3230,3
3067,3232,3
3067,3410,6
3067,3514,8
3068,3122,1
3068,3562,9
3069,3289,4
3069,3457,7
3070,3177,2
3070,3234,3
3070,3665,11
3071,3868,15
3071,4282,23
3071,4435,26
3072,3178,2
3072,3412,6
3072,3869,15
3072,4041,18
3073,3237,3
3073,3519,8
3073,4188,21
3073,4541,28
3074,3355,5
3075,3125,1
3075,3179,2
3076,3238,3
3076,3297,4
3077,3357,5
3077,3522,8
3077,3672,11
3078,3180,2
3078,3298,4
3079,3416,6
3079,3568,9
3080,3183,2
3080,3359,5
3080,4195,21
3081,3299,4
3081,5323,45
3082,3303,4
3082,3937,16
3082,4394,25
3082,4649,30
3083,3128,1
3084,3243,3
3084,3469,7
3084,3526,8
3084,3734,12
3084,3886,15
3085,3186,2
3085,3471,7
3086,3419,6
3086,3938,16
3086,4348,24
3087,3245,3
3087,3529,8
3087,3680,11
3088,3421,6
3088,3679,11
3089,3473,7
3089,3616,10
3089,3736,12
3090,3363,5
3090,4145,20
3090,4203,21
3090,4504,27
3091,3132,1
3091,3424,6
3091,3531,8
3092,3310,4
3093,3314,4
3093,3429,6
3093,4457,26
3094,3899,15
3094,5287,44
3097,3144,1
3097,3320,4
3098,3145,1
3098,3211,2
3099,3271,3
3099,3324,4
3100,3152,1
3100,3155,1
3100,3219,2
3101,3217,2
3102,3273,3
3102,4473,26
3102,4722,31
3103,3157,1
3104,3155,1
3104,3598,9
3105,3220,2
3105,3331,4
3105,3504,7
3105,3647,10
3106,3161,1
3106,3276,3
3106,3445,6
3107,3161,1
3107,3648,10
3108,3446,6
3109,3336,4
3109,3399,5
3109,3447,6
3110,3337,4
3110,3400,5
3110,3759,12
3111,3398,5
3112,3278,3
3112,3339,4
3112,3400,5
3113,3225,2
3113,3340,4
3113,4082,18
3114,3510,7
3114,3975,16
3114,4033,17
3115,3341,4
3115,3711,11
3116,3283,3
3116,3558,8
3117,3559,8
3118,3344,4
3118,3978,16
3120,3345,4
3120,3762,12
3121,3717,11
3122,3350,4
3123,3177,1
3123,3984,16
3124,3459,6
3125,3179,1
3125,3295,3
3126,3358,4
3126,3879,14
3126,4051,17
3126,4242,21
3127,3359,4
3127,3936,15
3129,3185,1
3129,3614,9
3129,4395,24
3130,3676,10
3130,3994,16
3131,3527,7
3131,3615,9
3131,3678,10
3132,3248,2
3133,3532,7
3133,3787,12
3134,3576,8
3135,3622,9
3136,3374,4
3136,3684,10
3136,3999,16
3137,3312,3
3137,3843,13
3137,4001,16
3138,3687,10
3138,4456,25
3139,3314,3
3139,3584,8
3139,3946,15
3140,4561,27
3140,4798,32
3140,5018,37
3141,3485,6
3141,3900,14
3143,3260,2
3143,4067,17
3144,3211,1
3144,3320,3
3144,3383,4
3145,3212,1
3145,3262,2
3146,4069,17
3146,5072,38
3147,3325,3
3147,3546,7
3147,3591,8
3147,4767,31
3148,3216,1
3148,3269,2
3148,3386,4
3148,3436,5
3149,3268,2
3149,3389,4
3150,3267,2
3150,4070,17
3151,3388,4
3151,3644,9
3152,3269,2
3152,3326,3
3153,3272,2
3154,3392,4
3154,3699,10
3155,3219,1
3155,3393,4
3155,3500,6
3158,3700,10
3158,4725,30
3159,3501,6
3160,3553,7
3161,3552,7
3162,3707,10
3162,4426,24
3163,3337,3
3163,3555,7
3163,3709,10
3164,3398,4
3164,3709,10
3166,3340,3
3166,3712,10
3167,3284,2
3167,3761,11
3167,5123,39
3168,3404,4
3168,3713,10
3168,4629,28
3169,3451,5
3169,3713,10
3170,3512,6
3170,3923,14
3171,3717,10
3172,3658,9
3172,4537,26
3174,3230,1
3174,3286,2
3174,4036,16
3175,3233,1
3175,3410,4
3175,3456,5
3176,3982,15
3177,3723,10
3177,3867,13
3178,3519,6
3178,4090,17
3178,4541,26
3179,3296,2
3179,3414,4
3180,3567,7
3181,3298,2
3181,3415,4
3182,3465,5
3183,3358,3
3183,3935,14
3183,4874,33
3184,3523,6
3185,4100,17
3185,4499,25
3185,4749,30
3186,3418,4
3187,3615,8
3187,3679,9
3188,3476,5
3188,3782,11
3189,3838,12
3189,4102,17
3190,3252,1
3190,3366,3
3190,3425,4
3191,3997,15
3192,3253,1
3192,6705,81
3193,3622,8
3193,4299,21
3194,3625,8
3194,4205,19
3194,4794,31
3194,5061,37
3195,3580,7
3195,3843,12
3196,3999,15
3197,4000,15
3197,4356,22
3197,4607,27
3198,3582,7
3198,3844,12
3199,3375,3
3199,3581,7
3199,3686,9
3200,3629,8
3200,3739,10
3200,4111,17
3200,4933,34
3201,3432,4
3201,4209,19
3202,3432,4
3202,4251,20
3202,4514,25
3204,3379,3
3204,4758,30
3206,5143,39
3207,3586,7
3207,3799,11
3207,4152,18
3207,4407,23
3207,4706,29
3208,3487,5
3208,3636,8
3208,4657,28
3209,3260,1
3209,3318,2
3210,3490,5
3210,3493,5
3210,3851,12
3210,3957,14
3211,3262,1
3211,3383,3
3212,3264,1
3212,3319,2
3212,3322,2
3212,3436,4
3213,3265,1
3213,3321,2
3213,4117,17
3213,4161,18
3214,3265,1
3214,3591,7
3215,3268,1
3215,3387,3
3216,3266,1
3216,3326,2
3216,3547,6
3217,3271,1
3217,3324,2
3217,3390,3
3217,3436,4
3218,3392,3
3218,3644,8
3218,4119,17
3219,3326,2
3219,3393,3
3220,3502,5
3222,4027,15
3222,4174,18
3223,3397,3
3223,3447,4
3224,3336,2
3224,3399,3
3224,3815,11
3224,4776,30
3225,3338,2
3225,3506,5
3225,4082,16
3226,3603,7
3226,3656,8
3226,3711,9
3227,3557,6
3227,3760,10
3228,3510,5
3228,3512,5
3228,3819,11
3228,4327,21
3229,3346,2
3230,3659,8
3231,3286,1
3231,3287,1
3231,3348,2
3232,3409,3
3232,3720,9
3233,3457,4
3233,3662,8
3234,3289,1
3234,3767,10
3235,3516,5
3235,4636,27
3236,3412,3
3236,3869,12
3236,3986,14
3236,4330,21
3237,3291,1
3237,3352,2
3237,5170,39
3238,3357,2
3238,3932,13
3239,3466,4
3239,3673,8
3239,3778,10
3240,3674,8
3241,3418,3
3242,3472,4
3242,3780,10
3242,4792,30
3243,3570,6
3244,3420,3
3244,3475,4
3245,3422,3
3245,3783,10
3246,3736,9
3246,3890,12
3247,3305,1
3247,3573,6
3247,5432,45
3249,3424,3
3249,3784,10
3250,5058,36
3250,5228,40
3250,5732,53
3251,4103,16
3251,4398,22
3252,3531,5
3253,3533,5
3253,4104,16
3253,4696,28
3253,4840,31
3253,7130,92
3254,3373,2
3254,3628,7
3254,4973,34
3255,3792,10
3255,5016,35
3256,3482,4
3256,3947,13
3256,4757,29
3256,5102,37
3257,4975,34
3257,5478,46
3258,3691,8
3259,3317,1
3259,3799,10
3259,4759,29
3260,3382,2
3260,3492,4
3261,3318,1
3261,3320,1
3261,3383,2
3262,3319,1
3262,3383,2
3263,3321,1
3263,3640,7
3263,3853,11
3263,4117,16
3264,3322,1
3264,3384,2
3265,3640,7
3266,3385,2
3266,3436,3
3266,3495,4
3266,3547,5
3266,3807,10
3267,4222,18
3268,3387,2
3268,3436,3
3269,3326,1
3270,3324,1
3270,3386,2
3272,3327,1
3272,3389,2
3273,3442,3
3273,3966,13
3273,4375,21
3274,4729,28
3275,3968,13
3276,3446,3
3276,3705,8
3276,3861,11
3277,3759,9
3277,4083,15
3278,3603,6
3279,3816,10
3279,4378,21
3280,3450,3
3280,3710,8
3281,3405,2
3281,3509,4
3281,3606,6
3281,3655,7
3282,3402,2
3282,3449,3
3282,3976,13
3283,3403,2
3283,4178,17
3284,3657,7
3284,4379,21
3285,3408,2
3285,3561,5
3285,3659,7
3285,4432,22
3286,3607,6
3286,3821,10
3287,3513,4
3287,3514,4
3287,3662,7
3288,4634,26
3288,5493,46
3289,3515,4
3289,3563,5
3289,3662,7
3289,4040,14
3290,3458,3
3290,4591,25
3291,3725,8
3291,4188,17
3292,3520,4
3292,3929,12
3293,3727,8
3293,3773,9
3293,3830,10
3293,4681,27
3294,3414,2
3294,3728,8
3296,3356,1
3296,3414,2
3296,3566,5
3297,3932,12
3298,3567,5
3298,3775,9
3299,3673,7
3299,4293,19
3300,3777,9
3300,5010,34
3301,3466,3
3301,3778,9
3301,4688,27
3302,4648,26
3302,4879,31
3303,4346,20
3303,5362,42
3304,3887,11
3304,4349,20
3305,5618,49
3306,3940,12
3306,3996,13
3307,3532,4
3308,3425,2
3308,3576,5
3308,3621,6
3309,3788,9
3311,3629,6
3311,4151,16
3311,4455,22
3311,4701,27
3312,3583,5
3312,3898,11
3312,4652,26
3312,4844,30
3313,3582,5
3313,4005,13
3313,4654,26
3314,4304,19
3315,3483,3
3315,5371,42
3316,3798,9
3316,6490,73
3317,3741,8
3317,3902,11
3318,3382,1
3318,3383,1
3318,3489,3
3318,3543,4
3319,3384,1
3319,3435,2
3321,3640,6
3322,3436,2
3323,3749,8
3323,3855,10
3324,3386,1
3324,3436,2
3325,3750,8
3325,4224,17
3325,4263,18
3326,3391,1
3326,3645,6
3326,3646,6
3326,3751,8
3327,3390,1
3327,3436,2
3328,4812,29
3329,3501,3
3329,3503,3
3329,4022,13
3330,4374,20
3331,3502,3
3331,3597,5
3331,3647,6
3331,3860,10
3332,3701,7
3332,3968,12
3333,3553,4
3333,3600,5
3333,4024,13
3334,3704,7
3334,3756,8
3334,4079,14
3335,3446,2
3335,3861,10
3335,4026,13
3336,3921,11
3336,4278,18
3337,3400,1
3338,3653,6
3338,3708,7
3338,3862,10
3339,3400,1
3339,3603,5
3339,3759,8
3340,3863,10
3340,4082,14
3341,3711,7
3342,3402,1
3342,4228,17
3343,3405,1
3343,3606,5
3343,4035,13
3344,3560,4
3344,4180,16
3344,4631,25
3345,3715,7
3345,4179,16
3347,3980,12
3348,3513,3
3348,3607,5
3349,3455,2
3349,3661,6
3349,3865,10
3350,3410,1
3350,3562,4
3351,3824,9
3351,3926,11
3352,3413,1
3352,3725,7
3352,3771,8
3353,4237,17
3353,4334,19
3354,3463,2
3354,3565,4
3354,3610,5
3354,4639,25
3355,3463,2
3355,3831,9
3356,3774,8
3356,3932,11
3357,3729,7
3357,4285,18
3358,4243,17
3358,4922,31
3359,3935,11
3359,4197,16
3360,3778,8
3361,3470,2
3361,3675,6
3362,3528,3
3362,3677,6
3362,3837,9
3363,3472,2
3363,3995,12
3364,4692,26
3365,3573,4
3365,4396,20
3366,3424,1
3366,3531,3
3367,3575,4
3367,3620,5
3367,4053,13
3367,4105,14
3367,4147,15
3367,4697,26
3368,4399,20
3368,5367,41
3369,3841,9
3370,3842,9
3371,3578,4
3371,3627,5
3372,4206,16
3372,4651,25
3372,4700,26
3373,3943,11
3374,3945,11
3374,4456,21
3376,4251,17
3377,3536,3
3378,3485,2
3380,3488,2
3380,3542,3
3380,4569,23
3380,4611,24
3381,3488,2
3381,3588,4
3381,3907,10
3381,4612,24
3382,3489,2
3382,3694,6
3383,3435,1
3383,3491,2
3383,3587,4
3384,3436,1
3384,3494,2
3384,3544,3
3385,3495,2
3385,3592,4
3385,3642,5
3386,3436,1
3387,3436,1
3388,3749,7
3388,4163,15
3389,3436,1
3390,3436,1
3391,3438,1
3391,3698,6
3392,3699,6
3392,4119,14
3393,3595,4
3393,3646,5
3394,3599,4
3394,4122,14
3394,4374,19
3395,3505,2
3395,3551,3
3395,3813,8
3396,3756,7
3398,3555,3
3399,4324,18
3400,3709,6
3401,3713,6
3401,4629,24
3402,4128,14
3403,3511,2
3403,4086,13
3404,4033,12
3405,3979,11
3405,4181,15
3406,3712,6
3406,3762,7
3407,3716,6
3408,4380,19
3409,3562,3
3410,3514,2
3410,3720,6
3411,4591,23
3411,6828,81
3412,4540,22
3412,4914,30
3413,3462,1
3413,3726,6
3413,3872,9
3414,3671,5
3415,3568,3
3415,3775,7
3415,4093,13
3415,4138,14
3416,3465,1
3416,3989,11
3417,3525,2
3419,4501,21
3419,5690,49
3420,3475,1
3421,3782,7
3422,3529,2
3422,3783,7
3423,3837,8
3423,3940,10
3425,3621,4
3426,3622,4
3426,4054,12
3426,4299,17
3426,4650,24
3427,4301,17
3427,4399,19
3427,5946,56
3429,4003,11
3430,4005,11
3430,5436,42
3431,3536,2
3431,4515,21
3431,4887,29
3432,4112,13
3433,3537,2
3433,3690,5
3433,4059,12
3433,4403,19
3434,4210,15
3434,5514,44
3435,3544,2
3435,3589,3
3436,3496,1
3436,3545,2
3436,3590,3
3436,3643,4
3437,4012,11
3437,4160,14
3438,3594,3
3438,3646,4
3439,3810,7
3439,4369,18
3439,4619,23
3439,4671,24
3440,3501,1
3440,3699,5
3441,3858,8
3443,3704,5
3443,4077,12
3443,4728,25
3444,3503,1
3444,3551,2
3444,3703,5
3445,3552,2
3445,3705,5
3447,4026,11
3447,4081,12
3447,4278,16
3448,3760,6
3448,4126,13
3449,3559,2
3449,4085,12
3450,4826,27
3451,4130,13
3452,3764,6
3452,4431,19
3453,3764,6
3453,4181,14
3454,3660,4
3455,6042,58
3456,3514,1
3456,3662,4
3457,3662,4
3458,4187,14
3458,4329,17
3459,3724,5
3460,3928,9
3461,3772,6
3461,3827,7
3461,3828,7
3461,4592,22
3462,3771,6
3462,3873,8
3462,4042,11
3463,3611,3
3464,3522,1
3464,3877,8
3464,3933,9
3464,4640,23
3465,4195,14
3466,4449,19
3466,4494,20
3467,3778,6
3468,4498,20
3468,4648,23
3469,3994,10
3469,4201,14
3471,3527,1
3471,3617,3
3472,4295,16
3473,3888,8
3473,4555,21
3474,3617,3
3474,3940,9
3475,3572,2
3475,3784,6
3475,3941,9
3476,3618,3
3476,4102,12
3477,4751,25
3477,5367,39
3477,5540,44
3478,4053,11
3478,4558,21
3478,4697,24
3478,5096,33
3479,4882,28
3480,3688,4
3480,5063,32
3480,5910,54
3481,4797,26
3481,5018,31
3482,5774,50
3483,5191,35
3484,3740,5
3484,4562,21
3484,5192,35
3484,5331,38
3485,3900,8
3486,5666,47
3487,4609,22
3488,4661,23
3488,4940,29
3489,3587,2
3489,3955,9
3490,3588,2
3490,3907,8
3490,4523,20
3491,3587,2
3491,3589,2
3491,3637,3
3492,3694,4
3492,4067,11
3492,4313,16
3493,3641,3
3493,3851,7
3493,4218,14
3493,4573,21
3494,3590,2
3494,3638,3
3495,3643,3
3495,3747,5
3496,3643,3
3497,3548,1
3497,3644,3
3497,3911,8
3497,4368,17
3498,4419,18
3498,4812,26
3499,4019,10
3499,4270,15
3499,4949,29
3500,3595,2
3500,3598,2
3500,4676,23
3501,3699,4
3502,3598,2
3503,3650,3
3503,3703,4
3504,3648,3
3504,3649,3
3504,4078,11
3504,4225,14
3505,3553,1
3505,3600,2
3506,3708,4
3506,4226,14
3507,4324,16
3508,4480,19
3508,4534,20
3508,4629,22
3508,4958,29
3509,3864,7
3509,3979,9
3510,3818,6
3510,4327,16
3511,3559,1
3511,4177,13
3512,3819,6
3513,3719,4
3513,3765,5
3513,3822,6
3513,3981,9
3515,3663,3
3515,4134,12
3516,3824,6
3516,4913,28
3517,4187,13
3517,4329,16
3518,4329,16
3519,3668,3
3519,5170,34
3520,3609,2
3520,3931,8
3521,3611,2
3521,4136,12
3521,4191,13
3521,4386,17
3522,3729,4
3522,4046,10
3523,3881,7
3523,3936,8
3523,3991,9
3523,4197,13
3524,4344,16
3524,4552,20
3524,5764,49
3525,3674,3
3526,3734,4
3526,4200,13
3526,4500,19
3527,3940,8
3528,3680,3
3529,3837,6
3530,4882,27
3533,3683,3
3533,4840,26
3533,5013,30
3534,3623,2
3534,5327,37
3535,3578,1
3535,4700,23
3536,4251,14
3537,4359,16
3537,4799,25
3538,3633,2
3538,4307,15
3538,4563,20
3538,5331,37
3539,3796,5
3539,3846,6
3539,5192,34
3540,3900,7
3540,4563,20
3540,4705,23
3541,3586,1
3541,4009,9
3541,4407,17
3541,4805,25
3542,3742,4
3542,3800,5
3542,4214,13
3543,3587,1
3544,3638,2
3545,3639,2
3545,3643,2
3545,3747,4
3546,4263,14
3546,4416,17
3547,3645,2
3547,3856,6
3548,3644,2
3548,4119,11
3549,3754,4
3549,4367,16
3549,4769,24
3550,3599,1
3550,3755,4
3551,3813,5
3552,3648,2
3552,4862,26
3554,3653,2
3554,3708,3
3554,3972,8
3554,4820,25
3555,3709,3
3556,3655,2
3556,4083,10
3557,3922,7
3557,4279,14
3558,3973,8
3558,4032,9
3558,4178,12
3559,4229,13
3560,3714,3
3560,3980,8
3561,4036,9
3561,4182,12
3561,4433,17
3562,3720,3
3563,3608,1
3563,3663,2
3563,3721,3
3564,3870,6
3564,3928,7
3565,3611,1
3565,4190,12
3565,4386,16
3566,3671,2
3566,3774,4
3566,4045,9
3567,3672,2
3568,3989,8
3568,4339,15
3569,3731,3
3569,3879,6
3569,4968,28
3569,5804,49
3570,3780,4
3570,3886,6
3571,3615,1
3571,3618,1
3571,3678,2
3571,3679,2
3572,3783,4
3573,4972,28
3574,3681,2
3574,4398,16
3574,4556,19
3575,4299,14
3575,5058,30
3577,4108,10
3577,4508,18
3577,4699,22
3577,6485,68
3578,3894,6
3578,4510,18
3579,3628,1
3579,4056,9
3579,4150,11
3580,4303,14
3580,4400,16
3581,3943,7
3581,4401,16
3581,4843,25
3582,3844,5
3583,4004,8
3583,4208,12
3583,4845,25
3584,4702,22
3585,3846,5
3586,4566,19
3586,4760,23
3587,3637,1
3587,3692,2
3587,3744,3
3587,3745,3
3587,3802,4
3587,3847,5
3587,3903,6
3588,3851,5
3588,4312,14
3589,3638,1
3589,3693,2
3590,3639,1
3590,3695,2
3591,3640,1
3591,4068,9
3591,4314,14
3591,4416,16
3592,3748,3
3592,3807,4
3592,3910,6
3593,3644,1
3593,3750,3
3593,3911,6
3593,4315,14
3594,3646,1
3594,3697,2
3594,3698,2
3594,3856,5
3594,3912,6
3595,3965,7
3595,4120,10
3596,3702,2
3596,3704,2
3596,4168,11
3596,4274,13
3596,4531,18
3596,4623,20
3596,4728,22
3597,3860,5
3597,4424,16
3597,4532,18
3598,3860,5
3599,3812,4
3599,4023,8
3600,3813,4
3600,3967,7
3601,4028,8
3602,4125,10
3602,4323,14
3602,4480,17
3602,4958,27
3603,4029,8
3604,3977,7
3604,4032,8
3604,4628,20
3605,3819,4
3605,4327,14
3605,4824,24
3605,5164,32
3606,3711,2
3606,4429,16
3607,3924,6
3607,3981,7
3608,3722,2
3608,3766,3
3608,4483,17
3609,3829,4
3609,3929,6
3609,4594,19
3610,4237,12
3611,3831,4
3612,4198,11
3612,5573,42
3613,3735,2
3613,4200,11
3613,4689,21
3613,4750,22
3614,4348,14
3614,5395,37
3614,5730,46
3616,3888,5
3616,3939,6
3616,4350,14
3617,3677,1
3617,3940,6
3618,3782,3
3618,3940,6
3619,4145,10
3619,4203,11
3619,4452,16
3619,4881,25
3620,4053,8
3620,4397,15
3620,5058,29
3621,3997,7
3623,3942,6
3623,5014,28
3624,4106,9
3624,4205,11
3624,4353,14
3624,4794,23
3625,4149,10
3626,3789,3
3626,6316,62
3627,3894,5
3627,3942,6
3628,4107,9
3628,4973,27
3629,3738,2
3629,4455,16
3629,4842,24
3629,5511,40
3630,4111,9
3630,4402,15
3630,4702,21
3631,3688,1
3631,5369,36
3632,4800,23
3632,5371,36
3633,3900,5
3633,5064,29
3634,3846,4
3634,3948,6
3634,5287,34
3635,4210,11
3635,5549,41
3636,3801,3
3636,4409,15
3637,3693,1
3637,3803,3
3638,3695,1
3638,3746,2
3638,3849,4
3639,3747,2
3639,3804,3
3640,4011,7
3640,4068,8
3641,3806,3
3641,4573,18
3641,4715,21
3642,3747,2
3642,3748,2
3642,3958,6
3644,3961,6
3644,4163,10
3644,4262,12
3645,3751,2
3645,4014,7
3646,3809,3
3646,4120,9
3647,4225,11
3647,4532,17
3648,5383,36
3651,3706,1
3651,3707,1
3651,5300,34
3652,4027,7
3652,4080,8
3653,3862,4
3653,4175,10
3653,4731,21
3653,4774,22
3654,4126,9
3654,4226,11
3655,4429,15
3656,3711,1
3656,4029,7
3656,4429,15
3657,4326,13
3657,5123,30
3657,5604,42
3658,3763,2
3659,4036,7
3662,3721,1
3662,3765,2
3663,3722,1
3663,4328,13
3664,4383,14
3664,4484,16
3665,3723,1
3665,3767,2
3665,4829,23
3666,3768,2
3666,3985,6
3666,4282,12
3666,4869,24
3667,4232,11
3667,5610,42
3668,4090,8
3668,4486,16
3668,4915,25
3669,3726,1
3669,3872,4
3669,3930,5
3669,4235,11
3669,4488,16
3669,4542,17
3670,3728,1
3670,3831,3
3670,4284,12
3671,3728,1
3671,4441,15
3672,3775,2
3672,4046,7
3673,4494,16
3673,4877,24
3675,4347,13
3676,4349,13
3676,4690,20
3677,3940,5
3678,3940,5
3679,3782,2
3680,3837,3
3681,4555,17
3681,4929,25
3682,3737,1
3682,4301,12
3682,5906,50
3683,5013,27
3684,4109,8
3685,4002,6
3685,4206,10
3685,5016,27
3686,4110,8
3686,4843,23
3687,4058,7
3688,5665,43
3688,5881,49
3688,6092,55
3689,4459,15
3689,5513,39
3690,4758,21
3692,3745,1
3692,3848,3
3693,3849,3
3693,3906,4
3694,3955,5
3694,4365,13
3695,3804,2
3695,3850,3
3696,4766,21
3696,4945,25
3697,3808,2
3697,3856,3
3697,3962,5
3698,3751,1
3698,4014,6
3699,4017,6
3699,4022,6
3699,4273,11
3699,4723,20
3700,3754,1
3700,4674,19
3701,4375,13
3702,4677,19
3703,3813,2
3703,4022,6
3704,4274,11
3705,3917,4
3705,3970,5
3705,4862,23
3706,4077,7
3706,5258,32
3707,4864,23
3708,4627,18
3710,3864,3
3710,4826,22
3711,4035,6
3712,3863,3
3712,4280,11
3713,4130,8
3714,4087,7
3714,4180,9
3714,4630,18
3715,4380,13
3715,4430,14
3716,4130,8
3718,3823,2
3718,4183,9
3718,4735,20
3719,3866,3
3721,3766,1
3721,3866,3
3722,4039,6
3722,4328,12
3723,3867,3
3723,5565,40
3724,4678,19
3725,3828,2
3725,3872,3
3725,4592,17
3725,5354,34
3726,3873,3
3726,3930,4
3727,3830,2
3727,4334,12
3728,3876,3
3729,3877,3
3729,4092,7
3730,4098,7
3730,4290,11
3730,4548,16
3730,4742,20
3731,3833,2
3731,4744,20
3731,5007,26
3732,3885,3
3732,3937,4
3732,4497,15
3732,4838,22
3732,5468,37
3732,5689,43
3733,4600,17
3733,5363,34
3734,4201,9
3734,4599,17
3735,3780,1
3735,3886,3
3735,4792,21
3736,3939,4
3736,4693,19
3737,5230,31
3737,5770,45
3738,4055,6
3738,4701,19
3738,6162,56
3739,4887,23
3739,4933,24
3740,4306,11
3740,6459,64
3741,4213,9
3741,4252,10
3742,3800,1
3742,3949,4
3742,4007,5
3742,4061,6
3742,4212,9
3743,3802,1
3743,3903,3
3743,4215,9
3744,3848,2
3744,3904,3
3745,3803,1
3745,3953,4
3746,3850,2
3746,3908,3
3747,3852,2
3747,3958,4
3748,3854,2
3748,4013,5
3749,3959,4
3749,4763,20
3750,4162,8
3750,4165,8
3752,3809,1
3752,3857,2
3752,4317,11
3752,4621,17
3753,3913,3
3753,4370,12
3753,4528,15
3753,4529,15
3754,4166,8
3755,3916,3
3755,4023,5
3755,4024,5
3756,4079,6
3757,4278,10
3757,4584,16
3757,4775,20
3757,4819,21
3758,3815,1
3758,4125,7
3758,4480,14
3758,4775,20
3759,4029,5
3760,4279,10
3760,4481,14
3761,3977,4
3762,4179,8
3762,4280,10
3763,3820,1
3763,4537,15
3763,5421,35
3764,4281,10
3765,3866,2
3766,4038,5
3766,4088,6
3767,4040,5
3767,5351,33
3768,3825,1
3768,4914,23
3769,3825,1
3769,4678,18
3770,3870,2
3770,3928,3
3770,4385,12
3770,4870,22
3771,4638,17
3771,5170,29
3772,3987,4
3772,4233,9
3772,4437,13
3773,3931,3
3773,4236,9
3774,4192,8
3774,4285,10
3775,4093,6
3776,3882,2
3776,3884,2
3776,4292,10
3776,5224,30
3777,4837,21
3781,4052,5
3781,4101,6
3781,6227,57
3783,3941,3
3784,3941,3
3785,4104,6
3785,4146,7
3785,4696,18
3786,4103,6
3786,4148,7
3786,4453,13
3787,3997,4
3788,4149,7
3788,5013,25
3788,5185,29
3789,3998,4
3789,5694,42
3790,4796,20
3790,5230,30
3790,5735,43
3791,4056,5
3791,4109,6
3792,4844,21
3793,4110,6
3793,4457,13
3793,4754,19
3794,4757,19
3794,5102,27
3794,5399,34
3794,5740,43
3795,4562,15
3796,4705,18
3796,5142,28
3797,5143,28
3798,5666,41
3799,4407,12
3800,3952,3
3800,4007,4
3800,4611,16
3800,5404,34
3801,3905,2
3801,4062,5
3802,3955,3
3802,4064,5
3803,3906,2
3803,3953,3
3804,3852,1
3804,3956,3
3805,3851,1
3805,4117,6
3805,4161,7
3805,4573,15
3806,4218,8
3806,4614,16
3806,4715,18
3807,3856,1
3807,4014,4
3808,3912,2
3808,3962,3
3808,4418,12
3809,3912,2
3809,4016,4
3810,4018,4
3810,4812,20
3811,3859,1
3811,3914,2
3811,3964,3
3811,4727,18
3812,4074,5
3812,4122,6
3812,4580,15
3813,4172,7
3813,4273,9
3814,4028,4
3814,4426,12
3815,3921,2
3815,5348,32
3816,4324,10
3816,4732,18
3817,4030,4
3817,4588,15
3817,4631,16
3817,4910,22
3817,4912,22
3817,5386,33
3818,3974,3
3818,3975,3
3818,5603,39
3819,3923,2
3820,4379,11
3821,3924,2
3821,4036,4
3821,4433,12
3822,3866,1
3822,4037,4
3822,4230,8
3824,4590,15
3824,5644,40
3825,4330,10
3826,4996,24
3826,5610,39
3827,4135,6
3827,4437,12
3827,4997,24
3828,4233,8
3829,3931,2
3829,4236,8
3829,4438,12
3830,5309,31
3830,5461,35
3831,4136,6
3832,4045,4
3832,4442,12
3832,4739,18
3832,5045,25
3833,3878,1
3833,4390,11
3833,4643,16
3834,3881,1
3834,3935,2
3834,4197,7
3834,4646,16
3835,4493,13
3835,4551,14
3835,4686,17
3835,4970,23
3836,4688,17
3836,5538,37
3837,3940,2
3838,3996,3
3838,4451,12
3839,4882,21
3839,5182,28
3839,5366,32
3840,3893,1
3840,4147,6
3840,6273,57
3841,5230,29
3843,4303,9
3844,3944,2
3844,4654,16
3845,4459,12
3845,5512,36
3846,4461,12
3847,3903,1
3847,3904,1
3847,4113,5
3848,3953,2
3848,4008,3
3849,3908,1
3849,3954,2
3850,3956,2
3850,4010,3
3851,4117,5
3851,4259,8
3852,4066,4
3852,4116,5
3853,4011,3
3853,4117,5
3853,4312,9
3854,3958,2
3854,4217,7
3855,3959,2
3855,4160,6
3856,4014,3
3857,3963,2
3857,4268,8
3858,4018,3
3858,4269,8
3858,4374,10
3859,4424,11
3859,4532,13
3859,4621,15
3860,4676,16
3861,3970,2
3861,4026,3
3862,4082,4
3862,4989,23
3863,4082,4
3863,4535,13
3864,3979,2
3864,4431,11
3864,4826,19
3865,6042,50
3866,4038,3
3866,4184,6
3867,3984,2
3867,5643,39
3868,3927,1
3868,4961,22
3868,5217,28
3869,4090,4
3869,4996,23
3870,4232,7
3871,3928,1
3871,4332,9
3871,4870,20
3872,4233,7
3873,4043,3
3873,5268,29
3874,4235,7
3874,4542,13
3874,4999,23
3874,5044,24
3875,4189,6
3875,4190,6
3875,4386,10
3875,5497,35
3876,4284,8
3876,4335,9
3876,4441,11
3877,4388,10
3877,4964,22
3878,4098,4
3878,4239,7
3878,4291,8
3878,4548,13
3878,4644,15
3879,4242,7
3879,4389,10
3879,4922,21
3879,6018,49
3880,3934,1
3880,3990,2
3880,4050,3
3880,4141,5
3880,4142,5
3880,4343,9
3881,5223,28
3881,6080,51
3882,4244,7
3882,5093,25
3882,5224,28
3883,4245,7
3883,5178,27
3884,4143,5
3884,4392,10
3884,6768,70
3885,4345,9
3885,4392,10
3885,4496,12
3885,4789,18
3885,4971,22
3886,4200,6
3887,4296,8
3887,4928,21
3888,4450,11
3888,5227,28
3889,4298,8
3889,5281,29
3890,4396,10
3890,4693,16
3891,5367,31
3892,4247,7
3892,4603,14
3892,5809,43
3893,4247,7
3894,4354,9
3894,4884,20
3895,4400,10
3895,4509,12
3896,4511,12
3896,4796,18
3897,4606,14
3898,4845,19
3898,5623,38
3899,5287,29
3900,4563,13
3901,4060,3
3901,4518,12
3901,5194,27
3902,4213,6
3902,4253,7
3902,4759,17
3903,3950,1
3903,3951,1
3903,4153,5
3904,4008,2
3905,4310,8
3905,4570,13
3906,3954,1
3906,4063,3
3907,4661,15
3907,5373,31
3908,4010,2
3908,4065,3
3909,4158,5
3909,4310,8
3909,4977,22
3910,4013,2
3910,4014,2
3910,4261,7
3911,4072,3
3911,4165,5
3912,4317,8
3913,4420,10
3913,5076,24
3913,5446,33
3914,4073,3
3914,4124,4
3914,4476,11
3915,4075,3
3915,4169,5
3915,4423,10
3915,4625,14
3916,3967,1
3916,4023,2
3916,4121,4
3917,4076,3
3917,4123,4
3917,4170,5
3917,4320,8
3918,4374,9
3919,4081,3
3919,4278,7
3919,4322,8
3920,4125,4
3920,4479,11
3920,4865,19
3920,5215,27
3921,4278,7
3921,4775,17
3922,4228,6
3922,4733,16
3923,4034,2
3923,4824,18
3924,4381,9
3924,5087,24
3925,4183,5
3926,4089,3
3926,4590,13
3927,4435,10
3927,4780,17
3927,5169,26
3929,4332,8
3929,4594,13
3930,4043,2
3930,4543,12
3932,4285,7
3933,4336,8
3933,4964,21
3933,5532,35
3934,3988,1
3934,3990,1
3934,4099,3
3934,4342,8
3934,4492,11
3935,4243,6
3936,4197,5
3937,4346,8
3937,6395,58
3938,3995,1
3938,4295,7
3938,4503,11
3938,5282,28
3938,5579,36
3939,4691,15
3939,5095,24
3940,3996,1
3940,4102,3
3940,4451,10
3942,4884,19
3943,4973,21
3944,4607,13
3944,5140,25
3945,4058,2
3946,4304,7
3946,4702,15
3947,4458,10
3948,5287,28
3949,4214,5
3949,4976,21
3950,4113,3
3950,4153,4
3951,4153,4
3951,4215,5
3951,4255,6
3952,4611,13
3952,4895,19
3952,5242,27
3953,4063,2
3953,4114,3
3953,4155,4
3954,4065,2
3954,4156,4
3955,4064,2
3955,4365,8
3955,4522,11
3956,4066,2
3956,4115,3
3957,4218,5
3957,4523,11
3957,5340,29
3958,4116,3
3959,4615,13
3959,5204,26
3960,4161,4
3960,4222,5
3960,4944,20
3961,4262,6
3961,4315,7
3961,4366,8
3962,4014,1
3962,4221,5
3962,4261,6
3962,4471,10
3963,4071,2
3963,4316,7
3963,4317,7
3963,4577,12
3964,4071,2
3964,4476,10
3964,4621,13
3965,4016,1
3965,4676,14
3965,5210,26
3966,4581,12
3966,4722,15
3967,4024,1
3967,4172,4
3967,4318,7
3968,4375,8
3969,4025,1
3969,4080,2
3969,5113,24
3969,5212,26
3970,4076,2
3970,4987,21
3971,4322,7
3971,4377,8
3971,4730,15
3972,4427,9
3972,4731,15
3972,5599,36
3973,4084,2
3973,4587,12
3973,5120,24
3974,4327,7
3974,4585,12
3974,5164,25
3975,4227,5
3975,4958,20
3976,4085,2
3976,4128,3
3976,4823,17
3977,4325,7
3977,5123,24
3978,4034,1
3978,4588,12
3978,4631,13
3979,4281,6
3981,4037,1
3981,4381,8
3982,4735,15
3983,4039,1
3983,4328,7
3983,4384,8
3983,4995,21
3984,4089,2
3984,5566,35
3985,4282,6
3986,4678,14
3986,4996,21
3987,4091,2
3987,4488,10
3987,4737,15
3988,4047,1
3988,4048,1
3988,4049,1
3988,4094,2
3988,4097,2
3988,4140,3
3988,4241,5
3988,4341,7
3988,4342,7
3988,4391,8
3988,5273,27
3989,4195,4
3989,4745,15
3990,4196,4
3990,4240,5
3991,5573,35
3991,6080,49
3992,4687,14
3992,5011,21
3992,5467,32
3992,6260,54
3993,4347,7
3994,4690,14
3994,4791,16
3995,4145,3
3995,4295,6
3998,4605,12
3999,4109,2
4000,4511,10
4000,5368,29
4001,4303,6
4001,4652,13
4001,4753,15
4002,4653,13
4002,5189,25
4002,5233,26
4003,4457,9
4004,4755,15
4004,4934,19
4004,5141,24
4005,5062,22
4005,5140,24
4006,5436,31
4006,5548,34
4007,4061,1
4007,4517,10
4007,5238,26
4008,4113,2
4008,4114,2
4008,4154,3
4008,4361,7
4009,4253,5
4009,4760,15
4009,5698,38
4010,4115,2
4010,4157,3
4011,4159,3
4011,4712,14
4012,4067,1
4012,5108,23
4013,4217,4
4013,4413,8
4014,4221,4
4015,4222,4
4015,4618,12
4016,4120,2
4016,4621,12
4017,4119,2
4017,4771,15
4018,4369,7
4019,4370,7
4019,4528,10
4020,4271,5
4020,4370,7
4020,4529,10
4020,5029,21
4021,4073,1
4021,4124,2
4021,4171,3
4021,5033,21
4022,4273,5
4023,4074,1
4025,4275,5
4026,4173,3
4026,4730,14
4026,4987,20
4027,4626,12
4027,5082,22
4028,4174,3
4029,4083,1
4030,5387,29
4030,5420,30
4031,4824,16
4031,4959,19
4031,5164,24
4031,5795,40
4032,4084,1
4033,4227,4
4033,4629,12
4034,4536,10
4037,4633,12
4037,4827,16
4038,4133,2
4039,4483,9
4039,5307,27
4040,4134,2
4040,5930,44
4041,4540,10
4041,4541,10
4041,4637,12
4042,4638,12
4042,5268,26
4042,5460,31
4043,4333,6
4043,5979,45
4044,4136,2
4044,4191,3
4044,4387,7
4044,4873,17
4045,4192,3
4045,4441,8
4046,4093,1
4046,4640,12
4047,4095,1
4047,4097,1
4047,4137,2
4048,4096,1
4048,4140,2
4048,4338,6
4049,4099,1
4049,4139,2
4050,4141,2
4050,4196,3
4050,5222,25
4051,4243,4
4051,4969,19
4051,5009,20
4052,4601,11
4053,5365,28
4054,4204,3
4055,4108,1
4055,4508,9
4055,4931,18
4056,5061,21
4057,4206,3
4057,4651,12
4057,5139,23
4057,5545,33
4058,4456,8
4059,4758,14
4060,5236,25
4060,5885,42
4062,4409,7
4062,4570,10
4062,5068,21
4063,4156,2
4063,4256,4
4064,4215,3
4064,4466,8
4065,4157,2
4065,4257,4
4066,4116,1
4066,4216,3
4067,4663,12
4068,4159,2
4068,4412,7
4069,4664,12
4069,4899,17
4070,4222,3
4071,4167,2
4071,4223,3
4071,4267,4
4071,4268,4
4072,4368,6
4072,4421,7
4072,4673,12
4073,4272,4
4073,4371,6
4074,4121,1
4074,4580,10
4075,4725,13
4075,4729,13
4076,4170,2
4076,4372,6
4076,4376,6
4076,4583,10
4076,5032,20
4077,4582,10
4077,4860,16
4078,4727,13
4078,5383,28
4079,4274,4
4080,5082,21
4081,4173,2
4082,4911,17
4082,5163,23
4082,5263,25
4083,4429,7
4084,4628,11
4084,4956,18
4085,4229,3
4085,4991,19
4086,4177,2
4086,4178,2
4086,5039,20
4086,5264,25
4087,4537,9
4087,4589,10
4088,4133,1
4088,4483,8
4088,5423,29
4089,5683,36
4090,5610,34
4091,4234,3
4091,4437,7
4091,4680,12
4092,4192,2
4092,4285,4
4092,4388,6
4093,4444,7
4093,4782,14
4093,5175,23
4094,4137,1
4094,4338,5
4094,5313,26
4095,4137,1
4096,4194,2
4096,4289,4
4096,4340,5
4096,4597,10
4097,4139,1
4097,4193,2
4098,4239,3
4098,5052,20
4099,4240,3
4099,4288,4
4100,4395,6
4100,6262,52
4101,4202,2
4101,6266,52
4102,4451,7
4103,5059,20
4103,5097,21
4104,5733,37
4105,4147,1
4105,4299,4
4106,4248,3
4106,5184,23
4106,6274,52
4107,4150,1
4107,5137,22
4107,5510,31
4108,4701,12
4108,6428,56
4110,5017,19
4110,5138,22
4111,5511,31
4112,4209,2
4112,4305,4
4112,4514,8
4113,4309,4
4114,4155,1
4114,4254,3
4115,4216,2
4115,4258,3
4116,4217,2
4116,4311,4
4116,4467,7
4117,4312,4
4118,4614,10
4118,4715,12
4118,5024,19
4118,6033,45
4119,4368,5
4119,4673,11
4121,4318,4
4121,4675,11
4122,4269,3
4122,4374,5
4123,4170,1
4123,4171,1
4123,4371,5
4124,4727,12
4125,4479,7
4125,4775,13
4125,4819,14
4126,4481,7
4126,4868,15
4127,4176,1
4127,4326,4
4127,5526,31
4127,5604,33
4128,4228,2
4128,5038,19
4129,4180,1
4129,4630,10
4129,4631,10
4129,4912,16
4131,4431,6
4131,4826,14
4132,4182,1
4132,4433,6
4132,4632,10
4132,5563,32
4133,4184,1
4133,4538,8
4134,4328,4
4134,5756,37
4135,4331,4
4135,4487,7
4135,5388,27
4136,4284,3
4137,4193,1
4137,4286,3
4137,4596,9
4138,4339,4
4138,4782,13
4139,4238,2
4139,4288,3
4140,4340,4
4140,4834,14
4141,4343,4
4141,5535,31
4142,4492,7
4142,5687,35
4143,4292,3
4143,4553,8
4143,6481,57
4144,4878,15
4144,5056,19
4144,5225,23
4145,5282,24
4146,4559,8
4146,5472,29
4146,5508,30
4146,5733,36
4146,6269,51
4147,5581,32
4148,4752,12
4148,5098,20
4149,4205,1
4149,4604,9
4150,4794,13
4150,5061,19
4151,5585,32
4151,5845,39
4152,4566,8
4152,4706,11
4152,4802,13
4153,4211,1
4153,4309,3
4153,4360,4
4153,4463,6
4153,4847,14
4154,4254,2
4154,4308,3
4155,4256,2
4155,4362,4
4156,4257,2
4156,4363,4
4157,4258,2
4157,4364,4
4158,4219,1
4158,4897,15
4159,4762,12
4159,5442,28
4160,4615,9
4160,5108,20
4161,5248,23
4162,4263,2
4162,4315,3
4162,4414,5
4163,4763,12
4164,4223,1
4164,4265,2
4164,4527,7
4165,4224,1
4165,4421,5
4166,4530,7
4166,4674,10
4166,4769,12
4167,4267,2
4167,4476,6
4168,4271,2
4168,5029,18
4168,5112,20
4169,4624,9
4169,4724,11
4169,4772,12
4170,4475,6
4171,4272,2
4171,4320,3
4172,4319,3
4172,4726,11
4173,4322,3
4173,4730,11
4174,4426,5
4174,4626,9
4175,4478,6
4175,4773,12
4175,4989,17
4175,5119,20
4175,5675,34
4176,4822,13
4176,5605,32
4176,5796,37
4177,4229,1
4177,5122,20
4178,4587,8
4179,4430,5
4179,4825,13
4181,4281,2
4182,4432,5
4182,5607,32
4184,4230,1
4184,4482,6
4185,4382,4
4185,6042,44
4186,4382,4
4186,5493,29
4187,4591,8
4188,4436,5
4188,5354,25
4189,4738,11
4189,4830,13
4189,5001,17
4190,4639,9
4190,5309,24
4191,4738,11
4191,5002,17
4192,4442,5
4193,4238,1
4193,4286,2
4194,4287,2
4194,4289,2
4194,4446,5
4195,4874,14
4196,4547,7
4196,5271,23
4198,4344,3
4199,4244,1
4199,4686,10
4199,4970,16
4199,5275,23
4200,4500,6
4201,4791,12
4201,5094,19
4202,5731,35
4203,5182,21
4203,5366,25
4204,4650,9
4204,5475,28
4205,6274,50
4206,4653,9
4207,4356,3
4207,4607,8
4207,5234,22
4207,5739,35
4208,4652,9
4208,4703,10
4208,4934,15
4209,4756,11
4210,6357,52
4211,4360,3
4211,4847,13
4212,4801,12
4212,4976,16
4213,4708,10
4213,4892,14
4214,4569,7
4214,5403,26
4215,4519,6
4216,4311,2
4216,4410,4
4217,4467,5
4217,4524,6
4217,4979,16
4218,5148,20
4219,4664,9
4220,4260,1
4220,4575,7
4220,4666,9
4220,5203,21
4221,4261,1
4222,4264,1
4222,4469,5
4222,4578,7
4222,4764,11
4222,5206,21
4222,5409,26
4223,4267,1
4223,4316,2
4223,4470,5
4223,4472,5
4224,4767,11
4224,5252,22
4225,4727,10
4226,4627,8
4226,4868,13
4227,4629,8
4227,4958,15
4228,5121,19
4229,5086,18
4230,4633,8
4230,4734,10
4231,4282,1
4231,4435,4
4231,4485,5
4231,4869,13
4232,4385,3
4232,6218,48
4233,4488,5
4234,4737,10
4234,4872,13
4234,5171,20
4235,4543,6
4235,6149,46
4236,4681,9
4236,5043,17
4237,4639,8
4238,4337,2
4238,4445,4
4239,4643,8
4239,5052,17
4240,4491,5
4240,4547,6
4241,4341,2
4241,4549,6
4242,5009,16
4242,5804,36
4243,4646,8
4244,4647,8
4244,5430,26
4245,4552,6
4245,5940,40
4246,4495,5
4246,5056,17
4246,5276,22
4247,6273,49
4248,4351,2
4248,4353,2
4248,4506,5
4249,5846,37
4249,5909,39
4250,5369,24
4251,4515,5
4251,4888,13
4252,4892,13
4252,5479,27
4253,4658,8
4253,4708,9
4253,4805,11
4253,5020,16
4254,4362,2
4254,4408,3
4255,4519,5
4255,4568,6
4255,4847,12
4256,4363,2
4256,4464,4
4257,4364,2
4257,4465,4
4258,4410,3
4258,4520,5
4259,4312,1
4260,4314,1
4260,4416,3
4260,5070,17
4261,4413,3
4261,4526,5
4261,4667,8
4262,4415,3
4262,4763,10
4263,4575,6
4264,4417,3
4265,4472,4
4265,4617,7
4266,4619,7
4266,4670,8
4266,4671,8
4266,4768,10
4267,4371,2
4267,4579,6
4268,4621,7
4269,4369,2
4269,4580,6
4270,4477,4
4270,4528,5
4270,4581,6
4271,4531,5
4271,4949,14
4272,4371,2
4273,4319,1
4273,4373,2
4273,4723,9
4275,4729,9
4275,5212,20
4276,4427,3
4276,5414,25
4276,5599,30
4277,4584,6
4277,4819,11
4277,4951,14
4277,5416,25
4278,4322,1
4279,4733,9
4279,4955,14
4280,4535,5
4280,4825,11
4281,4431,3
4283,4331,1
4283,4487,4
4283,4593,6
4283,4998,15
4284,4873,12
4286,4337,1
4286,4596,6
4286,4919,13
4286,5613,30
4287,4443,3
4287,4446,3
4287,4490,4
4287,4597,6
4287,5463,26
4288,4445,3
4288,4491,4
4289,4642,7
4289,4746,9
4290,4447,3
4290,4685,8
4290,4747,9
4291,4390,2
4291,4644,7
4291,5177,19
4292,4925,13
4292,5093,17
4293,4877,12
4293,5323,22
4293,7394,79
4294,4600,6
4294,4601,6
4294,5504,27
4296,4692,8
4296,5505,27
4297,4504,4
4297,4839,11
4298,5181,19
4298,5987,40
4300,4883,12
4300,5582,29
4300,5768,34
4300,5769,34
4301,6053,42
4302,4352,1
4302,4508,4
4302,4699,8
4302,6550,56
4303,4841,11
4304,4457,3
4304,4754,9
4305,4756,9
4305,5625,30
4305,5813,35
4306,5103,17
4306,5331,22
4306,6914,66
4307,5192,19
4307,5331,22
4307,5333,22
4308,4361,1
4308,4408,2
4308,4656,7
4309,4361,1
4309,4406,2
4310,5630,30
4311,4467,3
4311,4521,4
4312,4411,2
4312,4612,6
4312,4712,8
4312,4851,11
4313,4365,1
4313,4663,7
4313,4896,12
4314,4412,2
4315,4366,1
4315,4414,2
4316,4470,3
4316,4577,5
4316,4668,7
4316,4982,14
4317,4418,2
4318,4675,7
4318,4726,8
4319,4373,1
4320,4862,11
4320,5033,15
4321,4730,8
4321,4987,14
4321,5344,22
4322,4584,5
4323,4479,3
4323,4958,13
4323,5969,39
4324,4776,9
4325,4628,6
4325,5679,31
4325,6040,41
4326,4379,1
4326,5796,34
4328,5457,25
4328,5495,26
4330,4678,7
4330,4914,12
4331,4437,2
4331,4680,7
4332,5531,27
4332,6420,51
4333,4543,4
4333,5355,22
4333,6938,66
4334,4639,6
4334,5309,21
4335,4739,8
4335,4873,11
4335,5045,15
4335,5270,20
4336,4965,13
4336,5173,18
4336,5874,36
4337,4489,3
4337,4641,6
4337,4831,10
4338,4597,5
4338,6388,50
4339,4745,8
4339,5006,14
4340,4746,8
4340,5318,21
4341,4834,10
4342,4391,1
4342,5614,29
4343,4786,9
4343,5321,21
4343,5686,31
4343,5687,31
4344,5274,20
4344,5573,28
4345,4496,3
4345,4553,4
4345,6482,53
4346,4497,3
4346,7329,76
4348,4503,3
4349,4928,12
4349,5394,23
4350,4450,2
4350,4691,7
4350,4880,11
4351,4793,9
4351,5184,18
4351,6055,41
4352,4930,12
4352,5187,18
4352,5542,27
4353,5137,17
4353,5583,28
4354,4507,3
4354,4510,3
4354,5099,16
4355,4454,2
4355,4606,5
4355,5812,34
4355,5909,37
4356,5139,17
4356,5368,22
4357,5846,35
4357,6275,47
4357,6636,57
4358,4704,7
4358,5369,22
4359,4889,11
4359,5330,21
4359,7053,69
4360,4463,2
4361,4564,4
4362,4464,2
4362,4565,4
4363,4465,2
4363,4567,4
4364,4520,3
4364,4610,5
4365,5202,18
4366,4415,1
4366,4714,7
4367,4766,8
4367,5444,24
4368,4673,6
4369,4474,2
4370,4949,12
4371,4475,2
4371,4476,2
4371,4579,4
4372,4475,2
4372,4622,5
4372,4857,10
4373,4726,7
4373,5078,15
4375,4477,2
4375,4581,4
4376,4425,1
4376,4583,4
4376,5032,14
4377,4584,4
4377,4863,10
4377,5522,26
4378,4732,7
4379,5421,23
4380,4432,1
4380,4992,13
4381,4827,9
4381,5755,32
4382,5422,23
4383,4634,5
4383,5493,25
4384,4539,3
4384,4779,8
4384,5307,20
4385,4679,6
4385,6147,43
4386,4738,7
4387,4440,1
4387,5002,13
4387,5124,16
4388,4442,1
4388,4964,12
4389,4968,12
4389,5837,34
4389,6018,39
4390,4875,10
4390,5007,13
4391,4549,3
4391,5655,29
4392,4553,3
4392,7544,80
4393,4687,6
4393,4790,8
4393,5467,24
4393,6049,40
4394,5577,27
4394,6395,49
4394,6769,60
4395,5395,22
4395,7091,69
4396,4972,12
4396,5660,29
4397,5134,16
4397,5365,21
4397,5619,28
4398,5097,15
4398,5507,25
4399,6052,40
4399,6597,55
4400,4841,9
4400,5231,18
4401,4932,11
4401,4973,12
4401,6190,44
4402,4513,2
4402,5511,25
4402,5544,26
4403,4460,1
4403,4799,8
4404,5191,17
4404,5332,20
4405,4608,4
4405,4936,11
4405,5198,17
4406,4463,1
4406,4564,3
4407,4759,7
4408,4565,3
4408,4656,5
4409,4657,5
4409,5481,24
4410,4521,2
4410,4660,5
4411,4662,5
4411,4851,9
4412,4762,7
4412,5070,14
4413,4979,12
4413,5071,14
4414,4575,3
4414,4666,5
4414,4714,6
4414,4898,10
4415,4468,1
4415,5204,17
4416,4575,3
4417,4469,1
4417,4576,3
4417,4764,7
4418,4471,1
4418,4577,3
4419,4671,5
4419,4768,7
4420,5152,16
4420,5407,22
4420,6034,39
4421,4904,10
4421,5252,18
4422,4528,2
4422,4672,5
4422,5634,28
4423,4724,6
4423,4725,6
4423,4816,8
4424,4676,5
4424,5210,17
4425,5158,16
4425,5344,20
4425,5561,26
4426,4864,9
4427,4820,8
4427,5863,34
4428,4479,1
4428,5215,17
4428,5455,23
4428,5969,37
4430,4992,12
4430,5265,18
4432,5529,25
4433,5087,14
4434,5168,16
4434,5929,36
4435,5568,26
4436,4541,2
4436,4637,4
4436,5719,30
4438,4594,3
4438,4916,10
4438,5043,13
4439,4595,3
4439,4872,9
4439,4917,10
4439,5646,28
4440,5090,14
4440,5647,28
4440,6115,41
4441,4739,6
4442,5172,16
4443,4546,2
4443,5174,16
4443,5463,23
4444,5049,13
4444,5175,16
4444,5427,22
4445,4489,1
4445,4741,6
4446,4642,4
4446,4783,7
4447,4742,6
4447,5051,13
4447,5315,19
4448,4493,1
4448,4686,5
4448,4836,8
4448,5092,14
4449,4688,5
4449,4788,7
4449,5538,25
4450,4927,10
4450,5431,22
4452,5228,17
4452,5366,20
4452,5732,30
4453,4752,6
4453,5059,13
4453,5284,18
4454,5694,29
4454,6403,48
4455,4933,10
4455,5585,26
4458,5102,14
4458,6459,50
4459,6404,48
4460,5064,13
4460,5695,29
4460,6194,43
4461,4562,2
4461,5192,16
4461,5287,18
4462,5478,23
4462,6848,61
4464,4567,2
4464,4707,5
4465,4610,3
4465,4709,5
4466,4519,1
4466,4522,1
4466,5146,15
4467,4572,2
4467,4852,8
4467,5022,12
4468,4574,2
4468,4714,5
4468,4980,11
4469,4944,10
4470,4527,1
4470,4982,11
4471,4526,1
4471,4668,4
4472,4579,2
4472,4669,4
4472,4717,5
4472,4901,9
4473,4618,3
4473,5855,33
4474,4580,2
4474,4619,3
4474,5028,12
4475,4620,3
4478,4774,6
4478,5924,35
4480,5348,19
4481,4955,10
4481,5346,19
4482,4538,1
4482,4734,5
4482,4960,10
4483,6379,47
4484,4634,3
4484,4994,11
4484,5168,15
4485,4540,1
4485,4637,3
4485,5568,25
4486,4638,3
4486,5170,15
4487,5267,17
4487,5645,27
4488,4542,1
4489,4545,1
4489,4833,7
4490,4546,1
4490,4683,4
4490,4783,6
4491,4684,4
4491,4741,5
4492,5273,17
4492,6969,64
4493,4748,5
4493,5429,21
4494,4788,6
4494,5361,19
4495,5057,12
4495,6394,47
4496,4838,7
4496,7209,70
4497,4838,7
4497,7584,79
4498,5225,16
4498,5941,35
4498,6022,37
4499,5362,19
4499,6548,52
4500,4599,2
4500,4689,4
4500,5279,17
4500,5324,18
4501,4792,6
4501,5364,19
4502,4601,2
4502,5504,23
4502,5691,28
4502,7631,80
4503,5579,25
4503,5730,29
4504,5182,15
4505,4930,9
4505,5582,25
4505,5768,30
4505,6024,37
4506,5583,25
4506,5907,34
4506,6055,38
4507,4884,8
4507,5186,15
4508,6486,50
4509,4795,6
4509,5231,16
4510,4700,4
4510,5584,25
4511,5880,33
4512,4651,3
4512,5139,14
4512,5368,19
4512,5434,21
4513,4702,4
4513,4885,8
4513,5017,11
4514,4888,8
4514,5625,26
4515,4888,8
4515,5547,24
4516,5287,17
4517,5989,36
4518,5480,22
4518,5849,32
4518,5885,33
4519,5067,12
4520,4660,3
4520,4806,6
4521,4572,1
4521,4761,5
4522,5202,15
4522,5372,19
4523,5373,19
4523,5484,22
4524,4852,7
4524,5244,16
4525,4574,1
4525,4943,9
4525,4980,10
4525,5245,16
4526,4716,4
4526,5823,31
4527,4617,2
4527,5109,13
4528,5076,12
4528,5208,15
4529,5293,17
4529,5446,21
4530,4816,6
4530,5488,22
4531,4677,3
4532,4727,4
4533,4587,1
4533,5120,13
4533,5793,30
4534,4732,4
4534,5348,18
4535,4911,8
4535,5306,17
4536,4588,1
4536,4824,6
4536,4959,9
4537,5165,14
4538,4778,5
4538,5423,20
4539,4635,2
4539,4995,10
4539,5718,28
4540,4869,7
4542,4737,4
4543,8084,92
4544,4682,3
4544,4830,6
4544,5001,10
4544,5757,29
4545,4641,2
4545,4740,4
4545,4966,9
4546,4683,3
4546,5091,12
4547,4684,3
4547,5534,23
4548,4747,4
4548,5319,17
4549,4834,6
4549,6222,42
4550,4785,5
4550,4923,8
4550,5322,17
4550,5501,22
4551,4748,4
4551,4786,5
4551,5132,13
4552,6157,40
4553,7546,77
4554,5280,16
4554,5395,19
4554,5730,28
4554,6401,46
4555,5227,15
4555,5844,31
4556,4929,8
4556,5507,22
4557,5540,23
4557,5692,27
4558,4695,3
4558,6272,43
4558,7174,68
4559,4602,1
4559,5229,15
4559,6228,42
4560,4840,6
4560,5013,10
4560,5136,13
4560,6228,42
4561,4890,7
4563,5333,17
4564,4656,2
4565,4656,2
4565,4707,3
4566,4659,2
4566,5438,20
4567,4709,3
4567,4803,5
4568,4804,5
4568,5067,11
4568,5338,17
4569,4940,8
4569,5952,34
4570,5483,21
4570,5630,25
4571,4613,1
4571,4710,3
4571,4711,3
4571,4808,5
4571,4850,6
4571,4853,6
4571,4894,7
4571,4942,8
4571,4978,9
4571,5023,10
4571,5107,12
4572,4807,5
4572,5440,20
4573,5248,15
4574,4615,1
4574,5204,14
4576,4715,3
4576,4944,8
4576,5292,16
4577,4668,2
4578,5111,12
4578,5251,15
4579,4620,1
4579,4720,3
4580,4675,2
4580,5028,10
4581,5208,14
4582,5113,12
4582,5258,15
4583,4987,9
4583,5344,17
4584,4863,6
4585,4821,5
4585,4957,8
4585,5603,24
4585,5792,29
4585,5969,34
4586,4959,8
4586,5305,16
4586,5419,19
4586,5795,29
4587,5264,15
4588,5387,18
4589,4630,1
4589,5165,13
4589,5832,30
4590,4736,3
4590,5683,26
4591,4994,9
4592,4997,9
4592,5978,34
4593,4871,6
4593,5267,15
4593,5459,20
4594,5531,22
4595,4999,9
4595,5044,10
4595,7205,68
4596,5313,16
4597,7121,66
4598,5010,9
4598,5323,16
4598,6972,62
4599,5094,11
4599,5393,18
4600,5843,30
4601,6227,41
4602,4694,2
4602,5326,16
4602,6269,42
4603,5663,25
4603,6484,48
4604,5185,13
4604,6274,42
4604,7014,63
4605,5694,26
4606,5328,16
4607,4886,6
4608,5193,13
4608,5777,28
4609,4657,1
4609,5776,28
4610,4806,4
4610,4848,5
4611,4661,1
4612,4662,1
4612,4940,7
4613,4853,5
4613,4942,7
4613,6203,40
4614,5148,12
4614,6463,47
4615,4943,7
4616,4766,3
4616,4945,7
4616,5342,16
4616,5670,25
4617,4901,6
4617,5376,17
4618,5409,18
4619,4721,2
4620,4720,2
4620,4815,4
4620,4857,5
4621,5210,13
4622,5032,9
4622,5381,17
4622,5447,19
4623,4728,2
4623,5112,11
4623,5156,12
4624,5030,9
4624,5156,12
4625,4729,2
4625,4772,3
4625,5212,13
4626,4864,5
4626,5674,25
4627,4820,4
4627,5303,15
4628,4990,8
4630,5680,25
4632,5087,10
4632,5681,25
4633,4828,4
4633,4993,8
4635,4779,3
4635,5458,19
4635,5494,20
4636,4913,6
4636,5217,13
4637,5869,30
4638,4915,6
4638,5219,13
4638,6147,38
4640,5175,12
4640,5532,21
4641,5004,8
4642,5128,11
4642,5221,13
4643,4744,2
4643,6017,34
4644,5008,8
4644,5319,15
4645,4835,4
4645,4923,6
4645,4969,7
4645,5009,8
4645,5320,15
4645,5839,29
4646,4969,7
4646,5223,13
4647,4686,1
4647,4836,4
4647,5093,10
4648,6022,34
4648,6310,42
4649,5577,22
4649,6262,41
4650,5732,26
4651,5434,18
4652,5435,18
4653,5545,21
4653,5773,27
4654,5140,11
4655,4937,6
4655,6234,40
4655,6279,41
4656,4891,5
4657,5554,21
4658,5069,9
4658,5240,13
4659,4760,2
4659,5588,22
4659,5779,27
4660,4761,2
4660,4939,6
4661,4895,5
4662,5519,20
4662,5556,21
4663,4896,5
4663,4943,6
4663,5108,10
4663,5245,13
4664,4897,5
4664,5246,13
4665,4713,1
4665,4809,3
4665,5702,25
4665,5916,31
4666,5520,20
4667,4716,1
4667,5071,9
4668,5823,28
4669,4720,1
4669,4855,4
4670,4718,1
4670,4721,1
4670,5343,15
4671,4812,3
4672,5076,9
4672,5111,10
4672,5251,13
4673,4771,2
4673,4904,5
4673,5295,14
4674,4725,1
4674,4816,3
4675,4858,4
4675,5207,12
4675,5296,14
4677,4949,6
4679,4870,4
4679,5611,22
4679,6219,39
4680,4998,7
4680,5171,11
4681,5461,18
4681,6150,37
4682,5089,9
4682,5872,29
4682,5933,31
4683,4832,3
4683,4920,5
4683,4967,6
4683,5050,8
4684,5005,7
4684,5316,14
4685,4743,1
4685,4747,1
4685,5051,8
4685,6837,56
4687,4878,4
4687,6351,42
4689,5728,25
4689,6396,43
4690,5394,16
4690,5503,19
4691,5180,11
4691,5325,14
4692,5281,13
4692,5506,19
4692,5905,30
4693,5095,9
4693,5660,23
4694,5397,16
4694,6268,40
4694,6875,57
4695,5096,9
4695,5283,13
4695,7212,66
4696,5508,19
4696,7012,61
4697,5581,21
4697,6272,40
4698,4930,5
4698,5187,11
4698,6024,33
4698,6458,45
4699,5187,11
4699,6091,35
4700,5434,17
4701,5845,28
4702,4754,1
4703,5101,9
4703,5435,17
4703,5624,22
4704,6092,35
4704,6275,40
4705,5333,14
4706,5288,13
4707,4803,2
4707,4891,4
4708,5200,11
4708,5240,12
4709,4848,3
4709,4938,5
4710,4850,3
4710,5819,27
4710,5913,30
4711,4850,3
4711,4941,5
4712,5442,17
4712,5820,27
4713,4808,2
4713,5023,7
4713,5954,31
4714,5247,12
4715,5248,12
4715,5292,13
4716,5073,8
4716,5443,17
4717,4765,1
4717,4811,2
4717,4855,3
4718,4767,1
4718,4768,1
4719,4813,2
4719,4856,3
4719,4946,5
4719,5077,8
4720,4903,4
4721,5028,7
4721,5378,15
4722,5208,11
4722,5855,28
4723,4771,1
4723,5078,8
4724,5030,7
4724,5154,10
4726,4858,3
4727,5033,7
4728,4860,3
4730,5522,19
4730,6331,41
4731,4774,1
4731,6377,42
4732,4776,1
4733,5121,9
4733,5456,17
4734,4828,2
4734,5266,12
4736,5088,8
4736,5644,22
4736,6381,42
4737,4999,6
4738,5310,13
4740,4781,1
4740,4833,2
4740,5048,7
4741,4833,2
4741,5005,6
4742,5052,7
4742,5358,14
4743,5053,7
4743,5651,22
4743,6116,35
4743,6391,42
4744,4968,5
4744,6588,48
4745,4874,3
4745,5652,22
4746,5221,11
4746,6117,35
4747,6346,41
4748,5321,13
4748,5902,29
4749,5690,23
4749,6548,47
4750,4792,1
4750,5364,14
4750,5728,24
4751,5183,10
4751,6597,48
4751,6977,59
4752,5946,30
4752,6315,40
4753,4841,2
4753,5435,16
4753,5664,22
4754,5017,6
4755,4845,2
4755,6276,39
4755,6429,43
4756,5546,19
4757,5063,7
4757,5774,25
4759,4805,1
4760,5290,12
4761,4807,1
4761,5106,8
4762,5339,13
4762,6063,33
4763,5204,10
4764,5292,12
4764,5704,23
4765,4811,1
4765,4901,3
4765,5249,11
4765,5375,14
4765,5594,20
4766,5671,22
4767,5343,13
4769,5444,16
4769,5488,17
4770,4813,1
4770,4814,1
4770,4817,1
4770,4854,2
4770,4905,3
4770,4948,4
4770,5026,6
4770,5031,6
4770,5209,10
4770,5294,12
4771,5295,12
4772,5156,9
4772,5598,20
4773,5084,7
4773,5711,23
4773,6176,36
4774,6377,41
4776,5348,13
4777,4822,1
4777,5304,12
4777,5347,13
4777,5605,20
4778,4960,4
4778,5041,6
4778,6252,38
4779,5216,10
4779,6662,49
4780,4962,4
4780,5568,19
4780,6830,54
4781,4918,3
4781,4966,4
4781,5391,14
4782,5006,5
4782,5427,15
4783,5050,6
4783,5128,8
4784,4921,3
4784,5130,8
4784,6390,41
4784,6967,58
4785,4923,3
4785,4969,4
4785,5223,10
4786,5321,12
4786,5657,21
4787,4836,1
4787,4925,3
4787,5093,7
4787,6188,36
4788,5179,9
4788,5659,21
4789,4971,4
4789,5468,16
4789,6631,48
4790,5012,5
4790,5467,16
4790,5842,26
4791,5503,17
4791,5729,23
4793,5060,6
4793,6089,33
4793,6353,40
4794,5137,8
4795,5620,20
4795,6231,37
4796,5880,27
4796,5948,29
4797,5548,18
4797,7178,63
4798,4890,2
4798,5329,12
4798,5988,30
4799,5330,12
4799,5695,22
4800,4846,1
4800,6356,40
4801,5104,7
4802,5288,11
4802,5401,14
4802,5438,15
4803,4938,3
4803,5065,6
4804,4847,1
4804,4893,2
4804,5196,9
4806,4939,3
4806,5019,5
4807,5241,10
4807,5781,24
4808,4978,4
4808,5916,28
4809,4900,2
4809,5341,12
4809,7142,62
4810,4854,1
4810,5074,6
4810,5250,10
4810,5784,24
4811,4983,4
4811,5377,13
4813,4854,1
4813,5077,6
4813,5254,10
4814,5294,11
4814,5827,25
4815,4903,2
4815,4984,4
4816,5154,8
4817,4859,1
4817,5031,5
4817,5080,6
4818,4865,1
4818,4953,3
4818,5215,9
4818,5790,24
4819,4865,1
4820,5712,22
4821,4867,1
4821,5419,14
4821,5795,24
4822,5526,17
4822,6300,38
4823,4991,4
4823,5038,5
4823,6009,30
4825,5265,10
4825,5306,11
4827,4993,4
4827,6143,34
4828,5040,5
4828,5530,17
4829,5351,12
4829,5565,18
4829,7616,73
4830,5497,16
4830,6580,46
4831,4919,2
4831,5004,4
4831,5650,20
4832,4967,3
4832,5047,5
4832,5176,8
4833,5127,7
4834,5318,11
4834,6020,30
4834,6968,57
4835,5131,7
4835,5272,10
4835,6970,57
4836,5055,5
4837,5010,4
4837,5178,8
4838,8533,99
4839,4882,1
4839,5182,8
4840,5733,22
4841,5737,22
4842,5511,16
4842,5544,17
4842,6162,34
4843,5138,7
4843,6190,35
4844,5016,4
4844,5623,19
4845,5398,13
4846,6848,53
4847,5196,8
4848,5019,4
4848,5066,5
4849,5555,17
4849,5629,19
4849,5816,24
4849,6318,38
4850,4941,2
4851,5519,16
4851,5820,24
4852,5022,4
4852,5590,18
4853,4978,3
4853,5953,28
4854,4946,2
4854,5026,4
4854,5110,6
4855,4903,1
4855,4983,3
4856,4902,1
4856,5153,7
4856,6004,29
4857,4984,3
4857,5447,14
4858,5078,5
4858,5207,8
4859,4905,1
4859,4907,1
4859,4950,2
4859,5080,5
4859,5673,20
4859,5709,21
4860,5113,6
4860,5156,7
4861,4986,3
4861,5115,6
4861,5157,7
4861,5637,19
4862,5383,12
4863,4951,2
4863,5965,28
4863,6070,31
4864,5300,10
4865,5416,13
4866,5215,8
4866,5455,14
4866,5677,20
4866,5790,23
4867,5418,13
4867,5791,23
4867,5792,23
4868,5303,10
4868,5346,11
4869,4914,1
4870,6420,40
4871,4998,3
4871,5269,9
4871,5389,12
4872,4999,3
4872,5308,10
4873,5124,6
4874,4922,1
4875,5131,6
4875,5177,7
4875,5272,9
4876,5056,4
4876,5575,17
4876,5875,25
4876,6349,38
4877,5361,11
4877,6630,46
4878,5011,3
4878,6872,53
4879,5363,11
4879,6310,37
4880,4927,1
4880,5180,7
4880,5226,8
4881,5228,8
4881,5282,9
4881,6673,47
4882,5473,14
4883,5476,14
4883,5662,19
4883,5769,22
4883,6457,41
4883,7498,69
4884,5014,3
4885,5544,16
4885,5811,23
4886,5062,4
4886,5140,6
4886,5739,21
4887,5547,16
4888,4974,2
4889,5512,15
4889,6638,46
4890,5513,15
4891,5065,4
4892,5200,7
4892,5697,20
4893,5338,10
4893,5515,15
4893,5628,18
4894,5145,6
4894,5819,23
4894,6030,29
4895,5021,3
4895,5373,11
4896,5202,7
4896,5745,21
4897,4977,2
4897,5782,22
4898,5247,8
4898,5520,15
4898,5591,17
4899,5072,4
4899,5246,8
4899,5956,27
4900,5025,3
4900,5205,7
4900,6320,37
4901,5406,12
4902,4946,1
4902,5075,4
4902,5153,6
4903,5027,3
4904,4947,1
4904,5207,7
4905,5155,6
4905,5209,7
4906,5157,6
4906,5450,13
4906,5637,18
4906,5829,23
4906,6101,31
4907,4950,1
4907,5083,4
4907,5160,6
4907,5524,15
4908,4952,1
4908,5562,16
4908,5862,24
4908,6505,42
4909,5262,8
4909,5305,9
4909,5419,12
4909,5831,23
4910,5420,12
4910,5527,15
4910,5831,23
4911,5263,8
4911,5752,21
4912,5680,19
4913,5644,18
4913,6011,28
4915,5610,17
4915,6218,34
4916,5531,15
4916,6341,37
4916,6758,49
4917,5000,2
4917,5308,9
4917,6385,38
4918,5046,3
4918,5048,3
4918,5357,10
4919,5613,17
4919,6077,30
4920,5047,3
4920,5091,4
4920,5356,10
4921,5317,9
4921,5838,23
4921,6306,36
4922,5652,18
4923,5658,18
4923,5839,23
4923,6223,34
4924,5224,7
4924,5466,13
4924,5939,26
4924,7008,56
4925,6481,41
4925,7243,62
4926,5012,2
4926,5278,8
4926,5469,13
4926,5842,23
4927,5226,7
4927,5879,24
4928,5505,14
4928,5878,24
4929,5844,23
4929,6159,32
4930,6057,29
4931,5949,26
4931,6162,32
4931,6486,41
4932,4973,1
4932,5693,19
4932,6355,37
4933,5547,15
4933,6488,41
4934,5101,4
4934,5370,10
4935,5549,15
4935,6490,41
4936,5237,7
4936,5337,9
4936,5550,15
4936,5911,25
4936,6122,31
4936,6195,33
4937,5551,15
4937,6744,48
4938,5066,3
4938,5195,6
4939,5106,4
4939,5239,7
4940,5556,15
4941,5023,2
4941,5913,25
4941,5915,25
4941,6560,43
4942,5107,4
4942,6434,39
4943,5108,4
4944,5248,7
4945,5150,5
4946,5250,7
4947,5207,6
4947,5252,7
4947,5378,10
4948,5031,2
4948,5254,7
4950,4985,1
4950,5079,3
4950,5117,4
4950,5155,5
4950,5160,5
4950,5415,11
4950,5524,14
4951,5260,7
4951,6070,29
4952,5384,10
4952,5676,18
4952,7267,62
4953,5301,8
4953,5416,11
4953,5452,12
4954,5454,12
4954,5865,23
4954,5867,23
4954,5968,26
4955,5456,12
4955,5866,23
4956,4990,1
4956,5120,4
4956,5867,23
4957,5164,5
4957,5795,21
4958,5603,16
4959,5387,10
4960,5266,7
4960,6789,49
4961,5169,5
4961,5218,6
4961,6011,27
4962,5169,5
4962,5353,9
4962,6830,50
4963,5311,8
4963,5835,22
4963,5872,23
4963,6255,34
4964,5172,5
4964,5173,5
4964,6076,29
4965,5312,8
4965,6445,39
4965,6623,44
4966,5004,1
4966,5499,13
4967,5314,8
4967,5533,14
4968,6078,29
4970,5132,4
4970,5574,15
4971,7544,68
4971,7839,76
4972,5432,11
4972,6483,40
4973,5510,13
4974,5547,14
4974,5625,16
4975,5478,12
4976,5104,3
4976,5403,10
4977,5630,16
4977,5782,20
4978,5998,26
4978,6237,33
4978,6679,45
4979,5244,6
4979,5701,18
4980,5247,6
4980,5374,9
4981,5149,4
4981,5342,8
4981,5670,17
4981,6128,30
4982,5109,3
4982,5592,15
4982,5703,18
4982,5823,21
4983,5027,1
4983,5445,11
4984,5027,1
4984,5253,6
4985,5034,1
4985,5036,1
4985,5085,2
4985,5114,3
4985,5211,5
4985,5213,5
4985,5256,6
4985,5453,11
4985,5490,12
4985,5864,22
4986,5257,6
4986,5489,12
4986,6102,29
4988,5035,1
4988,5116,3
4988,5161,4
4988,5259,6
4988,6105,29
4988,6208,32
4989,5163,4
4989,5601,15
4990,6040,27
4990,6108,29
4991,5086,2
4991,5970,25
4992,5529,13
4992,5640,16
4993,5530,13
4993,6251,33
4994,6828,49
4995,5495,12
4995,6790,48
4996,5610,15
4997,5388,9
4997,5899,23
4998,5612,15
5000,5496,12
5000,6148,30
5000,7119,57
5001,5310,7
5001,5872,22
5002,5090,2
5002,5310,7
5003,5045,1
5003,5220,5
5003,6151,30
5003,6668,44
5004,5901,23
5005,5127,3
5005,5428,10
5006,5652,16
5006,5803,20
5007,5272,6
5007,5804,20
5008,5177,4
5008,5465,11
5008,5985,25
5009,5320,7
5010,6452,38
5011,5056,1
5012,5277,6
5012,5615,15
5013,5185,4
5013,5285,6
5014,5186,4
5014,5327,7
5015,5585,14
5015,5621,15
5015,5736,18
5015,5845,21
5016,5233,5
5017,5811,20
5018,5329,7
5018,7178,58
5019,5199,4
5019,5239,5
5020,5069,1
5020,5698,17
5020,6433,37
5021,5201,4
5021,5242,5
5021,5993,25
5022,5440,10
5022,6032,26
5023,6096,28
5024,5292,6
5024,5486,11
5024,5704,17
5025,5075,1
5025,5151,3
5025,5487,11
5026,5827,20
5026,6098,28
5027,5253,5
5028,5296,6
5029,5293,6
5029,6035,26
5030,5448,10
5030,5559,13
5031,5382,8
5031,5411,9
5031,5449,10
5031,6241,32
5032,5561,13
5033,5383,8
5034,5523,12
5034,5890,22
5035,5259,5
5035,5708,17
5035,5860,21
5036,5085,1
5036,5213,4
5036,5261,5
5036,5345,7
5036,6536,40
5037,5120,2
5037,5454,10
5037,5867,21
5038,5121,2
5038,6009,25
5039,5122,2
5039,5264,5
5039,5926,23
5040,5266,5
5040,5608,14
5040,5682,16
5041,5423,9
5041,6215,31
5041,6577,41
5042,5267,5
5042,5424,9
5042,5645,15
5042,6383,35
5043,6150,29
5043,6341,34
5044,6012,25
5044,6149,29
5045,5172,3
5045,6151,29
5045,6443,37
5046,5125,2
5046,5391,8
5046,5462,10
5047,5126,2
5047,5356,7
5048,5127,2
5048,5426,9
5049,5571,13
5049,5936,23
5049,5983,24
5050,5533,12
5050,5572,13
5051,6116,28
5051,6448,37
5052,6017,25
5052,6477,38
5052,6624,42
5053,5130,2
5053,5651,15
5053,6048,26
5054,5322,6
5054,5392,8
5054,5501,11
5054,6547,40
5055,5092,1
5055,5840,20
5055,6188,30
5056,6260,32
5056,6453,37
5057,5538,12
5057,6590,41
5058,5134,2
5059,6023,25
5059,6119,28
5060,6089,27
5060,6160,29
5060,6270,32
5062,5436,9
5062,6947,51
5063,5740,17
5063,5881,21
5064,5331,6
5064,6194,30
5065,5195,3
5066,5199,3
5066,5336,6
5067,5146,2
5067,5780,18
5068,5243,4
5068,5481,10
5068,5483,10
5069,5518,11
5069,5778,18
5070,5203,3
5070,6063,26
5071,5443,9
5071,5701,16
5072,5150,2
5072,5956,23
5073,5703,16
5073,5823,19
5073,5918,22
5074,5151,2
5074,5747,17
5074,6002,24
5075,5250,4
5075,5408,8
5076,5152,2
5077,6004,24
5077,6655,42
5078,5295,5
5079,5211,3
5079,5380,7
5080,6241,31
5080,6469,37
5081,5522,11
5081,5597,13
5081,5965,23
5082,5113,1
5082,5674,15
5083,5118,1
5083,5415,8
5083,7070,54
5084,5384,7
5084,5676,15
5084,6177,29
5085,5261,4
5085,5491,10
5085,5525,11
5085,5864,20
5086,5122,1
5086,6073,26
5087,5166,2
5087,5755,17
5087,5833,19
5088,5352,6
5088,5683,15
5088,6381,34
5089,5757,17
5089,5800,18
5089,6729,44
5090,5311,5
5090,5872,20
5091,5174,2
5091,5569,12
5092,5429,8
5092,5537,11
5094,5729,16
5094,5876,20
5095,5325,5
5095,6226,30
5096,5365,6
5096,6402,34
5097,6119,27
5097,6352,33
5098,5327,5
5098,6315,32
5099,5186,2
5099,5584,12
5099,5735,16
5100,5189,2
5100,5233,3
5100,5398,7
5100,6946,50
5101,5847,19
5101,6191,29
5102,6193,29
5103,5331,5
5103,6194,29
5103,7805,72
5104,5437,8
5104,5817,18
5104,5851,19
5105,5667,14
5105,5816,18
5105,6318,32
5106,5241,3
5106,5439,8
5107,5145,1
5107,6126,27
5109,5376,6
5109,5557,11
5110,5784,17
5110,6098,26
5111,5409,7
5111,5634,13
5112,5379,6
5112,6035,24
5113,5156,1
5113,5598,12
5113,6007,23
5114,5523,10
5114,6718,43
5115,5489,9
5115,5923,21
5115,6412,34
5116,5562,11
5116,5860,19
5116,6505,37
5117,5415,7
5117,5453,8
5118,5160,1
5118,5893,20
5118,6246,30
5119,5601,12
5119,5711,15
5120,5926,21
5120,6107,26
5121,5895,20
5122,6140,27
5123,5679,14
5124,5270,3
5124,5647,13
5125,5357,5
5125,5390,6
5125,5649,13
5126,5176,1
5126,5500,9
5126,5723,15
5127,5464,8
5128,5572,11
5128,5938,21
5129,5724,15
5129,5761,16
5129,5802,17
5129,5937,21
5130,6516,37
5130,6670,41
5131,5360,5
5131,7902,74
5132,5536,10
5132,5657,13
5133,5364,5
5133,5728,15
5133,5877,19
5133,6087,25
5134,5228,2
5134,6673,41
5135,5476,8
5135,5661,13
5135,5662,13
5135,6598,39
5136,5285,3
5136,6704,42
5136,8024,77
5137,5947,21
5138,5543,10
5138,5811,17
5139,5234,2
5141,5370,5
5141,6276,30
5141,6552,38
5142,5192,1
5142,5333,4
5144,5480,8
5144,6093,25
5144,6166,27
5144,6981,50
5145,5555,10
5145,5629,12
5146,5372,5
5146,5886,19
5147,5243,2
5147,5483,8
5147,5994,22
5147,6408,33
5148,5340,4
5148,6496,36
5149,5783,16
5149,5824,17
5149,5919,20
5150,5670,13
5151,5205,1
5151,5250,2
5152,5206,1
5152,5251,2
5152,5407,6
5153,5408,6
5153,6410,33
5153,6653,40
5153,6778,44
5154,5488,8
5154,5559,10
5155,5380,5
5155,5785,16
5156,5379,5
5156,5448,7
5157,5257,2
5157,5451,7
5157,5705,14
5158,5707,14
5158,5922,20
5158,6331,31
5159,5414,6
5159,5489,8
5159,5923,20
5159,6243,29
5159,6438,34
5160,6611,39
5161,5413,6
5161,5710,14
5161,6104,25
5162,5491,8
5162,5525,9
5162,5602,11
5162,6211,28
5163,5263,2
5163,5894,19
5165,5421,6
5165,6110,25
5166,5753,15
5166,5868,18
5166,6143,26
5167,5266,2
5167,5682,13
5167,5975,21
5167,6789,44
5168,6828,45
5169,5609,11
5171,5308,3
5171,5612,11
5172,5836,17
5173,6076,24
5173,6445,34
5174,6584,38
5174,6834,45
5175,5936,20
5176,5314,3
5176,5981,21
5177,5360,4
5178,5940,20
5178,6452,34
5179,5538,9
5179,6259,29
5179,6590,38
5180,5616,11
5181,5618,11
5181,7094,52
5183,5540,9
5183,7173,54
5184,6353,31
5184,6910,47
5185,5285,2
5186,5541,9
5186,5810,16
5186,6161,26
5187,6458,34
5188,5433,6
5188,6026,22
5188,6058,23
5188,7133,53
5189,5773,15
5189,6847,45
5190,5547,9
5190,5625,11
5190,5813,16
5190,6523,36
5191,5371,4
5191,5950,20
5193,5586,10
5193,5884,18
5194,5849,17
5194,7095,52
5195,5336,3
5196,5515,8
5197,5289,2
5197,5667,12
5197,6318,30
5197,6430,33
5198,5237,1
5198,5744,14
5198,5777,15
5199,5400,5
5200,5778,15
5200,6282,29
5201,5373,4
5201,5484,7
5201,5993,21
5202,5669,12
5203,5520,8
5203,6562,37
5205,5341,3
5205,5747,14
5206,5251,1
5206,5486,7
5206,5704,13
5206,5958,20
5207,5295,2
5207,5296,2
5208,5634,11
5209,5785,15
5209,6068,23
5211,5786,15
5211,6326,30
5212,5598,10
5213,5490,7
5213,6376,31
5213,6414,32
5214,5417,5
5214,5865,17
5214,5968,20
5214,6857,45
5216,5494,7
5216,5564,9
5217,6011,21
5218,5609,10
5218,5799,15
5218,6512,35
5219,5460,6
5219,6219,27
5220,5648,11
5220,5758,14
5220,6964,48
5221,5938,19
5221,6836,44
5222,5271,1
5222,5535,8
5222,6942,47
5223,5322,2
5224,5430,5
5224,5466,6
5224,6768,42
5225,6872,45
5226,5470,6
5226,5578,9
5226,5616,10
5226,6397,31
5227,5431,5
5227,6672,39
5229,5326,2
5229,6271,28
5229,8024,75
5230,5810,15
5231,5737,13
5231,6231,27
5232,5543,8
5232,5811,15
5232,6230,27
5233,5623,10
5234,5545,8
5234,6489,34
5235,5335,2
5235,5586,9
5235,5990,20
5236,5551,8
5236,6709,40
5237,5992,20
5238,5404,4
5238,5951,19
5238,5989,20
5239,5400,4
5239,5439,5
5240,5778,14
5241,5516,7
5241,5587,9
5242,5404,4
5242,6359,30
5243,5668,11
5243,5818,15
5244,5590,9
5244,5997,20
5245,5374,3
5245,5745,13
5246,5291,1
5246,5782,14
5247,5591,9
5249,5377,3
5249,5632,10
5249,5822,15
5252,5343,2
5253,5445,5
5253,5447,5
5253,5521,7
5253,5635,10
5254,5449,5
5254,6655,38
5255,5297,1
5255,5450,5
5255,5829,15
5255,6370,30
5256,5786,14
5256,6718,40
5257,5299,1
5257,5451,5
5258,5300,1
5258,6007,20
5259,5413,4
5259,6134,24
5260,5416,4
5260,5452,5
5260,6375,30
5261,5967,19
5261,6072,22
5262,5791,14
5262,6415,31
5262,6440,32
5263,6008,20
5264,5793,14
5265,5640,10
5265,6010,20
5267,5834,15
5268,5979,19
5268,6475,33
5269,5425,4
5269,5612,9
5269,5932,18
5270,6443,32
5271,5534,7
5271,7581,62
5272,5320,1
5273,5614,9
5273,7449,59
5274,5392,3
5274,5764,13
5274,6547,35
5275,5430,4
5275,5574,8
5275,6795,42
5276,6394,30
5276,6453,32
5276,6735,40
5277,5467,5
5277,6084,22
5277,6671,38
5278,5469,5
5278,5806,14
5278,5842,15
5279,5324,1
5279,5393,3
5279,5904,17
5280,6874,44
5280,7093,50
5280,8399,85
5281,5987,19
5281,6907,45
5282,6771,41
5283,6402,30
5283,6703,39
5283,9175,108
5284,5946,18
5284,6023,20
5284,6052,21
5285,7014,48
5286,5399,3
5286,5740,12
5286,6233,26
5286,6802,42
5288,5334,1
5289,5402,3
5289,6027,20
5289,7293,55
5290,5588,8
5290,5698,11
5290,5995,19
5291,5485,5
5291,5821,14
5291,5956,18
5293,6035,20
5293,6066,21
5294,6068,21
5294,6466,32
5296,5378,2
5297,5560,7
5297,5672,10
5297,6293,27
5298,5522,6
5298,5636,9
5298,6100,22
5298,6567,35
5299,5596,8
5299,6037,20
5299,6102,22
5300,5674,10
5301,5790,13
5301,6244,26
5301,6335,28
5302,5453,4
5302,5864,15
5302,6471,32
5302,6786,41
5303,5712,11
5303,6039,20
5304,5350,1
5304,5527,6
5304,6139,23
5305,5387,2
5305,5420,3
5306,5752,12
5306,6010,19
5307,6379,29
5307,6662,37
5308,6148,23
5309,5497,5
5310,5872,15
5311,6115,22
5311,6304,27
5312,5722,11
5312,6152,23
5312,7358,56
5313,5613,8
5313,6388,29
5313,6697,38
5313,7689,64
5314,6220,25
5314,6587,35
5315,5358,1
5315,5570,7
5315,6448,31
5316,5428,3
5316,5534,6
5316,7239,53
5317,5724,11
5317,5761,12
5317,6019,19
5318,6117,22
5318,7088,49
5319,5465,4
5319,6346,28
5320,5804,13
5321,5762,12
5322,6080,21
5323,7394,57
5324,6050,20
5324,6396,29
5325,5616,8
5325,6519,33
5326,5474,4
5326,6268,26
5327,6161,23
5328,5909,16
5329,6192,24
5329,7178,51
5330,5775,12
5332,5478,4
5332,5950,17
5334,5401,2
5334,5848,14
5335,5815,13
5335,6028,19
5336,5400,2
5337,5553,6
5337,6059,20
5337,6283,26
5338,5780,12
5338,5912,16
5339,5442,3
5339,6063,20
5339,6095,21
5339,6127,22
5339,6201,24
5340,5484,4
5340,6461,31
5341,5702,10
5341,6498,32
5342,5671,9
5342,5824,13
5343,5378,1
5344,6331,27
5345,5967,17
5345,6536,33
5345,6571,34
5346,5866,14
5346,6039,19
5347,6139,22
5347,6300,26
5349,5639,8
5349,5678,9
5349,5713,10
5349,7155,50
5350,5386,1
5350,5605,7
5350,5832,13
5351,5930,16
5351,6043,19
5352,5566,6
5352,5898,15
5352,6829,41
5353,5609,7
5353,5931,16
5353,6664,36
5353,7079,48
5353,7618,61
5354,5719,10
5354,5978,17
5355,5871,14
5355,5979,17
5355,6579,34
5356,5500,4
5356,5569,6
5356,5873,14
5356,6344,27
5357,5426,2
5357,6585,34
5358,6477,31
5358,6586,34
5359,5653,8
5359,5761,11
5359,5937,16
5359,6258,25
5360,5985,17
5360,6479,31
5361,5659,8
5361,7044,47
5362,7329,54
5362,8341,81
5363,5843,13
5363,7049,47
5364,5690,9
5365,5471,3
5366,5475,3
5367,6597,34
5368,5880,14
5369,6092,20
5370,6191,23
5370,7016,46
5371,6356,27
5372,5669,8
5372,6236,24
5374,5591,6
5374,5745,10
5375,5405,1
5375,5594,6
5375,5822,12
5376,5406,1
5376,5746,10
5377,5445,2
5377,5558,5
5379,5448,2
5379,6290,25
5380,6326,26
5380,6371,27
5381,5410,1
5381,5561,5
5381,6373,27
5382,5858,13
5382,5962,16
5384,6176,22
5384,7825,66
5385,5602,6
5385,5678,8
5385,6211,23
5385,7155,49
5386,5527,4
5386,5680,8
5388,5645,7
5388,6862,41
5389,5459,2
5389,5932,15
5389,6185,22
5390,5462,2
5390,5498,3
5390,5649,7
5390,5935,15
5390,6476,30
5391,5499,3
5391,6015,17
5392,5573,5
5392,6080,19
5393,5876,13
5393,6086,19
5394,5878,13
5394,6263,24
5395,6874,41
5396,5617,6
5396,5944,15
5396,6189,22
5396,8197,76
5397,6737,37
5397,7400,55
5397,7552,58
5398,5623,6
5398,6429,28
5399,5882,13
5399,6193,22
5400,5552,4
5400,5627,6
5401,6198,22
5401,6743,37
5402,5553,4
5402,6358,26
5402,7018,45
5403,5817,11
5403,5952,15
5404,6460,29
5405,5853,12
5405,6169,21
5405,6564,32
5406,5594,5
5406,6000,16
5407,5958,15
5407,6499,30
5408,5487,2
5408,5888,13
5409,5855,12
5410,5447,1
5410,5635,6
5410,6411,27
5411,5449,1
5411,5962,15
5411,6292,24
5412,5708,8
5412,5860,12
5412,5892,13
5412,6467,29
5413,5638,6
5413,6295,24
5414,5863,12
5414,5923,14
5414,6138,20
5414,7151,48
5415,6507,30
5417,6071,18
5417,6787,38
5417,6954,43
5418,5677,7
5418,6106,19
5418,6785,38
5419,5791,10
5420,5831,11
5421,5796,10
5422,5493,2
5422,6042,17
5423,6379,26
5424,5834,11
5424,5870,12
5425,5496,2
5425,6148,20
5425,7204,49
5426,5464,1
5426,7796,64
5427,5803,10
5427,5983,15
5428,5464,1
5428,7122,47
5429,5902,13
5429,6156,20
5430,5939,14
5431,5879,12
5431,6906,41
5432,5618,5
5432,7172,48
5433,5949,14
5433,6120,19
5433,6486,29
5433,6674,34
5433,7133,47
5434,5584,4
5434,5880,12
5434,5948,14
5435,5477,1
5436,7405,54
5437,5883,12
5437,6553,31
5438,5779,9
5438,6198,21
5439,5587,4
5439,5627,5
5440,5781,9
5440,6557,31
5441,5591,4
5441,5631,5
5441,5745,8
5441,6168,20
5442,6713,35
5443,5918,13
5443,5997,15
5444,5671,6
5444,6324,24
5445,5633,5
5446,6034,16
5446,6066,17
5448,5921,13
5449,5828,10
5450,6101,18
5450,6293,23
5451,5596,4
5451,5961,14
5452,6207,21
5452,6244,22
5453,6507,29
5454,5865,11
5454,6107,18
5455,5792,9
5455,5969,14
5456,5895,12
5456,6416,26
5457,5495,1
5457,5756,8
5457,7534,56
5458,5494,1
5458,5718,7
5458,6418,26
5458,6442,27
5458,6725,35
5459,5720,7
5459,5834,10
5459,6185,20
5459,6474,28
5460,6475,28
5460,6543,30
5461,5497,1
5461,6580,31
5462,5980,14
5462,6015,15
5463,6834,38
5463,7121,46
5464,6153,19
5465,5654,5
5465,6425,26
5466,5502,1
5466,7544,56
5467,6840,38
5467,7284,50
5468,5689,6
5468,5841,10
5469,5576,3
5469,5615,4
5469,5726,7
5469,5765,8
5470,5578,3
5470,5766,8
5470,6225,21
5471,5619,4
5471,6402,25
5471,7128,46
5472,5808,9
5472,5944,13
5472,6875,39
5474,5945,13
5474,6271,22
5474,7909,66
5475,5732,7
5476,6635,32
5476,7498,55
5477,5624,4
5477,5664,5
5477,6487,28
5478,6741,35
5479,5697,6
5479,7664,59
5480,6747,35
5480,7590,57
5481,5554,2
5481,5818,9
5482,5517,1
5482,6093,17
5482,6166,19
5482,7060,44
5483,6319,23
5484,6202,20
5485,5782,8
5485,5852,10
5485,6362,24
5486,6033,15
5486,6365,24
5487,6288,22
5487,6320,23
5488,5595,3
5488,5921,12
5488,6324,23
5489,6296,22
5490,5890,11
5490,6928,40
5491,6072,16
5491,7999,68
5492,5753,7
5492,5868,10
5492,6111,17
5494,5977,13
5494,6338,23
5494,6724,34
5495,7790,62
5496,6578,30
5496,7039,43
5498,5935,12
5498,5980,13
5498,6046,15
5499,5901,11
5499,6343,23
5500,5685,5
5500,5900,11
5501,5688,5
5501,6223,20
5502,6700,33
5502,7008,42
5502,7544,55
5503,6263,21
5503,6311,22
5504,5539,1
5504,5843,9
5505,5905,11
5505,6398,24
5506,6518,28
5506,6907,39
5507,6159,18
5507,6352,23
5508,5808,8
5508,8059,69
5509,5583,2
5509,5907,11
5509,6979,41
5509,7177,46
5510,5693,5
5510,5947,12
5512,6317,22
5512,6404,24
5513,5988,13
5513,6404,24
5514,5666,4
5514,6357,23
5515,5743,6
5516,5781,7
5516,6124,17
5516,6711,33
5517,5914,11
5517,6167,18
5517,6601,30
5518,6031,14
5518,6433,25
5518,6559,29
5519,6061,15
5519,6235,20
5520,6287,21
5521,5633,3
5521,5635,3
5521,5854,9
5522,5597,2
5522,5922,11
5522,5965,12
5522,6331,22
5523,6175,18
5523,7885,64
5524,5709,5
5524,6611,30
5525,5864,9
5525,6471,26
5526,6935,39
5526,7113,44
5527,6417,24
5528,5606,2
5528,5639,3
5528,5713,5
5528,6336,22
5529,5607,2
5529,6112,16
5530,5608,2
5530,6690,32
5531,7442,52
5532,5874,9
5532,5936,11
5533,6587,29
5533,6625,30
5534,7123,44
5535,5686,4
5535,6870,37
5536,5574,1
5536,6392,23
5536,6450,25
5537,5763,6
5537,5840,8
5537,6156,17
5539,5691,4
5539,6399,23
5539,7287,48
5540,6595,29
5541,5770,6
5541,6025,13
5542,6057,14
5542,6550,28
5542,7176,45
5543,6190,18
5543,6912,38
5544,5622,2
5545,7015,41
5546,5772,6
5546,5813,7
5547,6488,26
5548,7405,51
5548,7804,61
5549,6357,22
5550,6195,18
5551,7943,65
5552,5814,7
5553,6278,20
5553,6642,30
5554,5776,6
5554,6197,18
5555,6030,13
5555,6406,23
5556,5952,11
5556,6235,19
5557,5592,1
5557,5746,5
5557,5917,10
5558,5632,2
5558,5633,2
5558,5889,9
5559,5921,10
5560,6005,12
5560,6370,22
5561,5707,4
5562,6105,15
5562,6247,19
5563,5607,1
5563,5681,3
5563,7569,54
5564,5976,11
5564,6338,21
5564,6662,30
5565,5643,2
5565,7077,42
5566,5643,2
5566,5683,3
5567,5931,10
5567,6541,27
5567,6999,40
5567,8486,80
5568,5869,8
5569,6584,28
5569,6966,39
5570,5982,11
5570,6586,28
5570,8049,67
5571,6078,14
5571,6447,24
5572,6625,29
5572,6763,33
5574,7976,65
5575,6453,24
5575,6735,32
5575,6839,35
5576,5726,4
5576,5806,6
5576,5943,10
5577,5727,4
5577,8893,92
5578,5942,10
5578,5986,11
5579,6771,33
5579,7288,47
5580,5661,2
5580,6088,14
5580,6596,28
5580,6908,37
5581,6273,19
5581,7131,43
5582,6057,13
5582,6739,32
5583,5947,10
5584,5948,10
5585,6488,25
5585,6675,30
5585,6740,32
5586,6524,26
5587,5850,7
5587,6124,15
5588,5699,3
5588,7415,50
5589,6127,15
5589,6201,17
5589,6648,29
5589,6880,36
5590,6032,12
5590,6602,28
5591,6168,16
5591,6287,19
5592,5703,3
5592,5999,11
5593,5747,4
5593,6002,11
5593,6435,23
5593,6563,27
5594,6564,27
5595,5826,6
5595,6170,16
5596,5748,4
5596,5857,7
5596,6006,11
5596,6037,12
5597,5787,5
5597,5788,5
5597,6100,14
5597,6821,34
5599,6377,21
5599,7151,43
5600,5789,5
5600,6071,13
5600,6954,38
5600,7033,40
5601,5894,8
5601,6210,17
5602,6178,16
5602,7999,65
5603,5969,10
5604,5679,2
5604,7113,42
5605,6110,14
5606,5641,1
5606,5715,3
5606,6722,31
5606,6756,32
5606,6891,36
5606,7647,55
5607,6612,28
5608,5716,3
5608,6936,37
5609,7079,41
5610,6218,17
5611,6420,22
5611,6543,26
5611,6694,30
5612,6148,15
5613,6794,33
5614,5655,1
5614,6347,20
5615,5903,8
5615,6084,13
5616,5986,10
5616,6051,12
5616,6265,18
5617,6400,21
5617,6976,38
5617,8470,78
5618,8609,82
5619,6673,29
5619,7767,58
5620,6316,19
5620,7365,48
5621,6522,25
5621,6675,29
5621,6799,33
5622,5811,5
5622,5949,9
5622,6162,15
5624,5847,6
5624,6707,30
5626,5991,10
5626,6028,11
5626,6060,12
5627,5814,5
5627,5850,6
5628,5743,3
5628,5912,8
5628,6805,33
5629,6126,14
5629,6850,34
5630,6319,19
5631,5700,2
5631,5996,10
5631,6528,25
5632,5957,9
5632,6129,14
5633,5825,5
5634,5855,6
5635,6069,12
5636,5706,2
5636,5960,9
5636,7640,54
5637,6412,21
5637,6609,27
5638,6104,13
5638,6295,18
5638,6333,19
5639,6472,23
5639,7316,46
5640,6112,13
5640,6473,23
5641,5715,2
5641,5754,3
5641,5972,9
5642,5927,8
5642,6723,30
5642,6957,37
5642,7892,61
5643,5898,7
5644,6512,24
5645,6146,14
5646,6385,20
5646,7205,43
5646,8261,71
5647,6443,22
5647,7001,38
5648,5760,3
5648,6013,10
5648,7756,57
5649,6585,26
5649,7939,62
5650,5901,7
5650,6077,12
5650,6446,22
5651,6515,24
5651,6670,28
5652,6018,10
5653,5725,2
5653,6079,12
5653,6258,17
5653,7087,40
5654,6221,16
5654,6346,19
5654,6764,31
5655,6222,16
5655,7760,57
5656,5985,9
5656,6425,21
5656,6479,23
5656,8051,65
5657,5686,1
5657,6450,22
5658,5839,5
5658,6838,33
5658,7975,63
5659,6259,17
5659,7543,51
5660,6226,16
5660,6483,23
5661,6635,27
5661,7011,38
5662,7013,38
5662,7401,48
5663,6705,29
5664,5737,2
5664,7134,41
5665,5910,7
5665,6801,32
5665,8201,69
5666,6490,23
5667,6431,21
5667,6849,33
5668,5994,9
5668,6360,19
5668,6525,24
5669,5700,1
5669,5745,2
5670,5956,8
5671,6097,12
5672,5856,5
5672,6005,9
5672,7106,40
5673,5830,4
5673,6469,22
5674,6007,9
5675,5924,7
5675,6176,14
5675,7311,45
5676,5862,5
5676,6658,27
5677,5751,2
5677,5792,3
5678,6109,12
5678,6178,14
5679,5794,3
5680,5832,4
5681,5833,4
5681,7525,50
5682,5716,1
5682,5927,7
5684,6047,10
5684,6940,35
5684,7166,41
5684,8362,73
5685,5723,1
5685,6345,18
5685,7627,52
5686,6627,26
5687,5762,2
5687,6969,36
5688,6082,11
5688,6547,24
5688,6699,28
5689,6395,19
5689,7090,39
5690,5877,5
5691,7171,41
5691,7586,51
5692,5731,1
5692,6595,25
5692,7766,56
5693,6846,32
5693,6979,36
5694,6316,17
5695,5775,2
5695,6639,26
5696,6277,16
5696,7216,42
5697,6282,16
5697,7056,38
5698,6647,26
5699,5779,2
5699,6200,14
5699,7098,39
5700,5745,1
5700,6236,15
5701,5997,8
5702,5954,7
5702,7141,40
5703,6204,14
5705,5829,3
5705,5961,7
5705,6566,24
5706,6100,11
5706,6436,20
5706,6681,27
5707,6373,18
5707,6567,24
5708,6134,12
5708,6329,17
5709,5830,3
5709,8244,69
5710,5861,4
5710,6208,14
5710,6719,28
5711,6177,13
5711,6210,14
5712,5863,4
5712,6470,21
5713,6109,11
5713,6756,29
5714,6111,11
5714,6179,13
5714,6538,23
5715,5797,2
5715,5971,7
5715,6181,13
5715,6892,33
5715,8001,62
5716,6302,16
5716,6539,23
5717,5928,6
5717,6216,14
5717,6380,18
5717,6616,25
5718,6790,30
5718,7162,40
5719,5869,4
5719,6217,14
5720,6666,26
5720,6727,28
5720,7163,40
5721,5835,3
5721,6186,13
5721,6255,15
5721,6961,35
5722,6016,8
5722,6047,9
5722,7166,40
5723,5981,7
5723,7691,53
5724,5838,3
5724,7491,48
5725,6155,12
5725,6626,25
5725,6732,28
5726,5765,1
5726,5766,1
5726,5942,6
5726,5943,6
5726,6085,10
5726,6225,14
5727,6769,29
5727,7629,51
5727,7734,54
5728,5807,2
5729,6311,16
5729,6702,27
5730,7288,43
5731,6266,15
5733,6228,14
5734,6056,9
5734,6599,24
5734,8641,80
5735,5810,2
5735,5948,6
5736,6428,19
5736,6799,30
5736,7663,52
5737,6913,33
5738,5772,1
5738,5813,2
5738,6523,22
5738,6551,23
5739,6489,21
5739,6947,34
5740,5910,5
5741,5775,1
5741,6948,34
5741,7875,58
5742,6060,9
5742,6281,15
5742,6676,26
5743,6742,28
5744,5992,7
5744,6125,11
5744,6643,25
5746,6000,7
5746,6364,17
5747,6498,21
5748,6036,8
5748,6174,12
5748,6656,25
5749,6244,14
5749,6335,16
5749,6506,21
5749,7266,42
5750,6209,13
5750,6299,15
5750,6685,26
5750,6686,26
5751,5790,1
5751,6335,16
5751,6785,29
5752,6008,7
5752,7228,41
5753,5833,2
5753,6572,23
5754,5896,4
5754,6181,12
5755,6143,11
5756,5930,5
5756,6959,34
5757,6580,23
5757,7164,39
5758,6013,7
5758,6256,14
5758,6668,25
5759,5934,5
5759,6963,34
5759,7655,51
5759,7836,56
5760,5934,5
5760,6581,23
5760,6582,23
5761,6546,22
5762,5902,4
5762,7797,55
5763,6081,9
5763,6971,34
5763,7242,41
5764,6157,11
5764,7043,36
5765,5903,4
5765,6158,11
5766,5942,5
5767,6089,9
5767,6270,14
5767,6978,34
5767,7175,39
5768,6457,19
5768,6876,31
5769,6739,27
5769,7013,35
5770,5810,1
5770,5906,4
5771,6026,7
5771,6058,8
5771,6520,21
5771,6798,29
5772,6232,13
5773,7015,35
5773,7499,47
5774,5881,3
5775,7053,36
5775,7054,36
5775,7844,56
5776,6641,24
5777,5884,3
5777,6643,24
5778,6031,7
5778,6493,20
5778,6748,27
5779,6285,14
5780,5886,3
5780,6526,21
5781,6950,33
5782,6319,15
5782,6362,16
5783,5887,3
5783,5920,4
5783,6497,20
5784,6002,6
5784,6205,12
5785,6371,16
5785,7598,49
5786,6718,26
5786,7472,46
5787,6374,16
5787,6821,29
5787,7884,57
5788,5965,5
5788,6070,8
5789,6038,7
5789,7713,52
5789,7923,58
5791,6106,9
5793,5926,4
5794,6040,7
5794,6934,32
5794,7113,37
5796,6110,9
5797,5971,5
5797,6113,9
5797,6827,29
5798,6144,10
5798,6418,17
5798,6725,26
5798,6998,34
5799,6339,15
5799,6381,16
5799,7079,36
5800,5933,4
5800,6896,31
5800,6960,33
5801,5935,4
5801,6046,7
5801,6476,19
5801,7625,49
5802,6257,13
5802,6305,14
5802,7491,46
5803,5837,1
5803,6018,6
5805,6348,15
5805,6393,16
5805,6700,25
5805,8195,65
5806,6634,23
5806,7048,35
5807,6087,8
5807,6396,16
5807,7047,35
5808,6312,14
5808,9422,101
5809,6273,13
5809,6484,19
5809,7131,37
5811,6120,9
5812,6403,16
5812,7214,39
5812,8234,66
5814,6163,10
5815,5990,5
5815,6677,24
5815,6803,28
5816,6406,16
5816,6431,17
5817,6555,21
5817,6807,28
5818,6197,11
5818,6525,20
5819,7666,50
5819,7981,59
5820,6061,7
5820,6713,25
5821,5852,1
5821,6363,15
5821,6649,23
5822,5957,4
5822,6169,10
5824,5887,2
5824,6097,8
5825,5854,1
5825,5889,2
5825,6065,7
5826,5921,3
5826,6003,5
5826,6323,14
5827,6098,8
5827,6466,18
5828,6292,13
5828,6327,14
5828,6655,23
5829,8140,63
5830,7111,36
5830,7518,46
5831,6415,16
5831,6417,16
5831,6688,24
5832,6110,8
5833,6993,33
5834,6474,18
5835,5872,1
5835,5933,3
5836,6076,7
5836,6151,9
5836,6445,17
5836,6965,32
5836,7002,33
5837,5983,4
5837,6078,7
5838,6967,32
5838,7491,45
5839,6970,32
5840,7242,39
5840,8569,75
5841,6631,22
5841,7009,33
5841,7090,35
5842,6049,6
5842,6634,22
5842,7169,37
5843,7287,40
5844,6672,23
5844,7289,40
5845,6428,16
5846,6800,27
5846,7214,38
5847,6773,26
5847,7588,47
5848,6743,25
5848,6915,30
5849,6747,25
5849,6804,27
5850,6163,9
5850,7332,41
5851,6553,20
5851,6807,27
5852,6529,19
5852,6917,30
5853,6409,15
5853,7188,37
5853,7597,47
5854,6069,6
5854,6369,14
5856,6131,8
5856,6716,24
5856,7821,53
5857,5961,3
5857,6006,4
5857,6680,23
5858,6132,8
5858,6241,11
5858,8699,79
5859,5963,3
5859,6294,12
5859,6468,17
5859,7068,34
5860,7032,33
5861,6104,7
5861,6209,10
5861,6685,23
5862,6247,11
5862,6930,30
5863,6754,25
5865,6248,11
5865,6439,16
5865,7270,39
5866,6416,15
5866,6687,23
5867,6108,7
5868,6251,11
5868,6757,25
5869,6830,27
5870,6383,14
5870,6474,17
5870,6618,21
5870,6693,23
5870,7232,38
5871,6384,14
5871,7234,38
5871,7387,42
5873,5900,1
5873,6344,13
5873,6422,15
5874,6447,16
5874,6623,21
5875,6118,7
5875,6839,27
5875,7451,43
5876,6592,20
5876,6702,23
5877,6087,6
5877,6548,19
5878,6398,14
5878,6905,29
5879,6397,14
5879,7211,37
5882,6233,10
5882,7017,32
5882,7367,41
5883,6029,4
5883,6196,9
5884,6524,18
5884,7019,32
5885,6709,23
5885,7590,46
5886,6236,10
5886,6361,13
5887,6001,3
5887,6465,16
5888,6288,11
5888,6410,14
5889,6129,7
5889,6534,18
5890,6175,8
5890,6294,11
5890,6468,16
5890,7562,45
5891,5963,2
5891,6133,7
5891,6413,14
5891,6990,31
5892,6330,12
5892,6610,20
5892,7032,32
5893,6378,13
5893,6611,20
5893,7643,47
5894,6008,3
5894,6824,26
5895,6009,3
5895,6933,29
5896,5972,2
5896,5973,2
5896,5974,2
5896,6041,4
5896,6956,30
5897,5930,1
5897,6043,4
5897,6895,28
5897,6959,30
5898,6044,4
5898,7077,33
5899,5978,2
5899,6862,27
5899,7618,46
5900,6345,12
5900,6731,23
5901,6864,27
5902,6480,16
5903,6308,11
5903,6350,12
5904,6050,4
5904,6086,5
5904,6454,15
5905,6518,17
5905,6873,27
5906,6025,3
5906,6053,4
5907,6229,9
5907,6911,28
5908,6458,15
5908,6877,27
5908,6945,29
5908,7587,45
5909,7214,36
5910,6802,25
5911,6122,6
5911,6283,10
5911,6916,28
5912,6526,17
5912,6805,25
5913,7810,51
5913,7981,56
5914,7060,32
5914,7139,34
5914,7557,44
5915,6096,5
5915,6560,18
5915,6881,27
5916,6679,21
5916,7142,34
5917,5999,2
5917,6364,12
5917,7100,33
5918,6204,8
5918,6603,19
5919,6128,6
5919,6497,16
5919,6816,25
5920,6001,2
5920,6604,19
5920,7027,31
5921,6099,5
5921,6290,10
5922,6567,18
5923,7427,41
5924,6377,12
5924,7268,37
5925,6106,5
5925,6785,24
5925,6856,26
5925,7566,44
5926,6140,6
5926,6439,14
5926,6659,20
5927,5975,1
5927,6539,17
5928,5977,1
5928,6338,11
5928,7202,35
5929,6828,25
5931,6145,6
5931,7931,54
5931,7967,55
5931,8115,59
5932,6793,24
5932,7204,35
5933,6961,29
5934,7206,35
5934,8819,80
5935,6046,3
5936,6447,14
5937,6079,4
5937,6257,9
5938,6763,23
5938,7005,30
5939,6795,24
5939,8302,64
5940,6157,6
5940,8397,67
5941,6309,10
5941,6841,25
5941,6872,26
5942,6085,4
5942,6224,8
5942,6261,9
5943,7048,31
5943,7397,40
5944,6312,10
5944,7552,43
5945,6268,9
5945,7331,38
5945,7632,45
5946,6052,3
5946,6053,3
5946,7052,31
5947,6979,29
5949,6120,5
5950,6356,11
5950,6741,22
5951,6460,14
5951,6492,15
5951,6745,22
5952,6555,17
5953,5998,1
5953,6203,7
5953,7811,50
5954,6096,4
5954,6530,16
5955,6062,3
5955,6409,12
5955,7222,35
5955,7597,44
5956,6128,5
5956,6649,19
5957,6321,10
5957,6464,14
5958,6365,11
5958,6921,27
5959,6005,1
5959,6067,3
5959,6370,11
5959,7599,44
5960,6436,13
5960,6820,24
5960,7191,34
5961,6500,15
5962,6132,5
5962,7474,41
5963,6854,25
5963,6991,29
5964,6295,9
5964,6333,10
5964,6504,15
5964,6568,17
5966,6133,5
5966,6334,10
5966,6413,12
5966,6822,24
5967,6932,27
5967,7782,49
5968,6108,4
5968,6787,23
5970,6009,1
5970,6073,3
5970,7854,51
5971,6249,8
5971,7962,54
5972,6180,6
5972,6722,21
5973,6213,7
5973,6575,17
5974,6181,6
5974,6337,10
5974,6573,17
5975,6893,26
5975,7892,52
5976,6215,7
5976,6253,8
5976,6577,17
5977,6616,18
5977,7653,45
5978,6217,7
5979,7234,35
5980,6583,17
5980,6622,18
5981,6220,7
5981,8225,61
5982,6448,13
5982,6866,25
5982,8193,60
5983,6078,3
5984,6154,5
5984,6155,5
5984,6426,12
5984,6626,18
5985,6425,12
5986,6224,7
5986,6456,13
5987,7094,31
5987,8022,55
5988,6192,6
5988,7215,34
5989,6492,14
5990,6123,4
5990,6524,15
5991,6803,23
5991,7020,29
5991,7096,31
5992,6122,4
5992,6165,5
5993,6202,6
5993,6359,10
5993,6495,14
5993,6646,18
5994,6432,12
5994,6558,16
5995,6647,18
5995,6750,21
5995,7415,39
5996,6236,7
5996,6361,10
5996,6494,14
5997,6462,13
5997,6602,17
5997,6603,17
5998,6531,15
5998,8544,70
5999,6204,6
5999,7813,49
6000,6564,16
6000,6650,18
6001,6238,7
6001,6289,8
6002,6064,2
6003,6099,3
6003,6366,10
6003,6565,16
6004,6653,18
6004,6819,23
6005,6716,20
6006,6174,5
6006,6240,7
6008,7568,42
6009,7315,36
6009,7480,40
6010,6473,13
6010,7228,34
6011,6512,14
6012,6832,23
6012,7205,33
6012,7935,52
6013,6581,16
6013,7389,38
6014,6046,1
6014,6386,10
6014,6544,15
6014,6621,17
6015,6343,9
6015,6622,17
6016,6152,4
6016,6387,10
6016,7040,29
6017,6588,16
6017,6868,24
6019,6306,8
6019,6546,15
6019,7240,34
6020,7088,30
6020,8162,58
6021,6393,10
6021,6700,19
6021,7167,32
6021,7544,41
6022,6309,8
6022,7764,47
6023,7129,31
6023,7213,33
6024,6054,1
6024,6876,24
6025,6161,4
6025,7052,29
6026,6674,18
6026,6706,19
6027,6358,9
6027,6430,11
6028,6803,22
6029,6491,13
6029,6708,19
6030,7408,38
6030,7666,44
6031,6094,2
6031,6777,21
6032,6557,15
6032,7593,42
6033,6463,12
6033,6851,23
6034,6499,13
6034,6953,26
6035,6172,4
6035,6290,7
6035,6565,15
6036,6328,8
6036,6717,19
6036,6886,24
6037,6570,15
6037,6656,17
6038,6298,7
6038,7313,35
6038,7677,44
6039,6470,12
6039,6687,18
6040,6212,5
6041,6180,4
6041,6213,5
6041,6250,6
6043,7616,42
6043,7832,48
6044,6829,22
6044,6997,27
6044,7077,29
6044,8386,64
6044,8456,66
6045,6144,3
6045,6419,10
6045,6998,27
6045,7078,29
6045,7576,41
6045,7897,50
6046,6514,13
6046,6544,14
6046,6545,14
6046,6583,15
6046,6621,16
6046,6669,17
6047,7358,36
6047,8563,69
6048,6391,9
6048,6516,13
6048,7006,27
6049,6351,8
6049,7169,31
6050,6517,13
6050,7047,28
6051,6456,11
6051,6593,15
6052,7129,30
6053,7052,28
6054,6458,11
6054,7050,28
6054,8025,53
6055,6089,1
6055,6229,5
6056,6772,20
6056,6945,25
6056,7587,41
6057,6090,1
6058,7176,31
6058,7403,37
6059,6195,4
6059,6278,6
6060,7096,29
6061,6199,4
6061,7061,28
6062,6815,21
6062,7099,29
6062,7703,44
6063,6562,14
6064,6205,4
6064,6435,10
6064,6714,18
6065,6369,8
6065,6534,13
6066,6172,3
6066,6953,25
6067,6171,3
6067,6779,20
6067,7599,41
6068,6988,26
6068,7598,41
6069,6130,2
6069,6411,9
6070,6375,8
6070,6821,21
6070,6887,23
6071,6857,22
6071,6992,26
6072,7782,46
6072,8808,76
6073,6140,2
6073,7346,35
6074,6114,1
6074,6142,2
6074,6301,6
6074,6508,12
6074,6614,15
6074,6661,16
6075,6254,5
6075,6541,13
6075,6999,26
6075,8423,64
6077,6423,9
6077,6794,20
6078,6588,14
6078,6899,23
6079,6869,22
6079,6941,24
6079,7087,28
6079,7282,33
6081,6156,2
6081,6698,17
6081,8430,64
6082,6451,10
6082,7043,27
6082,8091,54
6083,6735,18
6083,6839,21
6083,7125,29
6083,7732,44
6084,6308,6
6084,7659,42
6085,6158,2
6085,6455,10
6086,6592,14
6086,6701,17
6087,6591,14
6087,7801,46
6087,8341,61
6088,6549,13
6088,7290,33
6088,7551,39
6089,6845,21
6089,7051,27
6090,6739,18
6090,7176,30
6090,7403,36
6091,6458,10
6091,6485,11
6091,6877,22
6092,6801,20
6093,6749,18
6093,8898,78
6094,6286,5
6094,6559,13
6094,6952,24
6095,6201,3
6095,6713,17
6095,7140,29
6096,6814,20
6097,6324,6
6097,6465,10
6098,6205,3
6098,6239,4
6098,6367,7
6099,6565,13
6100,7884,48
6101,6609,14
6101,7337,34
6102,6296,5
6102,6570,13
6103,6135,1
6103,6297,5
6103,6783,19
6104,7339,34
6105,6208,3
6105,6823,20
6106,6440,9
6107,6439,9
6108,6212,3
6109,7609,40
6109,7679,42
6111,6572,13
6111,6689,16
6111,6757,18
6111,7115,28
6112,6612,14
6112,7197,30
6113,6142,1
6113,6249,4
6113,6301,5
6114,6214,3
6114,6508,11
6114,6859,21
6115,7001,25
6115,7754,44
6116,6515,11
6116,7693,42
6117,6836,20
6117,7901,48
6118,6733,17
6118,7761,44
6118,7977,50
6119,6844,20
6119,7213,30
6120,6230,3
6121,6234,3
6121,6279,4
6121,7769,44
6121,8756,73
6122,6710,16
6123,6677,15
6123,6808,19
6123,7368,34
6124,6284,4
6124,7332,33
6125,6165,1
6125,7219,30
6125,7412,35
6126,6434,8
6126,7220,30
6127,6562,12
6127,6812,19
6128,6649,14
6129,6321,5
6129,6853,20
6130,6369,6
6130,6820,19
6130,7191,29
6131,6372,6
6131,6753,17
6131,8210,56
6132,6608,13
6132,8142,54
6133,6242,3
6133,6607,13
6134,6295,4
6134,6657,14
6135,6334,5
6135,6822,19
6135,7341,33
6136,6334,5
6136,6413,7
6136,6991,24
6136,7342,33
6137,6245,3
6137,6299,4
6137,6685,15
6137,7995,50
6138,6438,8
6138,6754,17
6138,6855,20
6139,6417,7
6139,7196,29
6140,7346,33
6141,6179,1
6141,6538,11
6141,6825,19
6141,6890,21
6142,6614,13
6142,6827,19
6143,6251,3
6144,6183,1
6144,7576,38
6145,6664,14
6145,7536,37
6145,7967,49
6146,6383,6
6146,6862,20
6146,7438,35
6147,6218,2
6147,6219,2
6149,7935,48
6149,8084,52
6150,6580,12
6150,7164,28
6151,6964,23
6151,7002,24
6152,6623,13
6152,6835,19
6152,7040,25
6152,7323,32
6153,7122,27
6153,7692,41
6153,7796,44
6154,6426,7
6154,6478,9
6154,7124,27
6155,6187,1
6155,6628,13
6156,6480,9
6157,7906,47
6158,6350,5
6158,6632,13
6159,7289,31
6159,7497,36
6160,6353,5
6160,7291,31
6160,8199,55
6161,6315,4
6163,6949,22
6164,6405,6
6164,6640,13
6164,6746,16
6165,6710,15
6165,7371,33
6166,6601,12
6166,7590,38
6167,6556,11
6167,7022,24
6167,7139,27
6168,6528,10
6168,6812,18
6169,6464,8
6169,7188,28
6170,6323,4
6170,6324,4
6170,6465,8
6171,6206,1
6171,6368,5
6171,7223,29
6172,6565,11
6172,7064,25
6173,6291,3
6173,6372,5
6173,6753,16
6173,7639,39
6174,6325,4
6174,6717,15
6175,7424,34
6176,8908,76
6177,6658,13
6177,6755,16
6178,7524,36
6178,7679,40
6179,6689,14
6179,7156,27
6180,7526,36
6180,7745,42
6181,6892,20
6182,6540,10
6182,6576,11
6182,6614,12
6182,6661,13
6183,6418,6
6183,6958,22
6183,7653,39
6184,6254,2
6184,6542,10
6184,7278,30
6184,7385,33
6185,6793,17
6185,7163,27
6186,7388,33
6186,7725,41
6186,7899,46
6187,6424,6
6187,6732,15
6187,7393,33
6188,7243,29
6188,8569,65
6189,6312,3
6189,6976,22
6189,9458,91
6190,6355,4
6191,6774,16
6191,7588,37
6192,6637,12
6192,7874,45
6193,6459,7
6193,7367,32
6194,6639,12
6196,6553,10
6196,6708,14
6196,7181,27
6197,6554,10
6197,6641,12
6198,6285,2
6198,7407,33
6199,6235,1
6199,6645,12
6199,7500,35
6200,6527,9
6200,7415,33
6200,7914,46
6201,6810,17
6202,6461,7
6202,6561,10
6203,6434,6
6203,8313,57
6204,7302,30
6205,6239,1
6206,6752,15
6206,7029,23
6206,7851,44
6207,6244,1
6207,6375,4
6207,6887,19
6207,7266,29
6207,7517,35
6208,7034,23
6209,6719,14
6209,7314,30
6210,6755,15
6210,6824,17
6211,6471,7
6211,8549,64
6212,6787,16
6212,6934,20
6213,6660,12
6214,6574,10
6214,6858,18
6214,7074,24
6215,6252,1
6215,6691,13
6216,6511,8
6216,7202,27
6216,7383,32
6217,6830,17
6217,7618,37
6219,6543,9
6220,7490,34
6220,7728,40
6221,6449,6
6221,6837,17
6221,6901,19
6222,6968,21
6222,7731,40
6223,6699,13
6223,7975,47
6224,6633,11
6224,6736,14
6225,6397,4
6225,7397,32
6226,6519,8
6226,7872,44
6227,6266,1
6227,7631,37
6228,8024,48
6229,7051,23
6229,7457,33
6230,6674,12
6230,6912,19
6231,6913,19
6231,7365,31
6232,6551,9
6232,7366,31
6233,7736,40
6233,7843,43
6234,6744,14
6234,8269,55
6235,6555,9
6237,6531,8
6237,6679,12
6237,8670,67
6238,6533,8
6238,6604,10
6238,6883,18
6239,6322,2
6239,6714,13
6240,6325,2
6240,6680,12
6240,7261,28
6241,7823,42
6242,6332,2
6242,6822,16
6242,7264,28
6243,6296,1
6243,6438,5
6243,7150,25
6245,7429,32
6245,7780,41
6245,7824,42
6246,6378,3
6246,7070,23
6246,7958,46
6247,6823,16
6247,7035,22
6248,6857,17
6248,7270,28
6249,6613,10
6249,7889,44
6250,6441,5
6250,6660,11
6250,7526,34
6251,6690,12
6252,6789,15
6252,8252,54
6253,6338,2
6253,6691,12
6253,7202,26
6254,6792,15
6254,8681,67
6255,6304,1
6255,7899,44
6256,7001,21
6256,7389,31
6256,7754,40
6257,7282,28
6257,7324,29
6258,6546,8
6258,6732,13
6259,7362,30
6259,7545,34
6260,6349,2
6260,7284,28
6261,6455,5
6261,6633,10
6262,7091,23
6262,8893,73
6263,6905,18
6263,7170,25
6264,6797,15
6264,7398,31
6264,7978,46
6264,8465,60
6265,6519,7
6265,6593,9
6265,7363,30
6266,7766,40
6267,6594,9
6267,6737,13
6267,7399,31
6267,7400,31
6268,7400,31
6269,6875,17
6270,7291,28
6270,7364,30
6271,8170,51
6271,8199,52
6272,6314,1
6272,7131,24
6274,6910,18
6275,6801,15
6275,7553,34
6276,7768,40
6276,8402,58
6277,7911,44
6277,8403,58
6278,6358,2
6279,8440,59
6280,6492,6
6280,6600,9
6280,6745,13
6281,6980,20
6281,7096,23
6281,8472,60
6282,6748,13
6282,7137,24
6283,6642,10
6283,7556,34
6284,6711,12
6284,7295,28
6284,8757,69
6285,7098,23
6285,7182,25
6286,6813,15
6286,7025,21
6286,7062,22
6287,6562,8
6287,6812,15
6288,6605,9
6288,6985,20
6288,8207,52
6288,8275,54
6289,6323,1
6289,6465,5
6289,6533,7
6290,6565,8
6291,6654,10
6291,7030,21
6291,7601,35
6292,6924,18
6292,7474,32
6293,7106,23
6293,7337,29
6294,6854,16
6294,8507,61
6295,6781,14
6295,7108,23
6296,6927,18
6297,7341,29
6297,7565,34
6298,7152,24
6298,7343,29
6298,7923,44
6299,6686,11
6299,7780,40
6300,6935,18
6300,7196,25
6300,7960,45
6300,8548,62
6301,6613,9
6301,6858,16
6302,6826,15
6302,6936,18
6302,6955,19
6303,6421,3
6303,6578,8
6303,7039,21
6303,7654,36
6304,6759,13
6304,7754,39
6305,7281,27
6305,7324,28
6305,7447,31
6305,7491,32
6305,8158,50
6306,6390,2
6306,7730,38
6307,6348,1
6307,6629,9
6307,8018,46
6307,8195,51
6308,7089,22
6308,7762,39
6309,6841,15
6309,8232,52
6310,7049,21
6310,7764,39
6311,7170,24
6311,7330,28
6312,9496,89
6313,6457,4
6313,7498,32
6313,7942,44
6313,9377,86
6314,7012,20
6314,7174,24
6314,7873,42
6315,7052,21
6316,6403,2
6317,6638,9
6317,7215,25
6317,8308,54
6318,6850,15
6318,7293,27
6318,8237,52
6319,6408,2
6320,7142,23
6320,8275,53
6321,6532,6
6321,6920,17
6322,6367,1
6322,6651,9
6322,6652,9
6322,6715,11
6322,7190,24
6323,6366,1
6325,6818,14
6325,7104,22
6326,6923,17
6326,7472,31
6327,6819,14
6327,6924,17
6327,7105,22
6328,6683,10
6328,6925,17
6328,7778,39
6329,6467,4
6329,6657,9
6329,6682,10
6330,6467,4
6330,6503,5
6330,6610,8
6330,8177,50
6330,8376,56
6332,6783,13
6332,7192,24
6333,7339,28
6333,7604,34
6334,7269,26
6335,6889,16
6336,6891,16
6336,7316,27
6336,7783,39
6337,6573,7
6337,6956,18
6337,8041,46
6339,6381,1
6339,7320,27
6339,8115,48
6340,6513,5
6340,7080,21
6340,7233,25
6340,7354,28
6341,6758,12
6341,7164,23
6342,6384,1
6342,6896,16
6342,6960,18
6342,7387,29
6343,6864,15
6343,7280,26
6344,6966,18
6344,7084,21
6345,6762,12
6345,7626,34
6346,6837,14
6347,7449,30
6347,7760,38
6347,9170,79
6348,6767,12
6348,8530,60
6349,6427,2
6349,7451,30
6350,6796,13
6350,7089,21
6351,6841,14
6351,6872,15
6352,6844,14
6352,7497,31
6353,8438,57
6354,6520,5
6354,6798,13
6354,6911,16
6354,7132,22
6355,6846,14
6355,6912,16
6356,6848,14
6357,6490,4
6359,6460,3
6359,6879,15
6360,6432,2
6360,6525,5
6360,7461,30
6361,6407,1
6361,6526,5
6362,6408,1
6362,6529,5
6363,6816,13
6363,6917,16
6363,8135,48
6364,6650,8
6364,7187,23
6365,6751,11
6365,6851,14
6366,6533,5
6366,7102,21
6367,6466,3
6367,6652,8
6368,6779,12
6368,7306,26
6368,7851,40
6369,7260,25
6370,6779,12
6370,7817,39
6370,8140,48
6371,6923,16
6371,8105,47
6372,6716,10
6372,8348,54
6373,6411,1
6373,7640,34
6374,6780,12
6374,7065,20
6374,7265,25
6376,6928,16
6376,7310,26
6377,8245,51
6377,8589,61
6378,7380,28
6378,8481,58
6379,6577,6
6380,6511,4
6380,6692,9
6380,7861,40
6381,6512,4
6381,6829,13
6382,6665,8
6382,6726,10
6382,7617,33
6382,8602,61
6383,7536,31
6384,7723,36
6384,8260,51
6385,7119,21
6385,8814,68
6386,6619,7
6386,6730,10
6386,6897,15
6387,6696,9
6387,6867,14
6387,7166,22
6388,7121,21
6388,8460,57
6389,6626,7
6389,6900,15
6389,7086,20
6389,8016,44
6390,6516,4
6390,8194,49
6391,6449,2
6391,6837,13
6392,7903,41
6392,7976,43
6392,8052,45
6393,6767,11
6393,10968,137
6394,6590,6
6394,7245,24
6395,6904,15
6396,7047,19
6397,7802,38
6398,6873,14
6398,7550,31
6399,7210,23
6399,7586,32
6399,7803,38
6400,7092,20
6400,7248,24
6400,7980,43
6401,7093,20
6401,7128,21
6401,7288,25
6402,8538,59
6403,7365,27
6404,7215,23
6405,6554,5
6405,6641,7
6406,7292,25
6406,7408,28
6407,6494,3
6407,7183,22
6407,7501,30
6408,6558,5
6409,6564,5
6409,6650,7
6410,6605,6
6410,6778,11
6411,6820,12
6412,7427,28
6412,7476,29
6413,6991,17
6414,6536,4
6414,6784,11
6414,7310,25
6415,6688,8
6415,7036,18
6416,6933,15
6416,7521,30
6417,8073,45
6418,6724,9
6419,6663,7
6419,6937,15
6419,7721,35
6420,7442,28
6421,7235,23
6421,7578,31
6421,8850,68
6422,6731,9
6422,7084,19
6422,7237,23
6423,6446,1
6423,6898,14
6423,7757,36
6424,6943,15
6424,7759,36
6424,7869,39
6425,6764,10
6425,6765,10
6425,7361,26
6425,8051,44
6425,8164,47
6426,6589,5
6426,6628,6
6426,7582,31
6426,7940,41
6427,6734,9
6427,6871,13
6427,7284,24
6428,6485,2
6429,6946,15
6429,7768,36
6430,6849,12
6431,7292,24
6431,7910,40
6432,6809,11
6432,7299,24
6433,6647,6
6433,7465,28
6434,8444,55
6435,7028,17
6435,7144,20
6436,6606,5
6436,6885,13
6437,6504,2
6437,6568,4
6437,7107,19
6437,8280,50
6438,7340,25
6439,7154,20
6439,7271,23
6439,7676,33
6440,7036,17
6440,7566,30
6441,6995,16
6441,7432,27
6441,7610,31
6442,6725,8
6442,7162,20
6442,7966,41
6443,6668,6
6444,6514,2
6444,6669,6
6444,6695,7
6444,7236,22
6445,7358,25
6446,6864,12
6446,7446,27
6447,6835,11
6447,6899,13
6447,7323,24
6448,7693,33
6449,7006,16
6449,7325,24
6450,6627,5
6450,7903,39
6451,6699,7
6451,6944,14
6451,7838,37
6452,6972,15
6452,8397,53
6454,6517,2
6454,6701,7
6454,6902,13
6455,6632,5
6455,6903,13
6456,6736,8
6456,7127,19
6457,8500,56
6458,7587,30
6459,6914,13
6460,7217,21
6461,6496,1
6461,6882,12
6462,6919,13
6462,7636,31
6463,6496,1
6463,7101,18
6464,6532,2
6464,7506,28
6466,6988,15
6467,7379,25
6468,6928,13
6469,7518,28
6469,7823,36
6470,6754,8
6470,7344,24
6471,7853,37
6472,7155,19
6472,8000,41
6472,8701,62
6473,7197,20
6473,8351,51
6474,6727,7
6475,6728,7
6475,7234,21
6476,7939,39
6476,8393,52
6477,6624,4
6477,8160,45
6478,6589,3
6478,6900,12
6479,7902,38
6479,9489,84
6480,7797,35
6480,8430,53
6481,6974,14
6481,7546,28
6482,7209,20
6482,7546,28
6482,8092,43
6483,7172,19
6483,7872,37
6484,6705,6
6484,7873,37
6485,7663,31
6486,6550,2
6487,6707,6
6487,6800,9
6487,7134,18
6488,6523,1
6489,7015,15
6489,8401,52
6491,6708,6
6493,6777,8
6493,7334,23
6494,6528,1
6494,6678,5
6495,6561,2
6495,6646,4
6495,6982,14
6496,7063,16
6497,7027,15
6498,6563,2
6498,7141,18
6499,6921,12
6499,7145,18
6500,6566,2
6500,6680,5
6501,6780,8
6501,7065,16
6501,7307,22
6501,8449,53
6502,6683,5
6502,6925,12
6502,7031,15
6502,7922,38
6503,6569,2
6503,7110,17
6503,7515,27
6503,7886,37
6504,7604,29
6504,7674,31
6505,7032,15
6505,7267,21
6506,6889,11
6506,7226,20
6506,7779,34
6507,6786,8
6507,7070,16
6508,6858,10
6509,6615,3
6509,6788,8
6509,7073,16
6509,7275,21
6510,6957,13
6510,7433,25
6510,7682,31
6510,7892,37
6510,7963,39
6510,8517,55
6511,7076,16
6511,7435,25
6513,6666,4
6513,6727,6
6513,7441,25
6514,7355,23
6514,7900,37
6515,7868,36
6515,8749,62
6516,7359,23
6517,7045,15
6517,7395,24
6518,7495,26
6518,7907,37
6519,7842,35
6520,7403,24
6520,8400,51
6521,6599,2
6521,6799,8
6522,7366,23
6522,8098,42
6523,6740,6
6524,7368,23
6525,6554,1
6525,6746,6
6525,7555,27
6526,7183,18
6527,6881,10
6527,7098,16
6527,7810,34
6528,6648,3
6529,6558,1
6529,7221,19
6530,6814,8
6530,7141,17
6530,7416,24
6531,7509,26
6531,7706,31
6532,6984,13
6532,7637,29
6533,6922,11
6534,6853,9
6534,6986,13
6534,7260,20
6534,7776,33
6535,6652,3
6535,6715,5
6535,6987,13
6535,7421,24
6536,8147,43
6537,6686,4
6537,6720,5
6537,7071,15
6537,7153,17
6538,7115,16
6538,7347,22
6539,6723,5
6539,6955,12
6540,6573,1
6540,7116,16
6540,7348,22
6541,6792,7
6541,8741,61
6542,6665,3
6542,7617,28
6542,7932,37
6543,6728,5
6544,6619,2
6544,7392,23
6545,7625,28
6545,7900,36
6546,7759,32
6547,7043,14
6548,8341,48
6549,6770,6
6549,8304,47
6549,10002,97
6550,7133,16
6551,6675,3
6551,6740,5
6552,7016,13
6552,7251,19
6552,8402,50
6553,6644,2
6554,6746,5
6555,7500,25
6556,7139,16
6556,7807,33
6556,8310,47
6557,6950,11
6557,7770,32
6558,7299,20
6559,7062,14
6559,7465,24
6560,6881,9
6560,7810,33
6561,6811,7
6561,6882,9
6563,7028,13
6563,7505,25
6565,7102,15
6566,7147,16
6566,7377,22
6566,7422,23
6566,8140,42
6567,7640,28
6568,6781,6
6568,7066,14
6569,6782,6
6569,7109,15
6569,7563,26
6570,6927,10
6570,7067,14
6571,6932,10
6571,8147,42
6571,8512,53
6572,6993,12
6572,7856,34
6573,6892,9
6573,7348,21
6573,8076,40
6574,6615,1
6574,7073,14
6574,7200,17
6575,6660,2
6575,6956,11
6575,9223,74
6576,7116,15
6576,7483,24
6576,7649,28
6577,6662,2
6578,7204,17
6578,7578,26
6579,6938,10
6579,7387,22
6579,8188,43
6581,8714,59
6581,8819,62
6582,7206,17
6582,7756,31
6582,9004,67
6583,7322,20
6583,7392,22
6584,7238,18
6584,7690,29
6585,7796,32
6585,8459,51
6586,7540,25
6586,8160,42
6587,7490,24
6587,8161,42
6588,6899,9
6589,7042,13
6589,7326,20
6590,7545,25
6591,7126,15
6591,7661,28
6591,7801,32
6592,7285,19
6592,7549,25
6593,7127,15
6593,7246,18
6594,7454,23
6594,7632,27
6594,8976,66
6595,7173,16
6595,8167,42
6596,6635,1
6596,7551,25
6596,8168,42
6597,7129,15
6598,7011,12
6598,7401,22
6598,7456,23
6599,6945,10
6600,6806,6
6600,7135,15
6601,7022,12
6601,8236,44
6602,7593,26
6602,7636,27
6603,6919,9
6603,7302,19
6604,6852,7
6604,7143,15
6605,7709,29
6605,7775,31
6606,6681,2
6606,7148,15
6606,8645,56
6607,6990,11
6607,7264,18
6607,7954,36
6608,6926,9
6608,7474,23
6608,7602,26
6609,7476,23
6609,7673,28
6610,7110,14
6610,8070,39
6611,8244,44
6612,7569,25
6612,8037,38
6613,6994,11
6613,7229,17
6614,7348,20
6615,6860,7
6615,7074,13
6616,7437,22
6616,7861,33
6617,6726,3
6617,6831,6
6617,7486,23
6617,9101,69
6618,6727,3
6618,7386,21
6618,7441,22
6619,6833,6
6619,7755,30
6620,6760,4
6620,6963,10
6620,7836,32
6620,10109,99
6621,6730,3
6622,7280,18
6622,7322,19
6623,6835,6
6624,6868,7
6624,8363,47
6625,7004,11
6625,8161,41
6626,6869,7
6626,7087,13
6626,7124,14
6627,6870,7
6627,9294,75
6628,7393,21
6628,7695,28
6629,7007,11
6629,8432,49
6629,10030,96
6630,7044,12
6630,7394,21
6630,9013,66
6631,7839,32
6631,8571,53
6632,6796,5
6632,7168,15
6633,6903,8
6633,7010,11
6634,7871,33
6634,8689,57
6635,8540,52
6636,6707,2
6636,6800,5
6636,7553,24
6637,7215,16
6637,8308,45
6637,8575,53
6638,7053,12
6638,9086,68
6639,7054,12
6639,7805,31
6640,7055,12
6640,7097,13
6642,7018,11
6642,8405,48
6643,7019,11
6643,7412,21
6644,6807,5
6644,7023,11
6644,7181,15
6645,7023,11
6645,7061,12
6645,7462,22
6646,6879,7
6646,7058,12
6647,7913,34
6648,6678,1
6648,6812,5
6649,6816,5
6650,7222,16
6651,6714,2
6651,7190,15
6651,7259,17
6652,6988,10
6653,7149,14
6653,7471,22
6654,7103,13
6654,7639,26
6654,7883,33
6655,6819,5
6656,6886,7
6656,7067,12
6657,7108,13
6657,7425,21
6658,6930,8
6658,7345,19
6659,7154,14
6659,7346,19
6660,7432,21
6660,7718,28
6660,8283,44
6661,6859,6
6661,7649,26
6663,6791,4
6663,8042,37
6663,8357,46
6664,7438,21
6664,7618,25
6665,7385,20
6665,8769,59
6666,7233,16
6666,7577,24
6667,6832,5
6667,7620,25
6667,7935,34
6667,8744,58
6668,7001,10
6669,6730,2
6669,7082,12
6670,6967,9
6670,7868,32
6671,6840,5
6671,7244,16
6671,7659,26
6672,6906,7
6672,8343,45
6673,6771,3
6674,6846,5
6675,7366,19
6676,6980,9
6676,7095,12
6677,7459,21
6677,8203,41
6678,6880,6
6678,7501,22
6679,8867,61
6680,7147,13
6681,7744,28
6681,7884,32
6682,7379,19
6682,7425,20
6682,7820,30
6683,6886,6
6683,7991,35
6684,7152,13
6684,7225,15
6684,7343,18
6684,8108,38
6685,7339,18
6686,7153,13
6686,7227,15
6686,7314,17
6687,7344,18
6687,7521,22
6688,8073,37
6688,8877,61
6689,7274,16
6689,7481,21
6690,6757,2
6690,6936,7
6691,7038,10
6691,8252,42
6692,6894,6
6692,7076,11
6692,7161,13
6693,7386,19
6693,7687,26
6694,6728,1
6694,7442,20
6694,7751,28
6695,6962,8
6695,7355,18
6695,7624,24
6696,6865,5
6696,7208,14
6696,7540,22
6697,7973,34
6697,8460,48
6698,6971,8
6698,7450,20
6698,9011,64
6699,8825,59
6700,8856,60
6701,7285,16
6702,7330,17
6702,7549,22
6703,8166,39
6703,8538,50
6703,9532,79
6704,7014,9
6704,8170,39
6704,8438,47
6705,7130,12
6706,6798,3
6706,6846,4
6706,7250,15
6707,6773,2
6708,6742,1
6708,6775,2
6708,7057,10
6708,7737,27
6709,7943,33
6709,8236,41
6710,6916,6
6710,7414,19
6711,6950,7
6711,8130,38
6712,7026,9
6712,7592,23
6712,7915,32
6712,8173,39
6713,7061,10
6714,7144,12
6715,7305,16
6715,7470,20
6716,7599,23
6717,7104,11
6717,7778,28
6718,6989,8
6718,7672,25
6718,7885,31
6719,7034,9
6719,7478,20
6720,7112,11
6720,7227,14
6720,7522,21
6721,6825,3
6721,6890,5
6721,7273,15
6721,7715,26
6722,7745,27
6723,6957,7
6723,7527,21
6723,7827,29
6723,7890,31
6724,7653,24
6725,8291,42
6726,8520,49
6726,8558,50
6728,8260,41
6729,6758,1
6729,6960,7
6729,7164,12
6730,7082,10
6731,7003,8
6731,7626,23
6732,7759,27
6733,6766,1
6733,6839,3
6733,7125,11
6734,6840,3
6734,7244,14
6734,7658,24
6735,7245,14
6736,7010,8
6736,7396,18
6737,7765,27
6737,8197,39
6738,7290,15
6738,7698,25
6738,8437,46
6738,9596,80
6739,8267,41
6741,6848,3
6742,6805,2
6743,7407,18
6743,8062,35
6744,7591,22
6744,7943,32
6745,6806,2
6745,7217,13
6746,7097,10
6747,6981,7
6747,8691,54
6748,7334,16
6748,7944,32
6749,7060,9
6749,8030,34
6749,9206,69
6750,7913,31
6750,8239,40
6750,8836,58
6751,6921,5
6751,7257,14
6751,7303,15
6752,6817,2
6752,7741,26
6752,8869,59
6753,7601,22
6753,8798,57
6754,7826,28
6755,7345,16
6755,8482,47
6756,7609,22
6756,7745,26
6757,7481,19
6758,7442,18
6758,7723,25
6758,7751,26
6759,7793,27
6759,7899,30
6759,8086,35
6760,7445,18
6760,7971,32
6760,9937,89
6761,7083,9
6761,7207,12
6761,8192,38
6761,8716,54
6762,7539,20
6762,7627,22
6762,8298,41
6763,7004,7
6763,9168,67
6764,6901,4
6764,7361,16
6765,7327,15
6765,7361,16
6765,8528,48
6766,7905,30
6766,7977,32
6766,8637,51
6767,6973,6
6767,8752,55
6767,9636,80
6767,10115,95
6768,7544,20
6769,6904,4
6769,9702,82
6770,7551,20
6770,8097,35
6770,9376,73
6771,7767,26
6772,7402,17
6772,8025,33
6772,8641,51
6773,7404,17
6773,7553,20
6774,7016,7
6774,8501,47
6774,8831,57
6775,6805,1
6775,7057,8
6776,6809,1
6776,7059,8
6776,7298,14
6776,7502,19
6777,6952,5
6777,7947,31
6778,7471,18
6778,7709,24
6779,8104,35
6780,7426,17
6780,8508,47
6781,7108,9
6781,7514,19
6782,7110,9
6782,7642,22
6782,7675,23
6783,6822,1
6784,6991,6
6784,7342,15
6784,8147,36
6785,6889,3
6786,7853,28
6786,8380,43
6787,7430,17
6788,7201,11
6788,7648,22
6788,7784,26
6789,6893,3
6790,7790,26
6790,8081,34
6791,7535,19
6791,8153,36
6792,7278,13
6792,8996,61
6793,7487,18
6793,7792,26
6794,6898,3
6794,7689,23
6795,7976,31
6795,10668,113
6796,7548,19
6796,7660,22
6797,7092,8
6797,7248,12
6797,9084,63
6798,7177,10
6799,6877,2
6799,6945,4
6799,8098,34
6799,8306,40
6800,8471,45
6801,8026,32
6802,7843,27
6802,8201,37
6803,7459,17
6804,6980,5
6804,7095,8
6804,8691,52
6805,7057,7
6805,7183,10
6806,7135,9
6806,7411,16
6807,7500,18
6808,8203,37
6808,8238,38
6808,8542,47
6809,7461,17
6809,7464,17
6810,6880,2
6810,7140,9
6810,7634,21
6811,6982,5
6811,7063,7
6811,7300,13
6813,6918,3
6813,7301,13
6813,7504,18
6814,6881,2
6814,7950,30
6815,7222,11
6815,7916,29
6815,8943,59
6816,7027,6
6817,7029,6
6817,7638,21
6818,7261,12
6818,7743,24
6818,8410,43
6819,7149,9
6820,7640,21
6821,7265,12
6823,7034,6
6823,7644,21
6824,7568,19
6824,8482,45
6825,7156,9
6825,7608,20
6826,7274,12
6826,7481,17
6826,7527,18
6827,6892,2
6827,7348,14
6829,7320,13
6830,7618,20
6831,7619,20
6831,7862,27
6831,8680,51
6832,8658,50
6832,9689,80
6833,6897,2
6833,7488,17
6833,7623,20
6834,7690,22
6834,8299,39
6836,7005,5
6836,9260,68
6838,6970,4
6838,7904,28
6838,9412,72
6840,7284,12
6841,7169,9
6841,7585,19
6841,7871,27
6842,7210,10
6842,7696,22
6842,7803,25
6842,8753,53
6843,7171,9
6843,7586,19
6843,8498,45
6843,8783,54
6844,8266,38
6844,8305,39
6845,7051,6
6845,7175,9
6845,8344,40
6846,6912,2
6846,7250,11
6847,6946,3
6847,7499,17
6847,9203,66
6849,7910,28
6850,7220,10
6850,8309,39
6851,7101,7
6851,7303,12
6852,7027,5
6852,7374,14
6852,7417,15
6853,6920,2
6853,7742,23
6854,6990,4
6854,9509,74
6855,7340,13
6855,7606,19
6855,7826,25
6856,6889,1
6856,7226,10
6856,7888,27
6857,8146,34
6858,6994,4
6858,7200,9
6858,8002,30
6859,7074,6
6859,7381,14
6860,7037,5
6860,7275,11
6860,7570,18
6861,7116,7
6861,7117,7
6861,7230,10
6861,7483,16
6862,8330,39
6863,6962,3
6863,7120,7
6863,7624,19
6863,7864,26
6864,7795,24
6865,7579,18
6865,7656,20
6865,8049,31
6866,7085,6
6866,7656,20
6866,7693,21
6866,8159,34
6866,9333,69
6867,7040,5
6867,7540,17
6867,8160,34
6868,6899,1
6868,7323,12
6869,7086,6
6869,7729,22
6870,6942,2
6870,8823,54
6871,7451,15
6871,7541,17
6871,7658,20
6873,7495,16
6873,8021,30
6874,7091,6
6874,7247,10
6875,7552,17
6876,7050,5
6876,8500,44
6877,7663,20
6878,7179,8
6878,7252,10
6878,9049,60
6879,7217,9
6879,7460,15
6880,8615,47
6881,7847,25
6881,7914,27
6882,7063,5
6883,6922,1
6883,7143,7
6883,7816,24
6884,7103,6
6884,7376,13
6884,7512,16
6884,7883,26
6885,7148,7
6885,7191,8
6885,7953,28
6886,7641,19
6887,7265,10
6887,7517,16
6888,6929,1
6888,7429,14
6888,7824,24
6888,8842,54
6890,7347,12
6891,7647,19
6893,7571,17
6893,8252,36
6894,7436,14
6894,7831,24
6894,8151,33
6895,7319,11
6895,7832,24
6895,9137,62
6896,6961,2
6896,7863,25
6897,7082,5
6897,7390,13
6898,8047,30
6898,8929,56
6900,7124,6
6900,7326,11
6900,7492,15
6900,8493,43
6901,7325,11
6901,7974,28
6902,7045,4
6902,7285,10
6902,7452,14
6903,7168,7
6903,7453,14
6904,7090,5
6904,8534,44
6905,7550,16
6905,8095,31
6906,7211,8
6906,8497,43
6907,7907,26
6907,8022,29
6908,7011,3
6908,7290,10
6908,9596,75
6909,6978,2
6909,7175,7
6909,9703,78
6909,10003,87
6910,7014,3
6910,8438,41
6911,7177,7
6911,7457,14
6913,7134,6
6913,8234,35
6914,7367,12
6914,7805,23
6915,8062,30
6915,8611,46
6916,7556,16
6916,8100,31
6917,7221,8
6917,8315,37
6918,7025,3
6918,7186,7
6918,7704,20
6919,7594,17
6919,8204,34
6920,7637,18
6920,8506,43
6921,7375,12
6922,7102,5
6922,7420,13
6923,7818,23
6923,8138,32
6924,8243,35
6924,8672,48
6925,7822,23
6925,8375,39
6926,8107,31
6926,8142,32
6927,7150,6
6927,7603,17
6928,7068,4
6929,7429,13
6929,8179,33
6929,8675,48
6930,7035,3
6930,8246,35
6931,7196,7
6931,7959,27
6931,8548,44
6931,8990,57
6932,8281,36
6932,9131,61
6933,7315,10
6933,7998,28
6934,7430,13
6934,8325,37
6935,8325,37
6935,8383,39
6936,7481,14
6937,7576,16
6937,8357,38
6937,8556,44
6938,8084,30
6938,8333,37
6939,7655,18
6939,7727,20
6939,7836,23
6939,9962,85
6940,7208,7
6940,7357,11
6941,7729,20
6941,7867,24
6942,7581,16
6942,8090,30
6943,7041,3
6943,7240,8
6943,8462,41
6944,7870,24
6944,8091,30
6944,9109,60
6946,8863,53
6947,7405,12
6947,8401,39
6948,7017,2
6948,7054,3
6948,8027,28
6949,7332,10
6949,8171,32
6950,8614,45
6951,7024,2
6951,7058,3
6951,7297,9
6951,7335,10
6952,7025,2
6952,8132,31
6953,7064,3
6953,7145,5
6954,7430,12
6954,7713,19
6955,7527,14
6956,8284,35
6957,7963,26
6958,7437,12
6958,7576,15
6958,8556,43
6959,7319,9
6959,7534,14
6960,7723,19
6961,7388,11
6962,7236,7
6962,7794,21
6963,7206,6
6963,9692,76
6964,7356,10
6964,7756,20
6965,7356,10
6965,7358,10
6965,8563,43
6966,7238,7
6966,7972,26
6967,8663,46
6968,7360,10
6968,8162,31
6969,7449,12
6969,7797,21
6970,7902,24
6971,8265,34
6971,8463,40
6972,7394,11
6972,9299,65
6973,8530,42
6973,8570,43
6974,7243,7
6974,8973,55
6974,9300,65
6975,7249,7
6975,7496,13
6975,7697,18
6975,8782,50
6976,7980,26
6976,10587,105
6977,7129,4
6977,7173,5
6977,7213,6
6978,7364,10
6978,8539,42
6979,7250,7
6980,7294,8
6981,8898,53
6981,9177,61
6982,7058,2
6982,7335,9
6983,7059,2
6983,7372,10
6983,7502,13
6983,7558,14
6984,7506,13
6984,8580,43
6984,9384,67
6985,7881,23
6985,9430,68
6986,7146,4
6986,7742,19
6987,7470,12
6987,7598,15
6987,8581,43
6988,7421,11
6989,7224,6
6989,7472,12
6989,8478,40
6990,8800,50
6991,7068,2
6991,7310,8
6992,7033,1
6992,7477,12
6992,8146,30
6993,7525,13
6993,8215,32
6994,7431,11
6994,8594,43
6995,7528,13
6995,7746,19
6995,8417,38
6996,7317,8
6996,7482,12
6996,7529,13
6996,8004,26
6997,7616,15
6997,7832,21
6997,8422,38
6998,7750,19
6998,8291,34
6999,7687,17
6999,7967,25
7000,7620,15
7000,8389,37
7000,8487,40
7000,8744,48
7002,7356,9
7003,7237,6
7003,8489,40
7003,8924,53
7004,8492,40
7004,8890,52
7005,8566,42
7005,9168,60
7006,7359,9
7006,8429,38
7007,8395,37
7007,9041,56
7007,9336,65
7008,8302,34
7008,8856,51
7009,7286,7
7009,8571,42
7009,9906,81
7010,7453,11
7010,7662,16
7011,9497,69
7012,7130,3
7012,8059,27
7013,8200,31
7013,8267,33
7015,8235,32
7016,7699,17
7017,7736,18
7017,8439,38
7018,7293,7
7018,8786,49
7019,7368,9
7019,8063,27
7020,7459,11
7020,7878,22
7020,8667,45
7021,7180,4
7021,7295,7
7021,8834,50
7021,8865,51
7022,7409,10
7022,7807,20
7023,7296,7
7023,7500,12
7024,7254,6
7024,7335,8
7025,7984,25
7026,7099,2
7026,7255,6
7026,7703,17
7027,7559,13
7027,8135,29
7028,7814,20
7028,8505,40
7029,7223,5
7029,8031,26
7030,7103,2
7030,7262,6
7030,8033,26
7031,7564,13
7031,7822,20
7031,7956,24
7032,8070,27
7033,7923,23
7033,8480,39
7034,7926,23
7035,7644,15
7035,8807,49
7036,8072,27
7036,8877,51
7037,7158,3
7037,7318,7
7037,7681,16
7038,7202,4
7038,7383,9
7038,7829,20
7039,7119,2
7039,8222,31
7040,8363,35
7041,7730,17
7041,8194,30
7041,8365,35
7042,7283,6
7042,7940,23
7042,8264,32
7043,7906,22
7044,7543,12
7044,10113,87
7045,7547,12
7045,7583,13
7046,7126,2
7046,7584,13
7046,7661,15
7046,8828,49
7047,7395,9
7047,7801,19
7047,9456,67
7048,8689,45
7048,8974,53
7049,7287,6
7049,9173,59
7050,8541,40
7050,8938,52
7051,8060,26
7053,8307,33
7054,8439,37
7055,7136,2
7055,7665,15
7056,7137,2
7056,7664,15
7056,9115,57
7057,7737,17
7057,7739,17
7057,8028,25
7058,7460,10
7059,7254,5
7059,7413,9
7060,7845,20
7061,7140,2
7062,7301,6
7062,8312,33
7063,7101,1
7063,7466,10
7063,7595,13
7064,7102,1
7064,7420,9
7065,7744,17
7065,7884,21
7066,7514,11
7066,7819,19
7066,8280,32
7067,7603,13
7067,7641,14
7068,7310,6
7069,7429,9
7069,8179,29
7069,8323,33
7069,8450,37
7070,8380,35
7071,7347,7
7071,7479,10
7071,7522,11
7072,7114,1
7072,7645,14
7072,7680,15
7072,8074,26
7073,7648,14
7073,8039,25
7074,7570,12
7075,7118,1
7075,7159,2
7075,7276,5
7075,7382,8
7076,7831,19
7076,8078,26
7077,7616,13
7078,7721,16
7078,7897,21
7078,9828,77
7079,8115,27
7080,7354,7
7080,7441,9
7080,7791,18
7081,7165,2
7081,7235,4
7081,7724,16
7081,8603,41
7082,7236,4
7082,7444,9
7083,7279,5
7083,7938,22
7083,9138,57
7084,7972,23
7084,8121,27
7085,8157,28
7085,8662,43
7085,9232,60
7086,7448,9
7086,9007,53
7088,7901,21
7088,9903,79
7089,7660,14
7089,8665,43
7090,7286,5
7091,10060,84
7092,7978,23
7092,9239,60
7093,8166,28
7093,8538,39
7094,8468,37
7094,8609,41
7096,7878,20
7097,7555,11
7097,7665,14
7098,7945,22
7099,7597,12
7099,7705,15
7100,7187,2
7100,7813,18
7100,8206,29
7101,7467,9
7103,9058,54
7104,7743,16
7104,8946,51
7105,7149,1
7105,7920,21
7105,8672,43
7106,7821,18
7106,7887,20
7107,7378,7
7107,7674,14
7107,8035,24
7108,7990,23
7109,7642,13
7109,7673,14
7109,7887,20
7110,8949,51
7110,9128,56
7111,7605,12
7111,8244,30
7111,8844,48
7112,7520,10
7112,7567,11
7112,8415,35
7113,8325,32
7114,7198,2
7114,7680,14
7114,8247,30
7115,7856,19
7115,8149,27
7116,8076,25
7117,7160,1
7117,7230,3
7117,7749,16
7117,7893,20
7117,8354,33
7118,7277,4
7118,7350,6
7119,10574,101
7120,7321,5
7120,7391,7
7120,7865,19
7121,8299,31
7122,7239,3
7122,8015,23
7123,7239,3
7123,7581,11
7123,9233,59
7125,7328,5
7125,8637,41
7126,8127,26
7126,8892,49
7127,7396,7
7127,7840,18
7128,7767,16
7128,8538,38
7130,7873,19
7131,7873,19
7132,7457,8
7132,8400,34
7132,8830,47
7133,7176,1
7134,8471,36
7135,7333,5
7135,7406,7
7136,7458,8
7136,7700,14
7137,7944,21
7137,8441,35
7138,7218,2
7138,7983,22
7138,8503,37
7138,8613,40
7139,7557,10
7139,7701,14
7139,9461,65
7140,7462,8
7141,7505,9
7142,8867,48
7143,7374,6
7143,7774,16
7144,7259,3
7144,7814,17
7145,7375,6
7145,7420,7
7146,7670,13
7146,7776,16
7146,8276,30
7147,7261,3
7147,7952,21
7148,8374,33
7148,8447,35
7149,8870,48
7150,7340,5
7150,8071,24
7151,7427,7
7151,8245,29
7152,8804,46
7152,9243,59
7153,7479,8
7153,7781,16
7154,8148,26
7154,8213,28
7155,8549,38
7156,7274,3
7156,8038,23
7157,7199,1
7157,7526,9
7157,7609,11
7157,7745,15
7158,7349,5
7158,7570,10
7159,7317,4
7159,7434,7
7159,7613,11
7159,7828,17
7159,8004,22
7160,7749,15
7160,7787,16
7160,8077,24
7161,7436,7
7161,7861,18
7161,9033,52
7162,8081,24
7162,8740,44
7163,7577,10
7163,7792,16
7165,7235,2
7165,8085,24
7165,8118,25
7166,7208,1
7167,8857,47
7167,9081,53
7167,10968,115
7168,7548,9
7168,7763,15
7169,7871,18
7170,8095,24
7170,8342,31
7171,7631,11
7171,8167,26
7172,8609,39
7172,9144,55
7173,8198,27
7173,8305,30
7173,8498,36
7174,7212,1
7174,8059,23
7175,8499,36
7177,7250,2
7178,7804,16
7178,7874,18
7178,9812,74
7179,9050,52
7179,9114,54
7180,7877,18
7180,8370,32
7180,8726,43
7181,7296,3
7181,7737,14
7182,7407,6
7182,7945,20
7182,8941,49
7183,7739,14
7184,7982,21
7184,8238,28
7184,8542,37
7184,8612,39
7185,7557,9
7185,8694,42
7185,9018,51
7186,7373,5
7186,7504,8
7186,7596,10
7187,7222,1
7187,7916,19
7188,7506,8
7188,8136,25
7189,7257,2
7189,7303,3
7189,7304,3
7189,8066,23
7190,7305,3
7190,7560,9
7191,7260,2
7192,7264,2
7192,8986,50
7193,7225,1
7193,7338,4
7193,8108,24
7193,9026,51
7194,7226,1
7194,7779,15
7194,7993,21
7194,9850,75
7195,7312,3
7195,7607,10
7195,8989,50
7195,9186,56
7196,8073,23
7197,8037,22
7197,8416,33
7198,7857,17
7199,7610,10
7199,8075,23
7199,8764,44
7200,8039,22
7200,8623,39
7201,7482,7
7201,7529,8
7201,8183,26
7203,7231,1
7203,7277,2
7203,7652,11
7204,7487,7
7205,8658,40
7206,8774,44
7207,7445,6
7207,7971,20
7207,9450,63
7208,7579,9
7208,8013,21
7208,8564,37
7208,8927,48
7208,9167,55
7209,8533,36
7209,8858,46
7210,7287,2
7210,9173,55
7211,7802,15
7211,8861,46
7212,9175,55
7212,9422,62
7213,8305,29
7214,8471,34
7216,7911,18
7216,10063,81
7217,7411,5
7218,7369,4
7218,7809,15
7218,8099,23
7219,7371,4
7219,8131,24
7219,8172,25
7220,8444,33
7220,8728,42
7221,7299,2
7221,8064,22
7223,7599,9
7223,8695,41
7224,7672,11
7224,8034,21
7224,9091,52
7225,7519,7
7225,9184,55
7226,8321,29
7227,7520,7
7227,7780,14
7228,7568,8
7228,8351,30
7229,7431,5
7229,7889,17
7229,8214,26
7230,7612,9
7230,8076,22
7231,7351,3
7231,7382,4
7232,7536,7
7232,7687,11
7232,7967,19
7233,8560,36
7233,8656,39
7234,8260,27
7235,7578,8
7235,7934,18
7235,8712,41
7236,7688,11
7237,8121,23
7237,9037,50
7238,8048,21
7238,8391,31
7239,8968,48
7240,7730,12
7240,7759,13
7241,7283,1
7241,8227,26
7241,8366,30
7241,8493,34
7242,8265,27
7242,10079,81
7243,10967,113
7244,7542,7
7244,8196,25
7245,7545,7
7245,7732,12
7246,7363,3
7246,7840,15
7246,8368,30
7247,8399,31
7247,8436,32
7247,10060,80
7248,8470,33
7248,8895,46
7249,7698,11
7249,8437,32
7249,9875,74
7251,7699,11
7251,7844,15
7251,8785,43
7252,8723,41
7252,9050,50
7253,7554,7
7253,7877,16
7253,8369,30
7253,8726,41
7254,7297,1
7254,7333,2
7254,7370,3
7254,7372,3
7254,7413,4
7255,7705,11
7255,7915,17
7255,8788,43
7256,7373,3
7256,7468,5
7256,7773,13
7256,7951,18
7257,7375,3
7257,7774,13
7258,7305,1
7258,7468,5
7258,7560,7
7259,7560,7
7259,7707,11
7260,7953,18
7261,8241,26
7262,7473,5
7262,7601,8
7262,9273,57
7263,7423,4
7263,7989,19
7263,8069,21
7263,9782,71
7264,9059,50
7265,8508,34
7266,7779,13
7266,8143,23
7267,7825,14
7267,8070,21
7268,7311,1
7268,8377,30
7268,8589,36
7269,7341,2
7269,7342,2
7269,8212,25
7270,7676,10
7270,8145,23
7270,8146,23
7270,9027,49
7271,8148,23
7271,8379,30
7272,7523,6
7272,7716,11
7272,8350,29
7272,8515,34
7273,7608,8
7273,7961,18
7273,8181,24
7274,7717,11
7275,7681,10
7275,7784,13
7276,7350,2
7276,7530,6
7276,7828,14
7277,7382,3
7277,7894,16
7277,8186,24
7278,7932,17
7278,9285,57
7279,7866,15
7279,8190,24
7279,9075,50
7280,7795,13
7280,8191,24
7281,7491,5
7281,8364,29
7281,9727,69
7282,7867,15
7282,9006,48
7283,7326,1
7283,9630,66
7285,7800,13
7285,8055,20
7285,8340,28
7286,8534,34
7286,8688,39
7288,7767,12
7289,8343,28
7289,8640,37
7290,8304,27
7291,8169,23
7291,8199,24
7292,9204,54
7292,9267,56
7293,8442,31
7294,7879,15
7294,8472,32
7294,8691,39
7295,8130,22
7295,8576,35
7296,7462,4
7296,8271,26
7297,7333,1
7297,7460,4
7298,7413,3
7298,7461,4
7298,7738,11
7299,7464,4
7300,7335,1
7300,7466,4
7300,7702,10
7301,7773,12
7301,7949,17
7302,7594,7
7302,7813,13
7303,7467,4
7304,7374,2
7304,7774,12
7304,8175,23
7305,7419,3
7305,7469,4
7305,7507,5
7306,8104,21
7306,8618,36
7306,8839,43
7307,7744,11
7307,7777,12
7307,8762,41
7308,7424,3
7308,7672,9
7308,8034,19
7308,8697,39
7309,7822,13
7309,7956,17
7309,7989,18
7309,8069,20
7311,7675,9
7311,8908,45
7312,7997,18
7312,8322,27
7312,9751,69
7313,7343,1
7313,8548,34
7313,8676,38
7314,7478,4
7314,7781,12
7315,7480,4
7315,9645,66
7316,8000,18
7316,9247,55
7317,8003,18
7317,8040,19
7318,7349,1
7318,7572,6
7318,7614,7
7319,8455,31
7319,10017,77
7320,7931,16
7320,8386,29
7321,7443,3
7321,7864,14
7321,8223,24
7322,8191,23
7322,8224,24
7323,8363,28
7324,8158,22
7324,9006,47
7325,8429,30
7325,8528,33
7326,8493,32
7327,8164,22
7327,10203,83
7327,10860,106
7328,7732,10
7328,8230,24
7328,9870,72
7329,7584,6
7329,7661,8
7330,8342,27
7330,8535,33
7331,7909,15
7331,8610,35
7331,9085,49
7332,8757,40
7333,7406,2
7333,7411,2
7333,7589,6
7334,7947,16
7334,9147,51
7335,7372,1
7335,7702,9
7336,7600,6
7336,7711,9
7336,7988,17
7336,9125,50
7337,7673,8
7337,7887,14
7338,8587,34
7338,8733,39
7338,8906,44
7339,7995,17
7340,8144,21
7341,8590,34
7342,8147,21
7343,9184,52
7344,7826,12
7344,8381,28
7345,8246,24
7345,9188,52
7346,7854,13
7346,8213,23
7346,9063,48
7347,7678,8
7347,7715,9
7347,8149,21
7349,7381,1
7349,7614,6
7349,7786,11
7349,7830,12
7349,7927,15
7350,7573,5
7350,7894,14
7351,7384,1
7351,7484,3
7351,7532,4
7351,7652,7
7352,7439,2
7352,7619,6
7352,7862,13
7352,8257,24
7353,7386,1
7353,7441,2
7353,7791,11
7353,8681,37
7354,7440,2
7354,8359,27
7354,8560,33
7354,8769,40
7355,7538,4
7355,8605,34
7356,9039,47
7357,8362,27
7357,8774,40
7357,9167,51
7359,8194,22
7359,8567,33
7360,7731,9
7360,8891,43
7360,8932,44
7361,7974,16
7362,7543,4
7362,9142,50
7362,9340,56
7363,7842,12
7363,8780,40
7364,8058,18
7364,8169,21
7365,8234,23
7367,8439,29
7368,8542,32
7369,7876,13
7369,8270,24
7369,8833,41
7370,7413,1
7370,7589,5
7370,7665,7
7371,7414,1
7371,8668,36
7372,7503,3
7373,7418,1
7373,7504,3
7373,7507,3
7373,7849,12
7374,7917,14
7375,7816,11
7376,7671,7
7376,8795,40
7376,9058,47
7377,7513,3
7377,7952,15
7377,8317,25
7378,7955,15
7378,8280,24
7378,8948,44
7379,8106,19
7379,8376,27
7380,7643,6
7380,7925,14
7380,9244,53
7381,7570,4
7381,7649,6
7382,7434,1
7382,7484,2
7382,7531,3
7383,7435,1
7383,8452,29
7384,7485,2
7384,7533,3
7385,7791,10
7385,8681,36
7386,8423,28
7387,7863,12
7388,7752,9
7388,7863,12
7389,7793,10
7389,8714,37
7390,7444,1
7390,7623,5
7390,8011,16
7391,7538,3
7391,7624,5
7391,7970,15
7392,7755,9
7392,8224,22
7393,7869,12
7393,9335,55
7394,7870,12
7394,9493,59
7395,7583,4
7395,9456,58
7396,7662,6
7396,8094,18
7397,7802,10
7397,8974,44
7398,7494,2
7398,9084,47
7398,9375,56
7399,7765,9
7399,8165,20
7399,8976,44
7400,7632,5
7401,7633,5
7401,8200,21
7402,8938,43
7402,9202,51
7402,10004,74
7403,8267,23
7404,7588,4
7404,8026,16
7404,9112,48
7405,9048,46
7406,7458,1
7407,9116,48
7408,9267,53
7408,9306,54
7409,7591,4
7409,7943,14
7409,8236,22
7410,7769,9
7410,7808,10
7410,8756,38
7410,9240,52
7411,7460,1
7412,8063,17
7412,8131,19
7413,7665,6
7414,8029,16
7414,8100,18
7415,8836,40
7416,7505,2
7416,7950,14
7416,9054,46
7417,7559,3
7417,7772,9
7417,7917,13
7418,7469,1
7418,7507,2
7418,7849,11
7419,7470,1
7419,7511,2
7420,7816,10
7421,7598,4
7422,7513,2
7422,9123,48
7423,7919,13
7423,8585,32
7423,9348,55
7424,7562,3
7424,7885,12
7425,7990,15
7425,8985,44
7426,8449,28
7426,8674,35
7426,8801,39
7427,8843,40
7428,7852,11
7428,7997,15
7428,8322,24
7428,8378,26
7429,8648,34
7429,9028,45
7430,8991,44
7431,7646,5
7431,8650,34
7432,7528,2
7432,8596,32
7433,8111,18
7433,8353,25
7433,8707,36
7434,7613,4
7434,7719,7
7435,8078,17
7435,8251,22
7436,8555,31
7436,9758,66
7437,7653,5
7437,9134,48
7438,7536,2
7438,8330,24
7439,7722,7
7439,7834,10
7439,9833,68
7440,8359,25
7440,8602,32
7440,8654,34
7443,7621,4
7443,7865,11
7443,8335,24
7444,7688,6
7444,7936,13
7444,7969,14
7445,8716,36
7445,10108,77
7446,7757,8
7446,7795,9
7446,8925,42
7447,8158,19
7447,8634,33
7447,9727,65
7448,7694,6
7448,8016,15
7448,10695,97
7449,9170,49
7450,8125,18
7450,8463,28
7450,9139,48
7451,7761,8
7452,7547,2
7452,7800,9
7452,8231,21
7453,7763,8
7453,8020,15
7454,8536,30
7454,9085,46
7454,9494,58
7455,7942,13
7455,8862,40
7455,9377,55
7455,10671,96
7456,7633,4
7456,8499,29
7456,9497,58
7457,8060,16
7458,7589,3
7459,8474,28
7461,7555,2
7462,7634,4
7463,7635,4
7463,8030,15
7463,8272,22
7463,9205,50
7464,7502,1
7464,8064,16
7465,7913,12
7465,8312,23
7466,7848,10
7466,7880,11
7467,7595,3
7467,8066,16
7468,7507,1
7468,7508,1
7469,7511,1
7469,8103,17
7470,8068,16
7471,8870,40
7471,9241,51
7472,7818,9
7473,8033,15
7473,8106,17
7473,8448,27
7474,8243,21
7475,8587,31
7475,8733,36
7475,8872,40
7476,8319,23
7476,8843,39
7477,8480,28
7477,9129,47
7477,9644,62
7478,7926,12
7478,8382,25
7479,7678,5
7479,8324,23
7480,7854,10
7480,9753,65
7482,7784,8
7482,8218,20
7483,7786,8
7483,7893,11
7484,7574,2
7484,7650,4
7485,7532,1
7485,7575,2
7485,7929,12
7486,7619,3
7486,8558,30
7486,8885,40
7487,7578,2
7487,7934,12
7488,7755,7
7488,8526,29
7488,8820,38
7489,8158,18
7489,8634,32
7489,9967,71
7490,7758,7
7490,9293,52
7491,8663,33
7492,8016,14
7492,9009,43
7493,7760,7
7493,7837,9
7493,9139,47
7493,9170,48
7494,8303,22
7494,8465,27
7494,10416,86
7495,8096,16
7495,8466,27
7496,8437,26
7496,8754,36
7496,9908,69
7497,8266,21
7497,8640,32
7498,8540,29
7499,8235,20
7499,9378,54
7501,7739,6
7501,8615,31
7502,7948,12
7503,7558,1
7503,7702,5
7503,7880,10
7504,7773,7
7505,8505,28
7506,8345,23
7508,7560,1
7508,7707,5
7508,7951,12
7509,7706,5
7509,8408,25
7509,8670,33
7510,7669,4
7510,7708,5
7510,8346,23
7510,9150,47
7511,7987,13
7511,8068,15
7512,7918,11
7512,8582,30
7512,8795,37
7513,8409,25
7513,8545,29
7514,7990,13
7514,8698,34
7515,7563,1
7515,7886,10
7515,8210,19
7516,7564,1
7516,7956,12
7516,8509,28
7516,9683,62
7517,8143,17
7517,8508,28
7518,7605,2
7518,8511,28
7519,8036,14
7519,9026,43
7519,9094,45
7520,8109,16
7520,8648,32
7521,7998,13
7521,8381,24
7522,7715,5
7522,8415,25
7523,7645,3
7523,8074,15
7523,9318,52
7524,7999,13
7524,9512,57
7524,9854,67
7525,7569,1
7525,9580,59
7526,7610,2
7527,7717,5
7527,7890,10
7527,8282,21
7528,7611,2
7528,9278,51
7529,8040,14
7529,8737,35
7530,7573,1
7530,8113,16
7530,8286,21
7531,7650,3
7531,7719,5
7532,7574,1
7532,7860,9
7533,7575,1
7533,7652,3
7533,7720,5
7534,7790,7
7534,8455,26
7535,7833,8
7535,7930,11
7535,8357,23
7535,9284,51
7535,9687,62
7537,7724,5
7537,8010,13
7537,8294,21
7537,10164,77
7538,7624,2
7538,8458,26
7538,8775,36
7538,9076,44
7539,8392,24
7539,8717,34
7539,8930,40
7540,8049,14
7541,7761,6
7541,8126,16
7541,8433,25
7542,7658,3
7542,8019,13
7542,8338,22
7543,9730,63
7544,8339,22
7544,8857,38
7545,9340,52
7546,8973,41
7547,7733,5
7547,8054,14
7548,8093,15
7548,8826,37
7549,8340,22
7549,8535,28
7550,8021,13
7550,9045,43
7551,10605,92
7552,8197,18
7553,8026,13
7554,7912,10
7554,8061,14
7554,8369,23
7554,9308,51
7555,7738,5
7556,8405,24
7556,9017,42
7557,7845,8
7557,8694,33
7557,9461,55
7558,7948,11
7558,7985,12
7559,7812,7
7561,7600,1
7561,8034,13
7561,8697,33
7561,9124,45
7562,8507,27
7562,8697,33
7563,7821,7
7563,7887,9
7564,7922,10
7564,8802,36
7565,8590,29
7565,8621,30
7566,7888,9
7566,8072,14
7567,7714,4
7567,8109,15
7567,8514,27
7568,9392,53
7569,8703,33
7571,7829,7
7571,7892,9
7571,8517,27
7572,7614,1
7572,7681,3
7572,8286,20
7573,7859,8
7573,8287,20
7574,7651,2
7574,7684,3
7575,7789,6
7575,8329,21
7577,8561,28
7577,8656,31
7579,8013,12
7580,7758,5
7580,8226,18
7580,8853,37
7580,8854,37
7581,9409,53
7582,7695,3
7582,7940,10
7582,9697,61
7583,7733,4
7583,9665,60
7584,8533,27
7585,8232,18
7585,8398,23
7585,8860,37
7586,8894,38
7587,8025,12
7588,8501,26
7589,7700,3
7590,8236,18
7591,7807,6
7591,8269,19
7592,7983,11
7592,8613,29
7592,9567,57
7593,7770,5
7593,8445,24
7594,8102,14
7594,8789,35
7595,7848,7
7596,7704,3
7596,7849,7
7596,8174,16
7597,8136,15
7598,8105,14
7598,8696,32
7599,8348,21
7599,9507,55
7600,8619,29
7600,9215,47
7601,9682,60
7602,8107,14
7602,8243,18
7602,9350,51
7603,8071,13
7603,8178,16
7604,7995,11
7604,9274,49
7605,8349,21
7605,9218,47
7606,8144,15
7606,8620,29
7606,8909,38
7607,8323,20
7607,8450,24
7607,9095,43
7608,8038,12
7608,8516,26
7609,8075,13
7610,8417,23
7611,7746,4
7611,8248,18
7611,9435,53
7612,7785,5
7612,8041,12
7612,8354,21
7613,7748,4
7613,8003,11
7614,7685,2
7614,7830,6
7614,8079,13
7614,8113,14
7614,8554,27
7615,7831,6
7615,8006,11
7615,8078,13
7615,9438,53
7617,8520,26
7617,8630,29
7618,8330,20
7619,8424,23
7620,8815,35
7620,9689,60
7621,8119,14
7621,8223,17
7621,8562,27
7622,7727,3
7622,8088,13
7622,9962,68
7622,10199,76
7623,8011,11
7623,8526,26
7625,8393,22
7625,8928,38
7626,8298,19
7626,8489,25
7627,7691,2
7627,8930,38
7628,8157,15
7628,8490,25
7628,8662,30
7628,9839,64
7629,9702,60
7629,9734,61
7629,11078,108
7630,7841,6
7630,8128,14
7630,8639,29
7630,8779,34
7631,7766,4
7632,9085,42
7633,8344,20
7633,8830,35
7634,8271,18
7634,8615,28
7635,8065,12
7635,8759,33
7635,9344,50
7636,8204,16
7636,8445,23
7637,8580,27
7637,8868,36
7638,7741,3
7638,8031,11
7638,8617,28
7638,9505,54
7638,10238,77
7639,8348,20
7639,9122,43
7641,7991,10
7641,8178,15
7642,8319,19
7642,8377,21
7643,8244,17
7643,8844,35
7644,7926,8
7644,8910,37
7645,8515,25
7645,9393,51
7646,8214,16
7646,8592,27
7646,8702,31
7647,7783,4
7647,8001,10
7648,8183,15
7648,8551,26
7649,7786,4
7650,7684,1
7650,7858,6
7651,7860,6
7651,8005,10
7651,8150,14
7652,8186,15
7652,8290,18
7652,8454,23
7654,8222,16
7654,8850,35
7654,10598,89
7655,8296,18
7655,8819,34
7656,8013,10
7656,8193,15
7656,9078,41
7657,7798,4
7657,8228,16
7657,9488,53
7657,9868,64
7658,8433,22
7659,7762,3
7659,8196,15
7660,8826,34
7660,10206,75
7661,8341,19
7662,8020,10
7662,8367,20
7663,8306,18
7664,10417,82
7665,7700,1
7665,7738,2
7666,8941,37
7666,9306,48
7667,7983,9
7667,8133,13
7667,8503,24
7667,9460,52
7668,7773,3
7668,7949,8
7668,7951,8
7668,9020,39
7669,7815,4
7669,9120,42
7670,8277,17
7670,8371,20
7670,8901,36
7671,8373,20
7671,8840,34
7671,9641,57
7672,7885,6
7673,8319,18
7674,7712,1
7674,9274,47
7675,8377,20
7675,8949,37
7676,8211,15
7676,8379,20
7677,7713,1
7677,8383,20
7677,8548,25
7678,8451,22
7679,8075,11
7679,9854,63
7680,7857,5
7680,9393,50
7681,7964,8
7682,8251,16
7682,8353,19
7682,8517,24
7683,7749,2
7683,8328,18
7683,8354,19
7683,8679,29
7684,7858,5
7684,8005,9
7685,7859,5
7685,7928,7
7685,8079,11
7686,7788,3
7686,9253,46
7686,9476,52
7687,8423,21
7688,7794,3
7688,8045,10
7689,7973,8
7689,8929,36
7690,8048,10
7690,9524,53
7691,8225,15
7691,9486,52
7692,8015,9
7692,9079,40
7692,9560,54
7693,8749,31
7694,8461,22
7694,9040,39
7694,10822,96
7695,8777,32
7695,9335,48
7696,8128,12
7696,8398,20
7696,8639,27
7696,8860,34
7696,10061,69
7697,8057,10
7697,9875,63
7698,10235,75
7698,10360,79
7699,7875,5
7699,8831,33
7701,8310,17
7701,8835,33
7701,10237,75
7702,7880,5
7703,8173,13
7703,8943,36
7704,7984,8
7704,8407,20
7705,8136,12
7705,8761,31
7706,8067,10
7706,8544,24
7706,9121,41
7706,9678,57
7707,7814,3
7707,9055,39
7708,7850,4
7708,8616,26
7708,9602,55
7709,8278,16
7709,9241,45
7710,8139,12
7710,8372,19
7710,8446,21
7711,8279,16
7711,8904,35
7711,9432,50
7712,7992,8
7712,8035,9
7712,8842,33
7713,8991,37
7714,8513,23
7714,8649,27
7715,8181,13
7716,8182,13
7716,8483,22
7716,8911,35
7717,8038,9
7717,8704,29
7718,7747,1
7718,8596,25
7719,7748,1
7719,7858,4
7720,7789,2
7720,8114,11
7720,8290,16
7721,8042,9
7721,9516,52
7722,7862,4
7722,8008,8
7722,9162,42
7723,7751,1
7724,8118,11
7724,9835,61
7725,7752,1
7725,8487,22
7725,9329,47
7726,7753,1
7726,7835,3
7726,8046,9
7727,8296,16
7727,9556,53
7728,7758,1
7728,8225,14
7728,8853,33
7729,8776,31
7729,9007,37
7730,8194,13
7731,7760,1
7731,7837,3
7732,9340,47
7733,8054,9
7733,9265,45
7734,8893,34
7734,9734,58
7735,8097,10
7735,9343,47
7735,9376,48
7735,10176,72
7736,8027,8
7736,8202,13
7737,8271,15
7739,8028,8
7740,7846,3
7740,8133,11
7740,9053,38
7740,9460,50
7741,7815,2
7741,9120,40
7742,8276,15
7742,8506,22
7743,8732,29
7743,9571,53
7744,8645,26
7746,8993,36
7746,9827,60
7747,8283,15
7747,8327,16
7747,8552,23
7748,7965,6
7748,8217,13
7749,8738,29
7750,7897,4
7750,9325,46
7750,9517,51
7751,8260,14
7752,8188,12
7752,9723,57
7753,7968,6
7753,8044,8
7754,7793,1
7755,8851,32
7756,9039,37
7757,8047,8
7757,8427,19
7758,9589,53
7761,8936,34
7762,8531,22
7762,8665,26
7763,8093,9
7763,8434,19
7764,8232,13
7764,9173,41
7765,8470,20
7765,8895,33
7766,8167,11
7768,8863,32
7768,9943,63
7769,8269,14
7769,9052,37
7770,8614,24
7770,9270,44
7771,7846,2
7771,8406,18
7771,9053,37
7771,10086,68
7772,7812,1
7772,7917,4
7772,7985,6
7774,7816,1
7775,8207,12
7775,8278,14
7775,9468,49
7776,7953,5
7776,8277,14
7777,8645,25
7777,9680,55
7777,10370,77
7778,8375,17
7778,8946,34
7779,10184,71
7780,8648,25
7781,8324,15
7781,8382,17
7782,8622,24
7782,9131,39
7783,9247,43
7783,9474,49
7784,7964,5
7785,8249,13
7785,8284,14
7785,9098,38
7786,7927,4
7787,8007,6
7787,8185,11
7787,8738,28
7788,8421,18
7788,8625,24
7789,7895,3
7789,8254,13
7790,9795,58
7791,8769,29
7792,7934,4
7792,8561,22
7793,8965,34
7794,7864,2
7794,8295,14
7795,8852,31
7796,9079,37
7797,9170,40
7798,8337,15
7798,9295,44
7798,10301,74
7799,8017,6
7799,8227,12
7799,8366,16
7799,8934,33
7800,8464,19
7800,8572,22
7801,8892,32
7802,8779,29
7803,8894,32
7803,10061,66
7804,9048,36
7804,9812,58
7805,8439,18
7806,7876,2
7806,8268,13
7806,8404,17
7807,9117,38
7808,9052,36
7808,9310,44
7808,9671,54
7809,8475,19
7809,8503,20
7809,8833,30
7810,7945,4
7811,8313,14
7811,8544,21
7811,9742,56
7812,8135,9
7812,8273,13
7813,8102,8
7814,9819,58
7815,8869,31
7815,9150,39
7817,8104,8
7817,9123,38
7818,8242,12
7818,8478,19
7819,8209,11
7819,8698,26
7819,9154,39
7820,8106,8
7820,8448,18
7820,8985,34
7821,8210,11
7822,8841,30
7823,8511,20
7823,8699,26
7824,7995,5
7824,9274,43
7825,8908,32
7825,9128,38
7826,8620,23
7827,7890,2
7827,7963,4
7827,8765,28
7828,8004,5
7828,8286,13
7829,8252,12
7829,8452,18
7830,8355,15
7830,8652,24
7831,8810,29
7832,7896,2
7833,8356,15
7833,8628,23
7833,9656,53
7834,7933,3
7834,8008,5
7834,8813,29
7834,9364,45
7834,9830,58
7835,8012,5
7835,8044,6
7835,8361,15
7836,9937,61
7837,8529,20
7837,8891,31
7838,8825,29
7838,9109,37
7838,10357,75
7839,8339,14
7839,9110,37
7840,8094,7
7840,8573,21
7841,8129,8
7841,8861,30
7841,9174,39
7842,7872,1
7842,9811,57
7843,8202,10
7843,9112,37
7844,7875,1
7844,8307,13
7845,9206,40
7845,10767,90
7846,8693,25
7846,8942,32
7847,7914,2
7847,7950,3
7847,8760,27
7848,8066,6
7848,8134,8
7849,8103,7
7849,8900,31
7850,7986,4
7850,8981,33
7850,10239,71
7851,8618,22
7851,8869,30
7852,7924,2
7852,7957,3
7852,7994,4
7853,8549,20
7853,9752,55
7854,9609,51
7855,8214,10
7855,8326,13
7855,8702,25
7855,9246,41
7856,8215,10
7856,9320,43
7857,8677,24
7857,8994,33
7857,9321,43
7858,7965,3
7858,8112,7
7858,8219,10
7859,8080,6
7859,8113,7
7860,7929,2
7860,8253,11
7861,9134,37
7862,8292,12
7863,8188,9
7864,8425,16
7865,7970,3
7865,9803,56
7866,8089,6
7866,9138,37
7866,10261,71
7867,8776,27
7867,9525,48
7868,8663,23
7868,8931,31
7869,8462,17
7869,10582,82
7870,9299,42
7870,9493,47
7871,8860,29
7872,9144,37
7874,8575,20
7874,10139,67
7875,8027,4
7876,8939,31
7876,9268,41
7877,8865,29
7877,10307,72
7878,8472,17
7878,9051,34
7879,7946,2
7879,8543,19
7879,9177,38
7880,7917,1
7880,7985,3
7880,8134,7
7881,8207,9
7881,8408,15
7881,9089,35
7882,8137,7
7882,8277,11
7882,8371,14
7882,8902,30
7883,8582,20
7883,9122,36
7886,8177,8
7886,8798,27
7888,8321,12
7888,9155,37
7889,7962,2
7889,9889,58
7890,8954,31
7890,9220,39
7890,9277,41
7891,8184,8
7891,8216,9
7891,8595,20
7893,7927,1
7893,8077,5
7894,8287,11
7894,8518,18
7895,8114,6
7895,8627,21
7896,8422,15
7896,9137,36
7896,9285,41
7897,9720,53
7898,8561,19
7898,8656,22
7898,8711,24
7898,9835,56
7899,9329,42
7900,8605,20
7900,8928,30
7901,9260,40
7901,9453,45
7902,9412,44
7903,9294,41
7903,10581,81
7904,7975,2
7904,8971,31
7904,10547,80
7905,8229,9
7905,8494,17
7905,9633,50
7906,8091,5
7906,8397,14
7907,8096,5
7907,9047,33
7908,8266,10
7908,8469,16
7908,8666,22
7908,9342,42
7909,8169,7
7909,8199,8
7910,9204,38
7911,9304,41
7911,10208,68
7912,8061,4
7912,8897,29
7912,9269,40
7913,8578,19
7914,8836,27
7915,7983,2
7915,8133,6
7916,8206,8
7916,9845,56
7917,8134,6
7917,8175,7
7918,8347,12
7918,9022,32
7918,9431,44
7919,8139,6
7919,8372,13
7919,9982,60
7920,8870,28
7920,8871,28
7920,8947,30
7921,8479,16
7921,8547,18
7921,8733,24
7921,8872,28
7922,7991,2
7922,8802,26
7923,9243,39
7924,7996,2
7924,7997,2
7924,9029,32
7925,8481,16
7925,9185,37
7925,10090,64
7926,8846,27
7927,8355,12
7928,8080,4
7928,8288,10
7928,8420,14
7929,8329,11
7929,8485,16
7930,8356,12
7930,10099,64
7931,8115,5
7931,8486,16
7932,8630,20
7932,9719,52
7933,8154,6
7933,8768,25
7933,9229,38
7934,8603,19
7935,9518,46
7936,7969,1
7936,8045,3
7936,8632,20
7937,8633,20
7937,8923,29
7937,9659,50
7937,10131,65
7938,8716,23
7938,9075,33
7938,9691,51
7939,8459,15
7939,9864,56
7940,8264,9
7940,9697,51
7940,10029,61
7941,8752,24
7941,8827,26
7941,9418,43
7941,9636,49
7942,8500,16
7942,10177,66
7944,8577,18
7944,9147,35
7945,7981,1
7946,8272,9
7946,9205,37
7946,10330,71
7947,8132,5
7947,9739,52
7948,8064,3
7948,8273,9
7949,8312,10
7949,8979,30
7950,9119,34
7951,9055,32
7952,8241,8
7952,8583,18
7953,8374,12
7954,8800,25
7954,9059,32
7954,9681,50
7955,8035,2
7955,8984,30
7955,9025,31
7956,9060,32
7957,7996,1
7957,8413,13
7957,8875,27
7958,8380,12
7958,8481,15
7958,10315,70
7959,8073,3
7959,8591,18
7959,8877,27
7960,8383,12
7960,8548,17
7961,8384,12
7961,8516,16
7961,8912,28
7962,8001,1
7962,9647,49
7963,8111,4
7964,8218,7
7964,8286,9
7965,8112,4
7965,8285,9
7966,8291,9
7966,8740,23
7966,10514,77
7968,8334,10
7968,8773,24
7969,8011,1
7969,8684,21
7970,8458,14
7970,9862,55
7971,8746,23
7971,10109,63
7972,8391,12
7972,9332,40
7973,9077,32
7973,10408,73
7974,8528,16
7975,8825,25
7976,9768,52
7977,8936,28
7977,9633,48
7978,9303,39
7978,10799,87
7979,8057,2
7979,8233,7
7979,9531,45
7979,9735,51
7980,9239,37
7980,11025,96
7981,8941,28
7982,8101,3
7982,8692,21
7982,10675,82
7984,8132,4
7984,9501,44
7985,8273,8
7986,8205,6
7986,8240,7
7986,8616,18
7986,8730,22
7986,9088,32
7987,8103,3
7987,8731,22
7987,9466,43
7988,8619,18
7988,8797,24
7988,8904,27
7989,8841,25
7989,9348,40
7990,9823,53
7991,8905,27
7992,8675,20
7992,8873,26
7992,9881,55
7993,8321,9
7993,9183,35
7993,9389,41
7994,8320,9
7994,8378,11
7994,8875,26
7996,8180,5
7996,8806,24
7997,10684,82
7998,9219,36
7998,9645,48
7999,8808,24
8000,9824,53
8000,10283,68
8001,9474,43
8002,8594,17
8002,8623,18
8003,8217,6
8003,8706,21
8004,8218,6
8005,8219,6
8005,9252,37
8006,8766,23
8006,8810,24
8006,9324,39
8007,8598,17
8007,9133,33
8007,9282,38
8008,9360,40
8009,8043,1
8009,8082,2
8009,8116,3
8009,8155,4
8009,8457,13
8009,8521,15
8009,8522,15
8009,8710,21
8010,8657,19
8010,9287,38
8010,10442,73
8011,8523,15
8011,8713,21
8011,8967,28
8012,8046,1
8012,8297,8
8012,8661,19
8013,8123,3
8014,8634,18
8014,8748,22
8014,9628,47
8014,9967,57
8015,8428,12
8015,8968,28
8016,9040,30
8017,8301,8
8017,8396,11
8017,8855,25
8017,8934,27
8017,9172,34
8018,8530,15
8018,10030,59
8018,10173,64
8019,8196,5
8019,8687,20
8019,9042,30
8020,8434,12
8020,8722,21
8021,8466,13
8021,9421,41
8022,8468,13
8022,9047,30
8023,8266,7
8023,8469,13
8023,8537,15
8023,8784,23
8024,8170,4
8025,8938,27
8026,8201,5
8027,8831,24
8028,8271,7
8028,8615,17
8029,8668,19
8029,8899,26
8029,9499,43
8030,8759,22
8030,8898,26
8031,8695,20
8032,8411,11
8032,9024,29
8032,9780,51
8032,9822,52
8033,9058,30
8033,9182,34
8034,9748,50
8035,9881,54
8036,8588,16
8036,8735,21
8036,8951,27
8037,8703,20
8037,9545,44
8038,8550,15
8039,8551,15
8039,9395,40
8040,8706,20
8040,9322,38
8041,8076,1
8041,8284,7
8042,8153,3
8042,9955,56
8043,8117,2
8043,8332,8
8043,8710,20
8043,9165,33
8044,8773,22
8044,9290,37
8045,8295,7
8045,8660,18
8046,9074,30
8047,8606,16
8047,8745,21
8048,8889,25
8048,9292,37
8049,8193,4
8050,9008,28
8050,9866,53
8050,10200,64
8051,9489,42
8051,10667,80
8052,9768,50
8052,10028,58
8052,10581,77
8053,8395,10
8053,8933,26
8053,9041,29
8053,10230,65
8054,8231,5
8054,8495,13
8054,9237,35
8054,9732,49
8055,8572,15
8055,9111,31
8056,8690,19
8056,9420,40
8056,9530,43
8056,10175,63
8057,8782,22
8057,9594,45
8057,9875,53
8057,10453,72
8058,8539,14
8058,8610,16
8058,9494,42
8059,9422,40
8060,8344,8
8060,8830,23
8061,8864,24
8062,9116,31
8062,9978,56
8063,8542,14
8063,8612,16
8064,8315,7
8065,8669,18
8065,9179,33
8065,9344,38
8066,8175,3
8067,8408,10
8067,9089,30
8067,9820,51
8068,8581,15
8068,8731,20
8069,9060,29
8069,10426,71
8070,9128,31
8071,8144,2
8071,8874,24
8072,9155,32
8072,9577,44
8074,8247,5
8074,10093,60
8075,9648,46
8077,8185,3
8077,8355,8
8078,8220,4
8079,8420,10
8079,8554,14
8080,8287,6
8080,8708,19
8081,9795,50
8081,10191,63
8082,8256,5
8082,8358,8
8082,8521,13
8083,8117,1
8083,8332,7
8083,8360,8
8083,8962,26
8084,9518,42
8085,8712,19
8085,10940,90
8085,11214,101
8086,8965,26
8086,9329,37
8086,9935,54
8087,8119,1
8087,8562,14
8087,8816,22
8087,8887,24
8088,8921,25
8088,9898,53
8088,10917,89
8089,8122,1
8089,8190,3
8089,8747,20
8090,8823,22
8090,9409,39
8090,10475,72
8091,9299,36
8092,8858,23
8092,8973,26
8092,11329,106
8093,8532,13
8093,10136,61
8094,8367,8
8094,8859,23
8095,9045,28
8095,9419,39
8096,8829,22
8096,9082,29
8097,8896,24
8097,10605,77
8099,8270,5
8099,8613,15
8099,9705,47
8100,8899,24
8100,9017,27
8101,8314,6
8101,9087,29
8101,11332,106
8102,8206,3
8102,9503,41
8103,8838,22
8104,8409,9
8105,8138,1
8106,9273,35
8107,9510,41
8107,10040,57
8108,8804,21
8108,8906,24
8109,8513,12
8109,9028,27
8110,8216,3
8110,8595,14
8110,9030,27
8110,9546,42
8111,8765,20
8111,8955,25
8112,8250,4
8112,8385,8
8113,8286,5
8114,8152,1
8114,8290,5
8114,8600,14
8114,8709,18
8116,8256,4
8116,8457,10
8116,9228,33
8117,8522,12
8117,9164,31
8118,8294,5
8118,10940,89
8119,8335,6
8119,9690,46
8120,8262,4
8120,8489,11
8120,8924,24
8120,10169,61
8121,9291,35
8121,9332,36
8122,8390,8
8122,8747,19
8122,9659,45
8123,8564,13
8123,8822,21
8123,9078,28
8124,8163,1
8124,8969,25
8124,9970,54
8124,10521,73
8125,8529,12
8125,9455,39
8125,10202,62
8126,8936,24
8126,9416,38
8126,9975,54
8127,8828,21
8127,10137,60
8127,10233,63
8128,9174,31
8129,8497,11
8129,8666,16
8129,9342,36
8130,8614,14
8130,8834,21
8131,8612,14
8131,9910,52
8132,9739,47
8133,8788,20
8134,8175,1
8135,8315,5
8136,8345,6
8137,8945,24
8137,9539,41
8137,9707,46
8138,8242,3
8138,8696,17
8139,8585,13
8139,9508,40
8140,9123,29
8141,8479,10
8141,8547,12
8141,8799,20
8141,10313,65
8142,8412,8
8142,8699,17
8142,10040,56
8142,10069,57
8143,8674,16
8143,10184,61
8144,9093,28
8145,8211,2
8145,9242,33
8146,9644,44
8147,8212,2
8147,8512,11
8148,9353,36
8148,9543,41
8149,8451,9
8149,9320,35
8150,8253,3
8150,8653,15
8150,9252,33
8151,8555,12
8151,8810,20
8151,9953,53
8152,8255,3
8152,8519,11
8153,9687,45
8153,10535,73
8154,8187,1
8154,8768,19
8154,9992,54
8155,9257,33
8155,9550,41
8156,8258,3
8156,8771,19
8156,8999,25
8157,9333,35
8157,10297,64
8158,9198,31
8158,9967,53
8159,8749,18
8159,9232,32
8160,8363,6
8161,8890,22
8161,9293,34
8162,8932,23
8162,9903,51
8163,8891,22
8163,8932,23
8163,10076,57
8164,9415,37
8164,10667,77
8165,8895,22
8165,9457,38
8165,9736,46
8166,8399,7
8166,9844,49
8167,8498,10
8168,8540,11
8168,10479,70
8168,10605,75
8169,8610,13
8170,8199,1
8171,8757,18
8171,9379,36
8172,8668,15
8172,9910,51
8173,9567,41
8173,10210,61
8174,8407,7
8174,8900,22
8174,9463,38
8176,8208,1
8176,8903,22
8176,9880,50
8177,8376,6
8177,9682,44
8178,8874,21
8178,8905,22
8179,8907,22
8179,9853,49
8180,8413,7
8180,8414,7
8180,8845,20
8180,8876,21
8180,9156,29
8181,8415,7
8181,8912,22
8182,8515,10
8182,8593,12
8182,9097,27
8183,8737,17
8183,9249,32
8184,8678,15
8184,9222,31
8185,8917,22
8185,9133,28
8186,8518,10
8186,8960,23
8187,8559,11
8187,9102,27
8187,9229,31
8188,8333,4
8189,8526,10
8189,8820,19
8189,8922,22
8189,9623,42
8190,8633,13
8190,9659,43
8191,8852,20
8191,9003,24
8192,9138,28
8192,9450,37
8192,10543,72
8194,8567,11
8194,9842,48
8195,8432,7
8195,8856,20
8196,8531,10
8197,8470,8
8198,8537,10
8198,8784,18
8199,8438,7
8200,8400,6
8200,8830,19
8201,9112,27
8202,8501,9
8202,8831,19
8203,8474,8
8203,9814,47
8204,8789,18
8204,9817,47
8205,8504,9
8205,8866,20
8205,9148,28
8206,10119,57
8207,10242,61
8208,8671,14
8208,10557,72
8209,8411,6
8209,9153,28
8209,9822,47
8210,8798,18
8211,8805,18
8211,9275,32
8212,8590,11
8212,9544,39
8213,9063,25
8213,9353,34
8214,9889,49
8215,9580,40
8215,9825,47
8216,8994,23
8217,8285,2
8217,9190,29
8218,8286,2
8219,8250,1
8219,8916,21
8220,8251,1
8220,8353,4
8220,9438,36
8221,9287,32
8221,9834,47
8221,9994,52
8221,10442,67
8222,8388,5
8222,10574,72
8223,8425,6
8223,8817,18
8224,8851,19
8224,9003,23
8225,10325,63
8226,8719,15
8226,9841,47
8226,9968,51
8227,10265,61
8227,10449,67
8228,8394,5
8228,9414,35
8228,10301,62
8229,8637,12
8229,9171,28
8229,10825,81
8230,9142,27
8230,9340,33
8230,10500,69
8231,8464,7
8231,8751,16
8232,8753,16
8233,8496,8
8233,8690,14
8233,9594,40
8234,8471,7
8235,8401,5
8235,9812,46
8237,8309,2
8237,8442,6
8238,9814,46
8238,10675,75
8239,8578,10
8239,8760,16
8239,9208,29
8240,8981,22
8240,9536,38
8241,8410,5
8241,9385,34
8242,9151,27
8242,9212,29
8243,9916,49
8245,8589,10
8245,8843,18
8246,8807,17
8246,9646,41
8247,10655,74
8248,8914,20
8248,9278,31
8248,9437,35
8249,8419,5
8249,8881,19
8249,9223,29
8250,8352,3
8250,8651,12
8251,8452,6
8253,8485,7
8253,8653,12
8254,8329,2
8254,8627,11
8254,8847,18
8255,8600,10
8255,8918,20
8256,8601,10
8256,9070,24
8257,8424,5
8257,9833,46
8257,10160,57
8258,8655,12
8258,8743,15
8259,8293,1
8259,8360,3
8259,8962,21
8259,9763,44
8261,8658,12
8261,8814,17
8261,10991,87
8262,9331,32
8262,9963,50
8262,10132,56
8263,8527,8
8263,9939,49
8263,10448,66
8263,11023,88
8264,9630,40
8264,11442,106
8265,9372,33
8265,9904,48
8266,8640,11
8266,8784,16
8267,8400,4
8268,9268,30
8268,9668,41
8269,9117,25
8270,8940,20
8270,9268,30
8272,8898,19
8272,9177,27
8273,8315,1
8274,8580,9
8274,9384,33
8274,9464,35
8274,10086,54
8275,8867,18
8275,9430,34
8276,8901,19
8276,9210,28
8277,8374,3
8278,8318,1
8278,10462,66
8279,8671,12
8279,9681,41
8279,10464,66
8280,9154,26
8281,8512,7
8281,9472,35
8281,9922,48
8282,8704,13
8282,9220,28
8283,8419,4
8283,9223,28
8284,9223,28
8285,8385,3
8285,9221,28
8287,8484,6
8288,8599,9
8288,8708,13
8288,8739,14
8289,8625,10
8289,8626,10
8289,10433,65
8290,8519,7
8290,8767,15
8290,8812,16
8291,9325,31
8292,8680,12
8292,9162,26
8292,9797,44
8293,8631,10
8293,8849,17
8293,9366,32
8294,8657,11
8294,11141,92
8295,8425,4
8295,8818,16
8296,9837,45
8296,10259,59
8297,8361,2
8297,8525,7
8297,8888,18
8298,8392,3
8298,9627,39
8299,8460,5
8299,9524,36
8300,8969,20
8300,9169,26
8300,9453,34
8300,9970,49
8301,8664,11
8301,8686,12
8301,9591,38
8302,10668,73
8302,10966,85
8303,8638,10
8303,10502,67
8303,10604,71
8304,8437,4
8304,8754,14
8305,8784,15
8307,8785,15
8307,9086,23
8308,9086,23
8308,9533,36
8309,8728,13
8309,10420,64
8310,9117,24
8310,9425,33
8311,8475,5
8311,8503,6
8311,9460,34
8311,9672,40
8312,8578,8
8313,8444,4
8313,9568,37
8314,9383,32
8314,9601,38
8314,10504,67
8316,9120,24
8316,9677,40
8317,8545,7
8317,8583,8
8317,10180,56
8318,9468,34
8318,9879,46
8318,10337,61
8319,9884,46
8320,8803,15
8320,9061,22
8320,9315,30
8321,9316,30
8322,8989,20
8322,9217,27
8323,8989,20
8323,9853,45
8324,8451,4
8324,9187,26
8325,8991,20
8326,9319,30
8326,9610,38
8326,9889,46
8327,8418,3
8327,8419,3
8327,8880,17
8328,8809,15
8328,9098,23
8328,9439,33
8329,9254,28
8331,8770,14
8331,8998,20
8331,9163,25
8331,9657,39
8332,9165,25
8332,10196,56
8333,9518,35
8333,9723,41
8334,8659,10
8334,10197,56
8335,9803,43
8335,10107,53
8336,8492,5
8336,8890,17
8336,9108,23
8336,11022,86
8337,8528,6
8337,10997,85
8338,8433,3
8338,8687,11
8338,10476,65
8339,8857,16
8340,9111,23
8340,9564,36
8342,9419,32
8342,9638,38
8343,8497,5
8343,8666,10
8344,8499,5
8345,8761,13
8345,9384,31
8346,8616,8
8346,9120,23
8346,10422,63
8347,8795,14
8347,9467,33
8347,9506,34
8348,9507,34
8349,8511,5
8349,9352,30
8349,9852,44
8350,8911,17
8350,9318,29
8350,9922,46
8351,8416,2
8351,9392,31
8352,8597,7
8352,8916,17
8352,8956,18
8353,9514,34
8354,9098,22
8355,8917,17
8356,9255,27
8356,10157,54
8357,9758,41
8358,8601,7
8358,8998,19
8358,9163,24
8359,10161,54
8359,10224,56
8360,9164,24
8360,9366,30
8361,8604,7
8361,9290,28
8362,8563,6
8362,9004,19
8364,8663,9
8364,8931,17
8364,9370,30
8365,8462,3
8365,9842,43
8365,10266,57
8366,8855,15
8366,9630,37
8367,8722,11
8367,9374,30
8368,8573,6
8368,8780,13
8368,9046,20
8369,10307,58
8370,8834,14
8370,9426,31
8370,9599,36
8371,9539,34
8371,10033,49
8372,8477,3
8372,8546,5
8372,8644,8
8372,10281,57
8373,9213,25
8373,9386,30
8373,10147,53
8374,8902,16
8375,8841,14
8375,10481,64
8376,9273,27
8377,9884,44
8378,8803,13
8378,9217,25
8379,8805,13
8379,9543,34
8380,9752,40
8381,8620,7
8381,9219,25
8382,8846,14
8382,9187,24
8383,8991,18
8384,9356,29
8384,9473,32
8384,10041,49
8385,8651,8
8385,9157,23
8386,8456,2
8386,8486,3
8387,8659,8
8387,9001,18
8387,9106,21
8388,9658,37
8388,10598,68
8388,11194,91
8389,8815,13
8389,8920,16
8389,10758,74
8390,9005,18
8390,9725,39
8390,10171,53
8391,8889,15
8391,10541,66
8392,9588,35
8392,10073,50
8393,9864,43
8393,9999,47
8394,8431,1
8394,9488,32
8394,9698,38
8395,9974,46
8395,10030,48
8396,8664,8
8396,9012,18
8396,9172,23
8397,9299,27
8398,8753,11
8399,9777,40
8401,9048,19
8402,8785,12
8402,9943,45
8403,9049,19
8403,9304,27
8404,8724,10
8404,8939,16
8405,8786,12
8405,10140,52
8406,8693,9
8406,9428,30
8406,9502,32
8407,9501,32
8407,9877,43
8408,9430,30
8409,8839,13
8409,9123,21
8410,8732,10
8410,9385,29
8411,9154,22
8411,9387,29
8412,9433,30
8412,10013,47
8413,8845,13
8413,9351,28
8414,8700,9
8414,9390,29
8414,9711,38
8415,8514,3
8416,9545,33
8416,10374,59
8417,8764,11
8417,8993,17
8418,8552,4
8418,8624,6
8418,9515,32
8419,8553,4
8420,8739,10
8420,8811,12
8421,9099,20
8421,9476,31
8421,10377,59
8422,8456,1
8422,8996,17
8423,8681,8
8424,8885,14
8424,10714,71
8425,8964,16
8426,8715,9
8426,9231,24
8426,9997,46
8426,10994,82
8427,8745,10
8427,8925,15
8427,9901,43
8428,9259,25
8428,9560,33
8428,10580,66
8429,8567,4
8429,9295,26
8430,9011,17
8430,9170,22
8431,8607,5
8431,9941,44
8431,10266,55
8432,9336,27
8432,10966,81
8433,9416,29
8434,8532,3
8434,9143,21
8435,8781,11
8435,9083,19
8435,9667,36
8435,11079,85
8436,9734,38
8436,9777,39
8436,11293,94
8440,8756,10
8440,11630,110
8441,8577,4
8441,9115,20
8441,9597,34
8442,8786,11
8442,10420,60
8443,8473,1
8443,8475,1
8443,9311,26
8443,9672,36
8443,10363,58
8443,10643,68
8444,9674,36
8445,9270,25
8445,9817,40
8446,8644,6
8446,9508,31
8446,9708,37
8447,8645,6
8447,8902,14
8447,9680,36
8448,9182,22
8448,9388,28
8449,8673,7
8449,8762,10
8450,8513,2
8450,9028,17
8451,9714,37
8452,8517,2
8453,8598,4
8453,8882,13
8453,9282,25
8453,10016,46
8454,8767,10
8454,8960,15
8455,9795,39
8455,10343,57
8456,8741,9
8457,9443,29
8457,9550,32
8458,9449,29
8458,10352,57
8459,9079,18
8459,10792,73
8460,9077,18
8461,8491,1
8461,9527,31
8461,10386,58
8462,10795,73
8463,9455,29
8463,9904,42
8464,9014,16
8464,9302,25
8465,8638,5
8465,9303,25
8466,8829,11
8466,9810,39
8467,8496,1
8467,8690,7
8467,10175,51
8467,11359,96
8468,10234,53
8469,8783,10
8469,10718,70
8472,8543,2
8473,9016,16
8473,9146,20
8473,10363,57
8474,8667,6
8474,9738,37
8475,10209,52
8476,8791,10
8476,9383,27
8476,9601,33
8476,10803,73
8477,8794,10
8477,8982,15
8477,8983,15
8478,9091,18
8478,9151,20
8479,8988,15
8479,10150,50
8480,9243,23
8480,9606,33
8481,10124,49
8482,9188,21
8482,9392,27
8483,8622,4
8483,9097,18
8483,9512,30
8484,8518,1
8484,8708,7
8484,8959,14
8485,8653,5
8485,9254,23
8486,8741,8
8487,8920,13
8487,9723,36
8488,8772,9
8488,8816,10
8488,8887,12
8488,9405,27
8489,9627,33
8490,8565,2
8490,9559,31
8490,10050,46
8491,9080,17
8491,9696,35
8491,10472,60
8492,9168,20
8492,10498,61
8493,9009,15
8493,10201,51
8493,10265,53
8494,9171,20
8494,9972,43
8494,10997,80
8495,8751,8
8495,9043,16
8495,9237,22
8496,9735,36
8496,11024,81
8497,8861,11
8498,8537,1
8499,9703,35
8500,8541,1
8501,9112,18
8502,8725,7
8502,8832,10
8502,9016,15
8502,10273,53
8504,8643,4
8504,8729,7
8504,9534,30
8505,9054,16
8505,9819,38
8506,8868,11
8506,9210,21
8507,9215,21
8507,9509,29
8508,8674,5
8509,8734,7
8509,8802,9
8509,10121,48
8510,8647,4
8510,8734,7
8510,9126,18
8510,9576,31
8511,10013,44
8512,9544,30
8513,8952,13
8513,9062,16
8513,9095,17
8514,8649,4
8514,8912,12
8515,10154,49
8516,8550,1
8516,9356,25
8518,9067,16
8519,8918,12
8519,8961,13
8520,8557,1
8520,9101,17
8521,9163,19
8521,9858,39
8522,9257,22
8522,10347,55
8523,8713,6
8523,9406,26
8523,9485,28
8524,8922,12
8524,9623,32
8524,10048,45
8525,8604,2
8525,9002,14
8525,9899,40
8526,8967,13
8527,9334,24
8527,9410,26
8527,10635,65
8528,9295,23
8528,10860,73
8529,9139,18
8529,10053,45
8530,11466,99
8531,9042,15
8531,10174,49
8532,9199,20
8532,9341,24
8533,8828,9
8534,9702,34
8534,11358,94
8535,9564,30
8535,9638,32
8536,8976,13
8536,9595,31
8536,11200,87
8537,8783,8
8539,10003,43
8539,11179,86
8540,9377,25
8541,8755,7
8541,10177,49
8543,9051,15
8543,10330,54
8544,10279,52
8545,8839,9
8545,9314,23
8546,8982,13
8546,9642,32
8547,8586,1
8547,9915,40
8548,8676,4
8549,8701,5
8550,8704,5
8550,9649,32
8551,9249,21
8551,9927,40
8552,8596,1
8552,8879,10
8553,8880,10
8553,8881,10
8553,9475,27
8554,8652,3
8554,8811,8
8555,9283,22
8555,10712,67
8556,9134,17
8556,9758,35
8557,8630,2
8557,10100,46
8557,11262,89
8558,8602,1
8558,8654,3
8559,9326,23
8559,9721,34
8559,10019,43
8560,9444,26
8560,10224,50
8561,8603,1
8562,8817,8
8562,9288,22
8563,9039,14
8564,8746,6
8564,10074,45
8565,9726,34
8565,9839,37
8565,10261,51
8566,9260,21
8566,9454,26
8566,9728,34
8567,9868,38
8568,8635,2
8568,8778,7
8568,8970,12
8568,9140,17
8569,10079,45
8569,10967,77
8570,9636,31
8570,10602,63
8570,11466,98
8571,9110,16
8571,10478,58
8572,9302,22
8572,9637,31
8573,8859,9
8573,9238,20
8574,8610,1
8574,9085,15
8574,9494,27
8575,9533,28
8575,10673,65
8576,8757,6
8576,8865,9
8576,9379,24
8577,9670,32
8577,10275,51
8578,8979,12
8579,9018,13
8579,10143,47
8579,10610,63
8580,8980,12
8581,8696,4
8581,9090,15
8582,9022,13
8582,10367,54
8583,9385,24
8583,9570,29
8584,8945,11
8584,9469,26
8584,9707,33
8584,10035,43
8585,9152,17
8585,9782,35
8586,9272,21
8586,10313,52
8587,9127,16
8587,9542,28
8588,8950,11
8588,9026,13
8588,9574,29
8589,9884,38
8590,9391,24
8591,8951,11
8591,8990,12
8591,9577,29
8592,8650,2
8592,9611,30
8592,10285,51
8593,8953,11
8593,10154,47
8593,10286,51
8594,8650,2
8594,9715,33
8595,9222,19
8595,9613,30
8596,9278,21
8597,9031,13
8597,9064,14
8597,9281,21
8598,9583,29
8598,9990,41
8599,8958,11
8599,9160,17
8599,9192,18
8600,8629,1
8600,8848,8
8600,8884,9
8600,9619,30
8601,9361,23
8601,9831,36
8602,8769,6
8603,9835,36
8604,8966,11
8604,9936,39
8605,9076,14
8605,9452,25
8606,8926,10
8606,8929,10
8606,11020,78
8607,8636,1
8607,9698,32
8607,10054,43
8608,9200,18
8608,9420,24
8608,9530,27
8608,11151,83
8609,10234,49
8611,9909,38
8611,9978,40
8612,8692,3
8613,10331,52
8614,9816,35
8616,10505,58
8617,10009,41
8617,10645,63
8618,9913,38
8618,10212,48
8619,9124,15
8619,9181,17
8620,9712,32
8621,9391,23
8621,9684,31
8622,8808,6
8622,8911,9
8623,9395,23
8623,9715,32
8624,8879,8
8624,9066,13
8624,9279,20
8625,10377,53
8626,9161,16
8626,10342,52
8627,8709,3
8627,9136,15
8628,9255,19
8628,9686,31
8628,10731,66
8629,8709,3
8629,8883,8
8629,10437,55
8630,10403,54
8631,8683,2
8631,8742,4
8631,9071,13
8632,8660,1
8632,8684,2
8632,9484,25
8633,9075,13
8633,10447,55
8634,9559,27
8634,10050,42
8634,10324,51
8635,8720,3
8635,8970,10
8635,8972,10
8636,9631,29
8636,9941,38
8636,10204,47
8637,9870,36
8638,9044,12
8638,11220,85
8639,8689,2
8639,8974,10
8640,8666,1
8641,10004,40
8642,8832,6
8642,8977,10
8642,9016,11
8642,9146,15
8643,8787,5
8643,9741,32
8643,9979,39
8644,8983,10
8644,10034,41
8646,8803,5
8646,8987,10
8646,9061,12
8646,9750,32
8647,9216,17
8647,9471,24
8647,9709,31
8648,9028,11
8649,8952,9
8649,10041,41
8650,10250,48
8651,8956,9
8651,9396,22
8652,8917,8
8652,9226,17
8653,9100,13
8653,9159,15
8653,9548,26
8653,9793,33
8653,9894,36
8654,8885,7
8654,10161,45
8655,9034,11
8655,9103,13
8656,9444,23
8657,8886,7
8657,11396,92
8658,9765,32
8659,10197,46
8660,8818,5
8660,9554,26
8661,8888,7
8661,9074,12
8661,9369,21
8662,9370,21
8662,9559,26
8664,8935,8
8664,9234,17
8665,10174,45
8665,10206,46
8667,9051,11
8667,9876,35
8668,9675,29
8668,9740,31
8668,9945,37
8669,8792,4
8669,10678,62
8669,10768,66
8670,8867,6
8670,9430,22
8671,9880,35
8671,9948,37
8672,8871,6
8672,9916,36
8673,8801,4
8673,10039,40
8673,10649,61
8674,10652,61
8675,8842,5
8675,8907,7
8676,8990,9
8676,9184,15
8677,8913,7
8677,9546,25
8678,8957,8
8678,9225,16
8679,8738,2
8679,9439,22
8679,9857,34
8680,9101,12
8680,10572,58
8682,9834,33
8682,9859,34
8682,9994,38
8682,10021,39
8683,8849,5
8683,9000,9
8683,9072,11
8684,8713,1
8684,9520,24
8685,8718,1
8685,9197,15
8685,9451,22
8686,8778,3
8686,8935,7
8686,9140,13
8687,9872,34
8687,10269,47
8688,9906,35
8688,10271,47
8688,11358,89
8689,8860,5
8690,11538,97
8691,9177,14
8692,9087,11
8692,9910,35
8693,8758,2
8693,10006,38
8694,9345,19
8694,10767,65
8695,9022,9
8695,9505,23
8695,9507,23
8695,10367,50
8696,9212,15
8697,9215,15
8698,9153,13
8698,9823,32
8699,10013,38
8700,8763,2
8700,8876,5
8700,9276,17
8701,9752,30
8701,9824,32
8702,8992,8
8702,9611,26
8703,9580,25
8703,10186,44
8704,9754,30
8705,8993,8
8705,9394,20
8705,9790,31
8705,9827,32
8706,9190,14
8706,9513,23
8707,8955,7
8707,9514,23
8708,9192,14
8709,9136,12
8710,9858,33
8710,10381,50
8711,9444,21
8711,10164,43
8711,10689,61
8712,8850,4
8712,8919,6
8713,9289,17
8714,8965,7
8714,9837,32
8715,8923,6
8715,9038,9
8715,10540,56
8716,10819,66
8717,9588,25
8717,9938,35
8717,10262,46
8718,9558,24
8718,10263,46
8719,10133,42
8719,10299,47
8719,10472,53
8720,9413,20
8720,9487,22
8720,9660,27
8721,9301,17
8721,11399,90
8721,11536,96
8722,9143,12
8722,9774,30
8723,10207,44
8723,10864,67
8724,9113,11
8724,9305,17
8725,9704,28
8725,10062,39
8726,9308,17
8726,9599,25
8727,8787,2
8727,9459,21
8727,9498,22
8727,9815,31
8728,9674,27
8728,10973,72
8729,8978,7
8729,9148,12
8729,9979,36
8730,8866,4
8730,10505,54
8731,9090,10
8731,10334,48
8732,9023,8
8732,10280,46
8733,8988,7
8733,9026,8
8733,9574,24
8734,9683,27
8734,9984,36
8735,8950,6
8735,9316,17
8735,9607,25
8736,8952,6
8736,9062,9
8736,9926,34
8736,9985,36
8737,9322,17
8737,9988,36
8738,9282,16
8739,8958,6
8739,9477,21
8740,10191,43
8740,10753,63
8741,8996,7
8742,9071,9
8742,9366,18
8743,8999,7
8743,9103,10
8743,9367,18
8744,9518,22
8744,9723,28
8745,8926,5
8745,9626,25
8746,8927,5
8746,9450,20
8747,9726,28
8747,10171,42
8747,10261,45
8747,10324,47
8748,8821,2
8748,9966,35
8748,10632,58
8749,8931,5
8750,8777,1
8750,9335,17
8750,9767,29
8750,10887,67
8751,8937,5
8751,9014,7
8752,9773,29
8752,11860,110
8753,9173,12
8754,9565,23
8754,10002,36
8755,8938,5
8755,9176,12
8755,9202,13
8756,11488,93
8758,8942,5
8758,9311,16
8759,9179,12
8759,9206,13
8760,8836,2
8760,9119,10
8761,8788,1
8761,9980,35
8762,10370,48
8762,10649,58
8763,9355,17
8763,9578,23
8763,9711,27
8764,9248,14
8764,9648,25
8765,9277,15
8765,9791,29
8766,9615,24
8766,9616,24
8766,10252,44
8767,8812,1
8767,9135,10
8768,8997,6
8768,9720,27
8768,9828,30
8768,9830,30
8770,9034,7
8770,9103,9
8770,9799,29
8771,9001,6
8771,9860,31
8772,8963,5
8772,9230,13
8772,9621,24
8772,10047,37
8772,10662,58
8773,9447,19
8773,10197,42
8774,9004,6
8774,9692,26
8775,9076,8
8775,9449,19
8775,10941,69
8776,9806,29
8776,10544,54
8777,9697,26
8777,11507,93
8778,8972,5
8778,9141,10
8779,8861,2
8779,8974,5
8780,9811,29
8780,9977,34
8781,9343,16
8781,9776,28
8781,10176,41
8782,9015,6
8782,9908,32
8783,8894,3
8785,10361,47
8786,10720,60
8787,9312,15
8787,10835,64
8788,9053,7
8789,9503,20
8789,10867,65
8790,8837,1
8790,9428,18
8790,9502,20
8790,10065,37
8791,9209,12
8791,10007,35
8791,10609,56
8792,9056,7
8792,9504,20
8792,10178,41
8793,9677,25
8793,10590,55
8793,11100,75
8794,8944,4
8794,9313,15
8794,9912,32
8795,9641,24
8796,8903,3
8796,9679,25
8796,9880,31
8796,10368,47
8797,9181,11
8797,9603,23
8797,10336,46
8798,9682,25
8799,9604,23
8799,10150,40
8799,10427,49
8800,9432,18
8800,9509,20
8801,10652,57
8801,10928,68
8802,8905,3
8802,9784,28
8802,10214,42
8803,9851,30
8804,9710,26
8804,10653,57
8805,9434,18
8805,10152,40
8806,9029,6
8806,9096,8
8806,9156,10
8807,8910,3
8807,10318,45
8808,9512,20
8809,8881,2
8809,9475,19
8809,9581,22
8810,9616,23
8811,9226,12
8811,9477,19
8812,8961,4
8812,9399,17
8813,9229,12
8813,9364,16
8814,10574,54
8814,11016,71
8815,10789,62
8815,10915,67
8816,9690,25
8816,10662,57
8817,8964,4
8817,9622,23
8818,8964,4
8818,9724,26
8819,9837,29
8820,8851,1
8820,10663,57
8821,9557,21
8821,9628,23
8821,10821,63
8822,9333,15
8822,10074,37
8822,10297,44
8823,9294,14
8823,10762,61
8824,8970,4
8824,9140,9
8824,10000,34
8824,10388,47
8825,10547,53
8826,10136,39
8826,10896,66
8827,9773,27
8827,10699,58
8827,11178,77
8828,8858,1
8829,8975,4
8829,10059,36
8832,9145,9
8832,10062,36
8833,8939,3
8833,10209,41
8834,9816,28
8835,9425,17
8835,10676,57
8835,11001,70
8837,9019,5
8837,9271,13
8837,10705,58
8838,8900,2
8838,9466,18
8838,9744,26
8839,9913,31
8840,9058,6
8840,9182,10
8840,9386,16
8841,10213,41
8842,9274,13
8843,9884,30
8844,9218,11
8844,9244,12
8845,9390,16
8845,9785,27
8846,8910,2
8846,10317,44
8847,9136,8
8847,9254,12
8847,9480,18
8848,8918,2
8848,9286,13
8848,9481,18
8849,9763,26
8849,10443,48
8850,10258,42
8851,10384,46
8852,8925,2
8852,9900,30
8853,9968,32
8853,10325,44
8854,9589,21
8854,9841,28
8854,10599,54
8855,9491,18
8855,10601,54
8856,10966,68
8857,9110,7
8858,10137,38
8859,9374,15
8859,9775,26
8862,10177,39
8862,11181,76
8862,11221,78
8863,9203,10
8863,10236,41
8864,8897,1
8864,10306,43
8865,10524,51
8866,9427,16
8866,9534,19
8868,8980,3
8868,10065,35
8869,10212,40
8870,9846,28
8871,10038,34
8871,11134,74
8872,9542,19
8872,9915,30
8873,8907,1
8873,9918,30
8873,10650,55
8874,9093,6
8874,9885,29
8875,9315,13
8875,9351,14
8876,9156,8
8876,9276,12
8877,9577,20
8878,9356,14
8878,9473,17
8878,9855,28
8878,10216,40
8879,9278,12
8879,9437,16
8880,9515,18
8880,9716,24
8881,9098,6
8882,8995,3
8882,9193,9
8882,9583,20
8883,9068,5
8883,9136,7
8883,10192,39
8884,9256,11
8884,9400,15
8884,9481,17
8885,10990,68
8886,9287,12
8886,9446,16
8886,9587,20
8887,9288,12
8887,9836,27
8888,9624,21
8888,9899,29
8889,9523,18
8889,9695,23
8890,10634,54
8891,10053,34
8892,9456,16
8892,10233,40
8893,10060,34
8894,10718,57
8895,9084,5
8896,9566,19
8896,10176,38
8896,11486,89
8897,9307,12
8897,9737,24
8899,9600,20
8899,9673,22
8900,11130,73
8900,11446,87
8901,10033,33
8901,10366,44
8902,8945,1
8903,10010,32
8904,10336,43
8904,10464,47
8905,9885,28
8906,9127,6
8906,10653,54
8907,9575,19
8908,8949,1
8909,9093,5
8909,9712,23
8909,10248,40
8910,10465,47
8911,9131,6
8912,10041,33
8913,9321,12
8913,10187,38
8913,10251,40
8914,9435,15
8914,9756,24
8914,11345,82
8915,9031,3
8915,9064,4
8915,9065,4
8915,9614,20
8916,9252,10
8916,9281,11
8917,9717,23
8918,9227,9
8919,9368,13
8919,10258,40
8919,11214,76
8920,9329,12
8920,9935,29
8921,9898,28
8921,10199,38
8921,10692,55
8922,8967,1
8922,10539,50
8923,9195,8
8923,9725,23
8924,9037,3
8924,9331,12
8925,10026,32
8926,9902,28
8926,10859,61
8927,9167,7
8927,10109,35
8928,9452,15
8928,9999,31
8929,10408,45
8930,9486,16
8930,9938,29
8931,9232,9
8932,8969,1
8933,9940,29
8933,10300,41
8933,11272,78
8934,9591,19
8934,10449,46
8935,9141,6
8935,9529,17
8936,10110,35
8937,9043,3
8937,9236,9
8937,9373,13
8939,9305,11
8940,9705,22
8940,9944,29
8940,10418,45
8941,9116,5
8942,9460,15
8942,9672,21
8943,9845,26
8943,10210,38
8944,8983,1
8944,9021,2
8944,10179,37
8945,9680,21
8946,9571,18
8946,10481,47
8947,9572,18
8947,9846,26
8947,10038,32
8948,8984,1
8948,9154,6
8948,9387,13
8949,9128,5
8950,9389,13
8950,10012,31
8951,9094,4
8951,9607,19
8952,10781,58
8953,9097,4
8953,9394,13
8953,9826,25
8954,9220,8
8954,9928,28
8954,10622,52
8955,9436,14
8955,9791,24
8956,9064,3
8956,9547,17
8957,9222,8
8957,9358,12
8957,10844,60
8958,9584,18
8958,9893,27
8959,9067,3
8959,9192,7
8959,9479,15
8960,9067,3
8960,9135,5
8961,9227,8
8961,9618,19
8962,10196,37
8962,10937,64
8963,9405,13
8963,9519,16
8964,9802,24
8965,10446,45
8966,9002,1
8966,9073,3
8966,9407,13
8967,9406,13
8968,9233,8
8968,10580,50
8969,9903,27
8970,9487,15
8970,11121,71
8970,11270,77
8971,9412,13
8971,9973,29
8971,11123,71
8972,9413,13
8973,10058,32
8975,9082,3
8975,10001,30
8976,9736,22
8977,9145,5
8977,9266,9
8978,9118,4
8978,9676,20
8978,10332,41
8979,9020,1
8979,9208,7
8980,9464,14
8980,10065,32
8981,10612,51
8981,10723,55
8982,9347,11
8982,9912,27
8983,10243,38
8984,9349,11
8984,9947,28
8985,9388,12
8985,9823,24
8986,9059,2
8986,10557,49
8987,9541,16
8987,9573,17
8987,9849,25
8988,10012,30
8988,10150,35
8989,10484,46
8990,9094,3
8992,9246,8
8992,9986,29
8992,10708,54
8993,9248,8
8994,9546,16
8995,9440,13
8995,9929,27
8995,10016,30
8995,10533,48
8995,10752,56
8996,9285,9
8997,9516,15
8997,9895,26
8997,9992,29
8998,9760,22
8998,9831,24
8999,9762,22
8999,9860,25
9000,9036,1
9000,9071,2
9000,9445,13
9001,10072,32
9002,9166,5
9002,9407,12
9002,9521,15
9002,10576,49
9003,9900,26
9003,10384,42
9004,9039,1
9005,9038,1
9005,9805,23
9005,10821,58
9006,9198,6
9006,9525,15
9007,9806,23
9007,10695,53
9008,10385,42
9008,10473,45
9009,9040,1
9009,10172,35
9010,9296,9
9010,9807,23
9010,11269,76
9010,12139,117
9011,9139,4
9011,9170,5
9012,9234,7
9012,9371,11
9012,9770,22
9013,9493,14
9013,10113,33
9013,10638,51
9014,9373,11
9014,9701,20
9015,10453,44
9015,10897,61
9015,11000,65
9016,10643,51
9017,9673,19
9017,10140,34
9018,9207,6
9018,9345,10
9018,9461,13
9018,9878,25
9019,9502,14
9019,9535,15
9019,10276,38
9020,9055,1
9020,10608,50
9021,9149,4
9021,9313,9
9021,9538,15
9022,10241,37
9023,9211,6
9023,9571,16
9023,9746,21
9024,9387,11
9024,10398,42
9024,10463,44
9025,9349,10
9025,9881,25
9025,10683,52
9027,9242,7
9027,9644,18
9027,10429,43
9029,10091,32
9029,10684,52
9030,9613,17
9030,10187,35
9030,10566,48
9031,9280,8
9031,10097,32
9032,9225,6
9032,9253,7
9032,9792,22
9033,9134,3
9033,9758,21
9034,9657,18
9035,9071,1
9035,9327,9
9035,9365,10
9036,9072,1
9036,9105,2
9036,9445,12
9037,9291,8
9037,10918,61
9038,9725,20
9038,9997,28
9040,9527,14
9041,9940,26
9041,10637,50
9042,9872,24
9042,9976,27
9043,10114,32
9043,10669,51
9044,10502,45
9044,10551,47
9044,11220,73
9045,9421,11
9045,10414,42
9046,9082,1
9046,9238,6
9046,9977,27
9047,9082,1
9047,10234,36
9048,9812,22
9049,9114,2
9050,9380,10
9050,10207,35
9050,10924,61
9050,12189,119
9051,10607,49
9052,9117,2
9052,9425,11
9053,9980,27
9054,9119,2
9054,10608,49
9055,9819,22
9056,9537,14
9056,10008,28
9056,10591,48
9057,9780,21
9057,9822,22
9057,10312,38
9057,10397,41
9059,9948,26
9060,9683,18
9060,9848,23
9061,9849,23
9061,9917,25
9062,9186,4
9062,10092,31
9063,9609,16
9063,11135,69
9064,9685,18
9065,9132,2
9065,9280,7
9065,9357,9
9066,9158,3
9066,9515,13
9066,11456,83
9067,9441,11
9068,9442,11
9068,9655,17
9068,10848,57
9069,9362,9
9069,9620,16
9069,9831,22
9070,9228,5
9070,9361,9
9070,10346,39
9071,9401,10
9071,9445,11
9071,9932,25
9071,10162,33
9072,10443,42
9072,10537,46
9073,9194,4
9073,9407,10
9073,9936,25
9073,10106,31
9073,10470,43
9074,9838,22
9075,9107,1
9076,10170,33
9077,9524,13
9077,10408,41
9078,9333,8
9079,11217,72
9080,9527,13
9080,9867,23
9080,11584,89
9081,9110,1
9081,10478,43
9081,12618,147
9082,9639,16
9082,10829,56
9083,9942,25
9083,10415,41
9083,11383,79
9084,9457,11
9086,10361,39
9087,9383,9
9087,9945,25
9088,9148,2
9088,9536,13
9088,10611,48
9089,10242,35
9089,10423,41
9090,9212,4
9090,10395,40
9091,9748,19
9091,10036,28
9092,9152,2
9092,9782,20
9092,10037,28
9092,10558,46
9093,10089,30
9094,9184,3
9095,9186,3
9096,9317,7
9096,9579,14
9096,10091,30
9097,9789,20
9099,9892,23
9099,10043,28
9099,11210,71
9100,9398,9
9100,9582,14
9100,9617,15
9101,10100,30
9102,9326,7
9102,9896,23
9102,9992,26
9103,9586,14
9104,9859,22
9104,10021,27
9104,10102,30
9104,10596,47
9105,9328,7
9105,10537,45
9105,10661,49
9106,10045,28
9106,10072,29
9106,10197,33
9107,9691,17
9107,10447,41
9107,11709,94
9108,10052,28
9108,10409,40
9108,10634,48
9109,9493,11
9109,10638,48
9111,9637,15
9111,10413,40
9113,9266,5
9113,10391,39
9114,9304,6
9114,10924,59
9115,10417,40
9116,9306,6
9118,9500,11
9118,9979,25
9118,10588,46
9119,9208,3
9120,10238,34
9120,10901,58
9121,9678,16
9121,9820,20
9121,10458,41
9122,9507,11
9122,10367,38
9124,9748,18
9124,9821,20
9125,9215,3
9125,9432,9
9125,9509,11
9126,9471,10
9126,9683,16
9126,9848,21
9127,9949,24
9127,11007,62
9129,9606,14
9129,10068,28
9129,11008,62
9130,9354,7
9130,9355,7
9130,9578,13
9130,9923,23
9131,9922,23
9132,9191,2
9132,9251,4
9133,9717,17
9133,9990,25
9135,9399,8
9135,9441,9
9136,9655,15
9136,9794,19
9137,9719,17
9137,10017,26
9138,11215,70
9140,9591,13
9141,9413,8
9141,9769,18
9142,9339,6
9142,9730,17
9142,10500,42
9142,10826,54
9143,9341,6
9143,10116,29
9144,9811,19
9144,10234,33
9145,10062,27
9146,9266,4
9146,10391,38
9147,9739,17
9147,10275,34
9148,10332,36
9149,9465,9
9149,9706,16
9149,10746,51
9150,9602,13
9150,10212,32
9151,9643,14
9151,10036,26
9152,9508,10
9152,10839,54
9153,9983,24
9153,10338,36
9155,9316,5
9155,9607,13
9156,9317,5
9157,9221,2
9157,9396,7
9157,10811,53
9158,9279,4
9158,9757,17
9158,11522,83
9159,9582,12
9159,9891,21
9159,9989,24
9160,9584,12
9160,9718,16
9160,10158,30
9161,9796,18
9161,10571,44
9162,9360,6
9162,10784,52
9163,9799,18
9164,10162,30
9164,10347,36
9165,10381,37
9165,10894,56
9166,9521,10
9166,9625,13
9166,9899,21
9167,9692,15
9168,9728,16
9169,9411,7
9169,10355,36
9169,10794,52
9171,10203,31
9171,10860,54
9172,9371,6
9172,9491,9
9174,9342,5
9174,10061,26
9175,9496,9
9175,9532,10
9176,9423,7
9176,10177,30
9176,11221,69
9178,9310,4
9178,9671,14
9178,10082,27
9178,11363,75
9179,10032,25
9179,10768,51
9180,9213,1
9180,10146,29
9180,10147,29
9180,10592,44
9181,9821,18
9181,10087,27
9182,10707,48
9183,9850,19
9183,9920,21
9183,10807,52
9185,9244,2
9185,10750,50
9185,10981,59
9186,9751,16
9187,9714,15
9187,10317,34
9188,9646,13
9188,10374,36
9189,9611,12
9189,10014,24
9189,10285,33
9189,10729,49
9190,9221,1
9190,10096,27
9191,9224,1
9191,9323,4
9191,9357,5
9191,9359,5
9191,9650,13
9192,9718,15
9193,9929,21
9193,9991,23
9193,10155,29
9194,9404,6
9194,10470,39
9194,10737,49
9195,10131,28
9195,10540,42
9195,11050,61
9196,9231,1
9196,10496,40
9196,10631,45
9196,10664,46
9197,9693,14
9197,10263,32
9197,10471,39
9198,10264,32
9198,10632,45
9199,10135,28
9199,10136,28
9199,10390,36
9200,10080,26
9200,10944,57
9200,11713,91
9201,9495,8
9201,9566,10
9201,10671,46
9201,11486,80
9202,9423,6
9202,10672,46
9203,9378,5
9203,10673,46
9204,9909,20
9205,9344,4
9205,11223,68
9206,10032,24
9207,10143,28
9207,10237,31
9207,11002,59
9208,10608,44
9209,9743,15
9209,10394,36
9209,11580,84
9210,10065,25
9210,10366,35
9211,10182,29
9211,10280,32
9211,10528,41
9212,9643,12
9213,10778,50
9213,10953,57
9214,9604,11
9214,9781,16
9214,10427,37
9214,10840,52
9216,9882,19
9216,9919,20
9216,10246,31
9217,9851,18
9217,10484,39
9218,9352,4
9218,10878,53
9219,9608,11
9219,9712,14
9220,9754,15
9221,10532,41
9222,10319,33
9224,9250,1
9224,9359,4
9224,9514,8
9224,9615,11
9224,9652,12
9225,10844,52
9226,9397,5
9226,9717,14
9227,9286,2
9227,9549,9
9228,9443,6
9228,10813,51
9229,10019,23
9230,9403,5
9230,9519,8
9230,9764,15
9231,9861,18
9231,11093,62
9232,9370,4
9233,9409,5
9233,11440,77
9234,9529,8
9234,10031,23
9235,9338,3
9235,9371,4
9235,9491,7
9235,9492,7
9236,9663,12
9236,10114,26
9236,10501,39
9237,10669,45
9237,11219,67
9238,9639,11
9238,9775,15
9239,10799,50
9239,11293,70
9240,9671,12
9240,11488,79
9240,11955,101
9241,9846,17
9241,10462,37
9242,9275,1
9242,10122,26
9243,9710,13
9244,10878,52
9245,9319,2
9245,9610,10
9245,9924,19
9245,10316,32
9246,9610,10
9246,9886,18
9247,10283,31
9247,10466,37
9248,9394,4
9248,9826,16
9249,9988,21
9249,10287,31
9250,9323,2
9250,9436,5
9250,9612,10
9251,9280,1
9251,9359,3
9251,10219,29
9252,9793,15
9253,10253,30
9254,9894,18
9255,10255,30
9255,10341,33
9256,9400,4
9256,9551,8
9256,9832,16
9257,10754,48
9257,10851,51
9258,9328,2
9258,9483,6
9258,10166,27
9258,10661,44
9259,10742,47
9259,11397,74
9259,11464,77
9260,9411,4
9261,9297,1
9261,9562,8
9261,9808,15
9261,10546,40
9262,9631,10
9262,10078,24
9262,10204,28
9262,10269,30
9263,9298,1
9263,9455,5
9263,9904,18
9263,10548,40
9264,9298,1
9264,9490,6
9264,9634,10
9265,9665,11
9265,9732,13
9265,10412,35
9267,9909,18
9267,9978,20
9268,10418,35
9269,9307,1
9269,9308,1
9269,10865,51
9270,9816,15
9270,10457,36
9271,9535,7
9271,9818,15
9271,11253,67
9272,9540,7
9272,9915,18
9272,10927,54
9272,11036,58
9272,11429,75
9273,9682,11
9275,9434,4
9275,10246,29
9276,9317,1
9276,9355,2
9276,9713,12
9277,9928,18
9277,10782,48
9279,9437,4
9279,10511,38
9280,10189,27
9281,9793,14
9281,10097,24
9282,9857,16
9283,9953,19
9283,10042,22
9283,10623,42
9284,9758,13
9284,10099,24
9285,9719,12
9286,9688,11
9286,9931,18
9287,11048,58
9288,9622,9
9288,10024,21
9289,9485,5
9289,9520,6
9289,10167,26
9290,9447,4
9290,9936,18
9291,10858,50
9291,11119,61
9292,9524,6
9292,9695,11
9292,10408,34
9293,9589,8
9293,10634,42
9294,11326,70
9295,9868,16
9296,10300,30
9296,11272,67
9296,12439,127
9297,9843,15
9297,9869,16
9297,10583,40
9298,9632,9
9298,10501,37
9300,10058,22
9300,10967,55
9300,11924,98
9301,9417,3
9301,10998,56
9301,11381,72
9302,9701,11
9302,10304,30
9303,11220,65
9303,11714,88
9304,10362,32
9305,10209,27
9305,10391,33
9306,9978,19
9307,9944,18
9307,10419,34
9308,10719,45
9309,9598,8
9309,10364,32
9309,10525,38
9309,10947,54
9310,9425,3
9310,11001,56
9311,9672,10
9311,10006,20
9311,10589,40
9311,10703,44
9312,9498,5
9312,9741,12
9312,10309,30
9313,9706,11
9313,10646,42
9314,9913,17
9314,10180,26
9314,10978,55
9315,9917,17
9315,10088,23
9316,9389,2
9317,9579,7
9318,10093,23
9318,10562,39
9319,9647,9
9319,10466,35
9320,9714,11
9320,9825,14
9321,9393,2
9321,10656,42
9322,9513,5
9322,10751,46
9323,10218,27
9324,9438,3
9324,9615,8
9324,9652,9
9325,10345,31
9325,10514,37
9326,9553,6
9326,10536,38
9327,9401,2
9327,9722,11
9327,9761,12
9328,9445,3
9328,9800,13
9330,9521,5
9330,9522,5
9330,9625,8
9330,11354,70
9331,10918,52
9331,11689,86
9332,10541,38
9332,11119,60
9334,9526,5
9334,9866,15
9334,10761,46
9335,10582,39
9336,10637,41
9336,11670,85
9337,9490,4
9337,9592,7
9337,9634,8
9337,9971,18
9338,9700,10
9338,10584,39
9339,9730,11
9339,10889,50
9339,11076,58
9341,10135,24
9341,10359,31
9342,10718,44
9343,11079,58
9343,11864,93
9344,10555,38
9344,10678,42
9345,9981,18
9345,11405,72
9346,10310,29
9346,10590,39
9346,11100,59
9346,12046,102
9347,9642,8
9347,10066,21
9347,10145,24
9348,9982,18
9348,10213,26
9349,10282,28
9349,10508,36
9350,9510,4
9350,9916,16
9350,11341,69
9351,9785,12
9351,10088,22
9352,10877,49
9352,11107,59
9353,10619,40
9353,11135,60
9354,9786,12
9354,9787,12
9354,10249,27
9355,9888,15
9356,9649,8
9357,9614,7
9357,9856,14
9358,10319,29
9358,10402,32
9358,11410,72
9359,9890,15
9360,9830,13
9360,10345,30
9361,9831,13
9361,10961,53
9362,9760,11
9362,9831,13
9363,9400,1
9363,9551,5
9363,9759,11
9363,9956,17
9364,9833,13
9364,10019,19
9364,10880,49
9364,11348,69
9365,9761,11
9365,9932,16
9365,10688,42
9366,10162,24
9367,9586,6
9367,9762,11
9367,10163,24
9368,10105,22
9368,10857,48
9368,11460,74
9369,9624,7
9369,9838,13
9369,10716,43
9370,9727,10
9371,9662,8
9372,10079,21
9372,11380,70
9372,12249,113
9373,9663,8
9373,9905,15
9374,9774,11
9374,10305,28
9375,9457,2
9375,10416,32
9375,11097,58
9376,10002,18
9376,11864,92
9377,10479,34
9378,9812,12
9378,10139,23
9379,10524,36
9380,10832,47
9380,11957,97
9381,9424,1
9381,9459,2
9381,9498,3
9381,10702,42
9382,9704,9
9382,10062,20
9382,10117,22
9382,10833,47
9383,10704,42
9384,9980,17
9385,10181,24
9385,10280,27
9385,10726,43
9386,10707,42
9386,10778,45
9387,9947,16
9388,9983,17
9388,10707,42
9389,9920,15
9390,10151,23
9390,10371,30
9391,9544,4
9391,9921,15
9392,10374,30
9393,10154,23
9394,10286,27
9395,9927,15
9395,10487,34
9396,9547,4
9396,10811,46
9397,9477,2
9397,9893,14
9397,10070,20
9398,9478,2
9398,9548,4
9398,10255,26
9399,9618,6
9399,9930,15
9400,9619,6
9400,10194,24
9400,10732,43
9401,9445,1
9401,9897,14
9402,10020,18
9402,10021,18
9402,10102,21
9402,10882,48
9403,9483,2
9403,9621,6
9403,10166,23
9404,9801,11
9404,10129,22
9404,10323,28
9405,9836,12
9405,10023,18
9406,10104,21
9406,10539,36
9407,10226,25
9408,9448,1
9408,9694,8
9408,10354,29
9408,10790,45
9409,11806,89
9410,9866,13
9410,10200,24
9410,11023,54
9411,9453,1
9411,9454,1
9412,9489,2
9413,9593,5
9413,10111,21
9413,10356,29
9414,9698,8
9414,9972,16
9414,10110,21
9415,10203,24
9415,10267,26
9415,11379,69
9416,10054,19
9416,10476,33
9417,9731,9
9417,11056,55
9417,11399,70
9418,10452,32
9418,10699,41
9418,11559,77
9419,10414,31
9419,10827,46
9420,10641,39
9420,11713,85
9421,9810,11
9421,10700,41
9422,9496,2
9423,11057,55
9423,11384,69
9424,9813,11
9424,10392,30
9424,10834,46
9426,9816,11
9426,10393,30
9426,10457,32
9427,10278,26
9427,10505,34
9427,10644,39
9428,9464,1
9428,10086,20
9429,10009,17
9429,10645,39
9429,11298,65
9429,11977,97
9431,9467,1
9431,10241,25
9431,11562,77
9432,9681,7
9433,9852,12
9433,10069,19
9433,10529,35
9434,9709,8
9434,10247,25
9435,9827,11
9435,11545,76
9436,9514,2
9436,9651,6
9437,9756,9
9438,9514,2
9439,9581,4
9439,10467,32
9440,9929,14
9440,9954,15
9440,11010,53
9441,9479,1
9441,9930,14
9442,10190,23
9442,10435,31
9442,10594,37
9443,9829,11
9443,10193,23
9444,9994,16
9445,9933,14
9445,9934,14
9445,9958,15
9446,10294,26
9446,10787,44
9446,11048,54
9447,10295,26
9447,11017,53
9448,9522,2
9448,9625,5
9448,10578,36
9449,10260,25
9449,11804,88
9450,10074,19
9451,9693,7
9451,10227,24
9452,9965,15
9452,10170,22
9453,9903,13
9454,10229,24
9454,10355,28
9455,9632,5
9456,9665,6
9457,10454,31
9458,9496,1
9458,9532,2
9458,10587,36
9459,9598,4
9459,10606,37
9461,10237,24
9462,9535,2
9462,10064,18
9462,10276,25
9462,10801,44
9463,9877,12
9463,10869,46
9463,11446,71
9464,10065,18
9465,10144,21
9465,10770,43
9465,10771,43
9466,10334,27
9467,9506,1
9467,9779,9
9467,11184,59
9467,11206,60
9468,10242,24
9468,10396,29
9469,9680,6
9469,10370,28
9469,10727,41
9470,9541,2
9470,9573,3
9470,9749,8
9470,10617,37
9471,9882,12
9471,10426,30
9472,9544,2
9472,9921,13
9472,10562,35
9473,10685,39
9473,10781,43
9474,9647,5
9474,10466,31
9475,9716,7
9475,10512,33
9476,10253,24
9476,11210,60
9477,9893,12
9478,9617,4
9478,9654,5
9478,10434,30
9479,9718,7
9479,10125,20
9480,9794,9
9480,9894,12
9480,10098,19
9481,9688,6
9481,9832,10
9482,10045,17
9482,10072,18
9482,10293,25
9482,10350,27
9483,9764,8
9483,9800,9
9484,9520,1
9484,9554,2
9484,10575,35
9485,10104,19
9485,10198,22
9486,10325,26
9486,10921,48
9487,10823,44
9487,11691,82
9488,9842,10
9488,10266,24
9489,11123,56
9490,9528,1
9490,9632,4
9491,10584,35
9492,9662,5
9492,9700,6
9492,9809,9
9494,9595,3
9494,10800,43
9494,11179,58
9495,10830,44
9495,11098,55
9495,11181,58
9497,9596,3
9497,9703,6
9498,10834,44
9499,9600,3
9499,9740,7
9499,11578,76
9500,9676,5
9500,10083,18
9500,10802,43
9501,9739,7
9501,11403,68
9502,10006,15
9503,10119,19
9503,11202,59
9504,10591,35
9504,10768,42
9504,11296,63
9505,10241,23
9505,10645,37
9506,9641,4
9506,10805,43
9508,9747,7
9510,9883,11
9510,10955,49
9511,9924,12
9511,9951,13
9511,10090,18
9511,10316,25
9512,9789,8
9513,10096,18
9513,10985,50
9514,9652,4
9515,10568,34
9516,9828,9
9516,9955,13
9517,9720,6
9517,9830,9
9517,10345,26
9519,9959,13
9519,10023,15
9520,10445,29
9521,11304,63
9522,10354,26
9522,10497,31
9523,10541,33
9523,10665,37
9523,10963,49
9525,10264,23
9525,10544,33
9526,9969,13
9526,10635,36
9526,10696,38
9527,10172,20
9528,9971,13
9528,10076,17
9528,10202,21
9529,9769,7
9529,10231,22
9530,11538,73
9530,11997,95
9531,9595,2
9531,9875,10
9531,10800,42
9531,11179,57
9532,9844,9
9533,10236,22
9533,10361,26
9534,9741,6
9534,10644,36
9535,10085,17
9536,10680,37
9536,10723,39
9537,10333,25
9537,10460,29
9537,10527,32
9538,10179,20
9538,10240,22
9538,10746,40
9539,10647,36
9539,10774,41
9540,10616,35
9540,12050,97
9541,10149,19
9541,10183,20
9542,9605,2
9542,11007,50
9543,10152,19
9543,10619,35
9545,10186,20
9545,10486,30
9546,10187,20
9547,9685,4
9547,10567,33
9548,9894,10
9548,10098,17
9549,9618,2
9549,9931,11
9549,10221,21
9550,10193,20
9550,10754,40
9551,9993,13
9551,10379,26
9552,9759,6
9552,9798,7
9552,9956,12
9552,10404,27
9553,9896,10
9553,10223,21
9553,10988,49
9554,9724,5
9554,10736,39
9555,9623,2
9555,9995,13
9555,10048,15
9555,10049,15
9556,10199,20
9556,10259,22
9556,10789,41
9557,9966,12
9557,10228,21
9557,10666,36
9558,10693,37
9558,10791,41
9559,9727,5
9560,11217,58
9560,11464,69
9561,9865,9
9561,10385,26
9561,11021,50
9562,9592,1
9562,9971,12
9562,11147,55
9563,9697,4
9563,9729,5
9563,10029,14
9563,11507,71
9564,10413,27
9564,10827,42
9565,9908,10
9565,11125,54
9565,11998,94
9566,10479,29
9566,10605,34
9567,10331,24
9567,10926,46
9568,9674,3
9568,9742,5
9568,10421,27
9569,10333,24
9569,10527,31
9569,10556,32
9569,10706,37
9570,10180,19
9570,10181,19
9570,10838,42
9571,10874,43
9572,11037,50
9572,11339,63
9572,11370,64
9573,9750,5
9573,10483,29
9574,10012,13
9575,9853,8
9575,9918,10
9575,10618,34
9576,9709,4
9576,9984,12
9576,10247,21
9577,9607,1
9578,9711,4
9578,9786,6
9579,9713,4
9579,9925,10
9579,9987,12
9579,10400,26
9580,9788,6
9581,10512,30
9581,10570,32
9582,9989,12
9582,10376,25
9583,10155,18
9583,10491,29
9584,10156,18
9584,10220,20
9585,9722,4
9585,9761,5
9585,10291,22
9585,10348,24
9586,9799,6
9586,10044,14
9587,10128,17
9587,10294,22
9587,11396,65
9588,9998,12
9588,11418,66
9589,11146,54
9590,9766,5
9590,10499,29
9590,11398,65
9590,12015,94
9591,10388,25
9592,9808,6
9592,10055,14
9593,9661,2
9593,10268,21
9594,10453,27
9594,11538,71
9595,9735,4
9596,10235,20
9597,9670,2
9597,10417,26
9597,10832,41
9598,9815,6
9598,11362,63
9599,10393,25
9599,10719,37
9600,10899,44
9600,11060,50
9601,10609,33
9601,10900,44
9602,10239,20
9602,10614,33
9603,9745,4
9603,10087,15
9603,10806,40
9604,10313,22
9604,11186,55
9605,9915,9
9605,10593,32
9605,10927,45
9606,9710,3
9606,11342,62
9608,9645,1
9608,10530,30
9608,10957,46
9609,9753,4
9609,11474,68
9610,10907,44
9611,9986,11
9612,9651,1
9612,10188,18
9612,10218,19
9613,10319,22
9613,11279,59
9614,9685,2
9614,10289,21
9615,9890,8
9616,9953,10
9616,10569,31
9617,10042,13
9617,10376,24
9618,10125,16
9619,10437,26
9620,9796,5
9620,11137,53
9621,9960,10
9621,11265,58
9622,9802,5
9622,10469,27
9623,9961,10
9623,10663,34
9623,10739,37
9624,10760,38
9624,11018,48
9625,11018,48
9626,9901,8
9626,9902,8
9626,11197,55
9627,10073,14
9627,10169,17
9628,10171,17
9628,10324,22
9629,9939,9
9629,10448,26
9629,11291,59
9629,12140,99
9630,10601,32
9631,9767,4
9631,10887,42
9632,10202,18
9633,9972,10
9633,10110,15
9634,9663,1
9634,9871,7
9634,10055,13
9634,10501,28
9635,9700,2
9635,9772,4
9635,9809,5
9636,11559,71
9637,10304,21
9637,10943,45
9638,10827,40
9639,10001,11
9639,10503,28
9640,9778,4
9640,9818,5
9640,10722,36
9640,11930,89
9641,10147,16
9642,10281,20
9642,10335,22
9643,10395,24
9643,10952,45
9644,10068,13
9645,9753,3
9646,10318,21
9646,10486,27
9647,9889,7
9648,9826,5
9648,9854,6
9649,9754,3
9649,10216,18
9650,9856,6
9650,10095,14
9650,10218,18
9651,9791,4
9651,10565,30
9653,9892,7
9653,10043,12
9653,10730,36
9653,11374,62
9654,10042,12
9654,10341,22
9654,10623,32
9655,9794,4
9655,10190,17
9656,9686,1
9656,9687,1
9656,11042,48
9657,9760,3
9658,10574,30
9658,11016,47
9658,11114,51
9659,9725,2
9660,10077,13
9660,10356,22
9660,10823,39
9661,9699,1
9661,10326,21
9661,10356,22
9662,9770,3
9662,10270,19
9663,10056,12
9664,9771,3
9664,9976,9
9664,10410,24
9664,10411,24
9665,10233,18
9666,9874,6
9666,10080,13
9666,10944,44
9666,12405,114
9667,9776,3
9667,9942,8
9667,11927,88
9668,10306,20
9668,10418,24
9669,10005,10
9669,10364,22
9669,10525,28
9669,11274,57
9670,10925,43
9670,11029,47
9671,12174,100
9673,10480,26
9673,10899,42
9674,11201,54
9675,10084,13
9675,10704,34
9675,11839,83
9676,9911,7
9676,10949,44
9677,10238,18
9677,10901,42
9677,11471,66
9677,11840,83
9678,10279,19
9678,10977,45
9679,10010,10
9679,10067,12
9679,11336,60
9681,9948,8
9684,9921,7
9684,10843,39
9685,10488,26
9686,10344,21
9686,11261,56
9687,11042,47
9688,10256,18
9688,10290,19
9689,9765,2
9689,10915,42
9690,10107,13
9690,11667,75
9691,10819,38
9691,11876,84
9692,10109,13
9693,10353,21
9693,11438,64
9694,10407,23
9694,10579,29
9694,11772,80
9695,10665,32
9695,10820,38
9696,9841,4
9696,9867,5
9696,10599,30
9698,9975,8
9699,9843,4
9699,9869,5
9699,10389,22
9700,9771,2
9700,9772,2
9700,9873,5
9700,10358,21
9700,10450,24
9700,10698,33
9700,10824,38
9701,9905,6
9701,10603,30
9702,11608,72
9703,10235,17
9704,10273,18
9704,10866,39
9705,10274,18
9705,10331,20
9706,10770,36
9706,11003,45
9707,10244,17
9707,10647,31
9708,9747,1
9708,10034,10
9708,10747,35
9709,10246,17
9710,11681,75
9711,9950,7
9711,10371,21
9711,10485,25
9712,10530,27
9713,9888,5
9713,10094,12
9713,10185,15
9714,10908,41
9715,10250,17
9715,10487,25
9716,10568,28
9716,11041,46
9717,10070,11
9718,10320,19
9719,10403,22
9720,9828,3
9721,10536,27
9721,11375,60
9722,9897,5
9722,10071,11
9724,9802,2
9724,10757,35
9726,10050,10
9726,10324,19
9728,10229,16
9728,10498,25
9729,10302,18
9729,10743,34
9729,11292,56
9730,10113,12
9731,10134,13
9731,10232,16
9731,11381,60
9732,11219,53
9732,11357,59
9733,10699,32
9733,11178,51
9733,11712,76
9733,11951,87
9734,10060,10
9734,11609,71
9734,11714,76
9735,11200,52
9736,10454,23
9736,11200,52
9737,9944,6
9737,10306,18
9737,10418,22
9738,9814,2
9738,9876,4
9738,10948,42
9739,11716,76
9739,11898,84
9740,10084,11
9741,10677,31
9742,10279,17
9742,11295,56
9743,10459,23
9743,10837,37
9743,11448,63
9744,10334,19
9744,10724,33
9744,11130,49
9745,10067,10
9745,10311,18
9745,10336,19
9746,10148,13
9746,10528,26
9746,10874,38
9747,9914,5
9747,10839,37
9748,10369,20
9749,10011,8
9749,10183,14
9749,10904,40
9750,9851,3
9750,10120,12
9751,10092,11
9751,10684,31
9752,10315,18
9753,10957,42
9754,10622,29
9755,10187,14
9755,10251,16
9755,10288,17
9755,10566,27
9756,10511,25
9756,11315,57
9757,10511,25
9757,11280,55
9757,11316,57
9758,10712,32
9759,10159,13
9759,10194,14
9761,10755,34
9762,10103,11
9762,10293,17
9763,10937,41
9763,11323,57
9764,9959,6
9764,10165,13
9765,10991,43
9765,11895,83
9766,9939,5
9766,11023,44
9766,12345,107
9767,9941,5
9767,10582,27
9768,10668,30
9768,11778,78
9769,10111,11
9769,10451,22
9770,10031,8
9770,10550,26
9771,9873,3
9771,10639,29
9772,10057,9
9772,10390,20
9773,11537,66
9773,12465,115
9774,10116,11
9774,10828,36
9775,10305,17
9775,10503,24
9776,10890,38
9776,12269,103
9777,9844,2
9777,11025,44
9778,9946,5
9778,10526,25
9778,10722,32
9778,10891,38
9778,11789,78
9779,11206,51
9779,11677,73
9779,11737,76
9780,10463,22
9780,10776,34
9781,9847,2
9781,11186,50
9781,11472,63
9782,10426,21
9783,10149,12
9783,10183,13
9783,10245,15
9783,10875,37
9784,10121,11
9784,10214,14
9784,10930,40
9785,10151,12
9785,10561,26
9786,9950,5
9786,10249,15
9787,9887,3
9787,9923,4
9787,10284,16
9788,9825,1
9788,10186,13
9788,10621,28
9789,9826,1
9789,9854,2
9790,10251,15
9790,10286,16
9790,10288,16
9791,10782,34
9792,10253,15
9792,10489,23
9792,10844,36
9793,9891,3
9794,10378,19
9795,11011,43
9796,11433,61
9796,11745,76
9797,10572,26
9797,10753,33
9797,10784,34
9798,9957,5
9798,10018,7
9798,10159,12
9799,9858,2
9800,9934,4
9800,10165,12
9801,10022,7
9801,10046,8
9801,10885,37
9802,10690,30
9803,9862,2
9803,11117,47
9804,9963,5
9804,10025,7
9804,10132,11
9804,12134,94
9805,9997,6
9805,10542,25
9805,10666,29
9806,10793,34
9806,11439,61
9807,10474,22
9807,10636,28
9807,11626,70
9808,9843,1
9808,10303,16
9809,10057,8
9809,10270,15
9810,10059,8
9810,11124,47
9811,10642,28
9812,10139,11
9813,10455,21
9813,10702,30
9813,12042,89
9814,11251,52
9815,10835,35
9815,10947,40
9817,10457,21
9817,10867,36
9818,10085,9
9818,11693,73
9819,10608,27
9820,10423,20
9820,11842,79
9821,10369,18
9821,10873,36
9822,10338,17
9823,9983,5
9824,9951,4
9824,10315,16
9825,10908,38
9827,10288,15
9829,10438,20
9829,10813,34
9829,10934,39
9831,11137,47
9832,10290,15
9832,10379,18
9833,11321,55
9834,11048,43
9834,11351,56
9835,10164,11
9836,10024,6
9836,10538,24
9837,10446,20
9838,10519,23
9839,10297,15
9839,11215,50
9840,9969,4
9840,10298,15
9840,11505,63
9840,11576,66
9841,10472,21
9842,9868,1
9843,10389,18
9844,10587,25
9845,10119,9
9845,11469,61
9846,11339,55
9847,10507,22
9847,10840,34
9847,11208,49
9848,10426,19
9849,10149,10
9849,10428,19
9850,10184,11
9850,10979,40
9851,10618,26
9852,10013,5
9852,10877,35
9853,10484,21
9855,9952,3
9855,10685,28
9855,11088,44
9856,10217,12
9856,10289,14
9857,10016,5
9857,10467,20
9858,10044,6
9859,11045,42
9859,11283,52
9860,10072,7
9860,10293,14
9861,10631,26
9861,10994,40
9861,12458,112
9862,10352,16
9862,11482,61
9863,10407,18
9863,10579,24
9863,11120,45
9863,11774,75
9864,10792,32
9864,11175,47
9865,10693,28
9865,11290,52
9866,10473,20
9867,10922,37
9867,11506,62
9869,10077,7
9869,10356,16
9870,10500,21
9870,10825,33
9871,10056,6
9871,10549,23
9872,10112,8
9872,10205,11
9873,10411,18
9873,10896,36
9874,10999,40
9874,11400,57
9874,11424,58
9875,10360,16
9876,10607,25
9876,10974,39
9877,11182,47
9877,11403,57
9878,9981,3
9878,10610,25
9878,11205,48
9879,10396,17
9879,10425,18
9879,11369,55
9880,10464,19
9881,10650,26
9882,10651,26
9882,11066,42
9883,10040,5
9883,10560,23
9883,11664,69
9885,10089,7
9885,10214,11
9886,10708,28
9886,10728,29
9886,10907,36
9887,10249,12
9887,10372,16
9887,10431,18
9888,9923,1
9888,10339,15
9890,10219,11
9890,10252,12
9891,10015,4
9891,10097,7
9892,11161,46
9892,12029,86
9893,10156,9
9893,10254,12
9893,10340,15
9895,9955,2
9895,10493,20
9895,10687,27
9896,10493,20
9896,10850,33
9897,9933,1
9897,10321,14
9898,10130,8
9898,10383,16
9898,10406,17
9898,11530,62
9899,11018,40
9900,10026,4
9900,11651,68
9901,10026,4
9901,11142,45
9902,9996,3
9902,10919,36
9904,11380,55
9905,10056,5
9905,10670,26
9906,10478,19
9906,10523,21
9907,10327,14
9907,10863,33
9907,11400,56
9907,11424,57
9908,11000,39
9910,9945,1
9911,10332,14
9911,10902,35
9911,11080,42
9912,10145,8
9912,10646,25
9913,10614,24
9914,10747,29
9914,11035,40
9914,11338,53
9916,11134,44
9917,10428,17
9917,10779,30
9918,10120,7
9918,10954,37
9919,10122,7
9919,10509,20
9919,10651,25
9920,10012,3
9920,10150,8
9921,10906,35
9922,10562,22
9923,10401,16
9924,10283,12
9924,10466,18
9925,9987,2
9925,10153,8
9925,10620,24
9926,10373,15
9926,10685,26
9926,10781,30
9927,10287,12
9927,11599,65
9928,10686,26
9928,11373,54
9929,10893,34
9930,10125,7
9931,10256,11
9931,10436,17
9932,10515,20
9932,11165,45
9933,9958,1
9933,10349,14
9934,9958,1
9934,10405,16
9935,10446,17
9935,10758,29
9936,11017,39
9937,9962,1
9937,10108,6
9938,10921,35
9938,11503,60
9939,11398,55
9940,11356,53
9940,11923,80
9941,10795,30
9942,11784,73
9943,10236,10
9943,10361,14
9944,10274,11
9945,10704,26
9946,10118,6
9946,10142,7
9946,10891,33
9947,10282,11
9947,10398,15
9948,10557,21
9949,10653,24
9949,11231,47
9949,11542,61
9950,10123,6
9950,10780,29
9951,10124,6
9951,10283,11
9952,10216,9
9952,10686,25
9952,10711,26
9953,10931,35
9954,10533,20
9954,10932,35
9954,11318,51
9955,10535,20
9956,9993,1
9956,10494,18
9957,10101,5
9957,10404,15
9957,11168,44
9958,10468,17
9959,10444,16
9959,10518,19
9960,10047,3
9960,11750,71
9961,10577,21
9961,11802,73
9962,10917,34
9963,10740,27
9963,11689,68
9964,10496,18
9964,10631,23
9964,10916,34
9964,11092,41
9965,9999,1
9965,11532,60
9965,11556,61
9966,11144,43
9966,11504,59
9967,10632,23
9968,10133,6
9968,11052,39
9969,10761,28
9969,12137,89
9970,10794,29
9970,11147,43
9971,10521,19
9972,10301,11
9973,10547,20
9973,11606,64
9973,11628,65
9974,10230,9
9974,11669,67
9974,11779,72
9975,10054,3
9975,10110,5
9976,10112,5
9976,10174,7
9977,10642,23
9977,10829,30
9979,10835,30
9980,10086,4
9981,10769,28
9981,12506,112
9982,10281,10
9982,11005,37
9983,11034,38
9984,10121,5
9984,11085,40
9985,10092,4
9985,10373,13
9985,11158,43
9986,10014,1
9986,11038,38
9987,10094,4
9987,10375,13
9988,10751,27
9988,11476,57
9989,10015,1
9989,10845,30
9990,10070,3
9990,10491,17
9991,10492,17
9991,10625,22
9991,10893,32
9992,10493,17
9993,10257,9
9993,10439,15
9994,10224,8
9994,10689,24
9994,11045,38
9995,10495,17
9995,10738,26
9995,11172,43
9996,11051,38
9996,11143,42
9996,11197,44
9997,11093,40
9998,10262,9
9998,11174,43
9998,11555,60
9999,11175,43
10000,11121,41
10000,11421,54
10000,11441,55
10001,10059,2
10001,11199,44
10002,11125,41
10003,10235,8
10003,10360,12
10004,10672,23
10005,10081,3
10005,10765,27
10005,10831,29
10006,10276,9
10007,10394,13
10007,10803,28
10007,12671,124
10008,10178,6
10008,10460,15
10008,11102,40
10009,10238,8
10009,11471,56
10010,11984,80
10011,10314,10
10011,10617,21
10011,10648,22
10014,10432,14
10014,11300,48
10015,10189,6
10015,10490,16
10016,10752,26
10017,10343,11
10017,10403,13
10018,10101,3
10018,10292,9
10018,10595,20
10019,11375,51
10020,10127,4
10020,10881,30
10020,11620,63
10021,11351,50
10022,10129,4
10022,10322,10
10022,11286,47
10023,10444,14
10023,10538,18
10024,10469,15
10024,10855,29
10025,10740,25
10025,10818,28
10025,11196,43
10026,11074,38
10027,10742,25
10027,11397,52
10027,11577,60
10027,11829,72
10028,10600,20
10028,11356,50
10028,11778,70
10029,10302,9
10029,11442,54
10030,11779,70
10031,10231,7
10031,10862,29
10032,10767,26
10032,11427,53
10033,10774,26
10033,11133,40
10034,10243,7
10034,11408,52
10035,10244,7
10035,10727,24
10035,11792,70
10036,10369,11
10036,10952,33
10037,10482,15
10037,10682,22
10037,10839,28
10038,10841,28
10038,11037,36
10039,10427,13
10039,10840,28
10039,10928,32
10040,10430,13
10041,10781,26
10042,10931,32
10043,10377,11
10043,11501,56
10044,10163,4
10044,10381,11
10045,10815,27
10045,10939,32
10046,10322,9
10046,10883,29
10046,11140,40
10047,11353,49
10047,11553,58
10047,12197,90
10048,10539,17
10048,10738,24
10049,10495,15
10049,10739,24
10049,11073,37
10051,10474,14
10051,10633,20
10051,11075,37
10051,11994,79
10052,10075,1
10052,10922,31
10052,11146,40
10053,10076,1
10053,10202,5
10054,10204,5
10055,10303,8
10055,10549,17
10056,10585,18
10057,10586,18
10057,10697,22
10058,10796,26
10058,11329,48
10059,11401,51
10061,10718,23
10062,10272,7
10062,11152,40
10062,11732,67
10063,10208,5
10063,12294,95
10064,10085,1
10064,10554,17
10064,11031,35
10065,10705,22
10065,11406,51
10065,11490,55
10066,10335,9
10066,10615,19
10066,11185,41
10067,10368,10
10067,10775,25
10068,10429,12
10068,10876,28
10069,10430,12
10069,11344,48
10070,10340,9
10071,10321,8
10071,10348,9
10071,10516,15
10073,11418,51
10074,10543,16
10075,10387,10
10075,10409,11
10075,11776,68
10076,10521,15
10077,10583,17
10077,11995,78
10078,10205,4
10078,10887,28
10078,11292,45
10079,12198,89
10080,10764,24
10080,12266,93
10081,10525,15
10081,10971,32
10081,11402,50
10082,10308,7
10082,11001,33
10082,11673,63
10083,10365,9
10083,10588,17
10083,11127,38
10084,11578,58
10084,11757,67
10085,10722,22
10087,10873,27
10087,11155,39
10088,10561,16
10088,10779,24
10089,10248,5
10089,11343,47
10090,10124,1
10090,10750,23
10091,10400,10
10091,11188,40
10092,11188,40
10093,10655,19
10093,10906,29
10094,10185,3
10094,10564,16
10095,10217,4
10095,10510,14
10095,11233,42
10096,10532,15
10096,11136,38
10097,10189,3
10098,10255,5
10098,10378,9
10099,10157,2
10099,10712,21
10100,10572,16
10100,11211,41
10101,10853,26
10101,10989,32
10102,10881,27
10102,11112,37
10103,10163,2
10103,10225,4
10103,10912,29
10104,10168,2
10104,11195,40
10105,10351,8
10105,11687,63
10105,12112,83
10106,10226,4
10106,10737,22
10106,10817,25
10107,11117,37
10107,11801,68
10108,10819,25
10108,10917,29
10111,10268,5
10111,10763,23
10112,10410,10
10112,10888,27
10113,10889,27
10114,10548,15
10114,12500,107
10115,10968,31
10115,11860,70
10116,10359,8
10116,11149,38
10117,10554,15
10117,10866,26
10117,11128,37
10118,10526,14
10118,10553,15
10118,11030,33
10119,12144,84
10120,10483,12
10120,10618,17
10121,11696,63
10122,10246,4
10122,10429,10
10123,10485,12
10123,10842,25
10123,10980,31
10124,10315,6
10125,10221,3
10125,10320,6
10125,10658,18
10126,10222,3
10126,10344,7
10126,11261,42
10126,11320,45
10127,11046,33
10127,11239,41
10127,11434,50
10128,10691,19
10128,10735,21
10128,12227,89
10129,10737,21
10129,11049,33
10130,10383,8
10130,11574,56
10130,11688,62
10131,10447,10
10131,11944,74
10132,10169,1
10132,11770,66
10133,10694,19
10133,11289,43
10134,10522,13
10134,11832,68
10134,12154,84
10135,10697,19
10135,11330,45
10136,10698,19
10137,10412,9
10137,11329,45
10138,10830,24
10138,11180,38
10138,11181,38
10138,11221,40
10139,10673,18
10140,10480,11
10140,10720,20
10141,10526,13
10141,10553,14
10141,10721,20
10141,10766,22
10142,10277,4
10142,11030,32
10142,11082,34
10143,10211,2
10143,11579,56
10144,10679,18
10144,11129,36
10144,11204,39
10145,10613,16
10145,11185,38
10146,10953,29
10146,11063,33
10146,11565,55
10147,10805,23
10148,10281,4
10148,10335,6
10148,11005,31
10149,10399,8
10150,10559,14
10150,10807,23
10151,10956,29
10151,11314,44
10152,10247,3
10152,11638,59
10153,10375,7
10153,10959,29
10153,10984,30
10154,10656,17
10155,10492,11
10155,11070,33
10156,10254,3
10156,10624,16
10157,10341,6
10157,10623,16
10158,10220,2
10158,10320,5
10158,11319,44
10159,10573,14
10159,10595,15
10160,10714,19
10160,11112,35
10160,11321,44
10161,10990,30
10161,12033,77
10162,10515,12
10163,10715,19
10164,10442,9
10165,10405,8
10165,10518,12
10166,11265,41
10166,11942,73
10167,10198,1
10167,10445,9
10167,10895,26
10168,10198,1
10168,10629,16
10168,10856,24
10169,11418,48
10170,10941,28
10170,11532,53
10171,10821,23
10172,10201,1
10172,11584,56
10173,11466,50
10173,11779,65
10174,10411,8
10175,10641,16
10175,11863,68
10176,12269,90
10178,10678,17
10178,11445,49
10179,10243,2
10179,11633,58
10180,10773,21
10181,10726,19
10181,10871,24
10182,10615,15
10182,10872,24
10182,11844,67
10183,11340,44
10184,10652,16
10185,10339,5
10185,10710,18
10186,10486,10
10188,10510,11
10188,10565,13
10188,10810,22
10189,10219,1
10190,10378,6
10190,10911,26
10191,11011,30
10191,11524,52
10192,10437,8
10192,10848,23
10192,11302,42
10193,10438,8
10193,11138,35
10194,10573,13
10194,10732,19
10195,10440,8
10195,10494,10
10195,10517,11
10195,10936,27
10196,10894,25
10196,11747,63
10197,10295,3
10197,10815,22
10198,10788,21
10199,11461,49
10200,11605,56
10201,10265,2
10201,11777,64
10203,10825,22
10204,10476,9
10205,10269,2
10205,10888,24
10206,10411,7
10206,10896,25
10207,10417,7
10207,10832,22
10208,10362,5
10208,12271,89
10209,10363,5
10210,10926,26
10210,11469,49
10211,10610,14
10211,11719,61
10211,12235,87
10212,10614,14
10213,10481,9
10213,11005,29
10214,11343,43
10215,10432,7
10215,10709,17
10215,11157,35
10215,11300,41
10216,10622,14
10217,11009,29
10217,11259,39
10218,10510,10
10219,10490,9
10220,10624,14
10220,10933,26
10221,10436,7
10221,10960,27
10222,10435,7
10222,10594,13
10222,11963,72
10223,10536,11
10223,11167,35
10223,11581,54
10224,12033,75
10225,10293,2
10225,10350,4
10225,11170,35
10226,10576,12
10226,11554,52
10227,10353,4
10227,10519,10
10228,10741,18
10228,11144,34
10228,11533,51
10229,10996,28
10229,11053,30
10230,11094,32
10230,11272,39
10231,10451,7
10231,11095,32
10232,10861,22
10232,11056,30
10232,12154,81
10233,10412,6
10234,10642,14
10234,10829,21
10236,10673,15
10237,10676,15
10239,10612,13
10239,10978,27
10240,10772,19
10240,11389,44
10240,11633,56
10241,11428,46
10242,11564,52
10243,11846,65
10244,11033,29
10244,11868,66
10245,10399,5
10245,10748,18
10245,11065,30
10247,11085,31
10248,10530,10
10248,11392,44
10249,10654,14
10249,10749,18
10249,10780,19
10250,10285,1
10250,11498,49
10251,10656,14
10252,10490,8
10252,10569,11
10253,11040,29
10254,10783,19
10254,10846,21
10255,10434,6
10255,10713,16
10255,10731,17
10256,10627,13
10256,10986,27
10257,10440,6
10257,10494,8
10257,10660,14
10258,10598,12
10258,10857,21
10259,10446,6
10259,10758,18
10260,10352,3
10260,11288,39
10260,12522,104
10261,11215,36
10262,11503,49
10262,11967,71
10263,10791,19
10263,11243,37
10264,11504,49
10264,11690,58
10265,11950,70
10266,10795,19
10267,10667,14
10267,10826,20
10267,11606,54
10268,10326,2
10268,11055,29
10269,10476,7
10270,10550,10
10270,10586,11
10271,10523,9
10271,11672,57
10271,12479,100
10272,10833,20
10272,11539,50
10273,10643,13
10273,10866,21
10274,10419,5
10274,10972,26
10275,11029,28
10275,11716,59
10276,10589,11
10277,10868,21
10277,11059,29
10277,11334,41
10278,10422,5
10278,11310,40
10278,11512,49
10279,11661,56
10280,10872,21
10282,11106,31
10282,11515,49
10284,10372,3
10284,10401,4
10284,10909,23
10285,11209,35
10286,10656,13
10287,11476,47
10287,12206,83
10288,11545,50
10289,10488,7
10289,11009,27
10290,10627,12
10290,10659,13
10291,10755,17
10291,10852,20
10291,11163,33
10292,10628,12
10292,10989,26
10292,11704,58
10294,10735,16
10294,11602,53
10295,10815,19
10295,11113,31
10296,10540,9
10296,11050,28
10296,11575,51
10296,11917,68
10297,10543,9
10298,10942,24
10298,11878,65
10298,12091,76
10299,10386,3
10299,10694,14
10299,11775,61
10300,11923,68
10300,12139,78
10301,10997,26
10302,10450,5
10302,10824,19
10303,10389,3
10303,11198,34
10304,10603,11
10304,11308,39
10305,10828,19
10305,11150,32
10307,10524,8
10308,11363,41
10308,12044,73
10308,12200,82
10309,10456,5
10309,10677,13
10309,10834,19
10310,11610,53
10310,11673,56
10310,12253,85
10311,10775,17
10311,10806,18
10311,11450,45
10312,10338,1
10312,10778,17
10312,10953,24
10313,11036,27
10314,10508,7
10314,10648,12
10314,11391,42
10316,10750,16
10316,10907,22
10317,10465,5
10317,10908,22
10318,10465,5
10318,10486,6
10319,11432,44
10320,10910,22
10321,10349,1
10321,10756,16
10322,10382,2
10322,11171,32
10323,10470,5
10323,10885,20
10323,11113,30
10325,11052,27
10326,10389,2
10326,11273,36
10327,11508,47
10327,11925,67
10328,11971,69
10328,12441,96
10328,12466,97
10328,12502,100
10329,11099,29
10329,11222,34
10329,11361,40
10330,10607,10
10330,11223,34
10331,10972,24
10332,10611,10
10333,10591,9
10333,11297,37
10334,10395,2
10334,10681,12
10334,11883,64
10335,10528,7
10336,10368,1
10337,10425,3
10337,10462,4
10337,11452,44
10338,11034,26
10339,10401,2
10339,10809,17
10340,10491,5
10340,10846,18
10341,10434,3
10342,10433,3
10342,10571,8
10342,11888,64
10343,11011,25
10343,11262,35
10344,11042,26
10344,11281,36
10345,10784,16
10346,10813,17
10346,10847,18
10346,10961,23
10347,10515,6
10347,10851,18
10348,10733,14
10348,10852,18
10349,10468,4
10349,10814,17
10350,10786,16
10350,10939,22
10351,11460,44
10351,12078,73
10351,12567,104
10352,12436,95
10353,10716,13
10353,11173,31
10354,10579,8
10354,11437,43
10355,10996,24
10355,12016,70
10357,10547,7
10357,10638,10
10357,11628,52
10358,10639,10
10359,11330,38
10359,11423,42
10360,11179,31
10362,10924,21
10362,11658,53
10363,10391,1
10364,11127,29
10364,11591,50
10365,10802,16
10365,10898,20
10365,11785,59
10366,11133,29
10366,11490,45
10368,10464,3
10369,11491,45
10370,11208,32
10371,10485,4
10371,10956,22
10372,10563,7
10372,11039,25
10373,11494,45
10373,11518,46
10374,10486,4
10375,10564,7
10375,11159,30
10376,10845,17
10376,10931,21
10377,10433,2
10378,10713,12
10379,10439,2
10379,10659,10
10380,10536,6
10380,11090,27
10380,11375,39
10380,11526,46
10381,10715,12
10382,10883,18
10382,11071,26
10383,11115,28
10383,11876,62
10384,10663,10
10384,11651,52
10385,11021,24
10386,10472,3
10386,10822,16
10387,10922,20
10387,11421,41
10387,11506,45
10388,10449,2
10388,11441,42
10389,11198,31
10389,11328,37
10390,10697,11
10390,10698,11
10392,10455,2
10392,11028,24
10392,11489,44
10393,11224,32
10393,11786,58
10394,10459,2
10394,12278,83
10395,12422,92
10396,11227,32
10396,11564,47
10397,10776,14
10397,10953,21
10397,11565,47
10398,11515,45
10398,11721,55
10399,10428,1
10399,11084,26
10400,10620,8
10400,11158,29
10401,10892,18
10402,11160,29
10402,11260,33
10402,11432,41
10403,11262,33
10404,10494,3
10404,10936,20
10405,10468,2
10405,10914,19
10406,10692,10
10406,11688,53
10406,11769,57
10407,11216,31
10407,11652,51
10408,10820,15
10408,11020,23
10409,11022,23
10409,11922,64
10410,10639,8
10410,10743,12
10412,11357,37
10413,10943,20
10413,11586,48
10414,10700,10
10414,11656,51
10415,10744,12
10415,10798,14
10415,11784,57
10416,10604,7
10416,11863,60
10417,10864,16
10419,10865,16
10419,11366,37
10420,10720,11
10420,10973,21
10421,11201,30
10421,11295,34
10421,11675,52
10422,10505,3
10422,10901,18
10423,11564,46
10423,12126,73
10424,10461,1
10424,10747,12
10424,11338,36
10424,12204,78
10425,12127,73
10425,12182,76
10426,10558,5
10426,11066,24
10427,10559,5
10428,10929,19
10429,10509,3
10430,11664,51
10430,12002,67
10431,10531,4
10431,10563,5
10431,10654,8
10432,10729,11
10432,11087,25
10433,11501,43
10435,10911,18
10435,11261,32
10436,10960,20
10436,10986,21
10437,10732,11
10438,10626,7
10438,10849,15
10439,10660,8
10439,10987,21
10440,11044,23
10441,10853,15
10441,10989,21
10441,11111,26
10441,11821,58
10442,10689,9
10443,11323,35
10443,11686,52
10444,10884,16
10444,11015,22
10445,10575,5
10445,11240,31
10447,11858,59
10448,10635,7
10448,12542,99
10449,11950,64
10450,10639,7
10450,10743,11
10451,10763,12
10451,11246,31
10452,11782,56
10452,12463,93
10452,12515,97
10453,11331,35
10454,11024,22
10454,11097,25
10455,10701,9
10455,11385,37
10456,11367,36
10456,11489,42
10456,11674,51
10457,11224,30
10458,10977,20
10458,11842,58
10458,11978,65
10459,10836,14
10459,12448,92
10460,10870,15
10460,12353,85
10461,10777,12
10461,11612,48
10461,11815,57
10462,11339,35
10463,11566,45
10463,11721,53
10465,10621,6
10467,10570,4
10467,10752,11
10468,10938,18
10469,10690,8
10469,11287,32
10470,11017,21
10471,11216,29
10471,11243,30
10471,11438,39
10473,10761,11
10473,11021,21
10474,10545,3
10474,11921,62
10475,10762,11
10475,11806,56
10475,12290,81
10477,10522,2
10477,11807,56
10477,11832,57
10477,12837,122
10478,12599,102
10479,10671,7
10480,11540,43
10480,11592,46
10481,10874,14
10482,10905,16
10482,11035,21
10482,11453,39
10483,10617,5
10483,10954,18
10484,10618,5
10485,11256,30
10486,10621,5
10487,11498,41
10487,11599,46
10488,10567,3
10488,11521,42
10489,11040,21
10489,11410,37
10489,11500,41
10490,10845,13
10491,11070,22
10492,11162,26
10492,11569,44
10493,11043,21
10495,10816,12
10495,11091,23
10496,11019,20
10496,11947,62
10497,10520,1
10497,11354,34
10497,11437,38
10498,11022,20
10498,11053,21
10499,11422,37
10499,11654,48
10499,12668,107
10500,11379,35
10501,10548,2
10502,10604,4
10502,12155,72
10502,12231,77
10502,12267,79
10503,11150,25
10503,11199,27
10504,10900,15
10504,11332,33
10504,11999,64
10506,10556,2
10506,10706,7
10506,11063,21
10506,11695,50
10507,10727,8
10507,11472,39
10507,11792,54
10508,10683,6
10508,11106,23
10509,10876,13
10509,11454,38
10510,10657,5
10511,11260,29
10512,11041,20
10512,11089,22
10513,10730,8
10513,11346,33
10513,11374,34
10513,11744,52
10514,10753,9
10514,10784,10
10515,11413,36
10516,10733,8
10516,10756,9
10516,11193,26
10517,10597,3
10517,11044,20
10517,11139,24
10518,10884,13
10518,10914,15
10519,10716,7
10520,10886,13
10520,12080,67
10520,12326,81
10521,11147,24
10522,11381,34
10522,12738,112
10523,12599,100
10525,11362,33
10526,11031,19
10527,11103,22
10527,12353,82
10528,10615,3
10529,10877,12
10529,11344,32
10529,11543,41
10530,11372,33
10531,10958,16
10531,10983,17
10531,11086,21
10532,10811,10
10532,11617,45
10533,11411,35
10533,11795,53
10534,10932,15
10534,11109,22
10534,11234,27
10534,11318,31
10535,10687,5
10535,11042,19
10536,11237,27
10536,11415,35
10537,11686,48
10537,11824,54
10538,10855,11
10538,11015,18
10539,11195,25
10540,10994,17
10541,12014,63
10542,10741,7
10542,11093,21
10542,11325,31
10543,11215,26
10544,10793,9
10544,11690,48
10545,10636,3
10545,11075,20
10545,12366,82
10546,10583,1
10546,10794,9
10546,11147,23
10548,11380,33
10549,10585,1
10549,11198,25
10550,10862,11
10550,11177,24
10551,11672,47
10551,12267,77
10551,12479,90
10552,11125,22
10552,11998,62
10552,12141,69
10552,12251,76
10553,10975,16
10553,11365,32
10554,10766,8
10554,10801,9
10555,10678,4
10555,11223,26
10555,12083,66
10556,11103,21
10556,11313,30
10558,10682,4
10559,10807,9
10559,10928,14
10560,10955,15
10560,11817,53
10560,12069,65
10561,11314,30
10561,11568,41
10562,10906,13
10563,10958,15
10563,11068,19
10564,10710,5
10564,11069,19
10565,10782,8
10565,11477,37
10566,11279,28
10566,11545,40
10567,10811,9
10567,12006,62
10568,10812,9
10568,11456,36
10569,10845,10
10569,10931,14
10570,11089,20
10570,11411,34
10571,11433,35
10571,12164,70
10572,11524,39
10573,10935,14
10573,11302,29
10575,10736,6
10575,11623,44
10576,11304,29
10576,12113,67
10577,10739,6
10577,11481,37
10577,11582,42
10578,10760,7
10578,10790,8
10578,11018,17
10579,12328,79
10580,11397,33
10580,11440,35
10581,10600,1
10581,11326,30
10582,10795,8
10583,12016,62
10584,10601,1
10584,10824,9
10585,10670,3
10585,11307,29
10586,10969,15
10586,11177,23
10587,11025,17
10588,10835,9
10588,10947,14
10589,10801,8
10589,10866,10
10590,11471,36
10590,12672,104
10591,12297,77
10592,10805,8
10592,11063,18
10592,11695,47
10593,11007,16
10593,11230,25
10593,11986,60
10594,10848,9
10594,12195,71
10595,10935,13
10595,11704,47
10596,10714,4
10596,11112,20
10596,11283,27
10597,10853,9
10597,10936,13
10597,10962,14
10598,11480,36
10599,10922,12
10599,11146,21
10600,11711,47
10600,12421,84
10601,11442,34
10602,11559,39
10602,12598,97
10602,12726,108
10603,10670,2
10603,11560,39
10604,11881,54
10606,10702,3
10606,11362,30
10606,12156,68
10607,11510,37
10609,11580,40
10609,12445,86
10610,12492,89
10611,10680,2
10611,10902,11
10612,10773,6
10612,11132,20
10613,10646,1
10613,11595,41
10613,11758,49
10614,10978,14
10615,11758,49
10616,10927,12
10616,11473,35
10616,12508,90
10617,11391,31
10619,11638,43
10619,11722,47
10620,10959,13
10620,11494,36
10621,10908,11
10622,10686,2
10623,10712,3
10624,10783,6
10624,11235,24
10625,11162,21
10625,11236,24
10625,11643,43
10626,10934,12
10626,11190,22
10626,11547,38
10627,11164,21
10627,11282,26
10628,11012,15
10628,11551,38
10628,12032,61
10629,11195,22
10629,11435,33
10629,11624,42
10630,10737,4
10630,10817,7
10630,11049,16
10630,11749,48
10631,11583,40
10632,11504,36
10633,11145,20
10633,12138,66
10633,12760,110
10634,11146,20
10635,11420,32
10636,11269,25
10636,12117,65
10637,11356,29
10637,11778,49
10638,10889,9
10640,10798,6
10640,11784,49
10640,11862,52
10640,11926,56
10641,10970,13
10641,12250,73
10643,10703,2
10644,10677,1
10644,11512,36
10645,11428,32
10646,11003,14
10647,11563,38
10647,11868,52
10648,10904,10
10648,11106,18
10648,11207,22
10648,11680,44
10649,10840,7
10649,11208,22
10650,10683,1
10650,10954,12
10651,11006,14
10651,11454,33
10652,10979,13
10653,11681,44
10654,10749,4
10654,11086,17
10655,10843,7
10657,10810,6
10657,11108,18
10657,11233,23
10658,10910,10
10658,10960,12
10659,10987,13
10659,11164,20
10660,11044,15
10660,11166,20
10661,11824,50
10661,11942,56
10662,11553,37
10662,11667,43
10663,11802,49
10664,11019,14
10664,11093,17
10664,11325,27
10665,11324,27
10665,11483,34
10666,10741,3
10666,10821,6
10667,11123,18
10668,11670,43
10669,12291,74
10669,12500,88
10670,11467,33
10671,11181,20
10672,11057,15
10674,11360,28
10674,11468,33
10674,11589,39
10675,11251,23
10675,11332,27
10676,11002,13
10676,11717,45
10677,11674,43
10678,11404,30
10678,11838,50
10679,10771,4
10679,11183,20
10679,11513,35
10680,11254,23
10680,11899,53
10681,10724,2
10681,10951,11
10681,11982,57
10682,11066,15
10682,11453,32
10683,11391,29
10684,11188,20
10685,11518,35
10686,11189,20
10687,11043,14
10687,11548,36
10688,10755,3
10688,11165,19
10688,11937,55
10690,10757,3
10690,11707,44
10691,12037,59
10691,12184,67
10691,12702,103
10692,11461,32
10692,11895,52
10693,10995,12
10694,11653,41
10694,11920,54
10695,10822,5
10695,11439,31
10696,11420,30
10696,11625,40
10696,12137,64
10697,10969,11
10698,10896,8
10699,12515,88
10700,11124,17
10700,12041,59
10701,11028,13
10701,12019,58
10701,12188,67
10702,11928,54
10703,10866,6
10704,10803,4
10705,11253,22
10705,11406,29
10706,11297,24
10706,11933,54
10707,11034,13
10708,11038,13
10708,11851,49
10709,11087,15
10709,11301,24
10709,11698,43
10710,10809,4
10710,11257,22
10711,11088,15
10711,11189,19
10711,11520,34
10713,10911,8
10714,10990,11
10715,10894,7
10715,10912,8
10716,10760,2
10717,11309,24
10717,11784,46
10717,11926,53
10719,10865,5
10719,11786,46
10720,11540,34
10721,11128,16
10721,11250,21
10721,11365,26
10722,11031,12
10723,11132,16
10723,11254,21
10724,11154,17
10724,12779,108
10725,11541,34
10725,11694,42
10725,11866,49
10726,10872,5
10726,11843,48
10727,11208,19
10728,10981,10
10728,11639,39
10728,11851,48
10729,11209,19
10729,11495,32
10730,11501,32
10730,12564,90
10731,10911,7
10731,11261,21
10732,11302,23
10733,11192,18
10733,11550,34
10734,10881,5
10734,11112,15
10734,11321,24
10734,11725,43
10735,11894,50
10735,12037,57
10736,10757,1
10736,11856,48
10738,11195,18
10738,11624,38
10739,11649,39
10740,11916,52
10740,12310,72
10741,11773,45
10742,12287,71
10742,12461,82
10743,10888,5
10744,11383,26
10744,11485,31
10744,11657,39
10745,10830,3
10745,11180,17
10745,11588,36
10745,11835,47
10746,10771,1
10746,11389,26
10747,11408,27
10748,10875,4
10748,11105,14
10748,11886,49
10749,11232,19
10749,11544,33
10750,10981,9
10751,10985,9
10751,12258,69
10752,11411,27
10753,11524,32
10754,11138,15
10754,11263,20
10755,11684,40
10756,10814,2
10756,11303,22
10757,11915,51
10758,10789,1
10759,10818,2
10759,11729,42
10759,11916,51
10759,12054,57
10760,11173,16
10761,11576,34
10762,11326,23
10762,11627,37
10763,11055,11
10763,11443,28
10764,11382,25
10764,12405,77
10764,12884,115
10765,10946,7
10765,10971,8
10766,11031,10
10766,11128,14
10767,11405,26
10768,11427,27
10769,11296,21
10769,11405,26
10769,12560,88
10770,11129,14
10770,11900,49
10771,11447,28
10772,11032,10
10772,11759,43
10772,11981,53
10773,10838,2
10773,10978,8
10774,11563,33
10774,12180,63
10775,11336,23
10775,12203,65
10776,11156,15
10776,11566,33
10777,11409,26
10777,11738,42
10777,12279,69
10778,11034,10
10779,10929,6
10779,11568,33
10780,10842,2
10780,11232,18
10782,11373,24
10783,11347,23
10783,11701,40
10785,10853,2
10785,10854,2
10785,10962,7
10785,12034,55
10786,10883,3
10786,11140,14
10786,11170,15
10787,11014,9
10787,11602,35
10787,12011,54
10788,10856,2
10788,10895,4
10788,11352,23
10789,11461,28
10790,11173,15
10790,11772,43
10791,10995,8
10791,12115,59
10792,11217,17
10792,12364,73
10793,11484,29
10793,11919,50
10794,12016,54
10796,11219,17
10796,11357,23
10796,11924,50
10797,11508,30
10797,11925,50
10797,12018,54
10797,12847,111
10798,11485,29
10798,12961,121
10799,11609,35
10799,11714,40
10801,10866,2
10802,10949,6
10802,11426,26
10803,11839,45
10804,10951,6
10804,11226,17
10804,11449,27
10804,11596,34
10805,11184,15
10806,11004,8
10806,11155,14
10807,10979,7
10808,10842,1
10808,10980,7
10808,11614,35
10809,10892,3
10809,11497,29
10810,11258,18
10810,11477,28
10811,12304,69
10811,12322,70
10812,11041,9
10812,11317,21
10812,12509,83
10813,11702,39
10814,10938,5
10814,11284,19
10815,11647,36
10816,11072,10
10816,11172,14
10816,12169,61
10817,11554,31
10817,12340,71
10818,11266,18
10818,11916,49
10819,11530,30
10820,11020,8
10820,11483,28
10822,11775,42
10823,11327,21
10823,11995,52
10824,11442,26
10825,11379,23
10826,11076,10
10826,11379,23
10827,11586,33
10827,11656,36
10827,11751,41
10828,11149,13
10828,11861,45
10830,12270,67
10831,10946,5
10831,11274,18
10831,11509,29
10832,10925,4
10833,11128,12
10833,11250,17
10834,11489,28
10836,10903,3
10836,11932,49
10836,12278,67
10837,11062,9
10837,11131,12
10837,12448,78
10838,10871,1
10838,11132,12
10839,11035,8
10841,11134,12
10841,11763,41
10841,11936,49
10842,11637,35
10843,10906,3
10844,11410,24
10846,11070,9
10846,11347,21
10847,11478,27
10847,11702,38
10847,11891,46
10848,11766,41
10849,11138,12
10849,11394,23
10849,11547,30
10850,10988,6
10850,11043,8
10850,11904,47
10851,11263,17
10851,11413,24
10852,11192,14
10852,11703,38
10853,11168,13
10853,11796,42
10854,11047,8
10854,11169,13
10854,11213,15
10855,11287,18
10855,11666,36
10856,11435,25
10856,11728,39
10857,11480,27
10857,11687,37
10858,10918,3
10858,11268,17
10858,12214,63
10859,10919,3
10859,11020,7
10859,11483,27
10860,10997,6
10861,11831,43
10861,12331,69
10861,12761,102
10862,11095,10
10862,11607,33
10863,11508,28
10863,11834,43
10863,12406,74
10865,12082,55
10867,11202,14
10867,11224,15
10868,10976,5
10868,11734,39
10869,11061,8
10869,11182,13
10869,12741,100
10870,11102,10
10870,11790,41
10871,11843,43
10871,11980,50
10872,12027,52
10873,11491,27
10873,11847,43
10874,11005,6
10875,11340,20
10875,11597,32
10876,11008,6
10876,11848,43
10877,11187,13
10878,10981,5
10878,11107,10
10879,10959,4
10879,10984,5
10879,11278,17
10879,11475,26
10880,11348,20
10880,11375,21
10880,11526,28
10881,11434,24
10882,11351,20
10882,11620,33
10882,12284,66
10883,11572,30
10884,11376,21
10884,11459,25
10885,11140,11
10885,11647,34
10886,11118,10
10886,11419,23
10886,11502,27
10887,11507,27
10888,11292,17
10889,11628,33
10890,11927,47
10890,12092,55
10890,12752,100
10891,11082,8
10891,11735,38
10892,10909,1
10892,11699,36
10893,11010,5
10893,11643,33
10894,11601,31
10895,11240,14
10895,11622,32
10897,11331,18
10897,12292,65
10897,12501,79
10898,11058,6
10898,11426,22
10898,12219,61
10899,11203,12
10899,11592,30
10900,11999,49
10900,12445,75
10901,11310,17
10902,10950,2
10902,11899,44
10903,11678,34
10903,11810,40
10903,12193,59
10904,11340,18
10904,12148,56
10905,11516,26
10905,11636,32
10905,11987,48
10907,10981,3
10909,11039,5
10909,11641,32
10910,11319,17
10910,11523,26
10912,11170,10
10912,11601,30
10913,11046,5
10913,11239,13
10913,11855,41
10913,11939,46
10914,10938,1
10914,11376,19
10915,11461,23
10915,11895,43
10916,11267,14
10916,11583,29
10916,12055,51
10917,11530,26
10918,11305,16
10919,11143,9
10919,11355,18
10920,10964,2
10920,11176,10
10920,11462,23
10920,12090,53
10921,11052,5
10921,11653,32
10923,11468,23
10923,12095,53
10923,12630,88
10924,12346,67
10925,11957,46
10925,12062,51
10926,10972,2
10926,12043,50
10927,11986,47
10928,10979,2
10929,11084,6
10929,11870,41
10930,11343,17
10930,11682,33
10930,11696,34
10932,11700,34
10932,11795,38
10933,11235,12
10933,11319,16
10933,12007,48
10934,11702,34
10934,11723,35
10935,11549,26
10935,11766,37
10936,11168,9
10937,11457,22
10937,11747,36
10938,11416,20
10939,11140,8
10939,11647,31
10940,11141,8
10940,12110,53
10941,11804,38
10941,12653,89
10942,11710,34
10942,11968,46
10942,12116,53
10943,11308,15
10943,12060,50
10944,10999,2
10944,11151,8
10945,10971,1
10945,11402,19
10945,12333,65
10946,11972,46
10947,11127,7
10948,10974,1
10948,11251,12
10948,11999,47
10949,11080,5
10949,12348,66
10950,11080,5
10950,11311,15
10950,12352,66
10951,11154,8
10951,11867,40
10952,11491,23
10952,12422,71
10954,11391,18
10955,11341,16
10955,12052,49
10956,11256,12
10956,11818,38
10957,11372,17
10957,11474,22
10958,11067,4
10958,11496,23
10959,11793,37
10960,11523,24
10960,11571,26
10960,11765,36
10961,11137,7
10961,11891,41
10962,11047,3
10962,11139,7
10963,11324,15
10963,12014,47
10963,12039,48
10964,11120,6
10964,11604,28
10964,11774,36
10965,11271,12
10965,11291,13
10965,12140,53
10965,12835,103
10966,11670,31
10967,12198,57
10968,12618,85
10969,11330,15
10969,11629,29
10970,11713,33
10970,12440,72
10970,12751,96
10972,11366,16
10973,11201,9
10973,11540,24
10974,11510,23
10974,12065,49
10975,11030,2
10975,11910,42
10975,11974,45
10976,11059,3
10976,11676,31
10976,11912,42
10976,11975,45
10976,12273,61
10977,11661,30
10977,11809,37
10980,11256,11
10980,11849,38
10981,11639,29
10982,11157,7
10982,11277,12
10982,11300,13
10982,11697,32
10983,11067,3
10983,11431,19
10983,11764,35
10984,11159,7
10984,11393,17
10985,11136,6
10985,12282,61
10986,11282,12
10986,11765,35
10987,11166,7
10987,11414,18
10988,11167,7
10988,11964,44
10989,11551,24
10990,11283,12
10991,11016,1
10991,11769,35
10992,11051,2
10992,11143,6
10992,11803,36
10992,11918,42
10993,11092,4
10993,11650,29
10993,11668,30
10993,11771,35
10994,11575,25
10995,11290,12
10995,12344,64
10996,11327,14
10996,11995,45
10998,11536,23
10998,12187,55
10998,12788,98
10999,11444,19
10999,12909,108
11000,11998,45
11000,12501,75
11001,11717,32
11002,11579,25
11002,11610,27
11003,11595,26
11003,11900,40
11004,11226,9
11004,11450,19
11004,11596,26
11006,11066,2
11006,11453,19
11006,11816,36
11007,11542,23
11008,11342,14
11008,12453,71
11009,11521,22
11009,12086,49
11010,11318,13
11010,11988,44
11011,11211,8
11012,11191,7
11012,11724,32
11012,12226,57
11013,11169,6
11013,11213,8
11013,11264,10
11013,11529,22
11014,11417,17
11014,12012,45
11014,12284,60
11015,11459,19
11015,11666,29
11016,11992,44
11017,11113,4
11019,11436,18
11019,12170,53
11021,11290,11
11021,11576,24
11021,12091,49
11022,11557,23
11023,11605,26
11024,11200,7
11024,11359,14
11025,11293,11
11026,11294,11
11026,11953,42
11026,12389,66
11027,11360,14
11027,11589,25
11027,11929,41
11027,11956,42
11028,11425,17
11028,12174,53
11029,12062,47
11029,12715,91
11030,11059,1
11032,11299,11
11032,11389,15
11032,12024,45
11033,11613,26
11033,11792,34
11033,12393,66
11035,11636,27
11036,11186,6
11036,11229,8
11037,11064,1
11037,11763,33
11038,11300,11
11038,11697,30
11039,11068,1
11039,11743,32
11040,11210,7
11040,11546,22
11041,12128,50
11042,11395,15
11042,11548,22
11043,11873,37
11044,11322,12
11044,11527,21
11044,11705,30
11045,12033,45
11046,11746,32
11046,12075,47
11047,11285,10
11048,12011,44
11049,11286,10
11049,12077,47
11050,11944,41
11050,12363,63
11051,11877,37
11051,12398,66
11052,11289,10
11053,11327,12
11053,11557,22
11054,11831,35
11054,12118,49
11054,12331,61
11054,12898,105
11055,11273,9
11055,11781,33
11056,12761,94
11056,12802,97
11057,11731,31
11058,11715,30
11058,11785,33
11058,12097,48
11059,11974,42
11060,11203,6
11060,11578,23
11060,12176,52
11061,11101,2
11061,11660,27
11061,12351,62
11062,11104,2
11062,11813,34
11062,12517,74
11063,11313,11
11064,11370,13
11064,11517,20
11064,12780,95
11065,11084,1
11065,11105,2
11065,11935,40
11067,11493,19
11067,12004,43
11068,11496,19
11068,11683,28
11069,11159,4
11069,11257,8
11069,11519,20
11070,11569,22
11071,11171,4
11071,11457,17
11071,11572,22
11071,11686,28
11071,11747,31
11072,11091,1
11072,11603,24
11072,11768,32
11073,11091,1
11073,11649,26
11073,11708,29
11074,11142,3
11074,11481,18
11074,11651,26
11075,11949,40
11075,12760,93
11076,11606,24
11076,11628,25
11077,11096,1
11077,11245,7
11077,11585,23
11077,12704,88
11077,12787,95
11077,13050,121
11078,11220,6
11078,11608,24
11078,11714,29
11079,11383,13
11079,12141,49
11080,12391,64
11081,11470,17
11081,11788,32
11081,12021,43
11081,12067,45
11082,11334,11
11082,12160,50
11083,11156,3
11083,11566,21
11083,12100,47
11083,12431,67
11084,11960,40
11085,11638,25
11085,11696,28
11086,11544,20
11086,11764,31
11087,11495,18
11087,11742,30
11088,11475,17
11088,11518,19
11089,12104,47
11089,12128,48
11090,11415,14
11090,11746,30
11090,12075,45
11091,11943,39
11092,11267,7
11092,11947,39
11094,11669,26
11094,12462,68
11094,13010,116
11095,11246,6
11095,12059,44
11096,12018,42
11096,12847,99
11096,13216,147
11097,11359,11
11097,11863,34
11098,11486,17
11098,12092,46
11098,12270,56
11099,12157,49
11099,12232,54
11100,11840,33
11100,12253,55
11101,11252,6
11101,11808,32
11101,12022,42
11102,11312,9
11102,11445,15
11102,11790,31
11102,11902,36
11103,11407,13
11103,12471,68
11104,11791,31
11104,12299,57
11104,12377,62
11105,11959,39
11105,12379,62
11106,11985,40
11107,11187,3
11107,11639,24
11108,11258,6
11108,11393,12
11108,11455,15
11109,11618,23
11109,11642,24
11109,12087,45
11110,11191,3
11110,11644,24
11110,11724,28
11110,12009,41
11111,11349,10
11111,11551,19
11111,12073,44
11113,11647,24
11114,11194,3
11114,11992,40
11114,12089,45
11115,11574,20
11115,11709,27
11115,11730,28
11116,11242,5
11116,12133,47
11116,12595,77
11116,12628,80
11117,11482,16
11117,11966,39
11118,11945,38
11118,12326,58
11118,12538,73
11119,11268,6
11119,12014,41
11120,11462,15
11120,11652,24
11121,11270,6
11121,11776,30
11122,11271,6
11122,12040,42
11122,12835,97
11122,12933,105
11123,11606,22
11124,11401,12
11124,12230,53
11125,11864,33
11126,11248,5
11126,12120,46
11126,12188,50
11127,11785,30
11129,11204,3
11129,11865,33
11129,12221,52
11129,12277,55
11130,11446,14
11130,12779,92
11131,11448,14
11131,11813,31
11131,12025,41
11132,11980,39
11133,12180,49
11133,12691,84
11134,11341,9
11135,11474,15
11135,11722,27
11136,11617,22
11136,12649,81
11137,11745,28
11138,11872,33
11139,11285,6
11139,11322,8
11141,11396,11
11141,12868,99
11142,11197,2
11142,11946,37
11143,11993,39
11144,11827,31
11144,12438,65
11145,11377,10
11145,11969,38
11145,13151,133
11148,11218,3
11148,11378,10
11148,12881,100
11149,11423,12
11149,12216,51
11150,11861,32
11150,11896,34
11151,11997,39
11151,12909,102
11152,11539,17
11152,11732,27
11153,11252,4
11153,11333,8
11153,11718,26
11153,12022,40
11154,11449,13
11154,12588,75
11155,11226,3
11155,11847,31
11156,11407,11
11156,11565,18
11157,11698,25
11157,11741,27
11158,11188,1
11158,11494,15
11159,11499,15
11160,11280,5
11160,11410,11
11160,11500,15
11161,11374,9
11161,12591,75
11162,11989,38
11162,12070,42
11163,11684,24
11163,11703,25
11163,12008,39
11164,11414,11
11164,11685,24
11165,11413,11
11165,12010,39
11166,11665,23
11166,11705,25
11167,12074,42
11167,12383,60
11169,11238,3
11169,12034,40
11170,11572,18
11171,11286,5
11171,11823,30
11172,11624,21
11172,12131,45
11173,11438,12
11174,11418,11
11174,12185,48
11174,12327,56
11175,11556,17
11175,12364,58
11176,11534,16
11176,11604,20
11176,12437,64
11177,11607,20
11177,11629,21
11178,11537,16
11178,12610,76
11180,11384,9
11180,12093,43
11182,11660,22
11182,12612,76
11183,11447,12
11183,11470,13
11183,11788,28
11184,11695,24
11184,11737,26
11185,11758,27
11186,12161,46
11187,11277,4
11187,11543,16
11187,11598,19
11187,11697,24
11189,11373,8
11189,12005,38
11190,11723,25
11190,11889,32
11190,12031,39
11191,12032,39
11191,12259,52
11192,11852,30
11192,12072,41
11193,11303,5
11193,11550,16
11193,12306,54
11194,11480,13
11194,12111,43
11196,11266,3
11196,12056,40
11196,12134,44
11197,11877,31
11198,11307,5
11198,11328,6
11198,11879,31
11199,11401,9
11199,11896,32
11201,12064,40
11202,11511,14
11202,12144,44
11203,11733,25
11203,12315,54
11204,11513,14
11204,12390,59
11205,11677,22
11205,12492,66
11205,12506,67
11206,11562,16
11206,11736,25
11207,11680,22
11207,11740,25
11207,11985,36
11209,11498,13
11209,12205,48
11210,12029,38
11211,11262,2
11211,11524,14
11212,11238,1
11212,11350,6
11212,11798,27
11212,11874,30
11212,12183,46
11212,12208,48
11213,11285,3
11213,12211,48
11214,11460,11
11214,12110,42
11216,11772,26
11216,11805,27
11217,12136,43
11218,12554,70
11218,12872,96
11219,12291,52
11220,11608,18
11220,11672,21
11221,11384,7
11222,11294,3
11222,11386,7
11223,11510,13
11224,11511,13
11225,11659,20
11225,11692,22
11225,12021,37
11225,12067,39
11226,11867,29
11227,11369,6
11227,11635,19
11227,11983,35
11228,11255,1
11228,11337,5
11228,11611,18
11228,11720,23
11229,11429,9
11229,11720,23
11229,12161,44
11230,11542,14
11230,11887,30
11230,12496,65
11231,11430,9
11231,11681,21
11231,12318,53
11232,11637,19
11232,11850,28
11233,11259,1
11233,11455,10
11234,11642,19
11234,11700,22
11234,12105,41
11235,11701,22
11235,11990,35
11236,11570,15
11236,11619,18
11236,11989,35
11237,11581,16
11237,12361,55
11238,11264,1
11238,12475,63
11239,11620,18
11239,12425,60
11240,11623,18
11240,11941,33
11241,11574,15
11241,11730,23
11241,12111,41
11241,12363,55
11242,11353,5
11242,12197,46
11242,12665,78
11243,11805,26
11243,12115,41
11244,11271,1
11244,11291,2
11244,11970,34
11244,12985,107
11245,11780,25
11245,12402,58
11245,12490,64
11246,11443,9
11246,12313,52
11247,11834,27
11247,12406,58
11247,12491,64
11247,12997,108
11248,11385,6
11248,11487,11
11249,11590,16
11249,12096,40
11249,12199,46
11249,12252,49
11250,11388,6
11250,11539,13
11251,12275,50
11252,11660,19
11252,12545,68
11253,11693,21
11253,12507,65
11254,11811,26
11254,11980,34
11255,11390,6
11255,11679,20
11255,12472,62
11256,12239,48
11257,11497,11
11257,11794,25
11258,11278,1
11258,12005,35
11259,11616,17
11259,12086,39
11260,11280,1
11260,11315,3
11263,11872,28
11263,12010,35
11264,11798,25
11264,12076,38
11265,11750,23
11265,12488,63
11266,11729,22
11266,12132,41
11267,11650,18
11267,11800,25
11268,12246,48
11268,12489,63
11269,12387,56
11269,12439,60
11270,11691,20
11270,11922,31
11271,12907,97
11272,13010,109
11273,11328,3
11273,12119,40
11274,11591,15
11274,12658,76
11275,11335,3
11275,11810,25
11275,12193,44
11275,12369,54
11276,11337,3
11276,11720,21
11276,11884,28
11276,12161,42
11277,11615,16
11277,11741,22
11278,11393,5
11278,11520,11
11279,11345,3
11279,11432,7
11280,11962,32
11281,11320,2
11281,11395,5
11281,12009,34
11282,11685,19
11282,12107,39
11283,12033,35
11284,11303,1
11284,11416,6
11284,11854,26
11285,11458,8
11285,11528,11
11285,11940,31
11286,11648,17
11287,11707,20
11287,12416,57
11288,11804,24
11288,12135,40
11288,13240,145
11289,11653,17
11290,12116,39
11291,12542,66
11292,11507,10
11293,11609,15
11294,12524,65
11295,11661,17
11295,12192,43
11296,11427,6
11296,12297,49
11297,12297,49
11297,12529,65
11298,11428,6
11298,12201,44
11298,12574,68
11299,11759,22
11299,11979,32
11299,12516,64
11301,11640,16
11301,11742,21
11301,12028,34
11302,11766,22
11303,11892,27
11304,11354,2
11304,12725,80
11305,11689,18
11305,12214,44
11305,12822,88
11306,11378,3
11306,11422,5
11306,11654,16
11307,11467,7
11307,11879,26
11308,11560,11
11308,12403,55
11309,11897,27
11309,12669,75
11309,12998,105
11310,11787,22
11310,11840,24
11311,12023,33
11311,12125,38
11311,12391,54
11312,12000,32
11312,12177,41
11313,11407,4
11313,11565,11
11314,11818,23
11314,12238,45
11315,11345,1
11315,11432,5
11316,11522,9
11316,11962,30
11316,12650,73
11317,11456,6
11317,12103,37
11317,12604,69
11318,12087,36
11319,12150,39
11320,11963,30
11320,12259,46
11321,11348,1
11322,11528,9
11322,11822,23
11323,11457,6
11323,11686,17
11324,11355,1
11324,12261,46
11325,11773,21
11325,12170,40
11326,11711,18
11327,11691,17
11328,12229,44
11329,11357,1
11330,11833,23
11331,11538,9
11331,11997,31
11332,12275,46
11333,11368,1
11333,11594,12
11333,12573,66
11334,11734,19
11334,12350,50
11335,11632,14
11335,12049,33
11335,12124,37
11336,11984,30
11336,12840,88
11337,11613,13
11337,12674,74
11338,11636,14
11338,11815,22
11339,11452,5
11340,12101,36
11341,11936,28
11342,11681,16
11342,12318,48
11343,11392,2
11344,11615,13
11344,12002,31
11345,11545,9
11346,11412,3
11346,11600,12
11346,12030,32
11347,11569,10
11347,11820,22
11348,11725,18
11349,11726,18
11349,11821,22
11349,12208,42
11350,11645,14
11350,11727,18
11350,12339,49
11351,12011,31
11352,11622,13
11352,11728,18
11352,11797,21
11353,12616,69
11353,12628,70
11354,12326,48
11355,11483,6
11355,11993,30
11356,12421,54
11358,11608,12
11358,11672,15
11359,11863,23
11360,12094,35
11361,11386,1
11361,12061,33
11361,12157,38
11362,11402,2
11363,12063,33
11363,12174,39
11364,11753,19
11364,11910,26
11364,11974,29
11364,12631,70
11365,11388,1
11365,11910,26
11366,12043,32
11366,12082,34
11367,11425,3
11367,12158,38
11367,12200,41
11368,11718,17
11368,11911,26
11368,12274,45
11369,11761,19
11369,12182,39
11370,11452,4
11370,12280,45
11371,11614,12
11371,12162,38
11371,12319,47
11372,11392,1
11372,12003,30
11373,11477,5
11374,11600,11
11376,11416,2
11376,11905,25
11377,12288,45
11377,12386,51
11377,12400,52
11378,12597,66
11380,12500,59
11381,12187,39
11382,12750,79
11382,12944,95
11382,12996,102
11383,12670,72
11384,11731,17
11385,12042,31
11385,12188,39
11386,12081,33
11386,12524,61
11387,11589,10
11387,11956,27
11387,12020,30
11387,12503,59
11388,12173,38
11388,12272,44
11389,11447,3
11390,11634,12
11390,11903,24
11390,12635,69
11392,11682,14
11393,11499,5
11394,11871,22
11394,11872,22
11394,12323,46
11395,11548,7
11395,12260,43
11396,12227,41
11397,12906,91
11398,12140,35
11398,12668,71
11399,12802,82
11400,11925,25
11400,12405,51
11401,12268,43
11402,12156,36
11403,11898,23
11403,12612,66
11404,11445,2
11404,12296,44
11405,11427,1
11406,11490,4
11406,12507,58
11407,12431,53
11408,11846,20
11408,12204,39
11409,11885,22
11409,12223,40
11409,12433,53
11411,12104,33
11412,11744,16
11412,11819,19
11412,12473,55
11413,12010,28
11414,11665,12
11414,12129,34
11415,12361,47
11415,12414,51
11416,11938,25
11417,11479,3
11417,11602,9
11417,13004,101
11418,11770,17
11418,12343,46
11419,12080,31
11419,12514,58
11419,12871,87
11420,12312,44
11420,12542,60
11421,11535,5
11421,11776,17
11422,12597,64
11422,12814,82
11423,11833,19
11423,12543,60
11424,11444,1
11424,12406,50
11425,11489,3
11425,12063,30
11426,12348,46
11426,12622,66
11428,11562,6
11429,12050,29
11429,12472,54
11430,11542,5
11430,11887,21
11430,12001,27
11431,11493,3
11431,11640,10
11431,12396,49
11433,11745,15
11433,12337,45
11434,11725,14
11434,11746,15
11435,12131,33
11435,12153,34
11436,11947,24
11436,12114,32
11436,12539,59
11437,12080,30
11437,12328,44
11438,11772,16
11439,11484,2
11439,11775,16
11440,11806,17
11440,12906,89
11441,11535,4
11441,11950,24
11443,11781,16
11443,12609,64
11444,12712,73
11444,12885,87
11445,12000,26
11446,12741,75
11447,12024,27
11448,11580,6
11448,12447,52
11449,12480,54
11449,12589,62
11450,12203,37
11450,12644,67
11451,11814,17
11451,12299,42
11451,12377,47
11451,12717,73
11452,12127,32
11453,11987,25
11454,11816,17
11454,11848,18
11455,11499,2
11455,11616,8
11456,11522,3
11458,11552,4
11458,11748,14
11459,11905,21
11459,12285,41
11460,12594,62
11462,12460,52
11462,12478,53
11463,11534,3
11463,11828,17
11463,12248,39
11463,12523,57
11464,12136,32
11464,12287,41
11465,11577,5
11465,11829,17
11465,12138,32
11465,12311,42
11466,12570,60
11466,12598,62
11466,12608,63
11467,11560,4
11467,12229,38
11468,12218,37
11469,12043,27
11469,12144,32
11470,11513,2
11470,12602,62
11471,11977,24
11472,11884,19
11472,12161,33
11473,11492,1
11473,11869,18
11473,11986,24
11474,12003,25
11475,11520,2
11475,11793,15
11476,12102,30
11476,12258,39
11477,12005,25
11478,12165,33
11478,12337,43
11478,12757,75
11479,12012,25
11479,12374,45
11479,12993,97
11480,12735,73
11481,11802,15
11481,11946,22
11482,12436,50
11482,12758,75
11484,11920,21
11484,12247,38
11485,12332,42
11485,12619,63
11486,12269,39
11487,12042,26
11487,12584,60
11488,11630,7
11488,12803,78
11490,12691,68
11491,12575,59
11492,11514,1
11492,12508,54
11492,12647,65
11493,11961,22
11493,12321,41
11494,11793,14
11495,12205,35
11495,12380,45
11496,12004,24
11496,12085,28
11497,11699,10
11497,12381,45
11498,12531,56
11499,11519,1
11500,11546,2
11500,11962,22
11501,11888,18
11502,12057,26
11502,12514,54
11502,12538,56
11503,11653,7
11503,12058,26
11504,12438,49
11505,11878,17
11505,12137,30
11505,12642,64
11506,11535,1
11506,11584,4
11508,12571,58
11508,12705,69
11508,13209,127
11509,11952,21
11509,11972,22
11509,12658,65
11510,12083,27
11511,11786,13
11511,12122,29
11512,11674,8
11512,11787,13
11513,12467,50
11514,11869,16
11514,12394,45
11514,12818,78
11515,11985,22
11515,12356,42
11516,12279,38
11516,12303,39
11516,12483,51
11517,12051,25
11517,12280,38
11517,12842,80
11518,11793,13
11519,11616,5
11519,11794,13
11520,12005,23
11521,12006,23
11521,12940,88
11522,12103,28
11523,11571,2
11523,12150,30
11525,11570,2
11525,11619,5
11525,12053,25
11525,12338,41
11526,11725,10
11526,11746,11
11527,11822,14
11527,11914,19
11528,11552,1
11528,11822,14
11529,11906,18
11529,12076,26
11529,12211,34
11530,11876,16
11531,11668,7
11531,11771,12
11531,12185,32
11531,12215,34
11532,11826,14
11532,12653,64
11533,11773,12
11533,11827,14
11533,12951,89
11534,12090,27
11534,12680,66
11535,11777,12
11536,12404,45
11537,12572,57
11537,12599,59
11539,11590,3
11539,12173,31
11539,12199,33
11540,12064,25
11541,11984,21
11541,12840,79
11543,11615,4
11544,11850,14
11544,12257,36
11546,12029,23
11546,12639,62
11547,11871,15
11547,11889,16
11548,11873,15
11549,11704,8
11549,12166,30
11549,12195,32
11550,11852,14
11550,12372,42
11551,12226,34
11552,11646,5
11552,11748,10
11552,11797,12
11552,12153,29
11553,12616,60
11554,12113,27
11554,12696,66
11555,11967,20
11555,12327,39
11555,12860,80
11556,11826,13
11556,12917,85
11557,11691,7
11557,11922,18
11558,11880,15
11558,12582,57
11558,12824,77
11558,13127,112
11559,12463,48
11560,12464,48
11561,11954,19
11561,12095,26
11561,12143,28
11561,12630,61
11562,12201,32
11563,12194,31
11563,12865,80
11564,11983,20
11566,12237,34
11567,11869,14
11567,12394,43
11567,12636,61
11567,12794,74
11568,11870,14
11568,12238,34
11569,12070,24
11570,11989,20
11571,12088,25
11571,12305,37
11572,11601,2
11573,11916,17
11573,12054,23
11573,12384,42
11573,12970,90
11574,12089,25
11575,12385,42
11575,12458,47
11576,12091,25
11577,11969,19
11577,12461,47
11578,12234,33
11579,11719,7
11579,12046,22
11580,12559,54
11581,12074,23
11581,12721,67
11582,11649,3
11582,11946,17
11582,12341,38
11583,12458,46
11583,12666,62
11584,11777,9
11585,12490,48
11585,12617,58
11585,13050,98
11586,12060,22
11586,12739,68
11587,11712,6
11587,11951,17
11587,12684,63
11587,12967,88
11588,12270,34
11588,12706,65
11588,12825,75
11589,12218,31
11590,12096,24
11591,11785,9
11591,12097,24
11592,12064,22
11592,12315,36
11593,11676,4
11593,11975,18
11593,12190,29
11593,12335,37
11594,11911,15
11594,12045,21
11594,12254,33
11595,11931,16
11595,12048,21
11596,12589,55
11596,12644,60
11597,11886,13
11597,12101,24
11597,12731,67
11598,11639,2
11598,11851,11
11599,12206,30
11599,12531,51
11600,12423,43
11600,12591,55
11601,11747,7
11602,11894,13
11603,11943,16
11603,12036,20
11603,12212,30
11604,12568,53
11604,12652,60
11605,12345,37
11607,12059,21
11607,12265,33
11610,11717,5
11610,12046,20
11611,11679,3
11611,11845,10
11611,12674,61
11612,11738,6
11612,12204,29
11612,12950,84
11613,11884,12
11613,13261,135
11614,11637,1
11614,11849,10
11614,12319,35
11614,12454,44
11615,12084,22
11616,12336,36
11617,12322,35
11617,12756,68
11618,12071,21
11618,12106,23
11618,12485,46
11619,11643,1
11619,11890,12
11620,12309,34
11621,11706,4
11621,11893,12
11621,11991,17
11621,12035,19
11622,11941,15
11622,12168,26
11623,11856,10
11623,12476,45
11624,12131,24
11625,12312,34
11625,12667,60
11625,12773,69
11626,11921,14
11626,12139,24
11626,12420,41
11627,11711,4
11627,12290,33
11627,12596,54
11629,11833,9
11629,12265,32
11630,12172,26
11631,11676,2
11631,12335,35
11631,12526,49
11631,12613,55
11632,11662,1
11632,12176,26
11632,12369,37
11633,11846,9
11633,11981,16
11634,11739,5
11634,11903,12
11634,12181,26
11634,12430,42
11634,12912,80
11635,11761,6
11635,12450,43
11635,12623,56
11636,12279,32
11637,12358,36
11638,12359,36
11640,11961,15
11640,12412,40
11641,11699,3
11641,11743,5
11641,12879,77
11642,12106,22
11642,12434,42
11643,11988,16
11644,11767,6
11644,11904,12
11644,12260,31
11645,11991,16
11645,12035,18
11645,12307,33
11646,11728,4
11646,11797,7
11648,11823,8
11648,12077,20
11648,12513,47
11649,12418,40
11650,11857,9
11650,11875,10
11651,11802,7
11652,11805,7
11652,12460,43
11653,11907,12
11653,12330,34
11654,12015,17
11655,11832,8
11655,12154,24
11655,12749,66
11655,13062,97
11656,12041,18
11656,12656,58
11657,12619,55
11657,12670,59
11657,13057,96
11658,12271,31
11658,12346,35
11658,13129,107
11659,11754,5
11659,12220,28
11659,12778,68
11660,13014,91
11661,12159,24
11662,11733,4
11662,12124,22
11662,12145,23
11663,11790,6
11663,11902,11
11663,11913,12
11663,12924,80
11664,12069,19
11664,12590,52
11665,12151,23
11665,12167,24
11666,12285,31
11666,12416,39
11667,11801,6
11667,12616,54
11668,11857,8
11668,12375,36
11669,12570,50
11669,12737,64
11670,11778,5
11671,11834,7
11671,12491,44
11671,12728,63
11671,12883,76
11673,11717,2
11673,12044,17
11674,12158,23
11675,12064,18
11675,12192,25
11675,12315,32
11676,12222,27
11677,11736,3
11677,12236,28
11678,11932,12
11678,12634,55
11678,12765,66
11679,11760,4
11679,11903,10
11680,12148,22
11680,12793,68
11682,12003,15
11682,12359,34
11683,11743,3
11683,12085,19
11683,12796,68
11684,11937,12
11684,12207,26
11685,12129,21
11685,12324,32
11686,11823,6
11686,12152,22
11687,12735,63
11687,12771,66
11688,11992,14
11688,12089,19
11689,12310,31
11690,11919,11
11690,12438,40
11692,11754,3
11692,12392,36
11692,12429,39
11693,11930,11
11693,12888,75
11694,12068,17
11694,12256,28
11694,12840,71
11695,11933,11
11696,12359,33
11697,11851,6
11698,12028,15
11698,12320,31
11699,12820,69
11700,12163,22
11700,12240,27
11701,11820,5
11701,12532,46
11702,12165,22
11703,12072,17
11703,12486,42
11704,12032,15
11705,11914,10
11705,12151,21
11706,11799,4
11706,12196,24
11706,12579,49
11707,11915,10
11707,12931,78
11708,11825,5
11708,11943,11
11708,12418,37
11709,11858,6
11709,11876,7
11710,11948,11
11710,12228,26
11710,12344,32
11711,12581,49
11712,12610,51
11712,12838,70
11713,12266,28
11715,12219,25
11715,12295,29
11715,12347,32
11716,11898,8
11716,12715,60
11718,12545,46
11718,12816,68
11719,12574,48
11719,12672,56
11720,12472,40
11721,12237,26
11721,12356,32
11722,12003,13
11722,12359,32
11723,12165,21
11723,12473,40
11724,11767,2
11724,12821,68
11726,11853,5
11726,12073,16
11726,12183,22
11727,11874,6
11727,12035,14
11727,12511,43
11728,12153,20
11729,12213,24
11729,12426,37
11730,11858,5
11730,12537,45
11731,12093,17
11732,12199,23
11733,12176,21
11733,12276,27
11734,11912,8
11734,12047,14
11735,11789,2
11735,12160,20
11735,12948,78
11736,12201,23
11736,12492,41
11737,11933,9
11737,12236,25
11738,12223,24
11738,12830,68
11739,12181,21
11739,12647,53
11739,12675,55
11740,11762,1
11740,12378,33
11740,12793,65
11741,12084,16
11741,12320,29
11742,11961,10
11742,12380,33
11743,12879,72
11744,12564,46
11744,12676,55
11745,11891,6
11748,11940,9
11748,12013,12
11749,12077,15
11749,12340,30
11749,12858,70
11750,12197,22
11750,12915,75
11751,12656,53
11751,12739,60
11752,12173,20
11752,12272,26
11752,12443,37
11752,12713,58
11753,12273,26
11753,12660,53
11753,12714,58
11754,12505,41
11754,12557,45
11755,11865,4
11755,12066,14
11755,12221,23
11755,12643,52
11756,11976,10
11756,12045,13
11756,12123,17
11757,11839,3
11757,12234,24
11757,12700,56
11758,11844,3
11758,11931,8
11758,12603,48
11759,12026,12
11759,12317,28
11760,11845,3
11760,11934,8
11760,12179,20
11761,12495,40
11761,12518,42
11762,11985,10
11762,12356,30
11762,12378,32
11763,12149,18
11763,12780,63
11764,12257,25
11764,12396,33
11765,12088,15
11765,12107,16
11766,12195,21
11767,11964,9
11767,12413,34
11768,11906,6
11768,12036,12
11768,12169,19
11769,11895,5
11769,11992,10
11770,12134,17
11770,12215,22
11771,11947,8
11771,12114,16
11773,12759,61
11774,12328,28
11774,12652,52
11775,11920,7
11776,11922,7
11777,11950,8
11779,12570,45
11780,12264,25
11780,12368,30
11780,12882,71
11781,12119,16
11781,12815,65
11782,12873,70
11782,12919,74
11782,13178,109
11783,11862,3
11783,11926,7
11783,12388,32
11783,12899,72
11784,11927,7
11784,12998,83
11786,12082,14
11787,12158,18
11787,12708,56
11788,12024,11
11788,12689,54
11789,11930,7
11789,13096,96
11790,12353,29
11790,12549,43
11790,12988,82
11791,11813,1
11791,12298,26
11791,12432,35
11792,11884,4
11794,12336,28
11794,12381,31
11795,12104,15
11795,12163,18
11796,11821,1
11796,12034,11
11797,11822,1
11797,12108,15
11797,12168,18
11798,11874,3
11798,12510,40
11799,12130,16
11799,12308,26
11799,12325,27
11800,11875,3
11800,12055,12
11800,12896,71
11801,11966,8
11801,12846,67
11803,11993,9
11803,12038,11
11803,12477,37
11804,13169,106
11805,11948,7
11806,13069,91
11807,11880,3
11807,12824,65
11807,12986,81
11808,11841,1
11808,12351,28
11808,12480,37
11809,11978,8
11809,12159,17
11809,12446,35
11810,12278,24
11810,12700,54
11811,11899,4
11811,12548,42
11811,12889,70
11812,11901,4
11812,12178,18
11812,12370,29
11812,12411,32
11813,12877,69
11814,12577,44
11814,12890,70
11814,12911,72
11815,12279,24
11816,11987,8
11816,12281,24
11817,12052,11
11817,12357,28
11817,12833,65
11818,12239,22
11818,12744,58
11819,12030,10
11819,12031,10
11819,12519,40
11820,12070,12
11820,12497,38
11821,12475,36
11822,12209,20
11822,12283,24
11823,12152,16
11824,12152,16
11824,12799,62
11825,12245,22
11825,12398,31
11825,12435,34
11826,12419,32
11826,13144,101
11827,12438,34
11827,12977,79
11828,11859,1
11828,12569,43
11828,13207,112
11829,12906,71
11829,12918,72
11830,12040,10
11830,12933,73
11830,13035,85
11830,13112,97
11831,12154,16
11831,13062,89
11832,11880,2
11833,12683,52
11834,12705,54
11835,12093,13
11835,12706,54
11836,12142,15
11836,12621,47
11836,12902,70
11837,11882,2
11837,12061,11
11837,12081,12
11837,12098,13
11838,12083,12
11838,12296,24
11838,12903,70
11839,12671,51
11840,12708,54
11841,12022,9
11841,12316,25
11841,12947,74
11842,12126,14
11842,12481,36
11843,12027,9
11843,12548,41
11844,12027,9
11844,12955,75
11845,11958,6
11845,12949,74
11846,12766,59
11847,11867,1
11847,12575,43
11848,12281,23
11848,12453,34
11849,12239,21
11849,12743,57
11850,12358,27
11850,12638,48
11852,12382,29
11852,12520,39
11853,12243,21
11853,12339,26
11853,12784,60
11854,11892,2
11854,11938,5
11854,12535,40
11855,12075,11
11855,12614,46
11855,12664,50
11856,11915,4
11856,12942,73
11857,12056,10
11857,12457,34
11858,11944,5
11859,12365,27
11859,12654,49
11859,13126,98
11860,12465,34
11860,12618,46
11861,12216,19
11861,12611,45
11862,12555,41
11862,12961,75
11863,11881,1
11863,12250,21
11864,12141,14
11865,12277,22
11865,12444,33
11866,12068,10
11866,12147,14
11867,11982,6
11868,12194,17
11868,12393,29
11869,12496,36
11870,11960,5
11870,12637,47
11871,12225,19
11871,12533,39
11872,12455,33
11873,11904,2
11873,12260,21
11874,12415,30
11875,12457,33
11875,12845,64
11877,11946,4
11877,12341,25
11878,11968,5
11878,12994,79
11879,12229,19
11880,12749,56
11881,12231,19
11881,12250,20
11882,11909,2
11882,12659,48
11882,12804,60
11883,11982,5
11883,12422,30
11885,12279,21
11885,12394,28
11885,12794,59
11886,12379,27
11886,12927,70
11887,12452,32
11887,12636,46
11888,12164,14
11888,12564,40
11889,12225,18
11889,12474,33
11890,11988,5
11890,12071,9
11890,12338,24
11891,12337,24
11892,12306,22
11892,12521,37
11893,12244,19
11893,12579,41
11893,12722,53
11894,12565,40
11894,13004,79
11896,12268,20
11896,12611,43
11897,12293,21
11897,12583,41
11897,12900,67
11898,13038,82
11899,12352,24
11900,12048,7
11900,12277,20
11901,12049,7
11901,12124,11
11901,12468,32
11902,12177,14
11902,12828,61
11903,11934,2
11904,11964,3
11905,11938,2
11905,12551,38
11906,12109,10
11906,12456,31
11907,12058,7
11907,12540,37
11908,12264,19
11908,12368,24
11908,12376,25
11908,13312,137
11909,11973,3
11909,12098,9
11909,12661,46
11910,12272,19
11911,12175,13
11911,12191,14
11912,12222,16
11912,12662,46
11913,12530,36
11913,12550,37
11913,12988,76
11914,12283,19
11914,12373,24
11915,13074,86
11916,12615,42
11916,12976,74
11917,12112,9
11917,12363,23
11917,12385,25
11918,12038,5
11918,12398,26
11918,12626,43
11919,12247,17
11919,12438,29
11920,12330,21
11921,11994,3
11921,12367,23
11923,12186,13
11923,12421,27
11924,12198,14
11924,12291,19
11925,12996,76
11926,12669,46
11927,12901,65
11928,12042,5
11928,12156,11
11928,12584,39
11929,12094,8
11929,12408,26
11929,12442,29
11930,13228,111
11931,12255,17
11931,12632,43
11932,12448,29
11932,12925,67
11933,12529,35
11934,12202,14
11934,12430,28
11935,11959,1
11935,11960,1
11935,12841,60
11936,12052,5
11936,12149,10
11937,12010,3
11937,12677,46
11938,12487,31
11939,12425,27
11939,12664,45
11939,13092,88
11940,12211,14
11940,12512,33
11941,12476,30
11941,12552,36
11942,12488,31
11942,12799,56
11943,12245,16
11944,12537,35
11945,12399,25
11945,12627,42
11945,12725,50
11948,12115,8
11948,12460,29
11949,12366,22
11949,12823,58
11949,13280,125
11951,12515,33
11951,13164,98
11952,12407,25
11952,12707,48
11952,12848,60
11953,12389,24
11953,12524,34
11953,12946,68
11954,12601,39
11954,12630,42
11954,12685,46
11955,12019,3
11955,12174,11
11955,12803,56
11956,12442,28
11956,12806,56
11957,12189,12
11957,13105,90
11958,12179,11
11958,12449,28
11958,12547,35
11959,12302,18
11959,12811,56
11960,12710,48
11961,12767,53
11962,12639,42
11963,12166,10
11963,12195,12
11964,12383,23
11965,12078,5
11965,12567,36
11965,12785,54
11965,12982,73
11966,12758,52
11967,12058,4
11967,12459,28
11968,12228,14
11968,13009,76
11969,12138,8
11969,12288,17
11970,12681,45
11970,12880,62
11970,12907,64
11971,12293,17
11971,12900,63
11972,12407,24
11973,12121,7
11973,12334,19
11973,12659,43
11974,12273,16
11975,12586,37
11976,12175,10
11976,13120,91
11977,12574,36
11977,12672,44
11978,12468,28
11978,12481,29
11979,12026,2
11979,12528,33
11979,12701,46
11980,12548,34
11981,12317,18
11981,12766,52
11982,12575,36
11983,12126,7
11983,12450,27
11986,12496,30
11987,12303,17
11988,12087,5
11989,12053,3
11989,12241,14
11989,12424,25
11989,12486,29
11989,12592,37
11990,12007,1
11990,12532,33
11990,12854,59
11991,12196,11
11991,12593,37
11993,12261,15
11994,12138,7
11994,12311,17
11995,12016,1
11996,12404,23
11996,12774,52
11996,13023,76
11997,12292,16
11998,12657,42
11999,12065,3
11999,12275,15
11999,12546,33
11999,12730,48
11999,13079,83
12000,12296,16
12000,12587,36
12001,12318,17
12001,12452,26
12001,12832,56
12002,12084,4
12002,12590,36
12004,12321,17
12004,12484,28
12006,12304,16
12006,13107,88
12007,12150,7
12007,12844,57
12008,12053,2
12008,12207,11
12008,12486,28
12009,12259,14
12009,12260,14
12010,12455,26
12010,12605,37
12011,12284,15
12012,12309,16
12012,12606,37
12013,12131,6
12013,12153,7
12013,12512,30
12014,12246,13
12015,12345,18
12017,12118,5
12017,12629,39
12017,12898,61
12017,13222,106
12018,13050,78
12018,13209,103
12019,12174,8
12019,12698,44
12020,12233,12
12020,12806,53
12020,12849,57
12021,12392,21
12021,12689,43
12022,12573,34
12023,12099,4
12023,12493,28
12023,12687,43
12024,12516,30
12025,12447,25
12025,12633,39
12025,12877,59
12026,12829,55
12026,13072,81
12027,12791,52
12028,12412,22
12028,12755,49
12029,12591,35
12030,12423,23
12030,12578,34
12031,12473,26
12031,12474,26
12032,12166,7
12034,12475,26
12035,12722,46
12036,12109,4
12036,12536,31
12037,12417,22
12037,12565,33
12038,12427,23
12038,12772,50
12039,12246,12
12039,12261,13
12039,12580,34
12040,12907,61
12040,13076,81
12041,12230,11
12041,13047,76
12043,12122,4
12044,12253,12
12044,12558,32
12045,12175,7
12045,12349,17
12046,12672,41
12047,12350,17
12047,12662,40
12047,12876,58
12048,12255,12
12048,12688,42
12049,12178,7
12049,12193,8
12050,12508,28
12050,12635,38
12051,12371,18
12051,12928,62
12051,13001,71
12052,12781,50
12053,12651,39
12054,12213,9
12054,13032,74
12055,12666,40
12055,12971,67
12056,12132,4
12056,12375,18
12057,12859,56
12057,12897,59
12057,13067,79
12058,12459,24
12059,12313,14
12059,12763,48
12060,12403,20
12060,13077,80
12061,12081,1
12061,12314,14
12061,12729,45
12061,12979,68
12062,13105,85
12062,13184,97
12063,12174,6
12063,12200,8
12065,12083,1
12065,12903,59
12066,12444,23
12066,12525,29
12066,12544,30
12067,12220,9
12067,12602,34
12068,12494,26
12068,12764,48
12069,12357,16
12069,13159,92
12070,12424,21
12071,12087,1
12071,12745,46
12072,12520,28
12072,12678,40
12073,12226,9
12073,12784,49
12074,12593,33
12074,12768,48
12075,12414,20
12076,12109,2
12076,12510,27
12077,12858,55
12078,12594,33
12078,12971,66
12079,12397,19
12079,12399,19
12079,12627,36
12079,13137,88
12080,13049,75
12081,12804,50
12082,12122,2
12084,12648,37
12085,12484,24
12085,13103,83
12086,12336,14
12086,12940,61
12088,12242,9
12088,12747,45
12089,12111,1
12090,12478,23
12090,12523,27
12091,12116,1
12092,12171,4
12092,12269,10
12094,12620,34
12095,12218,7
12095,12910,58
12096,12173,4
12096,12713,42
12097,12295,11
12097,12658,37
12098,12314,12
12098,12936,60
12099,12255,9
12099,12410,18
12099,12688,39
12100,12237,8
12100,12709,41
12100,12808,49
12101,12148,2
12101,12301,11
12102,12206,6
12102,12843,52
12102,13002,68
12103,12650,36
12103,12694,39
12104,12783,47
12105,12240,8
12105,12434,20
12105,12519,26
12106,12225,7
12106,12533,27
12107,12324,12
12107,12747,44
12108,12209,6
12108,12498,24
12109,12723,42
12110,12594,31
12110,12868,54
12111,12735,43
12112,12567,29
12112,12771,46
12113,12627,34
12113,12725,42
12114,12185,4
12114,12327,12
12115,12344,13
12116,12344,13
12117,12366,14
12117,12387,16
12117,13242,106
12118,12953,61
12118,13062,75
12119,12229,7
12119,12908,57
12120,12172,3
12120,12698,39
12121,12347,13
12121,12409,17
12121,12585,30
12122,12144,1
12123,12349,13
12123,12690,38
12124,12446,20
12125,12352,13
12125,12493,23
12125,13006,68
12126,13041,71
12127,12224,6
12127,12280,9
12128,12509,24
12128,12783,46
12129,12167,2
12129,12797,47
12130,12210,5
12130,12362,13
12130,13003,67
12131,12169,2
12131,12512,24
12132,12426,18
12132,12457,20
12133,12342,12
12133,12711,40
12133,13260,110
12134,12375,14
12135,12522,25
12135,12960,61
12135,13232,103
12136,12364,13
12136,13068,75
12137,12667,36
12139,12186,3
12140,13201,96
12141,12670,36
12142,12252,7
12142,12920,57
12143,12601,30
12143,12886,54
12143,12910,56
12145,12159,1
12145,12276,8
12145,12446,19
12146,12528,25
12146,12673,36
12146,12701,38
12146,12827,49
12147,12690,37
12147,12764,44
12148,12624,32
12149,12562,27
12149,12781,45
12150,12305,9
12151,12373,13
12151,12720,40
12152,12513,23
12155,12267,7
12155,12610,30
12155,12838,49
12156,12333,10
12157,12600,29
12157,12979,63
12158,12558,26
12159,12192,2
12160,12350,11
12160,13040,69
12162,12454,18
12162,12812,46
12162,12867,51
12163,12563,26
12163,12783,44
12164,12337,10
12164,12757,42
12165,12676,35
12166,12259,6
12167,12720,39
12168,12498,21
12168,12552,25
12169,12456,18
12170,12539,24
12170,12759,42
12171,12270,6
12171,12752,41
12171,12825,47
12172,12803,45
12175,12921,55
12176,12234,4
12177,12587,27
12177,12922,55
12178,12411,14
12178,12482,19
12178,12765,42
12178,12852,49
12179,12202,2
12179,12807,45
12180,12865,50
12180,13052,70
12181,12561,25
12181,12963,59
12182,12224,3
12182,12495,20
12183,12208,2
12183,12339,9
12184,12227,3
12184,12566,25
12184,13045,68
12185,12343,9
12186,12420,14
12186,12581,26
12187,12738,39
12187,13036,67
12188,12698,35
12189,12346,9
12189,13318,125
12190,12586,26
12190,12864,49
12190,13024,66
12191,12274,5
12191,12777,42
12191,12921,54
12192,12276,5
12193,12765,41
12194,12905,52
12194,12937,55
12196,12308,6
12196,12769,41
12197,13135,81
12198,12249,3
12200,12558,23
12201,12235,2
12202,12470,16
12202,13115,78
12203,12256,3
12203,12840,46
12204,12766,40
12205,12531,21
12205,12732,37
12206,13028,65
12207,12651,30
12207,12677,32
12208,12475,16
12209,12283,4
12209,12640,29
12210,12308,5
12210,12614,27
12210,12834,45
12211,12456,15
12212,12245,2
12212,12536,21
12212,13154,83
12213,13093,74
12213,13122,79
12214,12489,17
12214,12870,48
12215,12343,7
12215,12375,9
12216,12543,21
12216,13063,69
12217,12712,35
12217,12885,49
12217,13011,63
12217,13238,99
12218,12503,18
12219,12622,27
12219,13142,80
12220,12504,18
12220,12954,55
12221,12390,10
12221,12875,48
12222,12613,26
12222,13095,74
12223,12576,23
12223,12878,48
12224,12693,32
12224,12928,52
12225,12434,13
12226,12821,43
12227,12868,47
12228,12460,14
12228,12478,15
12229,12464,14
12229,12762,38
12230,12268,2
12230,13140,79
12231,12440,13
12231,12838,44
12232,12600,24
12232,12620,26
12233,12503,17
12233,12776,39
12233,12887,48
12234,12369,7
12235,12492,16
12235,12574,22
12236,12506,17
12236,12529,19
12237,12300,3
12238,12637,27
12238,12744,36
12239,13055,66
12240,12563,21
12240,12578,22
12241,12678,30
12241,12746,36
12242,12305,3
12242,12974,57
12242,13044,64
12243,12307,3
12243,12360,6
12243,12856,45
12244,12679,30
12244,12798,40
12244,12980,58
12245,12748,36
12246,12286,2
12247,12330,4
12247,12984,58
12248,12569,21
12248,12680,30
12248,13161,82
12249,12291,2
12249,12500,16
12250,12440,12
12251,12657,28
12251,12670,29
12251,13057,66
12252,12713,33
12253,12708,32
12254,12349,5
12254,12573,21
12254,12754,36
12255,12493,15
12256,12494,15
12256,12644,27
12257,12638,26
12257,12782,38
12258,12282,1
12258,13002,59
12261,12477,13
12262,12312,2
12262,12773,37
12262,12880,46
12262,13061,66
12263,12499,15
12263,12682,29
12263,13104,73
12263,13139,77
12264,12402,8
12264,13326,124
12265,12683,29
12265,12763,36
12266,12751,35
12266,12884,46
12267,12572,20
12268,13078,68
12271,12294,1
12271,13087,70
12272,12631,25
12273,12586,21
12274,12816,40
12274,13064,66
12276,12315,2
12277,12688,29
12278,12671,28
12279,12810,39
12280,12928,49
12281,12303,1
12281,12832,41
12282,12649,26
12282,13121,75
12283,12625,24
12284,12309,1
12285,12551,18
12285,13066,66
12286,12489,13
12286,12580,20
12286,12966,53
12287,13068,66
12287,13101,71
12288,12461,11
12288,13125,75
12289,12365,4
12289,12541,17
12289,12654,26
12289,13046,62
12290,12655,26
12290,13069,66
12292,12862,43
12292,12909,47
12293,12502,14
12293,12998,57
12294,12428,9
12295,12556,18
12295,12707,30
12296,13039,61
12297,12560,18
12298,12692,28
12298,12877,44
12298,13042,61
12299,12432,9
12299,12938,49
12300,12356,3
12300,12378,5
12300,12709,30
12301,12355,3
12301,12624,23
12301,12731,32
12302,12379,5
12302,12451,10
12302,12973,54
12303,12892,45
12304,12322,1
12304,13233,94
12305,12844,41
12306,12372,4
12306,12733,32
12307,12339,2
12307,12593,20
12308,12857,42
12309,12425,8
12310,12822,39
12310,12976,54
12311,12367,3
12311,12918,47
12312,12985,55
12313,12609,21
12313,13177,82
12314,12753,33
12314,12850,41
12316,12480,11
12316,12589,19
12316,13114,72
12317,12950,49
12317,13072,65
12318,12453,9
12319,12395,5
12319,12743,32
12319,12795,36
12319,12812,37
12320,12648,24
12320,12755,33
12321,12663,25
12321,12767,34
12322,13106,71
12323,12455,9
12323,12533,15
12323,12695,27
12324,12797,36
12325,12579,18
12325,12770,34
12325,13003,56
12326,12725,30
12327,12539,15
12328,13049,61
12329,12553,16
12329,13160,78
12329,13263,100
12329,13294,109
12330,12540,15
12331,12872,42
12331,13235,93
12332,12619,21
12332,12961,50
12332,13071,64
12333,12584,18
12334,12409,5
12334,12643,23
12334,12661,24
12335,12716,29
12335,12864,41
12336,13073,64
12338,12651,23
12338,12745,31
12340,12696,26
12340,12916,45
12341,12398,4
12341,12418,5
12342,12595,18
12342,12983,53
12342,13206,85
12346,13223,88
12347,12556,15
12347,13142,73
12348,12391,3
12348,13005,55
12349,12527,13
12350,12987,53
12351,12588,17
12351,12741,30
12352,12889,42
12353,12471,8
12354,12577,16
12354,12890,42
12354,12973,51
12354,13016,56
12355,12432,6
12355,12646,22
12355,12938,46
12357,12893,42
12357,13059,61
12358,12454,7
12358,12964,49
12360,12593,17
12360,12768,32
12361,12721,28
12361,12834,37
12362,12614,19
12362,12664,23
12362,12941,46
12363,12537,13
12363,12735,29
12363,12771,32
12364,12917,44
12365,13075,63
12365,13277,102
12366,13268,100
12367,12420,4
12367,12655,22
12368,13176,79
12368,13290,106
12369,12700,25
12370,12468,7
12370,12481,8
12370,12792,33
12371,12853,38
12371,12866,39
12371,12891,41
12372,12382,1
12372,12719,27
12373,12625,19
12373,12894,41
12374,12606,17
12374,13186,80
12374,13247,93
12376,12682,23
12376,13104,67
12376,13176,78
12377,12517,10
12377,12911,42
12378,12989,51
12378,13008,53
12378,13132,70
12379,13000,52
12380,12732,27
12380,12767,30
12381,12820,34
12381,13073,61
12382,12534,11
12382,12929,43
12383,12413,2
12383,12768,30
12384,12615,17
12384,12895,40
12384,13109,67
12385,12567,13
12385,12982,50
12386,12401,1
12386,12553,12
12386,13151,72
12387,12813,33
12387,13021,54
12388,12555,12
12388,12727,26
12389,12848,36
12389,12934,43
12389,12962,46
12390,12467,5
12390,12850,36
12391,12687,22
12392,12904,40
12392,13143,70
12393,12905,40
12393,13261,95
12394,12433,3
12395,12795,31
12395,12866,37
12395,12913,41
12396,12412,1
12396,12782,30
12397,12696,22
12397,12916,41
12397,13124,68
12398,12418,1
12398,12626,17
12399,12538,10
12399,13206,81
12400,12553,11
12400,13125,68
12400,13263,95
12401,13150,71
12401,13226,85
12401,13311,110
12402,12704,23
12402,13163,73
12403,12464,4
12403,13217,83
12404,12788,30
12405,12996,50
12406,12885,38
12407,12962,45
12408,12600,14
12408,12620,16
12408,12699,22
12409,12544,10
12409,13142,69
12410,12444,3
12410,12525,9
12410,12687,21
12411,12645,18
12411,12792,30
12412,13027,53
12413,12821,32
12413,12856,35
12414,12614,15
12414,12834,33
12415,12510,7
12415,12511,7
12415,13085,61
12416,12931,41
12416,13066,58
12417,12702,22
12417,12845,34
12417,12869,36
12419,12917,40
12419,13118,66
12419,13314,110
12420,12596,13
12421,12581,12
12422,12575,11
12423,13043,53
12424,12497,5
12424,12592,12
12425,12606,13
12426,12736,24
12426,13122,66
12427,12477,3
12427,12724,23
12427,12932,40
12428,13087,60
12428,13189,76
12429,12505,5
12429,12904,37
12429,13145,68
12430,12963,43
12430,13115,64
12431,12471,2
12431,12808,29
12432,13042,52
12433,12576,10
12433,12818,30
12434,12474,2
12435,12626,14
12435,12748,24
12435,13123,65
12436,12522,6
12436,13033,51
12437,12568,9
12437,12680,18
12437,13200,77
12438,12984,46
12439,12813,29
12439,13010,49
12440,12684,18
12441,12502,4
12441,12752,24
12441,12825,30
12442,12699,19
12442,12775,26
12443,12631,14
12443,12920,38
12443,13012,49
12444,12688,18
12445,12559,8
12445,13079,57
12446,12468,1
12447,12469,1
12447,12559,8
12448,12517,5
12449,12817,29
12449,12949,40
12449,13026,50
12450,13041,51
12451,12811,28
12451,12939,39
12451,13053,53
12452,12831,30
12452,12892,35
12453,12832,30
12454,12819,29
12455,12605,11
12456,12512,4
12457,12736,22
12458,12982,45
12459,12540,6
12459,12860,32
12459,12951,40
12459,12977,44
12461,13101,60
12462,12737,22
12462,13139,65
12462,13187,74
12463,12726,21
12463,12873,33
12464,13153,67
12465,12599,10
12466,12706,19
12466,12825,29
12467,12602,10
12467,12850,31
12469,12633,13
12469,12828,29
12469,13090,58
12470,12807,27
12470,12851,31
12470,13058,53
12471,12549,6
12472,12635,13
12473,12676,16
12474,12519,4
12476,12930,37
12476,12942,38
12477,12580,8
12478,13009,47
12479,12572,7
12479,12599,9
12480,12588,8
12481,13041,49
12482,12645,13
12482,12809,26
12482,13146,65
12483,12810,26
12483,12831,28
12483,12892,33
12484,12663,14
12484,13148,65
12485,12533,4
12485,12695,16
12485,12745,21
12486,12678,15
12487,12535,4
12487,12551,5
12487,12992,44
12488,12915,35
12488,13020,47
12489,13194,73
12490,12882,32
12490,13264,89
12491,12619,10
12491,13071,53
12493,12632,11
12494,13007,45
12494,13172,68
12495,12693,15
12495,12718,18
12496,12636,11
12497,12532,3
12497,13018,46
12498,12640,11
12498,12975,41
12499,13022,46
12499,13034,47
12499,13104,58
12501,12657,12
12501,12862,29
12502,12901,32
12503,12910,33
12504,12753,20
12504,12778,22
12504,12839,27
12505,12740,19
12505,12863,29
12506,12560,4
12507,12691,14
12507,12888,31
12508,12912,33
12509,12604,7
12509,12991,42
12510,12723,17
12511,12722,17
12511,13031,46
12513,12799,23
12513,12858,28
12514,12697,14
12514,12897,31
12515,12919,33
12516,12528,1
12516,12689,13
12517,12925,33
12518,12623,8
12518,12718,16
12518,13098,55
12519,12578,4
12520,12534,1
12520,12855,27
12521,12535,1
12521,12733,17
12521,13019,44
12522,13138,60
12523,13009,43
12523,13207,72
12524,12804,22
12525,13005,42
12525,13156,63
12526,12716,15
12526,12790,21
12526,13113,57
12527,12690,12
12527,12754,18
12527,12764,19
12528,13143,60
12529,12560,2
12530,12924,32
12530,12969,37
12530,13091,53
12531,13028,44
12532,13099,54
12534,13134,59
12534,13174,65
12535,13060,48
12536,12723,15
12536,13154,62
12538,13067,49
12539,12860,26
12540,12984,39
12541,12978,38
12541,12995,40
12541,13253,82
12542,12985,39
12543,12683,11
12543,13237,78
12544,12643,8
12544,13156,62
12545,13014,42
12545,13211,71
12546,12730,15
12546,13039,44
12546,13212,71
12547,12807,21
12547,12876,27
12547,13026,43
12548,12791,20
12549,12808,21
12549,12988,39
12550,12969,36
12550,13008,41
12550,13097,53
12551,13084,51
12552,12930,31
12552,12975,37
12553,13150,60
12554,12761,17
12554,12802,20
12555,13128,57
12555,13188,67
12556,12585,2
12556,12945,32
12557,12778,18
12557,12863,25
12557,12935,31
12558,12708,12
12559,13090,51
12561,12675,9
12561,13131,57
12561,13190,67
12562,12780,18
12562,13017,41
12562,13173,63
12563,12991,38
12563,13043,43
12564,12757,16
12565,12869,25
12565,13122,56
12566,12702,11
12566,12971,35
12568,13196,67
12568,13276,87
12569,12654,7
12569,12703,11
12570,12801,19
12571,13198,67
12571,13203,68
12572,12610,3
12573,12947,31
12576,12675,8
12576,13131,56
12577,12717,12
12577,13000,38
12578,13043,42
12579,12798,18
12580,12724,12
12581,12596,1
12582,13213,69
12582,13236,75
12582,13363,120
12583,12669,7
12583,13048,42
12583,13183,64
12585,12659,6
12585,12934,29
12586,12660,6
12587,13039,41
12587,13212,68
12588,12779,16
12589,13007,38
12590,12648,5
12590,13159,59
12591,12639,4
12591,12956,31
12591,13043,41
12592,12746,13
12592,13018,39
12593,12721,11
12593,12769,15
12594,13045,41
12595,12665,6
12595,13137,55
12596,12655,5
12597,12836,20
12597,12881,24
12598,13152,57
12599,12618,2
12600,13270,83
12601,12805,17
12601,12826,19
12602,12954,30
12603,12632,3
12603,12955,30
12604,12694,7
12604,13133,54
12605,12677,6
12605,12695,7
12606,13092,48
12607,13035,39
12607,13112,51
12607,13255,77
12607,13412,147
12608,12801,16
12608,13152,56
12608,13357,115
12609,12815,17
12609,13361,117
12611,13063,43
12611,13078,45
12612,13014,37
12612,13038,39
12613,12790,15
12613,13089,47
12615,12800,15
12615,12976,32
12616,12846,19
12617,13202,64
12617,13264,79
12617,13369,120
12619,12997,34
12619,13011,36
12621,12630,1
12621,12685,5
12622,13005,35
12622,13156,56
12623,12742,10
12623,13041,38
12624,12646,2
12624,12793,14
12625,12640,1
12625,13030,37
12626,12772,12
12627,12696,5
12628,12711,7
12628,12846,18
12629,12953,27
12629,13243,72
12629,13285,84
12631,12714,7
12632,13006,34
12633,12924,24
12633,13091,45
12634,12852,18
12634,12925,24
12634,13257,75
12635,12912,23
12636,12831,16
12637,12710,6
12637,13205,63
12638,12964,28
12638,13167,56
12639,12650,1
12640,13065,41
12641,12859,18
12641,12897,21
12641,12959,27
12641,13393,133
12642,12667,2
12642,12994,32
12642,13126,50
12643,12875,19
12644,13007,33
12645,12742,8
12645,13041,36
12646,12989,31
12646,13042,36
12647,12818,14
12647,12912,22
12648,13159,54
12649,12756,9
12649,13116,48
12650,12956,26
12651,12957,26
12652,13049,37
12652,13196,60
12653,13144,51
12653,13169,55
12654,12995,31
12655,12918,22
12656,13047,36
12656,13322,96
12657,13238,69
12658,12707,4
12659,12946,24
12660,13024,34
12660,13037,35
12661,12875,18
12661,12936,23
12662,12923,22
12662,13095,44
12663,12914,21
12663,12965,26
12664,12958,25
12665,13124,48
12665,13135,49
12666,12785,10
12666,12982,29
12667,13075,40
12668,12814,12
12668,13201,60
12669,12899,19
12671,12700,2
12673,12904,19
12673,13015,32
12673,13143,49
12674,12949,23
12674,13261,74
12675,12818,12
12676,12757,7
12677,12957,24
12678,12855,15
12679,12734,5
12679,13225,64
12679,13248,70
12680,13200,59
12681,13230,65
12681,13269,76
12681,13310,88
12682,13312,89
12683,13210,60
12684,12751,6
12684,12838,13
12685,12805,10
12685,12902,18
12686,12753,6
12686,12778,8
12686,12789,9
12686,12935,21
12687,13005,30
12689,13143,48
12691,13052,35
12692,12969,25
12692,12999,29
12692,13091,41
12693,12853,14
12693,13081,39
12694,12956,23
12694,13043,33
12695,12957,23
12697,12871,15
12697,13195,57
12697,13337,98
12698,12803,9
12699,12789,8
12699,13270,75
12701,12829,11
12701,13130,46
12702,12896,16
12703,12995,27
12703,13161,50
12703,13181,54
12704,12787,7
12704,13281,77
12705,12883,15
12705,13203,57
12707,12945,20
12709,13008,28
12709,13097,40
12710,12841,11
12710,13205,57
12711,12758,4
12711,13175,52
12712,12862,12
12712,12909,16
12713,12920,17
12714,13012,28
12714,13037,30
12715,13038,30
12715,13184,53
12716,13165,49
12716,13218,59
12717,12927,17
12717,12938,18
12718,12926,17
12718,13081,36
12719,12733,1
12719,12929,17
12719,13168,49
12720,12797,6
12720,12894,14
12720,13029,29
12720,13306,83
12721,12857,11
12722,12980,24
12723,13085,37
12724,12966,21
12724,12981,24
12726,13152,46
12726,13378,118
12727,12899,14
12727,13188,53
12727,13214,57
12727,13291,78
12727,13343,96
12728,13071,34
12728,13204,55
12728,13301,81
12729,12753,2
12729,12979,23
12729,13013,27
12730,12903,14
12731,12927,16
12731,12938,17
12732,12965,20
12732,13028,28
12733,13117,41
12734,12798,5
12734,13100,38
12734,13108,40
12736,12845,9
12736,12869,11
12737,12801,5
12737,13312,84
12738,12837,8
12738,13343,95
12739,13077,34
12739,13322,89
12740,12863,10
12740,13145,44
12740,13165,47
12741,12779,3
12742,12809,5
12742,13098,37
12743,12913,14
12743,13055,30
12744,13055,30
12744,13205,54
12745,12957,18
12746,12855,9
12746,13334,93
12747,12797,4
12747,13044,28
12748,13154,45
12748,13275,72
12749,13127,41
12749,13308,81
12750,12861,9
12750,12884,11
12750,13164,46
12751,12967,19
12752,12901,12
12753,12839,7
12753,13013,25
12754,12947,16
12754,13172,47
12755,13027,26
12755,13159,45
12756,13106,38
12756,13215,55
12758,12846,7
12758,13033,26
12758,13111,38
12759,12860,8
12759,12951,16
12760,12823,5
12760,13151,43
12761,12872,9
12762,12908,12
12762,13153,43
12763,13177,48
12763,13210,53
12764,13172,46
12765,12852,7
12766,12950,15
12767,12965,17
12768,12856,7
12769,12857,7
12770,12798,2
12770,13108,37
12770,13185,49
12772,12932,13
12772,13123,39
12773,13075,31
12773,13277,70
12774,13119,38
12774,13214,53
12775,12789,1
12775,12806,2
12775,12935,13
12776,12874,8
12776,12886,9
12776,12910,11
12777,13064,29
12777,13129,39
12777,13141,40
12780,12842,5
12781,12833,4
12781,13017,23
12782,13027,24
12782,13167,44
12783,12991,20
12784,12821,3
12784,12856,6
12785,12971,17
12786,13160,43
12786,13241,59
12786,13294,74
12786,13324,86
12787,13216,53
12787,13288,72
12788,13023,23
12788,13036,24
12789,13013,22
12790,13083,31
12790,13094,33
12790,13113,36
12790,13309,78
12791,12889,8
12791,12955,14
12792,13041,24
12793,12989,19
12794,12810,1
12794,12831,3
12795,13001,20
12795,13173,44
12796,12879,7
12796,13103,34
12796,13215,52
12797,13180,46
12797,13191,48
12799,13020,22
12800,12895,8
12800,13082,30
12800,13193,48
12801,13227,54
12804,12946,12
12805,13012,21
12805,13037,23
12806,13051,25
12807,12923,10
12808,13097,32
12809,13147,39
12809,13257,61
12811,12841,3
12811,13158,41
12812,13017,21
12812,13173,43
12813,13170,42
12813,13187,46
12814,12836,2
12814,13254,60
12815,12908,8
12815,13392,118
12816,13171,42
12816,13211,49
12817,13080,28
12817,13245,58
12817,13297,73
12819,12867,4
12819,12964,13
12819,13059,25
12820,12879,5
12820,13383,113
12822,12870,4
12822,13193,46
12823,13197,46
12823,13311,77
12824,13236,55
12824,13304,74
12826,12886,5
12826,13024,20
12826,13037,21
12827,12968,13
12827,13015,19
12827,13130,35
12828,12922,8
12828,12924,8
12829,13166,40
12829,13256,59
12830,12878,4
12830,12950,10
12830,13072,26
12832,12892,5
12833,12867,3
12833,13059,24
12834,12857,2
12835,13201,46
12835,13231,52
12836,13235,54
12836,13287,68
12837,12986,15
12837,13332,85
12839,12850,1
12839,12954,10
12841,13220,49
12842,13001,16
12842,13173,40
12843,12914,6
12843,12965,11
12843,13028,19
12844,12854,1
12844,12974,13
12845,12896,4
12847,12944,8
12847,12996,15
12848,12945,8
12848,12962,10
12849,12863,1
12849,12887,3
12849,13051,21
12850,12875,2
12850,12936,7
12850,12954,9
12851,13115,31
12851,13296,70
12851,13309,73
12852,13146,35
12853,12928,6
12853,13054,21
12854,13099,28
12854,13282,65
12855,13174,39
12858,12916,5
12858,13020,17
12858,13110,30
12859,12983,13
12859,13381,108
12861,12919,5
12861,12944,7
12861,13178,40
12862,13238,52
12863,13025,17
12863,13051,20
12864,13088,26
12864,13218,47
12865,12937,6
12865,13319,77
12866,12990,13
12866,13001,14
12867,13017,16
12868,13045,18
12869,13122,31
12870,13136,32
12870,13194,42
12871,13049,19
12871,13196,42
12872,12881,1
12873,13288,65
12873,13378,106
12874,12887,1
12874,13088,25
12874,13218,46
12876,12923,4
12876,12987,12
12877,13091,25
12878,13131,31
12878,13256,55
12879,13346,86
12879,13358,93
12880,12985,11
12880,13230,48
12881,13235,50
12882,13070,21
12882,13290,65
12883,13204,42
12883,13368,97
12884,12967,8
12885,12997,12
12886,13088,24
12887,13025,15
12888,13052,18
12888,13228,47
12889,13006,13
12890,13257,54
12891,12990,11
12891,13054,18
12891,13224,46
12893,13159,34
12893,13179,38
12893,13293,65
12894,13030,15
12894,13244,51
12895,12943,4
12895,13192,40
12896,12971,8
12897,13195,40
12898,13235,49
12898,13287,63
12899,13183,38
12900,13048,16
12901,12998,11
12902,12920,2
12902,13012,13
12903,13039,15
12904,13094,24
12905,13245,51
12905,13297,66
12906,13069,19
12907,13310,69
12908,13339,80
12911,12925,1
12911,13257,52
12913,12990,9
12913,13220,43
12914,13002,10
12914,13148,30
12915,13110,25
12915,13135,28
12916,13086,21
12917,13068,18
12918,13069,18
12919,13164,32
12921,13120,26
12921,13141,28
12922,13090,21
12922,13212,40
12923,13058,16
12926,13098,22
12926,13102,23
12926,13157,31
12927,13000,9
12929,13134,27
12929,13246,49
12930,13267,55
12930,13274,57
12931,13074,18
12931,13365,92
12932,12981,7
12932,13283,59
12933,13231,44
12933,13243,47
12934,12945,1
12934,12946,1
12935,13051,14
12937,13245,48
12937,13292,61
12939,13102,22
12939,13157,30
12939,13158,30
12940,13073,17
12940,13107,23
12941,12958,2
12941,13003,8
12941,13259,50
12942,13074,17
12942,13274,56
12943,13109,23
12943,13252,49
12943,13345,80
12944,13216,40
12947,13114,23
12948,13040,11
12948,13096,20
12948,13251,48
12949,13297,62
12951,12977,4
12952,13149,27
12952,13161,29
12952,13181,33
12952,13221,40
12953,13308,64
12953,13315,67
12955,13006,7
12958,13092,18
12958,13321,70
12959,13239,44
12959,13381,99
12959,13413,118
12960,13138,24
12960,13354,83
12960,13367,90
12961,13128,23
12963,13190,33
12963,13333,74
12964,13179,31
12966,13194,33
12966,13249,45
12967,13164,27
12968,13083,15
12968,13219,37
12968,13305,61
12969,13132,22
12970,13032,7
12970,13109,19
12970,13313,64
12971,13045,8
12972,13241,42
12972,13324,69
12972,13338,73
12972,13367,88
12973,13000,3
12973,13053,9
12974,13258,45
12974,13282,53
12975,13065,11
12975,13267,49
12976,13193,31
12977,12984,1
12978,13272,50
12978,13295,56
12978,13299,58
12979,13270,49
12980,13031,5
12980,13225,36
12981,13229,37
12981,13249,42
12983,13067,10
12983,13260,45
12986,13304,58
12986,13389,100
12987,13026,4
12987,13040,5
12988,13097,14
12989,12999,1
12990,13220,34
12991,13133,19
12992,13060,8
12992,13084,12
12992,13271,48
12993,13004,1
12993,13093,13
12993,13186,28
12994,13009,2
12994,13207,31
12995,13272,48
12997,13011,2
12999,13042,4
12999,13132,18
13002,13121,17
13003,13185,27
13004,13122,17
13007,13114,15
13008,13132,17
13010,13187,26
13011,13057,5
13013,13270,45
13014,13350,73
13015,13083,9
13015,13094,11
13016,13053,4
13016,13147,18
13016,13257,40
13018,13099,11
13018,13334,67
13019,13060,5
13019,13117,14
13019,13320,61
13020,13110,13
13021,13170,21
13021,13208,28
13021,13242,36
13022,13139,16
13022,13170,21
13022,13187,25
13023,13214,29
13023,13291,50
13024,13088,9
13025,13165,20
13025,13218,30
13026,13080,7
13027,13293,50
13029,13244,36
13029,13302,53
13030,13065,5
13030,13329,64
13031,13085,8
13031,13348,71
13032,13093,9
13032,13186,24
13033,13138,15
13033,13199,26
13034,13170,20
13034,13208,27
13034,13234,34
13035,13076,6
13035,13307,54
13036,13291,49
13036,13343,67
13038,13350,71
13040,13080,6
13043,13133,14
13044,13191,24
13044,13258,38
13046,13253,37
13046,13277,44
13046,13340,66
13047,13140,14
13047,13448,140
13048,13119,12
13050,13202,24
13052,13319,57
13053,13157,16
13054,13081,4
13054,13278,43
13055,13220,27
13056,13234,31
13056,13355,72
13056,13360,74
13056,13387,91
13057,13238,31
13058,13095,6
13058,13309,51
13059,13179,19
13060,13327,59
13061,13230,28
13061,13277,41
13061,13340,63
13062,13308,50
13063,13237,30
13063,13403,96
13064,13171,16
13064,13223,26
13065,13317,53
13066,13084,3
13066,13365,75
13067,13206,22
13068,13118,8
13070,13264,36
13070,13342,62
13070,13414,104
13071,13128,9
13072,13256,33
13073,13383,86
13074,13399,93
13075,13126,8
13076,13310,49
13076,13382,85
13077,13217,23
13077,13458,143
13078,13140,9
13078,13403,94
13079,13090,2
13079,13212,21
13080,13251,31
13081,13102,4
13082,13136,8
13082,13192,18
13082,13366,74
13083,13309,47
13084,13330,56
13085,13154,10
13086,13110,4
13086,13124,6
13086,13135,7
13087,13129,6
13087,13141,7
13089,13095,1
13089,13309,46
13092,13247,28
13093,13122,5
13094,13145,7
13096,13228,22
13096,13292,40
13098,13147,7
13099,13353,63
13100,13248,27
13100,13286,38
13100,13366,71
13101,13118,3
13101,13125,4
13102,13278,35
13103,13116,2
13103,13148,6
13104,13234,23
13104,13355,64
13104,13409,94
13105,13265,30
13105,13318,47
13106,13233,22
13106,13346,58
13107,13233,22
13107,13383,80
13108,13262,29
13108,13286,36
13109,13371,73
13111,13175,10
13111,13199,14
13112,13243,23
13112,13285,35
13113,13145,4
13113,13165,7
13114,13172,8
13115,13333,53
13116,13121,1
13116,13215,16
13117,13168,7
13117,13344,56
13118,13396,85
13119,13183,10
13120,13189,11
13121,13148,3
13123,13275,31
13123,13283,33
13124,13137,1
13125,13396,84
13126,13207,13
13127,13213,14
13127,13388,80
13128,13301,38
13129,13223,16
13130,13166,5
13130,13305,39
13131,13316,43
13134,13282,32
13134,13356,61
13136,13193,10
13136,13303,38
13137,13206,12
13138,13428,108
13139,13312,41
13140,13452,130
13141,13189,9
13142,13156,3
13144,13314,41
13144,13423,102
13146,13257,22
13147,13157,2
13149,13200,9
13149,13250,20
13149,13370,67
13150,13294,33
13150,13298,35
13151,13311,39
13152,13391,79
13153,13217,12
13153,13339,49
13154,13289,31
13154,13348,53
13155,13225,13
13155,13248,19
13155,13289,31
13155,13401,82
13158,13220,11
13158,13278,27
13159,13293,31
13160,13434,110
13161,13200,7
13162,13176,3
13162,13290,30
13162,13375,69
13162,13445,120
13163,13281,27
13163,13326,43
13163,13391,77
13166,13316,38
13166,13373,68
13167,13179,3
13167,13293,30
13168,13246,17
13168,13335,46
13169,13240,15
13169,13423,98
13171,13265,21
13171,13318,38
13174,13282,26
13174,13334,45
13175,13260,18
13175,13376,67
13176,13409,83
13177,13361,56
13177,13419,94
13178,13216,7
13178,13288,26
13180,13273,22
13180,13306,31
13181,13272,21
13181,13386,71
13182,13328,40
13182,13360,54
13182,13387,71
13182,13407,79
13183,13214,5
13184,13265,18
13184,13350,48
13185,13259,15
13185,13262,17
13186,13313,33
13188,13301,28
13188,13332,41
13190,13316,33
13190,13373,63
13191,13273,20
13191,13331,40
13192,13252,13
13192,13406,77
13194,13303,28
13195,13393,72
13195,13421,92
13196,13337,41
13197,13280,21
13197,13349,46
13197,13450,118
13198,13209,2
13198,13410,80
13198,13429,98
13199,13376,63
13199,13428,97
13200,13250,11
13200,13276,19
13201,13254,12
13202,13209,1
13202,13429,97
13203,13368,55
13203,13410,79
13204,13304,27
13204,13389,69
13205,13220,3
13208,13325,35
13208,13397,71
13210,13237,7
13210,13419,89
13211,13265,14
13211,13350,44
13213,13398,70
13213,13431,97
13215,13346,41
13217,13451,116
13219,13296,22
13219,13309,25
13220,13224,1
13221,13370,54
13221,13386,64
13221,13404,71
13222,13231,2
13222,13243,5
13222,13287,18
13223,13318,28
13224,13278,15
13225,13348,40
13226,13298,21
13226,13349,40
13226,13438,103
13227,13312,25
13227,13357,45
13228,13319,28
13229,13283,15
13229,13347,38
13229,13405,70
13230,13395,65
13231,13254,6
13232,13240,2
13232,13324,29
13232,13367,48
13233,13358,43
13234,13397,64
13236,13368,47
13236,13410,71
13237,13447,107
13239,13374,53
13239,13384,57
13239,13393,62
13240,13434,94
13241,13437,99
13241,13443,103
13242,13268,8
13242,13325,27
13244,13329,28
13244,13380,54
13245,13251,1
13246,13323,25
13246,13356,39
13247,13313,20
13247,13321,24
13248,13405,65
13249,13303,16
13249,13347,33
13250,13402,63
13250,13430,88
13251,13292,12
13252,13262,3
13252,13286,10
13253,13295,12
13253,13411,69
13254,13287,10
13255,13307,16
13255,13455,108
13255,13464,131
13256,13316,19
13258,13331,26
13258,13364,41
13259,13321,22
13259,13345,30
13260,13381,50
13261,13297,11
13262,13345,28
13263,13396,57
13263,13434,88
13264,13427,81
13266,13279,4
13266,13374,46
13266,13384,50
13266,13385,52
13266,13436,89
13267,13317,15
13267,13336,23
13268,13280,3
13268,13439,91
13269,13395,54
13269,13416,68
13269,13449,99
13271,13327,19
13271,13330,20
13271,13424,75
13272,13359,33
13273,13323,17
13273,13379,45
13274,13336,21
13274,13399,54
13275,13289,4
13275,13401,55
13276,13337,21
13276,13430,80
13279,13338,20
13279,13351,26
13279,13362,33
13279,13402,54
13280,13456,103
13281,13288,2
13281,13378,43
13282,13353,26
13282,13364,33
13283,13401,53
13284,13300,5
13284,13394,50
13284,13422,70
13284,13439,87
13285,13315,10
13285,13412,61
13286,13406,54
13289,13348,22
13290,13414,60
13292,13319,10
13294,13437,84
13295,13432,76
13295,13457,99
13296,13305,2
13296,13333,14
13298,13437,82
13298,13442,85
13299,13359,25
13299,13418,63
13299,13432,74
13300,13325,10
13300,13397,46
13300,13459,100
13301,13389,43
13302,13306,1
13302,13380,37
13302,13415,58
13303,13366,28
13304,13368,28
13305,13373,34
13306,13379,36
13307,13382,37
13307,13461,112
13308,13388,40
13310,13416,56
13311,13349,15
13312,13326,6
13313,13371,28
13314,13396,41
13314,13434,72
13315,13388,37
13315,13440,79
13317,13329,6
13317,13441,79
13320,13327,3
13320,13344,9
13320,13420,57
13321,13371,24
13322,13448,80
13322,13458,88
13323,13331,3
13323,13335,4
13324,13434,67
13325,13439,72
13326,13357,14
13327,13408,40
13328,13341,4
13328,13390,33
13328,13449,79
13329,13453,82
13330,13365,16
13330,13417,48
13331,13356,11
13332,13343,2
13332,13389,30
13333,13373,22
13334,13353,7
13335,13344,3
13335,13379,24
13336,13417,46
13336,13441,71
13337,13421,51
13338,13385,28
13338,13443,72
13339,13392,30
13339,13451,79
13340,13395,30
13340,13411,40
13341,13372,18
13341,13387,27
13341,13446,74
13342,13377,22
13342,13427,55
13342,13470,124
13344,13415,42
13345,13371,16
13346,13358,7
13347,13366,11
13349,13454,75
13351,13370,12
13351,13404,29
13351,13444,67
13352,13394,25
13352,13418,43
13352,13422,45
13352,13432,54
13354,13384,18
13354,13385,20
13354,13428,49
13355,13409,30
13355,13465,95
13356,13364,4
13357,13391,20
13358,13383,15
13359,13386,17
13359,13433,50
13360,13397,21
13360,13459,75
13361,13392,18
13361,13472,147
13362,13443,59
13362,13444,60
13363,13398,19
13363,13410,26
13363,13429,44
13365,13399,19
13366,13405,21
13366,13406,21
13367,13385,13
13369,13398,16
13369,13427,40
13369,13429,41
13370,13402,16
13372,13400,14
13372,13416,26
13372,13449,57
13374,13462,80
13375,13414,21
13375,13460,77
13375,13464,81
13376,13381,1
13376,13413,20
13377,13440,47
13377,13455,57
13377,13463,79
13378,13391,7
13379,13415,21
13380,13420,27
13380,13453,56
13382,13400,8
13382,13416,20
13384,13413,17
13386,13435,35
13387,13465,76
13388,13431,31
13390,13407,6
13390,13425,23
13390,13457,53
13392,13473,154
13393,13462,71
13394,13426,24
13394,13456,52
13395,13425,22
13398,13463,70
13399,13417,13
13400,13446,42
13400,13461,67
13401,13405,2
13402,13436,31
13403,13447,41
13403,13452,45
13404,13435,28
13404,13468,78
13407,13459,50
13407,13467,72
13408,13420,14
13408,13424,16
13408,13453,43
13409,13445,34
13411,13425,12
13411,13457,42
13412,13440,28
13412,13455,38
13413,13428,14
13414,13470,82
13415,13420,6
13417,13424,7
13418,13426,6
13418,13433,12
13419,13447,25
13419,13472,109
13421,13430,8
13421,13462,51
13422,13459,35
13422,13467,57
13423,13434,11
13424,13441,18
13425,13449,23
13426,13450,22
13426,13466,52
13427,13463,46
13430,13436,6
13431,13440,11
13431,13463,43
13432,13467,48
13433,13435,2
13433,13466,46
13435,13471,75
13436,13462,37
13437,13469,56
13438,13442,3
13438,13454,12
13438,13471,70
13439,13456,15
13441,13453,9
13442,13468,42
13442,13469,53
13443,13469,52
13444,13468,40
13444,13469,51
13445,13460,26
13445,13465,31
13446,13460,24
13446,13465,29
13447,13474,137
13448,13452,4
13448,13475,167
13450,13454,3
13450,13456,6
13451,13458,4
13451,13473,105
13452,13474,133
13454,13466,27
13455,13470,45
13457,13467,25
13458,13475,159
13460,13461,1
13461,13464,3
13464,13470,22
13466,13471,31
13468,13471,25
13472,13473,25
13472,13474,53
13473,13475,58
13474,13475,30
